season,round,event_name,event_date,entity_type,canonical_entity_id,source_entity_id,name,abbreviation,constructor_name,fantasy_points_total,qualifying_points,sprint_qualifying_points,sprint_points,race_points,other_points,price,source_name,source_reference,source_licence,authority_class,is_official,is_recorded_total,is_reconstructed,fantasy_score_origin,data_version,weekend_format,extra_sprint_points,normalised_score,current_price,entity
2026,1,Australian Grand Prix,2026-03-08,constructor,alpine,23,Alpine,ALP,,22.0,3.0,,,19.0,0.0,12.5,Formula 1 Fantasy playerstats,https://fantasy.formula1.com/feeds/popup/playerstats_23.json,Official public feed; Formula 1 terms apply,official,True,True,False,official_recorded,historical_fantasy_scores_v3_recorded_2023_2026,normal,,22.0,18.9,Alpine
2026,2,Chinese Grand Prix,2026-03-15,constructor,alpine,23,Alpine,ALP,,45.0,9.0,,9.0,27.0,0.0,13.1,Formula 1 Fantasy playerstats,https://fantasy.formula1.com/feeds/popup/playerstats_23.json,Official public feed; Formula 1 terms apply,official,True,True,False,official_recorded,historical_fantasy_scores_v3_recorded_2023_2026,sprint,9.0,36.0,18.9,Alpine
2026,3,Japanese Grand Prix,2026-03-29,constructor,alpine,23,Alpine,ALP,,25.0,9.0,,,16.0,0.0,13.7,Formula 1 Fantasy playerstats,https://fantasy.formula1.com/feeds/popup/playerstats_23.json,Official public feed; Formula 1 terms apply,official,True,True,False,official_recorded,historical_fantasy_scores_v3_recorded_2023_2026,normal,,25.0,18.9,Alpine
2026,4,Miami Grand Prix,2026-05-03,constructor,alpine,23,Alpine,ALP,,17.0,15.0,,3.0,-1.0,0.0,14.3,Formula 1 Fantasy playerstats,https://fantasy.formula1.com/feeds/popup/playerstats_23.json,Official public feed; Formula 1 terms apply,official,True,True,False,official_recorded,historical_fantasy_scores_v3_recorded_2023_2026,sprint,3.0,14.0,18.9,Alpine
2026,5,Canadian Grand Prix,2026-05-24,constructor,alpine,23,Alpine,ALP,,46.0,6.0,,11.0,29.0,0.0,14.9,Formula 1 Fantasy playerstats,https://fantasy.formula1.com/feeds/popup/playerstats_23.json,Official public feed; Formula 1 terms apply,official,True,True,False,official_recorded,historical_fantasy_scores_v3_recorded_2023_2026,sprint,11.0,35.0,18.9,Alpine
2026,6,Monaco Grand Prix,2026-06-07,constructor,alpine,23,Alpine,ALP,,30.0,7.0,,,23.0,0.0,15.5,Formula 1 Fantasy playerstats,https://fantasy.formula1.com/feeds/popup/playerstats_23.json,Official public feed; Formula 1 terms apply,official,True,True,False,official_recorded,historical_fantasy_scores_v3_recorded_2023_2026,normal,,30.0,18.9,Alpine
2026,7,Barcelona Grand Prix,2026-06-14,constructor,alpine,23,Alpine,ALP,,31.0,3.0,,,28.0,0.0,16.1,Formula 1 Fantasy playerstats,https://fantasy.formula1.com/feeds/popup/playerstats_23.json,Official public feed; Formula 1 terms apply,official,True,True,False,official_recorded,historical_fantasy_scores_v3_recorded_2023_2026,normal,,31.0,18.9,Alpine
2026,8,Austrian Grand Prix,2026-06-28,constructor,alpine,23,Alpine,ALP,,21.0,3.0,,,18.0,0.0,16.7,Formula 1 Fantasy playerstats,https://fantasy.formula1.com/feeds/popup/playerstats_23.json,Official public feed; Formula 1 terms apply,official,True,True,False,official_recorded,historical_fantasy_scores_v3_recorded_2023_2026,normal,,21.0,18.9,Alpine
2026,9,British Grand Prix,2026-07-05,constructor,alpine,23,Alpine,ALP,,53.0,1.0,,12.0,40.0,0.0,17.3,Formula 1 Fantasy playerstats,https://fantasy.formula1.com/feeds/popup/playerstats_23.json,Official public feed; Formula 1 terms apply,official,True,True,False,official_recorded,historical_fantasy_scores_v3_recorded_2023_2026,sprint,12.0,41.0,18.9,Alpine
2026,10,Belgian Grand Prix,2026-07-19,constructor,alpine,23,Alpine,ALP,,19.0,3.0,,,16.0,0.0,17.9,Formula 1 Fantasy playerstats,https://fantasy.formula1.com/feeds/popup/playerstats_23.json,Official public feed; Formula 1 terms apply,official,True,True,False,official_recorded,historical_fantasy_scores_v3_recorded_2023_2026,normal,,19.0,18.9,Alpine
2026,11,Hungarian Grand Prix,2026-07-26,constructor,alpine,23,Alpine,ALP,,17.0,3.0,,,14.0,0.0,18.5,Formula 1 Fantasy playerstats,https://fantasy.formula1.com/feeds/popup/playerstats_23.json,Official public feed; Formula 1 terms apply,official,True,True,False,official_recorded,historical_fantasy_scores_v3_recorded_2023_2026,normal,,17.0,18.9,Alpine
2026,12,Dutch Grand Prix,2026-08-23,constructor,alpine,23,Alpine,ALP,,19.0,3.0,,3.0,13.0,0.0,18.8,Formula 1 Fantasy playerstats,https://fantasy.formula1.com/feeds/popup/playerstats_23.json,Official public feed; Formula 1 terms apply,official,True,True,False,official_recorded,historical_fantasy_scores_v3_recorded_2023_2026,sprint,3.0,16.0,18.9,Alpine
2026,1,Australian Grand Prix,2026-03-08,constructor,aston_martin,24,Aston Martin,AST,,-38.0,-6.0,,,-32.0,0.0,10.3,Formula 1 Fantasy playerstats,https://fantasy.formula1.com/feeds/popup/playerstats_24.json,Official public feed; Formula 1 terms apply,official,True,True,False,official_recorded,historical_fantasy_scores_v3_recorded_2023_2026,normal,,-38.0,6.3,Aston Martin
2026,2,Chinese Grand Prix,2026-03-15,constructor,aston_martin,24,Aston Martin,AST,,-20.0,-1.0,,11.0,-30.0,0.0,9.7,Formula 1 Fantasy playerstats,https://fantasy.formula1.com/feeds/popup/playerstats_24.json,Official public feed; Formula 1 terms apply,official,True,True,False,official_recorded,historical_fantasy_scores_v3_recorded_2023_2026,sprint,11.0,-31.0,6.3,Aston Martin
2026,3,Japanese Grand Prix,2026-03-29,constructor,aston_martin,24,Aston Martin,AST,,-12.0,-1.0,,,-11.0,0.0,9.1,Formula 1 Fantasy playerstats,https://fantasy.formula1.com/feeds/popup/playerstats_24.json,Official public feed; Formula 1 terms apply,official,True,True,False,official_recorded,historical_fantasy_scores_v3_recorded_2023_2026,normal,,-12.0,6.3,Aston Martin
2026,4,Miami Grand Prix,2026-05-03,constructor,aston_martin,24,Aston Martin,AST,,38.0,-1.0,,20.0,19.0,0.0,8.5,Formula 1 Fantasy playerstats,https://fantasy.formula1.com/feeds/popup/playerstats_24.json,Official public feed; Formula 1 terms apply,official,True,True,False,official_recorded,historical_fantasy_scores_v3_recorded_2023_2026,sprint,20.0,18.0,6.3,Aston Martin
2026,5,Canadian Grand Prix,2026-05-24,constructor,aston_martin,24,Aston Martin,AST,,-14.0,-1.0,,-6.0,-7.0,0.0,7.9,Formula 1 Fantasy playerstats,https://fantasy.formula1.com/feeds/popup/playerstats_24.json,Official public feed; Formula 1 terms apply,official,True,True,False,official_recorded,historical_fantasy_scores_v3_recorded_2023_2026,sprint,-6.0,-8.0,6.3,Aston Martin
2026,6,Monaco Grand Prix,2026-06-07,constructor,aston_martin,24,Aston Martin,AST,,-4.0,-1.0,,,-3.0,0.0,7.3,Formula 1 Fantasy playerstats,https://fantasy.formula1.com/feeds/popup/playerstats_24.json,Official public feed; Formula 1 terms apply,official,True,True,False,official_recorded,historical_fantasy_scores_v3_recorded_2023_2026,normal,,-4.0,6.3,Aston Martin
2026,7,Barcelona Grand Prix,2026-06-14,constructor,aston_martin,24,Aston Martin,AST,,-36.0,-1.0,,,-35.0,0.0,7.5,Formula 1 Fantasy playerstats,https://fantasy.formula1.com/feeds/popup/playerstats_24.json,Official public feed; Formula 1 terms apply,official,True,True,False,official_recorded,historical_fantasy_scores_v3_recorded_2023_2026,normal,,-36.0,6.3,Aston Martin
2026,8,Austrian Grand Prix,2026-06-28,constructor,aston_martin,24,Aston Martin,AST,,-11.0,-1.0,,,-10.0,0.0,6.9,Formula 1 Fantasy playerstats,https://fantasy.formula1.com/feeds/popup/playerstats_24.json,Official public feed; Formula 1 terms apply,official,True,True,False,official_recorded,historical_fantasy_scores_v3_recorded_2023_2026,normal,,-11.0,6.3,Aston Martin
2026,9,British Grand Prix,2026-07-05,constructor,aston_martin,24,Aston Martin,AST,,16.0,-1.0,,6.0,11.0,0.0,6.3,Formula 1 Fantasy playerstats,https://fantasy.formula1.com/feeds/popup/playerstats_24.json,Official public feed; Formula 1 terms apply,official,True,True,False,official_recorded,historical_fantasy_scores_v3_recorded_2023_2026,sprint,6.0,10.0,6.3,Aston Martin
2026,10,Belgian Grand Prix,2026-07-19,constructor,aston_martin,24,Aston Martin,AST,,-13.0,-1.0,,,-12.0,0.0,5.7,Formula 1 Fantasy playerstats,https://fantasy.formula1.com/feeds/popup/playerstats_24.json,Official public feed; Formula 1 terms apply,official,True,True,False,official_recorded,historical_fantasy_scores_v3_recorded_2023_2026,normal,,-13.0,6.3,Aston Martin
2026,11,Hungarian Grand Prix,2026-07-26,constructor,aston_martin,24,Aston Martin,AST,,36.0,1.0,,,35.0,0.0,5.1,Formula 1 Fantasy playerstats,https://fantasy.formula1.com/feeds/popup/playerstats_24.json,Official public feed; Formula 1 terms apply,official,True,True,False,official_recorded,historical_fantasy_scores_v3_recorded_2023_2026,normal,,36.0,6.3,Aston Martin
2026,12,Dutch Grand Prix,2026-08-23,constructor,aston_martin,24,Aston Martin,AST,,18.0,-1.0,,10.0,9.0,0.0,5.7,Formula 1 Fantasy playerstats,https://fantasy.formula1.com/feeds/popup/playerstats_24.json,Official public feed; Formula 1 terms apply,official,True,True,False,official_recorded,historical_fantasy_scores_v3_recorded_2023_2026,sprint,10.0,8.0,6.3,Aston Martin
2026,2,Chinese Grand Prix,2026-03-15,constructor,audi,2640,Audi,AUD,,-4.0,3.0,,3.0,-10.0,0.0,6.0,Formula 1 Fantasy playerstats,https://fantasy.formula1.com/feeds/popup/playerstats_2640.json,Official public feed; Formula 1 terms apply,official,True,True,False,official_recorded,historical_fantasy_scores_v3_recorded_2023_2026,sprint,3.0,-7.0,7.4,Audi
2026,3,Japanese Grand Prix,2026-03-29,constructor,audi,2640,Audi,AUD,,23.0,7.0,,,16.0,0.0,5.4,Formula 1 Fantasy playerstats,https://fantasy.formula1.com/feeds/popup/playerstats_2640.json,Official public feed; Formula 1 terms apply,official,True,True,False,official_recorded,historical_fantasy_scores_v3_recorded_2023_2026,normal,,23.0,7.4,Audi
2026,4,Miami Grand Prix,2026-05-03,constructor,audi,2640,Audi,AUD,,-27.0,6.0,,-30.0,-3.0,0.0,5.6,Formula 1 Fantasy playerstats,https://fantasy.formula1.com/feeds/popup/playerstats_2640.json,Official public feed; Formula 1 terms apply,official,True,True,False,official_recorded,historical_fantasy_scores_v3_recorded_2023_2026,sprint,-30.0,3.0,7.4,Audi
2026,5,Canadian Grand Prix,2026-05-24,constructor,audi,2640,Audi,AUD,,11.0,3.0,,1.0,7.0,0.0,5.0,Formula 1 Fantasy playerstats,https://fantasy.formula1.com/feeds/popup/playerstats_2640.json,Official public feed; Formula 1 terms apply,official,True,True,False,official_recorded,historical_fantasy_scores_v3_recorded_2023_2026,sprint,1.0,10.0,7.4,Audi
2026,6,Monaco Grand Prix,2026-06-07,constructor,audi,2640,Audi,AUD,,21.0,3.0,,,18.0,0.0,4.4,Formula 1 Fantasy playerstats,https://fantasy.formula1.com/feeds/popup/playerstats_2640.json,Official public feed; Formula 1 terms apply,official,True,True,False,official_recorded,historical_fantasy_scores_v3_recorded_2023_2026,normal,,21.0,7.4,Audi
2026,7,Barcelona Grand Prix,2026-06-14,constructor,audi,2640,Audi,AUD,,2.0,7.0,,,-5.0,0.0,3.8,Formula 1 Fantasy playerstats,https://fantasy.formula1.com/feeds/popup/playerstats_2640.json,Official public feed; Formula 1 terms apply,official,True,True,False,official_recorded,historical_fantasy_scores_v3_recorded_2023_2026,normal,,2.0,7.4,Audi
2026,8,Austrian Grand Prix,2026-06-28,constructor,audi,2640,Audi,AUD,,15.0,3.0,,,12.0,0.0,4.4,Formula 1 Fantasy playerstats,https://fantasy.formula1.com/feeds/popup/playerstats_2640.json,Official public feed; Formula 1 terms apply,official,True,True,False,official_recorded,historical_fantasy_scores_v3_recorded_2023_2026,normal,,15.0,7.4,Audi
2026,9,British Grand Prix,2026-07-05,constructor,audi,2640,Audi,AUD,,17.0,3.0,,6.0,8.0,0.0,5.0,Formula 1 Fantasy playerstats,https://fantasy.formula1.com/feeds/popup/playerstats_2640.json,Official public feed; Formula 1 terms apply,official,True,True,False,official_recorded,historical_fantasy_scores_v3_recorded_2023_2026,sprint,6.0,11.0,7.4,Audi
2026,10,Belgian Grand Prix,2026-07-19,constructor,audi,2640,Audi,AUD,,19.0,7.0,,,12.0,0.0,5.6,Formula 1 Fantasy playerstats,https://fantasy.formula1.com/feeds/popup/playerstats_2640.json,Official public feed; Formula 1 terms apply,official,True,True,False,official_recorded,historical_fantasy_scores_v3_recorded_2023_2026,normal,,19.0,7.4,Audi
2026,11,Hungarian Grand Prix,2026-07-26,constructor,audi,2640,Audi,AUD,,29.0,6.0,,,23.0,0.0,6.2,Formula 1 Fantasy playerstats,https://fantasy.formula1.com/feeds/popup/playerstats_2640.json,Official public feed; Formula 1 terms apply,official,True,True,False,official_recorded,historical_fantasy_scores_v3_recorded_2023_2026,normal,,29.0,7.4,Audi
2026,12,Dutch Grand Prix,2026-08-23,constructor,audi,2640,Audi,AUD,,25.0,7.0,,-10.0,28.0,0.0,6.8,Formula 1 Fantasy playerstats,https://fantasy.formula1.com/feeds/popup/playerstats_2640.json,Official public feed; Formula 1 terms apply,official,True,True,False,official_recorded,historical_fantasy_scores_v3_recorded_2023_2026,sprint,-10.0,35.0,7.4,Audi
2026,1,Australian Grand Prix,2026-03-08,constructor,cadillac,2641,Cadillac,CAD,,-13.0,-1.0,,,-12.0,0.0,6.0,Formula 1 Fantasy playerstats,https://fantasy.formula1.com/feeds/popup/playerstats_2641.json,Official public feed; Formula 1 terms apply,official,True,True,False,official_recorded,historical_fantasy_scores_v3_recorded_2023_2026,normal,,-13.0,3.0,Cadillac
2026,2,Chinese Grand Prix,2026-03-15,constructor,cadillac,2641,Cadillac,CAD,,22.0,-1.0,,1.0,22.0,0.0,5.4,Formula 1 Fantasy playerstats,https://fantasy.formula1.com/feeds/popup/playerstats_2641.json,Official public feed; Formula 1 terms apply,official,True,True,False,official_recorded,historical_fantasy_scores_v3_recorded_2023_2026,sprint,1.0,21.0,3.0,Cadillac
2026,3,Japanese Grand Prix,2026-03-29,constructor,cadillac,2641,Cadillac,CAD,,5.0,-1.0,,,6.0,0.0,5.2,Formula 1 Fantasy playerstats,https://fantasy.formula1.com/feeds/popup/playerstats_2641.json,Official public feed; Formula 1 terms apply,official,True,True,False,official_recorded,historical_fantasy_scores_v3_recorded_2023_2026,normal,,5.0,3.0,Cadillac
2026,4,Miami Grand Prix,2026-05-03,constructor,cadillac,2641,Cadillac,CAD,,24.0,-1.0,,5.0,20.0,0.0,5.0,Formula 1 Fantasy playerstats,https://fantasy.formula1.com/feeds/popup/playerstats_2641.json,Official public feed; Formula 1 terms apply,official,True,True,False,official_recorded,historical_fantasy_scores_v3_recorded_2023_2026,sprint,5.0,19.0,3.0,Cadillac
2026,5,Canadian Grand Prix,2026-05-24,constructor,cadillac,2641,Cadillac,CAD,,2.0,-1.0,,11.0,-8.0,0.0,5.6,Formula 1 Fantasy playerstats,https://fantasy.formula1.com/feeds/popup/playerstats_2641.json,Official public feed; Formula 1 terms apply,official,True,True,False,official_recorded,historical_fantasy_scores_v3_recorded_2023_2026,sprint,11.0,-9.0,3.0,Cadillac
2026,6,Monaco Grand Prix,2026-06-07,constructor,cadillac,2641,Cadillac,CAD,,-13.0,-1.0,,,-12.0,0.0,6.2,Formula 1 Fantasy playerstats,https://fantasy.formula1.com/feeds/popup/playerstats_2641.json,Official public feed; Formula 1 terms apply,official,True,True,False,official_recorded,historical_fantasy_scores_v3_recorded_2023_2026,normal,,-13.0,3.0,Cadillac
2026,7,Barcelona Grand Prix,2026-06-14,constructor,cadillac,2641,Cadillac,CAD,,-9.0,-1.0,,,-8.0,0.0,6.0,Formula 1 Fantasy playerstats,https://fantasy.formula1.com/feeds/popup/playerstats_2641.json,Official public feed; Formula 1 terms apply,official,True,True,False,official_recorded,historical_fantasy_scores_v3_recorded_2023_2026,normal,,-9.0,3.0,Cadillac
2026,8,Austrian Grand Prix,2026-06-28,constructor,cadillac,2641,Cadillac,CAD,,-35.0,-1.0,,,-34.0,0.0,5.4,Formula 1 Fantasy playerstats,https://fantasy.formula1.com/feeds/popup/playerstats_2641.json,Official public feed; Formula 1 terms apply,official,True,True,False,official_recorded,historical_fantasy_scores_v3_recorded_2023_2026,normal,,-35.0,3.0,Cadillac
2026,9,British Grand Prix,2026-07-05,constructor,cadillac,2641,Cadillac,CAD,,13.0,-1.0,,-1.0,15.0,0.0,4.8,Formula 1 Fantasy playerstats,https://fantasy.formula1.com/feeds/popup/playerstats_2641.json,Official public feed; Formula 1 terms apply,official,True,True,False,official_recorded,historical_fantasy_scores_v3_recorded_2023_2026,sprint,-1.0,14.0,3.0,Cadillac
2026,10,Belgian Grand Prix,2026-07-19,constructor,cadillac,2641,Cadillac,CAD,,-17.0,-1.0,,,-16.0,0.0,4.2,Formula 1 Fantasy playerstats,https://fantasy.formula1.com/feeds/popup/playerstats_2641.json,Official public feed; Formula 1 terms apply,official,True,True,False,official_recorded,historical_fantasy_scores_v3_recorded_2023_2026,normal,,-17.0,3.0,Cadillac
2026,11,Hungarian Grand Prix,2026-07-26,constructor,cadillac,2641,Cadillac,CAD,,-37.0,-1.0,,,-36.0,0.0,3.6,Formula 1 Fantasy playerstats,https://fantasy.formula1.com/feeds/popup/playerstats_2641.json,Official public feed; Formula 1 terms apply,official,True,True,False,official_recorded,historical_fantasy_scores_v3_recorded_2023_2026,normal,,-37.0,3.0,Cadillac
2026,12,Dutch Grand Prix,2026-08-23,constructor,cadillac,2641,Cadillac,CAD,,-9.0,-1.0,,,-8.0,,3.0,Formula 1 Fantasy playerstats,https://fantasy.formula1.com/feeds/popup/playerstats_2641.json,Official public feed; Formula 1 terms apply,official,True,True,False,official_recorded,historical_fantasy_scores_v3_recorded_2023_2026,sprint,,,3.0,Cadillac
2026,1,Australian Grand Prix,2026-03-08,constructor,ferrari,25,Ferrari,FER,,69.0,21.0,,,48.0,0.0,23.3,Formula 1 Fantasy playerstats,https://fantasy.formula1.com/feeds/popup/playerstats_25.json,Official public feed; Formula 1 terms apply,official,True,True,False,official_recorded,historical_fantasy_scores_v3_recorded_2023_2026,normal,,69.0,26.9,Ferrari
2026,2,Chinese Grand Prix,2026-03-15,constructor,ferrari,25,Ferrari,FER,,119.0,25.0,,36.0,58.0,0.0,23.6,Formula 1 Fantasy playerstats,https://fantasy.formula1.com/feeds/popup/playerstats_25.json,Official public feed; Formula 1 terms apply,official,True,True,False,official_recorded,historical_fantasy_scores_v3_recorded_2023_2026,sprint,36.0,83.0,26.9,Ferrari
2026,3,Japanese Grand Prix,2026-03-29,constructor,ferrari,25,Ferrari,FER,,75.0,22.0,,,53.0,0.0,23.9,Formula 1 Fantasy playerstats,https://fantasy.formula1.com/feeds/popup/playerstats_25.json,Official public feed; Formula 1 terms apply,official,True,True,False,official_recorded,historical_fantasy_scores_v3_recorded_2023_2026,normal,,75.0,26.9,Ferrari
2026,4,Miami Grand Prix,2026-05-03,constructor,ferrari,25,Ferrari,FER,,57.0,23.0,,12.0,22.0,0.0,24.2,Formula 1 Fantasy playerstats,https://fantasy.formula1.com/feeds/popup/playerstats_25.json,Official public feed; Formula 1 terms apply,official,True,True,False,official_recorded,historical_fantasy_scores_v3_recorded_2023_2026,sprint,12.0,45.0,26.9,Ferrari
2026,5,Canadian Grand Prix,2026-05-24,constructor,ferrari,25,Ferrari,FER,,69.0,19.0,,9.0,41.0,0.0,24.5,Formula 1 Fantasy playerstats,https://fantasy.formula1.com/feeds/popup/playerstats_25.json,Official public feed; Formula 1 terms apply,official,True,True,False,official_recorded,historical_fantasy_scores_v3_recorded_2023_2026,sprint,9.0,60.0,26.9,Ferrari
2026,6,Monaco Grand Prix,2026-06-07,constructor,ferrari,25,Ferrari,FER,,29.0,25.0,,,4.0,0.0,24.8,Formula 1 Fantasy playerstats,https://fantasy.formula1.com/feeds/popup/playerstats_25.json,Official public feed; Formula 1 terms apply,official,True,True,False,official_recorded,historical_fantasy_scores_v3_recorded_2023_2026,normal,,29.0,26.9,Ferrari
2026,7,Barcelona Grand Prix,2026-06-14,constructor,ferrari,25,Ferrari,FER,,58.0,20.0,,,38.0,0.0,25.1,Formula 1 Fantasy playerstats,https://fantasy.formula1.com/feeds/popup/playerstats_25.json,Official public feed; Formula 1 terms apply,official,True,True,False,official_recorded,historical_fantasy_scores_v3_recorded_2023_2026,normal,,58.0,26.9,Ferrari
2026,8,Austrian Grand Prix,2026-06-28,constructor,ferrari,25,Ferrari,FER,,56.0,27.0,,,29.0,0.0,25.4,Formula 1 Fantasy playerstats,https://fantasy.formula1.com/feeds/popup/playerstats_25.json,Official public feed; Formula 1 terms apply,official,True,True,False,official_recorded,historical_fantasy_scores_v3_recorded_2023_2026,normal,,56.0,26.9,Ferrari
2026,9,British Grand Prix,2026-07-05,constructor,ferrari,25,Ferrari,FER,,92.0,27.0,,14.0,51.0,0.0,25.7,Formula 1 Fantasy playerstats,https://fantasy.formula1.com/feeds/popup/playerstats_25.json,Official public feed; Formula 1 terms apply,official,True,True,False,official_recorded,historical_fantasy_scores_v3_recorded_2023_2026,sprint,14.0,78.0,26.9,Ferrari
2026,10,Belgian Grand Prix,2026-07-19,constructor,ferrari,25,Ferrari,FER,,71.0,21.0,,,50.0,0.0,26.0,Formula 1 Fantasy playerstats,https://fantasy.formula1.com/feeds/popup/playerstats_25.json,Official public feed; Formula 1 terms apply,official,True,True,False,official_recorded,historical_fantasy_scores_v3_recorded_2023_2026,normal,,71.0,26.9,Ferrari
2026,11,Hungarian Grand Prix,2026-07-26,constructor,ferrari,25,Ferrari,FER,,71.0,27.0,,,44.0,0.0,26.3,Formula 1 Fantasy playerstats,https://fantasy.formula1.com/feeds/popup/playerstats_25.json,Official public feed; Formula 1 terms apply,official,True,True,False,official_recorded,historical_fantasy_scores_v3_recorded_2023_2026,normal,,71.0,26.9,Ferrari
2026,12,Dutch Grand Prix,2026-08-23,constructor,ferrari,25,Ferrari,FER,,74.0,21.0,,11.0,42.0,0.0,26.6,Formula 1 Fantasy playerstats,https://fantasy.formula1.com/feeds/popup/playerstats_25.json,Official public feed; Formula 1 terms apply,official,True,True,False,official_recorded,historical_fantasy_scores_v3_recorded_2023_2026,sprint,11.0,63.0,26.9,Ferrari
2026,1,Australian Grand Prix,2026-03-08,constructor,haas,26,Haas,HAA,,34.0,3.0,,,31.0,0.0,7.4,Formula 1 Fantasy playerstats,https://fantasy.formula1.com/feeds/popup/playerstats_26.json,Official public feed; Formula 1 terms apply,official,True,True,False,official_recorded,historical_fantasy_scores_v3_recorded_2023_2026,normal,,34.0,11.4,Haas F1 Team
2026,2,Chinese Grand Prix,2026-03-15,constructor,haas,26,Haas,HAA,,65.0,6.0,,14.0,45.0,0.0,8.0,Formula 1 Fantasy playerstats,https://fantasy.formula1.com/feeds/popup/playerstats_26.json,Official public feed; Formula 1 terms apply,official,True,True,False,official_recorded,historical_fantasy_scores_v3_recorded_2023_2026,sprint,14.0,51.0,11.4,Haas F1 Team
2026,3,Japanese Grand Prix,2026-03-29,constructor,haas,26,Haas,HAA,,-4.0,1.0,,,-5.0,0.0,8.6,Formula 1 Fantasy playerstats,https://fantasy.formula1.com/feeds/popup/playerstats_26.json,Official public feed; Formula 1 terms apply,official,True,True,False,official_recorded,historical_fantasy_scores_v3_recorded_2023_2026,normal,,-4.0,11.4,Haas F1 Team
2026,4,Miami Grand Prix,2026-05-03,constructor,haas,26,Haas,HAA,,23.0,3.0,,12.0,8.0,0.0,9.2,Formula 1 Fantasy playerstats,https://fantasy.formula1.com/feeds/popup/playerstats_26.json,Official public feed; Formula 1 terms apply,official,True,True,False,official_recorded,historical_fantasy_scores_v3_recorded_2023_2026,sprint,12.0,11.0,11.4,Haas F1 Team
2026,5,Canadian Grand Prix,2026-05-24,constructor,haas,26,Haas,HAA,,19.0,1.0,,5.0,13.0,0.0,9.8,Formula 1 Fantasy playerstats,https://fantasy.formula1.com/feeds/popup/playerstats_26.json,Official public feed; Formula 1 terms apply,official,True,True,False,official_recorded,historical_fantasy_scores_v3_recorded_2023_2026,sprint,5.0,14.0,11.4,Haas F1 Team
2026,6,Monaco Grand Prix,2026-06-07,constructor,haas,26,Haas,HAA,,-8.0,-1.0,,,-7.0,0.0,10.4,Formula 1 Fantasy playerstats,https://fantasy.formula1.com/feeds/popup/playerstats_26.json,Official public feed; Formula 1 terms apply,official,True,True,False,official_recorded,historical_fantasy_scores_v3_recorded_2023_2026,normal,,-8.0,11.4,Haas F1 Team
2026,7,Barcelona Grand Prix,2026-06-14,constructor,haas,26,Haas,HAA,,16.0,1.0,,,15.0,0.0,10.6,Formula 1 Fantasy playerstats,https://fantasy.formula1.com/feeds/popup/playerstats_26.json,Official public feed; Formula 1 terms apply,official,True,True,False,official_recorded,historical_fantasy_scores_v3_recorded_2023_2026,normal,,16.0,11.4,Haas F1 Team
2026,8,Austrian Grand Prix,2026-06-28,constructor,haas,26,Haas,HAA,,13.0,3.0,,,10.0,0.0,10.4,Formula 1 Fantasy playerstats,https://fantasy.formula1.com/feeds/popup/playerstats_26.json,Official public feed; Formula 1 terms apply,official,True,True,False,official_recorded,historical_fantasy_scores_v3_recorded_2023_2026,normal,,13.0,11.4,Haas F1 Team
2026,9,British Grand Prix,2026-07-05,constructor,haas,26,Haas,HAA,,33.0,1.0,,12.0,20.0,0.0,10.2,Formula 1 Fantasy playerstats,https://fantasy.formula1.com/feeds/popup/playerstats_26.json,Official public feed; Formula 1 terms apply,official,True,True,False,official_recorded,historical_fantasy_scores_v3_recorded_2023_2026,sprint,12.0,21.0,11.4,Haas F1 Team
2026,10,Belgian Grand Prix,2026-07-19,constructor,haas,26,Haas,HAA,,15.0,1.0,,,14.0,0.0,10.8,Formula 1 Fantasy playerstats,https://fantasy.formula1.com/feeds/popup/playerstats_26.json,Official public feed; Formula 1 terms apply,official,True,True,False,official_recorded,historical_fantasy_scores_v3_recorded_2023_2026,normal,,15.0,11.4,Haas F1 Team
2026,11,Hungarian Grand Prix,2026-07-26,constructor,haas,26,Haas,HAA,,10.0,1.0,,,9.0,0.0,11.4,Formula 1 Fantasy playerstats,https://fantasy.formula1.com/feeds/popup/playerstats_26.json,Official public feed; Formula 1 terms apply,official,True,True,False,official_recorded,historical_fantasy_scores_v3_recorded_2023_2026,normal,,10.0,11.4,Haas F1 Team
2026,12,Dutch Grand Prix,2026-08-23,constructor,haas,26,Haas,HAA,,-20.0,1.0,,6.0,-27.0,0.0,12.0,Formula 1 Fantasy playerstats,https://fantasy.formula1.com/feeds/popup/playerstats_26.json,Official public feed; Formula 1 terms apply,official,True,True,False,official_recorded,historical_fantasy_scores_v3_recorded_2023_2026,sprint,6.0,-26.0,11.4,Haas F1 Team
2026,1,Australian Grand Prix,2026-03-08,constructor,mclaren,27,McLaren,MCL,,19.0,21.0,,,-2.0,0.0,28.9,Formula 1 Fantasy playerstats,https://fantasy.formula1.com/feeds/popup/playerstats_27.json,Official public feed; Formula 1 terms apply,official,True,True,False,official_recorded,historical_fantasy_scores_v3_recorded_2023_2026,normal,,19.0,31.3,McLaren
2026,2,Chinese Grand Prix,2026-03-15,constructor,mclaren,27,McLaren,MCL,,-7.0,21.0,,12.0,-40.0,0.0,28.8,Formula 1 Fantasy playerstats,https://fantasy.formula1.com/feeds/popup/playerstats_27.json,Official public feed; Formula 1 terms apply,official,True,True,False,official_recorded,historical_fantasy_scores_v3_recorded_2023_2026,sprint,12.0,-19.0,31.3,McLaren
2026,3,Japanese Grand Prix,2026-03-29,constructor,mclaren,27,McLaren,MCL,,72.0,24.0,,,48.0,0.0,28.5,Formula 1 Fantasy playerstats,https://fantasy.formula1.com/feeds/popup/playerstats_27.json,Official public feed; Formula 1 terms apply,official,True,True,False,official_recorded,historical_fantasy_scores_v3_recorded_2023_2026,normal,,72.0,31.3,McLaren
2026,4,Miami Grand Prix,2026-05-03,constructor,mclaren,27,McLaren,MCL,,110.0,21.0,,22.0,67.0,0.0,28.6,Formula 1 Fantasy playerstats,https://fantasy.formula1.com/feeds/popup/playerstats_27.json,Official public feed; Formula 1 terms apply,official,True,True,False,official_recorded,historical_fantasy_scores_v3_recorded_2023_2026,sprint,22.0,88.0,31.3,McLaren
2026,5,Canadian Grand Prix,2026-05-24,constructor,mclaren,27,McLaren,MCL,,33.0,25.0,,15.0,-7.0,0.0,28.9,Formula 1 Fantasy playerstats,https://fantasy.formula1.com/feeds/popup/playerstats_27.json,Official public feed; Formula 1 terms apply,official,True,True,False,official_recorded,historical_fantasy_scores_v3_recorded_2023_2026,sprint,15.0,18.0,31.3,McLaren
2026,6,Monaco Grand Prix,2026-06-07,constructor,mclaren,27,McLaren,MCL,,14.0,17.0,,,-3.0,0.0,29.2,Formula 1 Fantasy playerstats,https://fantasy.formula1.com/feeds/popup/playerstats_27.json,Official public feed; Formula 1 terms apply,official,True,True,False,official_recorded,historical_fantasy_scores_v3_recorded_2023_2026,normal,,14.0,31.3,McLaren
2026,7,Barcelona Grand Prix,2026-06-14,constructor,mclaren,27,McLaren,MCL,,67.0,21.0,,,46.0,0.0,29.5,Formula 1 Fantasy playerstats,https://fantasy.formula1.com/feeds/popup/playerstats_27.json,Official public feed; Formula 1 terms apply,official,True,True,False,official_recorded,historical_fantasy_scores_v3_recorded_2023_2026,normal,,67.0,31.3,McLaren
2026,8,Austrian Grand Prix,2026-06-28,constructor,mclaren,27,McLaren,MCL,,49.0,19.0,,,30.0,0.0,29.8,Formula 1 Fantasy playerstats,https://fantasy.formula1.com/feeds/popup/playerstats_27.json,Official public feed; Formula 1 terms apply,official,True,True,False,official_recorded,historical_fantasy_scores_v3_recorded_2023_2026,normal,,49.0,31.3,McLaren
2026,9,British Grand Prix,2026-07-05,constructor,mclaren,27,McLaren,MCL,,72.0,18.0,,22.0,32.0,0.0,30.1,Formula 1 Fantasy playerstats,https://fantasy.formula1.com/feeds/popup/playerstats_27.json,Official public feed; Formula 1 terms apply,official,True,True,False,official_recorded,historical_fantasy_scores_v3_recorded_2023_2026,sprint,22.0,50.0,31.3,McLaren
2026,10,Belgian Grand Prix,2026-07-19,constructor,mclaren,27,McLaren,MCL,,71.0,22.0,,,49.0,0.0,30.4,Formula 1 Fantasy playerstats,https://fantasy.formula1.com/feeds/popup/playerstats_27.json,Official public feed; Formula 1 terms apply,official,True,True,False,official_recorded,historical_fantasy_scores_v3_recorded_2023_2026,normal,,71.0,31.3,McLaren
2026,11,Hungarian Grand Prix,2026-07-26,constructor,mclaren,27,McLaren,MCL,,38.0,26.0,,,12.0,0.0,30.7,Formula 1 Fantasy playerstats,https://fantasy.formula1.com/feeds/popup/playerstats_27.json,Official public feed; Formula 1 terms apply,official,True,True,False,official_recorded,historical_fantasy_scores_v3_recorded_2023_2026,normal,,38.0,31.3,McLaren
2026,12,Dutch Grand Prix,2026-08-23,constructor,mclaren,27,McLaren,MCL,,80.0,27.0,,13.0,40.0,0.0,31.0,Formula 1 Fantasy playerstats,https://fantasy.formula1.com/feeds/popup/playerstats_27.json,Official public feed; Formula 1 terms apply,official,True,True,False,official_recorded,historical_fantasy_scores_v3_recorded_2023_2026,sprint,13.0,67.0,31.3,McLaren
2026,1,Australian Grand Prix,2026-03-08,constructor,mercedes,28,Mercedes,MER,,96.0,29.0,,,67.0,0.0,29.3,Formula 1 Fantasy playerstats,https://fantasy.formula1.com/feeds/popup/playerstats_28.json,Official public feed; Formula 1 terms apply,official,True,True,False,official_recorded,historical_fantasy_scores_v3_recorded_2023_2026,normal,,96.0,32.9,Mercedes
2026,2,Chinese Grand Prix,2026-03-15,constructor,mercedes,28,Mercedes,MER,,115.0,29.0,,23.0,63.0,0.0,29.6,Formula 1 Fantasy playerstats,https://fantasy.formula1.com/feeds/popup/playerstats_28.json,Official public feed; Formula 1 terms apply,official,True,True,False,official_recorded,historical_fantasy_scores_v3_recorded_2023_2026,sprint,23.0,92.0,32.9,Mercedes
2026,3,Japanese Grand Prix,2026-03-29,constructor,mercedes,28,Mercedes,MER,,92.0,29.0,,,63.0,0.0,29.9,Formula 1 Fantasy playerstats,https://fantasy.formula1.com/feeds/popup/playerstats_28.json,Official public feed; Formula 1 terms apply,official,True,True,False,official_recorded,historical_fantasy_scores_v3_recorded_2023_2026,normal,,92.0,32.9,Mercedes
2026,4,Miami Grand Prix,2026-05-03,constructor,mercedes,28,Mercedes,MER,,104.0,26.0,,11.0,67.0,0.0,30.2,Formula 1 Fantasy playerstats,https://fantasy.formula1.com/feeds/popup/playerstats_28.json,Official public feed; Formula 1 terms apply,official,True,True,False,official_recorded,historical_fantasy_scores_v3_recorded_2023_2026,sprint,11.0,93.0,32.9,Mercedes
2026,5,Canadian Grand Prix,2026-05-24,constructor,mercedes,28,Mercedes,MER,,76.0,29.0,,21.0,26.0,0.0,30.5,Formula 1 Fantasy playerstats,https://fantasy.formula1.com/feeds/popup/playerstats_28.json,Official public feed; Formula 1 terms apply,official,True,True,False,official_recorded,historical_fantasy_scores_v3_recorded_2023_2026,sprint,21.0,55.0,32.9,Mercedes
2026,6,Monaco Grand Prix,2026-06-07,constructor,mercedes,28,Mercedes,MER,,70.0,25.0,,,45.0,0.0,30.8,Formula 1 Fantasy playerstats,https://fantasy.formula1.com/feeds/popup/playerstats_28.json,Official public feed; Formula 1 terms apply,official,True,True,False,official_recorded,historical_fantasy_scores_v3_recorded_2023_2026,normal,,70.0,32.9,Mercedes
2026,7,Barcelona Grand Prix,2026-06-14,constructor,mercedes,28,Mercedes,MER,,39.0,28.0,,,11.0,0.0,31.1,Formula 1 Fantasy playerstats,https://fantasy.formula1.com/feeds/popup/playerstats_28.json,Official public feed; Formula 1 terms apply,official,True,True,False,official_recorded,historical_fantasy_scores_v3_recorded_2023_2026,normal,,39.0,32.9,Mercedes
2026,8,Austrian Grand Prix,2026-06-28,constructor,mercedes,28,Mercedes,MER,,85.0,27.0,,,58.0,0.0,31.4,Formula 1 Fantasy playerstats,https://fantasy.formula1.com/feeds/popup/playerstats_28.json,Official public feed; Formula 1 terms apply,official,True,True,False,official_recorded,historical_fantasy_scores_v3_recorded_2023_2026,normal,,85.0,32.9,Mercedes
2026,9,British Grand Prix,2026-07-05,constructor,mercedes,28,Mercedes,MER,,92.0,27.0,,30.0,35.0,0.0,31.7,Formula 1 Fantasy playerstats,https://fantasy.formula1.com/feeds/popup/playerstats_28.json,Official public feed; Formula 1 terms apply,official,True,True,False,official_recorded,historical_fantasy_scores_v3_recorded_2023_2026,sprint,30.0,62.0,32.9,Mercedes
2026,10,Belgian Grand Prix,2026-07-19,constructor,mercedes,28,Mercedes,MER,,42.0,27.0,,,15.0,0.0,32.0,Formula 1 Fantasy playerstats,https://fantasy.formula1.com/feeds/popup/playerstats_28.json,Official public feed; Formula 1 terms apply,official,True,True,False,official_recorded,historical_fantasy_scores_v3_recorded_2023_2026,normal,,42.0,32.9,Mercedes
2026,11,Hungarian Grand Prix,2026-07-26,constructor,mercedes,28,Mercedes,MER,,71.0,21.0,,,50.0,0.0,32.3,Formula 1 Fantasy playerstats,https://fantasy.formula1.com/feeds/popup/playerstats_28.json,Official public feed; Formula 1 terms apply,official,True,True,False,official_recorded,historical_fantasy_scores_v3_recorded_2023_2026,normal,,71.0,32.9,Mercedes
2026,12,Dutch Grand Prix,2026-08-23,constructor,mercedes,28,Mercedes,MER,,84.0,27.0,,15.0,42.0,0.0,32.6,Formula 1 Fantasy playerstats,https://fantasy.formula1.com/feeds/popup/playerstats_28.json,Official public feed; Formula 1 terms apply,official,True,True,False,official_recorded,historical_fantasy_scores_v3_recorded_2023_2026,sprint,15.0,69.0,32.9,Mercedes
2026,1,Australian Grand Prix,2026-03-08,constructor,rb,2636,Racing Bulls,RBS,,35.0,15.0,,,20.0,0.0,6.3,Formula 1 Fantasy playerstats,https://fantasy.formula1.com/feeds/popup/playerstats_2636.json,Official public feed; Formula 1 terms apply,official,True,True,False,official_recorded,historical_fantasy_scores_v3_recorded_2023_2026,normal,,35.0,13.5,Racing Bulls
2026,2,Chinese Grand Prix,2026-03-15,constructor,rb,2636,Racing Bulls,RBS,,50.0,3.0,,10.0,37.0,0.0,6.9,Formula 1 Fantasy playerstats,https://fantasy.formula1.com/feeds/popup/playerstats_2636.json,Official public feed; Formula 1 terms apply,official,True,True,False,official_recorded,historical_fantasy_scores_v3_recorded_2023_2026,sprint,10.0,40.0,13.5,Racing Bulls
2026,3,Japanese Grand Prix,2026-03-29,constructor,rb,2636,Racing Bulls,RBS,,18.0,6.0,,,12.0,0.0,7.5,Formula 1 Fantasy playerstats,https://fantasy.formula1.com/feeds/popup/playerstats_2636.json,Official public feed; Formula 1 terms apply,official,True,True,False,official_recorded,historical_fantasy_scores_v3_recorded_2023_2026,normal,,18.0,13.5,Racing Bulls
2026,4,Miami Grand Prix,2026-05-03,constructor,rb,2636,Racing Bulls,RBS,,2.0,3.0,,-6.0,5.0,0.0,8.1,Formula 1 Fantasy playerstats,https://fantasy.formula1.com/feeds/popup/playerstats_2636.json,Official public feed; Formula 1 terms apply,official,True,True,False,official_recorded,historical_fantasy_scores_v3_recorded_2023_2026,sprint,-6.0,8.0,13.5,Racing Bulls
2026,5,Canadian Grand Prix,2026-05-24,constructor,rb,2636,Racing Bulls,RBS,,22.0,7.0,,13.0,2.0,0.0,8.7,Formula 1 Fantasy playerstats,https://fantasy.formula1.com/feeds/popup/playerstats_2636.json,Official public feed; Formula 1 terms apply,official,True,True,False,official_recorded,historical_fantasy_scores_v3_recorded_2023_2026,sprint,13.0,9.0,13.5,Racing Bulls
2026,6,Monaco Grand Prix,2026-06-07,constructor,rb,2636,Racing Bulls,RBS,,36.0,6.0,,,30.0,0.0,9.3,Formula 1 Fantasy playerstats,https://fantasy.formula1.com/feeds/popup/playerstats_2636.json,Official public feed; Formula 1 terms apply,official,True,True,False,official_recorded,historical_fantasy_scores_v3_recorded_2023_2026,normal,,36.0,13.5,Racing Bulls
2026,7,Barcelona Grand Prix,2026-06-14,constructor,rb,2636,Racing Bulls,RBS,,26.0,8.0,,,18.0,0.0,9.9,Formula 1 Fantasy playerstats,https://fantasy.formula1.com/feeds/popup/playerstats_2636.json,Official public feed; Formula 1 terms apply,official,True,True,False,official_recorded,historical_fantasy_scores_v3_recorded_2023_2026,normal,,26.0,13.5,Racing Bulls
2026,8,Austrian Grand Prix,2026-06-28,constructor,rb,2636,Racing Bulls,RBS,,38.0,13.0,,,25.0,0.0,10.5,Formula 1 Fantasy playerstats,https://fantasy.formula1.com/feeds/popup/playerstats_2636.json,Official public feed; Formula 1 terms apply,official,True,True,False,official_recorded,historical_fantasy_scores_v3_recorded_2023_2026,normal,,38.0,13.5,Racing Bulls
2026,9,British Grand Prix,2026-07-05,constructor,rb,2636,Racing Bulls,RBS,,55.0,13.0,,10.0,32.0,0.0,11.1,Formula 1 Fantasy playerstats,https://fantasy.formula1.com/feeds/popup/playerstats_2636.json,Official public feed; Formula 1 terms apply,official,True,True,False,official_recorded,historical_fantasy_scores_v3_recorded_2023_2026,sprint,10.0,45.0,13.5,Racing Bulls
2026,10,Belgian Grand Prix,2026-07-19,constructor,rb,2636,Racing Bulls,RBS,,15.0,8.0,,,7.0,0.0,11.7,Formula 1 Fantasy playerstats,https://fantasy.formula1.com/feeds/popup/playerstats_2636.json,Official public feed; Formula 1 terms apply,official,True,True,False,official_recorded,historical_fantasy_scores_v3_recorded_2023_2026,normal,,15.0,13.5,Racing Bulls
2026,11,Hungarian Grand Prix,2026-07-26,constructor,rb,2636,Racing Bulls,RBS,,47.0,7.0,,,40.0,0.0,12.3,Formula 1 Fantasy playerstats,https://fantasy.formula1.com/feeds/popup/playerstats_2636.json,Official public feed; Formula 1 terms apply,official,True,True,False,official_recorded,historical_fantasy_scores_v3_recorded_2023_2026,normal,,47.0,13.5,Racing Bulls
2026,12,Dutch Grand Prix,2026-08-23,constructor,rb,2636,Racing Bulls,RBS,,22.0,6.0,,-1.0,17.0,0.0,12.9,Formula 1 Fantasy playerstats,https://fantasy.formula1.com/feeds/popup/playerstats_2636.json,Official public feed; Formula 1 terms apply,official,True,True,False,official_recorded,historical_fantasy_scores_v3_recorded_2023_2026,sprint,-1.0,23.0,13.5,Racing Bulls
2026,1,Australian Grand Prix,2026-03-08,constructor,red_bull,29,Red Bull,RBR,,42.0,8.0,,,34.0,0.0,28.2,Formula 1 Fantasy playerstats,https://fantasy.formula1.com/feeds/popup/playerstats_29.json,Official public feed; Formula 1 terms apply,official,True,True,False,official_recorded,historical_fantasy_scores_v3_recorded_2023_2026,normal,,42.0,31.2,Red Bull Racing
2026,2,Chinese Grand Prix,2026-03-15,constructor,red_bull,29,Red Bull,RBR,,45.0,15.0,,18.0,12.0,0.0,28.5,Formula 1 Fantasy playerstats,https://fantasy.formula1.com/feeds/popup/playerstats_29.json,Official public feed; Formula 1 terms apply,official,True,True,False,official_recorded,historical_fantasy_scores_v3_recorded_2023_2026,sprint,18.0,27.0,31.2,Red Bull Racing
2026,3,Japanese Grand Prix,2026-03-29,constructor,red_bull,29,Red Bull,RBR,,25.0,8.0,,,17.0,0.0,28.8,Formula 1 Fantasy playerstats,https://fantasy.formula1.com/feeds/popup/playerstats_29.json,Official public feed; Formula 1 terms apply,official,True,True,False,official_recorded,historical_fantasy_scores_v3_recorded_2023_2026,normal,,25.0,31.2,Red Bull Racing
2026,4,Miami Grand Prix,2026-05-03,constructor,red_bull,29,Red Bull,RBR,,31.0,4.0,,9.0,18.0,0.0,29.1,Formula 1 Fantasy playerstats,https://fantasy.formula1.com/feeds/popup/playerstats_29.json,Official public feed; Formula 1 terms apply,official,True,True,False,official_recorded,historical_fantasy_scores_v3_recorded_2023_2026,sprint,9.0,22.0,31.2,Red Bull Racing
2026,5,Canadian Grand Prix,2026-05-24,constructor,red_bull,29,Red Bull,RBR,,44.0,19.0,,-8.0,33.0,0.0,29.2,Formula 1 Fantasy playerstats,https://fantasy.formula1.com/feeds/popup/playerstats_29.json,Official public feed; Formula 1 terms apply,official,True,True,False,official_recorded,historical_fantasy_scores_v3_recorded_2023_2026,sprint,-8.0,52.0,31.2,Red Bull Racing
2026,6,Monaco Grand Prix,2026-06-07,constructor,red_bull,29,Red Bull,RBR,,18.0,25.0,,,-7.0,0.0,29.3,Formula 1 Fantasy playerstats,https://fantasy.formula1.com/feeds/popup/playerstats_29.json,Official public feed; Formula 1 terms apply,official,True,True,False,official_recorded,historical_fantasy_scores_v3_recorded_2023_2026,normal,,18.0,31.2,Red Bull Racing
2026,7,Barcelona Grand Prix,2026-06-14,constructor,red_bull,29,Red Bull,RBR,,59.0,21.0,,,38.0,0.0,29.4,Formula 1 Fantasy playerstats,https://fantasy.formula1.com/feeds/popup/playerstats_29.json,Official public feed; Formula 1 terms apply,official,True,True,False,official_recorded,historical_fantasy_scores_v3_recorded_2023_2026,normal,,59.0,31.2,Red Bull Racing
2026,8,Austrian Grand Prix,2026-06-28,constructor,red_bull,29,Red Bull,RBR,,68.0,19.0,,,49.0,0.0,29.7,Formula 1 Fantasy playerstats,https://fantasy.formula1.com/feeds/popup/playerstats_29.json,Official public feed; Formula 1 terms apply,official,True,True,False,official_recorded,historical_fantasy_scores_v3_recorded_2023_2026,normal,,68.0,31.2,Red Bull Racing
2026,9,British Grand Prix,2026-07-05,constructor,red_bull,29,Red Bull,RBR,,32.0,20.0,,6.0,6.0,0.0,30.0,Formula 1 Fantasy playerstats,https://fantasy.formula1.com/feeds/popup/playerstats_29.json,Official public feed; Formula 1 terms apply,official,True,True,False,official_recorded,historical_fantasy_scores_v3_recorded_2023_2026,sprint,6.0,26.0,31.2,Red Bull Racing
2026,10,Belgian Grand Prix,2026-07-19,constructor,red_bull,29,Red Bull,RBR,,79.0,20.0,,,59.0,0.0,30.3,Formula 1 Fantasy playerstats,https://fantasy.formula1.com/feeds/popup/playerstats_29.json,Official public feed; Formula 1 terms apply,official,True,True,False,official_recorded,historical_fantasy_scores_v3_recorded_2023_2026,normal,,79.0,31.2,Red Bull Racing
2026,11,Hungarian Grand Prix,2026-07-26,constructor,red_bull,29,Red Bull,RBR,,59.0,18.0,,,41.0,0.0,30.6,Formula 1 Fantasy playerstats,https://fantasy.formula1.com/feeds/popup/playerstats_29.json,Official public feed; Formula 1 terms apply,official,True,True,False,official_recorded,historical_fantasy_scores_v3_recorded_2023_2026,normal,,59.0,31.2,Red Bull Racing
2026,12,Dutch Grand Prix,2026-08-23,constructor,red_bull,29,Red Bull,RBR,,11.0,17.0,,3.0,-9.0,0.0,30.9,Formula 1 Fantasy playerstats,https://fantasy.formula1.com/feeds/popup/playerstats_29.json,Official public feed; Formula 1 terms apply,official,True,True,False,official_recorded,historical_fantasy_scores_v3_recorded_2023_2026,sprint,3.0,8.0,31.2,Red Bull Racing
2026,1,Australian Grand Prix,2026-03-08,constructor,williams,210,Williams,WIL,,20.0,-4.0,,,24.0,0.0,12.0,Formula 1 Fantasy playerstats,https://fantasy.formula1.com/feeds/popup/playerstats_210.json,Official public feed; Formula 1 terms apply,official,True,True,False,official_recorded,historical_fantasy_scores_v3_recorded_2023_2026,normal,,20.0,13.2,Williams
2026,2,Chinese Grand Prix,2026-03-15,constructor,williams,210,Williams,WIL,,22.0,-1.0,,25.0,-2.0,0.0,12.6,Formula 1 Fantasy playerstats,https://fantasy.formula1.com/feeds/popup/playerstats_210.json,Official public feed; Formula 1 terms apply,official,True,True,False,official_recorded,historical_fantasy_scores_v3_recorded_2023_2026,sprint,25.0,-3.0,13.2,Williams
2026,3,Japanese Grand Prix,2026-03-29,constructor,williams,210,Williams,WIL,,9.0,1.0,,,8.0,0.0,13.2,Formula 1 Fantasy playerstats,https://fantasy.formula1.com/feeds/popup/playerstats_210.json,Official public feed; Formula 1 terms apply,official,True,True,False,official_recorded,historical_fantasy_scores_v3_recorded_2023_2026,normal,,9.0,13.2,Williams
2026,4,Miami Grand Prix,2026-05-03,constructor,williams,210,Williams,WIL,,42.0,3.0,,9.0,30.0,0.0,13.8,Formula 1 Fantasy playerstats,https://fantasy.formula1.com/feeds/popup/playerstats_210.json,Official public feed; Formula 1 terms apply,official,True,True,False,official_recorded,historical_fantasy_scores_v3_recorded_2023_2026,sprint,9.0,33.0,13.2,Williams
2026,5,Canadian Grand Prix,2026-05-24,constructor,williams,210,Williams,WIL,,6.0,1.0,,6.0,-1.0,0.0,14.4,Formula 1 Fantasy playerstats,https://fantasy.formula1.com/feeds/popup/playerstats_210.json,Official public feed; Formula 1 terms apply,official,True,True,False,official_recorded,historical_fantasy_scores_v3_recorded_2023_2026,sprint,6.0,0.0,13.2,Williams
2026,6,Monaco Grand Prix,2026-06-07,constructor,williams,210,Williams,WIL,,9.0,3.0,,,6.0,0.0,15.0,Formula 1 Fantasy playerstats,https://fantasy.formula1.com/feeds/popup/playerstats_210.json,Official public feed; Formula 1 terms apply,official,True,True,False,official_recorded,historical_fantasy_scores_v3_recorded_2023_2026,normal,,9.0,13.2,Williams
2026,7,Barcelona Grand Prix,2026-06-14,constructor,williams,210,Williams,WIL,,1.0,1.0,,,,,15.6,Formula 1 Fantasy playerstats,https://fantasy.formula1.com/feeds/popup/playerstats_210.json,Official public feed; Formula 1 terms apply,official,True,True,False,official_recorded,historical_fantasy_scores_v3_recorded_2023_2026,normal,,1.0,13.2,Williams
2026,8,Austrian Grand Prix,2026-06-28,constructor,williams,210,Williams,WIL,,-6.0,-1.0,,,-5.0,0.0,15.0,Formula 1 Fantasy playerstats,https://fantasy.formula1.com/feeds/popup/playerstats_210.json,Official public feed; Formula 1 terms apply,official,True,True,False,official_recorded,historical_fantasy_scores_v3_recorded_2023_2026,normal,,-6.0,13.2,Williams
2026,10,Belgian Grand Prix,2026-07-19,constructor,williams,210,Williams,WIL,,19.0,1.0,,,18.0,0.0,13.8,Formula 1 Fantasy playerstats,https://fantasy.formula1.com/feeds/popup/playerstats_210.json,Official public feed; Formula 1 terms apply,official,True,True,False,official_recorded,historical_fantasy_scores_v3_recorded_2023_2026,normal,,19.0,13.2,Williams
2026,11,Hungarian Grand Prix,2026-07-26,constructor,williams,210,Williams,WIL,,10.0,-1.0,,,11.0,0.0,13.2,Formula 1 Fantasy playerstats,https://fantasy.formula1.com/feeds/popup/playerstats_210.json,Official public feed; Formula 1 terms apply,official,True,True,False,official_recorded,historical_fantasy_scores_v3_recorded_2023_2026,normal,,10.0,13.2,Williams
2026,12,Dutch Grand Prix,2026-08-23,constructor,williams,210,Williams,WIL,,15.0,1.0,,4.0,10.0,0.0,13.0,Formula 1 Fantasy playerstats,https://fantasy.formula1.com/feeds/popup/playerstats_210.json,Official public feed; Formula 1 terms apply,official,True,True,False,official_recorded,historical_fantasy_scores_v3_recorded_2023_2026,sprint,4.0,11.0,13.2,Williams
2026,1,Australian Grand Prix,2026-03-08,driver,albon,11,Alexander Albon,ALB,Williams,8.0,,,,8.0,,11.6,Formula 1 Fantasy playerstats,https://fantasy.formula1.com/feeds/popup/playerstats_11.json,Official public feed; Formula 1 terms apply,official,True,True,False,official_recorded,historical_fantasy_scores_v3_recorded_2023_2026,normal,,8.0,5.2,Alexander Albon
2026,2,Chinese Grand Prix,2026-03-15,driver,albon,11,Alexander Albon,ALB,Williams,-7.0,,,13.0,-20.0,,11.4,Formula 1 Fantasy playerstats,https://fantasy.formula1.com/feeds/popup/playerstats_11.json,Official public feed; Formula 1 terms apply,official,True,True,False,official_recorded,historical_fantasy_scores_v3_recorded_2023_2026,sprint,13.0,-20.0,5.2,Alexander Albon
2026,3,Japanese Grand Prix,2026-03-29,driver,albon,11,Alexander Albon,ALB,Williams,-1.0,,,,-1.0,,10.8,Formula 1 Fantasy playerstats,https://fantasy.formula1.com/feeds/popup/playerstats_11.json,Official public feed; Formula 1 terms apply,official,True,True,False,official_recorded,historical_fantasy_scores_v3_recorded_2023_2026,normal,,-1.0,5.2,Alexander Albon
2026,4,Miami Grand Prix,2026-05-03,driver,albon,11,Alexander Albon,ALB,Williams,20.0,,,5.0,15.0,,10.2,Formula 1 Fantasy playerstats,https://fantasy.formula1.com/feeds/popup/playerstats_11.json,Official public feed; Formula 1 terms apply,official,True,True,False,official_recorded,historical_fantasy_scores_v3_recorded_2023_2026,sprint,5.0,15.0,5.2,Alexander Albon
2026,5,Canadian Grand Prix,2026-05-24,driver,albon,11,Alexander Albon,ALB,Williams,-8.0,,,6.0,-14.0,,9.6,Formula 1 Fantasy playerstats,https://fantasy.formula1.com/feeds/popup/playerstats_11.json,Official public feed; Formula 1 terms apply,official,True,True,False,official_recorded,historical_fantasy_scores_v3_recorded_2023_2026,sprint,6.0,-14.0,5.2,Alexander Albon
2026,6,Monaco Grand Prix,2026-06-07,driver,albon,11,Alexander Albon,ALB,Williams,9.0,,,,9.0,,9.0,Formula 1 Fantasy playerstats,https://fantasy.formula1.com/feeds/popup/playerstats_11.json,Official public feed; Formula 1 terms apply,official,True,True,False,official_recorded,historical_fantasy_scores_v3_recorded_2023_2026,normal,,9.0,5.2,Alexander Albon
2026,7,Barcelona Grand Prix,2026-06-14,driver,albon,11,Alexander Albon,ALB,Williams,-16.0,,,,-16.0,,8.8,Formula 1 Fantasy playerstats,https://fantasy.formula1.com/feeds/popup/playerstats_11.json,Official public feed; Formula 1 terms apply,official,True,True,False,official_recorded,historical_fantasy_scores_v3_recorded_2023_2026,normal,,-16.0,5.2,Alexander Albon
2026,8,Austrian Grand Prix,2026-06-28,driver,albon,11,Alexander Albon,ALB,Williams,7.0,,,,7.0,,8.2,Formula 1 Fantasy playerstats,https://fantasy.formula1.com/feeds/popup/playerstats_11.json,Official public feed; Formula 1 terms apply,official,True,True,False,official_recorded,historical_fantasy_scores_v3_recorded_2023_2026,normal,,7.0,5.2,Alexander Albon
2026,9,British Grand Prix,2026-07-05,driver,albon,11,Alexander Albon,ALB,Williams,-13.0,,,7.0,-20.0,,7.6,Formula 1 Fantasy playerstats,https://fantasy.formula1.com/feeds/popup/playerstats_11.json,Official public feed; Formula 1 terms apply,official,True,True,False,official_recorded,historical_fantasy_scores_v3_recorded_2023_2026,sprint,7.0,-20.0,5.2,Alexander Albon
2026,10,Belgian Grand Prix,2026-07-19,driver,albon,11,Alexander Albon,ALB,Williams,3.0,,,,3.0,,7.0,Formula 1 Fantasy playerstats,https://fantasy.formula1.com/feeds/popup/playerstats_11.json,Official public feed; Formula 1 terms apply,official,True,True,False,official_recorded,historical_fantasy_scores_v3_recorded_2023_2026,normal,,3.0,5.2,Alexander Albon
2026,11,Hungarian Grand Prix,2026-07-26,driver,albon,11,Alexander Albon,ALB,Williams,4.0,,,,4.0,,6.4,Formula 1 Fantasy playerstats,https://fantasy.formula1.com/feeds/popup/playerstats_11.json,Official public feed; Formula 1 terms apply,official,True,True,False,official_recorded,historical_fantasy_scores_v3_recorded_2023_2026,normal,,4.0,5.2,Alexander Albon
2026,12,Dutch Grand Prix,2026-08-23,driver,albon,11,Alexander Albon,ALB,Williams,2.0,,,1.0,1.0,,5.8,Formula 1 Fantasy playerstats,https://fantasy.formula1.com/feeds/popup/playerstats_11.json,Official public feed; Formula 1 terms apply,official,True,True,False,official_recorded,historical_fantasy_scores_v3_recorded_2023_2026,sprint,1.0,1.0,5.2,Alexander Albon
2026,1,Australian Grand Prix,2026-03-08,driver,alonso,12,Fernando Alonso,ALO,Aston Martin,-14.0,,,,-14.0,,10.0,Formula 1 Fantasy playerstats,https://fantasy.formula1.com/feeds/popup/playerstats_12.json,Official public feed; Formula 1 terms apply,official,True,True,False,official_recorded,historical_fantasy_scores_v3_recorded_2023_2026,normal,,-14.0,6.8,Fernando Alonso
2026,2,Chinese Grand Prix,2026-03-15,driver,alonso,12,Fernando Alonso,ALO,Aston Martin,-7.0,,,6.0,-13.0,,9.4,Formula 1 Fantasy playerstats,https://fantasy.formula1.com/feeds/popup/playerstats_12.json,Official public feed; Formula 1 terms apply,official,True,True,False,official_recorded,historical_fantasy_scores_v3_recorded_2023_2026,sprint,6.0,-13.0,6.8,Fernando Alonso
2026,3,Japanese Grand Prix,2026-03-29,driver,alonso,12,Fernando Alonso,ALO,Aston Martin,4.0,,,,4.0,,8.8,Formula 1 Fantasy playerstats,https://fantasy.formula1.com/feeds/popup/playerstats_12.json,Official public feed; Formula 1 terms apply,official,True,True,False,official_recorded,historical_fantasy_scores_v3_recorded_2023_2026,normal,,4.0,6.8,Fernando Alonso
2026,4,Miami Grand Prix,2026-05-03,driver,alonso,12,Fernando Alonso,ALO,Aston Martin,20.0,,,10.0,10.0,,8.2,Formula 1 Fantasy playerstats,https://fantasy.formula1.com/feeds/popup/playerstats_12.json,Official public feed; Formula 1 terms apply,official,True,True,False,official_recorded,historical_fantasy_scores_v3_recorded_2023_2026,sprint,10.0,10.0,6.8,Fernando Alonso
2026,5,Canadian Grand Prix,2026-05-24,driver,alonso,12,Fernando Alonso,ALO,Aston Martin,-26.0,,,-9.0,-17.0,,8.0,Formula 1 Fantasy playerstats,https://fantasy.formula1.com/feeds/popup/playerstats_12.json,Official public feed; Formula 1 terms apply,official,True,True,False,official_recorded,historical_fantasy_scores_v3_recorded_2023_2026,sprint,-9.0,-17.0,6.8,Fernando Alonso
2026,6,Monaco Grand Prix,2026-06-07,driver,alonso,12,Fernando Alonso,ALO,Aston Martin,15.0,,,,15.0,,7.4,Formula 1 Fantasy playerstats,https://fantasy.formula1.com/feeds/popup/playerstats_12.json,Official public feed; Formula 1 terms apply,official,True,True,False,official_recorded,historical_fantasy_scores_v3_recorded_2023_2026,normal,,15.0,6.8,Fernando Alonso
2026,7,Barcelona Grand Prix,2026-06-14,driver,alonso,12,Fernando Alonso,ALO,Aston Martin,-17.0,,,,-17.0,,6.8,Formula 1 Fantasy playerstats,https://fantasy.formula1.com/feeds/popup/playerstats_12.json,Official public feed; Formula 1 terms apply,official,True,True,False,official_recorded,historical_fantasy_scores_v3_recorded_2023_2026,normal,,-17.0,6.8,Fernando Alonso
2026,8,Austrian Grand Prix,2026-06-28,driver,alonso,12,Fernando Alonso,ALO,Aston Martin,7.0,,,,7.0,,6.2,Formula 1 Fantasy playerstats,https://fantasy.formula1.com/feeds/popup/playerstats_12.json,Official public feed; Formula 1 terms apply,official,True,True,False,official_recorded,historical_fantasy_scores_v3_recorded_2023_2026,normal,,7.0,6.8,Fernando Alonso
2026,9,British Grand Prix,2026-07-05,driver,alonso,12,Fernando Alonso,ALO,Aston Martin,8.0,,,3.0,5.0,,5.6,Formula 1 Fantasy playerstats,https://fantasy.formula1.com/feeds/popup/playerstats_12.json,Official public feed; Formula 1 terms apply,official,True,True,False,official_recorded,historical_fantasy_scores_v3_recorded_2023_2026,sprint,3.0,5.0,6.8,Fernando Alonso
2026,10,Belgian Grand Prix,2026-07-19,driver,alonso,12,Fernando Alonso,ALO,Aston Martin,5.0,,,,5.0,,5.0,Formula 1 Fantasy playerstats,https://fantasy.formula1.com/feeds/popup/playerstats_12.json,Official public feed; Formula 1 terms apply,official,True,True,False,official_recorded,historical_fantasy_scores_v3_recorded_2023_2026,normal,,5.0,6.8,Fernando Alonso
2026,11,Hungarian Grand Prix,2026-07-26,driver,alonso,12,Fernando Alonso,ALO,Aston Martin,10.0,,,,10.0,,5.6,Formula 1 Fantasy playerstats,https://fantasy.formula1.com/feeds/popup/playerstats_12.json,Official public feed; Formula 1 terms apply,official,True,True,False,official_recorded,historical_fantasy_scores_v3_recorded_2023_2026,normal,,10.0,6.8,Fernando Alonso
2026,12,Dutch Grand Prix,2026-08-23,driver,alonso,12,Fernando Alonso,ALO,Aston Martin,24.0,,,8.0,16.0,,6.2,Formula 1 Fantasy playerstats,https://fantasy.formula1.com/feeds/popup/playerstats_12.json,Official public feed; Formula 1 terms apply,official,True,True,False,official_recorded,historical_fantasy_scores_v3_recorded_2023_2026,sprint,8.0,16.0,6.8,Fernando Alonso
2026,1,Australian Grand Prix,2026-03-08,driver,antonelli,11161,Andrea Kimi Antonelli,ANT,Mercedes,32.0,9.0,,,23.0,0.0,23.2,Formula 1 Fantasy playerstats,https://fantasy.formula1.com/feeds/popup/playerstats_11161.json,Official public feed; Formula 1 terms apply,official,True,True,False,official_recorded,historical_fantasy_scores_v3_recorded_2023_2026,normal,,32.0,26.0,Kimi Antonelli
2026,2,Chinese Grand Prix,2026-03-15,driver,antonelli,11161,Andrea Kimi Antonelli,ANT,Mercedes,68.0,10.0,,11.0,47.0,0.0,23.5,Formula 1 Fantasy playerstats,https://fantasy.formula1.com/feeds/popup/playerstats_11161.json,Official public feed; Formula 1 terms apply,official,True,True,False,official_recorded,historical_fantasy_scores_v3_recorded_2023_2026,sprint,11.0,57.0,26.0,Kimi Antonelli
2026,3,Japanese Grand Prix,2026-03-29,driver,antonelli,11161,Andrea Kimi Antonelli,ANT,Mercedes,50.0,10.0,,,40.0,0.0,23.8,Formula 1 Fantasy playerstats,https://fantasy.formula1.com/feeds/popup/playerstats_11161.json,Official public feed; Formula 1 terms apply,official,True,True,False,official_recorded,historical_fantasy_scores_v3_recorded_2023_2026,normal,,50.0,26.0,Kimi Antonelli
2026,4,Miami Grand Prix,2026-05-03,driver,antonelli,11161,Andrea Kimi Antonelli,ANT,Mercedes,42.0,10.0,,1.0,31.0,0.0,24.1,Formula 1 Fantasy playerstats,https://fantasy.formula1.com/feeds/popup/playerstats_11161.json,Official public feed; Formula 1 terms apply,official,True,True,False,official_recorded,historical_fantasy_scores_v3_recorded_2023_2026,sprint,1.0,41.0,26.0,Kimi Antonelli
2026,5,Canadian Grand Prix,2026-05-24,driver,antonelli,11161,Andrea Kimi Antonelli,ANT,Mercedes,62.0,9.0,,12.0,41.0,0.0,24.4,Formula 1 Fantasy playerstats,https://fantasy.formula1.com/feeds/popup/playerstats_11161.json,Official public feed; Formula 1 terms apply,official,True,True,False,official_recorded,historical_fantasy_scores_v3_recorded_2023_2026,sprint,12.0,50.0,26.0,Kimi Antonelli
2026,6,Monaco Grand Prix,2026-06-07,driver,antonelli,11161,Andrea Kimi Antonelli,ANT,Mercedes,55.0,10.0,,,45.0,0.0,24.7,Formula 1 Fantasy playerstats,https://fantasy.formula1.com/feeds/popup/playerstats_11161.json,Official public feed; Formula 1 terms apply,official,True,True,False,official_recorded,historical_fantasy_scores_v3_recorded_2023_2026,normal,,55.0,26.0,Kimi Antonelli
2026,7,Barcelona Grand Prix,2026-06-14,driver,antonelli,11161,Andrea Kimi Antonelli,ANT,Mercedes,-4.0,8.0,,,-12.0,0.0,25.0,Formula 1 Fantasy playerstats,https://fantasy.formula1.com/feeds/popup/playerstats_11161.json,Official public feed; Formula 1 terms apply,official,True,True,False,official_recorded,historical_fantasy_scores_v3_recorded_2023_2026,normal,,-4.0,26.0,Kimi Antonelli
2026,8,Austrian Grand Prix,2026-06-28,driver,antonelli,11161,Andrea Kimi Antonelli,ANT,Mercedes,35.0,7.0,,,28.0,0.0,25.3,Formula 1 Fantasy playerstats,https://fantasy.formula1.com/feeds/popup/playerstats_11161.json,Official public feed; Formula 1 terms apply,official,True,True,False,official_recorded,historical_fantasy_scores_v3_recorded_2023_2026,normal,,35.0,26.0,Kimi Antonelli
2026,9,British Grand Prix,2026-07-05,driver,antonelli,11161,Andrea Kimi Antonelli,ANT,Mercedes,23.0,10.0,,16.0,-3.0,0.0,25.4,Formula 1 Fantasy playerstats,https://fantasy.formula1.com/feeds/popup/playerstats_11161.json,Official public feed; Formula 1 terms apply,official,True,True,False,official_recorded,historical_fantasy_scores_v3_recorded_2023_2026,sprint,16.0,7.0,26.0,Kimi Antonelli
2026,10,Belgian Grand Prix,2026-07-19,driver,antonelli,11161,Andrea Kimi Antonelli,ANT,Mercedes,38.0,10.0,,,28.0,0.0,25.3,Formula 1 Fantasy playerstats,https://fantasy.formula1.com/feeds/popup/playerstats_11161.json,Official public feed; Formula 1 terms apply,official,True,True,False,official_recorded,historical_fantasy_scores_v3_recorded_2023_2026,normal,,38.0,26.0,Kimi Antonelli
2026,11,Hungarian Grand Prix,2026-07-26,driver,antonelli,11161,Andrea Kimi Antonelli,ANT,Mercedes,28.0,7.0,,,21.0,0.0,25.6,Formula 1 Fantasy playerstats,https://fantasy.formula1.com/feeds/popup/playerstats_11161.json,Official public feed; Formula 1 terms apply,official,True,True,False,official_recorded,historical_fantasy_scores_v3_recorded_2023_2026,normal,,28.0,26.0,Kimi Antonelli
2026,12,Dutch Grand Prix,2026-08-23,driver,antonelli,11161,Kimi Antonelli,ANT,Mercedes,37.0,8.0,,7.0,22.0,0.0,25.7,Formula 1 Fantasy playerstats,https://fantasy.formula1.com/feeds/popup/playerstats_11161.json,Official public feed; Formula 1 terms apply,official,True,True,False,official_recorded,historical_fantasy_scores_v3_recorded_2023_2026,sprint,7.0,30.0,26.0,Kimi Antonelli
2026,1,Australian Grand Prix,2026-03-08,driver,arvid_lindblad,11149,Arvid Lindblad,LIN,Racing Bulls,15.0,2.0,,,13.0,0.0,6.2,Formula 1 Fantasy playerstats,https://fantasy.formula1.com/feeds/popup/playerstats_11149.json,Official public feed; Formula 1 terms apply,official,True,True,False,official_recorded,historical_fantasy_scores_v3_recorded_2023_2026,normal,,15.0,7.8,Arvid Lindblad
2026,2,Chinese Grand Prix,2026-03-15,driver,arvid_lindblad,11149,Arvid Lindblad,LIN,Racing Bulls,7.0,,,-4.0,11.0,,6.8,Formula 1 Fantasy playerstats,https://fantasy.formula1.com/feeds/popup/playerstats_11149.json,Official public feed; Formula 1 terms apply,official,True,True,False,official_recorded,historical_fantasy_scores_v3_recorded_2023_2026,sprint,-4.0,11.0,7.8,Arvid Lindblad
2026,3,Japanese Grand Prix,2026-03-29,driver,arvid_lindblad,11149,Arvid Lindblad,LIN,Racing Bulls,1.0,1.0,,,,,7.4,Formula 1 Fantasy playerstats,https://fantasy.formula1.com/feeds/popup/playerstats_11149.json,Official public feed; Formula 1 terms apply,official,True,True,False,official_recorded,historical_fantasy_scores_v3_recorded_2023_2026,normal,,1.0,7.8,Arvid Lindblad
2026,4,Miami Grand Prix,2026-05-03,driver,arvid_lindblad,11149,Arvid Lindblad,LIN,Racing Bulls,-4.0,,-10.0,,6.0,,7.6,Formula 1 Fantasy playerstats,https://fantasy.formula1.com/feeds/popup/playerstats_11149.json,Official public feed; Formula 1 terms apply,official,True,True,False,official_recorded,historical_fantasy_scores_v3_recorded_2023_2026,sprint,-10.0,6.0,7.8,Arvid Lindblad
2026,5,Canadian Grand Prix,2026-05-24,driver,arvid_lindblad,11149,Arvid Lindblad,LIN,Racing Bulls,-16.0,2.0,,2.0,-20.0,0.0,7.0,Formula 1 Fantasy playerstats,https://fantasy.formula1.com/feeds/popup/playerstats_11149.json,Official public feed; Formula 1 terms apply,official,True,True,False,official_recorded,historical_fantasy_scores_v3_recorded_2023_2026,sprint,2.0,-18.0,7.8,Arvid Lindblad
2026,6,Monaco Grand Prix,2026-06-07,driver,arvid_lindblad,11149,Arvid Lindblad,LIN,Racing Bulls,18.0,,,,18.0,,6.4,Formula 1 Fantasy playerstats,https://fantasy.formula1.com/feeds/popup/playerstats_11149.json,Official public feed; Formula 1 terms apply,official,True,True,False,official_recorded,historical_fantasy_scores_v3_recorded_2023_2026,normal,,18.0,7.8,Arvid Lindblad
2026,7,Barcelona Grand Prix,2026-06-14,driver,arvid_lindblad,11149,Arvid Lindblad,LIN,Racing Bulls,10.0,,,,10.0,,5.8,Formula 1 Fantasy playerstats,https://fantasy.formula1.com/feeds/popup/playerstats_11149.json,Official public feed; Formula 1 terms apply,official,True,True,False,official_recorded,historical_fantasy_scores_v3_recorded_2023_2026,normal,,10.0,7.8,Arvid Lindblad
2026,8,Austrian Grand Prix,2026-06-28,driver,arvid_lindblad,11149,Arvid Lindblad,LIN,Racing Bulls,6.0,1.0,,,5.0,0.0,5.6,Formula 1 Fantasy playerstats,https://fantasy.formula1.com/feeds/popup/playerstats_11149.json,Official public feed; Formula 1 terms apply,official,True,True,False,official_recorded,historical_fantasy_scores_v3_recorded_2023_2026,normal,,6.0,7.8,Arvid Lindblad
2026,9,British Grand Prix,2026-07-05,driver,arvid_lindblad,11149,Arvid Lindblad,LIN,Racing Bulls,18.0,2.0,,4.0,12.0,0.0,6.2,Formula 1 Fantasy playerstats,https://fantasy.formula1.com/feeds/popup/playerstats_11149.json,Official public feed; Formula 1 terms apply,official,True,True,False,official_recorded,historical_fantasy_scores_v3_recorded_2023_2026,sprint,4.0,14.0,7.8,Arvid Lindblad
2026,10,Belgian Grand Prix,2026-07-19,driver,arvid_lindblad,11149,Arvid Lindblad,LIN,Racing Bulls,5.0,3.0,,,2.0,0.0,6.8,Formula 1 Fantasy playerstats,https://fantasy.formula1.com/feeds/popup/playerstats_11149.json,Official public feed; Formula 1 terms apply,official,True,True,False,official_recorded,historical_fantasy_scores_v3_recorded_2023_2026,normal,,5.0,7.8,Arvid Lindblad
2026,11,Hungarian Grand Prix,2026-07-26,driver,arvid_lindblad,11149,Arvid Lindblad,LIN,Racing Bulls,4.0,2.0,,,2.0,0.0,7.4,Formula 1 Fantasy playerstats,https://fantasy.formula1.com/feeds/popup/playerstats_11149.json,Official public feed; Formula 1 terms apply,official,True,True,False,official_recorded,historical_fantasy_scores_v3_recorded_2023_2026,normal,,4.0,7.8,Arvid Lindblad
2026,12,Dutch Grand Prix,2026-08-23,driver,arvid_lindblad,11149,Arvid Lindblad,LIN,Racing Bulls,7.0,1.0,,,6.0,,8.0,Formula 1 Fantasy playerstats,https://fantasy.formula1.com/feeds/popup/playerstats_11149.json,Official public feed; Formula 1 terms apply,official,True,True,False,official_recorded,historical_fantasy_scores_v3_recorded_2023_2026,sprint,,,7.8,Arvid Lindblad
2026,1,Australian Grand Prix,2026-03-08,driver,bearman,11031,Oliver Bearman,BEA,Haas F1 Team,20.0,,,,20.0,,7.4,Formula 1 Fantasy playerstats,https://fantasy.formula1.com/feeds/popup/playerstats_11031.json,Official public feed; Formula 1 terms apply,official,True,True,False,official_recorded,historical_fantasy_scores_v3_recorded_2023_2026,normal,,20.0,7.0,Oliver Bearman
2026,2,Chinese Grand Prix,2026-03-15,driver,bearman,11031,Oliver Bearman,BEA,Haas F1 Team,34.0,1.0,,5.0,28.0,0.0,8.0,Formula 1 Fantasy playerstats,https://fantasy.formula1.com/feeds/popup/playerstats_11031.json,Official public feed; Formula 1 terms apply,official,True,True,False,official_recorded,historical_fantasy_scores_v3_recorded_2023_2026,sprint,5.0,29.0,7.0,Oliver Bearman
2026,3,Japanese Grand Prix,2026-03-29,driver,bearman,11031,Oliver Bearman,BEA,Haas F1 Team,-14.0,,,,-14.0,,8.6,Formula 1 Fantasy playerstats,https://fantasy.formula1.com/feeds/popup/playerstats_11031.json,Official public feed; Formula 1 terms apply,official,True,True,False,official_recorded,historical_fantasy_scores_v3_recorded_2023_2026,normal,,-14.0,7.0,Oliver Bearman
2026,4,Miami Grand Prix,2026-05-03,driver,bearman,11031,Oliver Bearman,BEA,Haas F1 Team,6.0,,,3.0,3.0,,9.2,Formula 1 Fantasy playerstats,https://fantasy.formula1.com/feeds/popup/playerstats_11031.json,Official public feed; Formula 1 terms apply,official,True,True,False,official_recorded,historical_fantasy_scores_v3_recorded_2023_2026,sprint,3.0,3.0,7.0,Oliver Bearman
2026,5,Canadian Grand Prix,2026-05-24,driver,bearman,11031,Oliver Bearman,BEA,Haas F1 Team,10.0,,,2.0,8.0,,9.4,Formula 1 Fantasy playerstats,https://fantasy.formula1.com/feeds/popup/playerstats_11031.json,Official public feed; Formula 1 terms apply,official,True,True,False,official_recorded,historical_fantasy_scores_v3_recorded_2023_2026,sprint,2.0,8.0,7.0,Oliver Bearman
2026,6,Monaco Grand Prix,2026-06-07,driver,bearman,11031,Oliver Bearman,BEA,Haas F1 Team,-19.0,,,,-19.0,,8.8,Formula 1 Fantasy playerstats,https://fantasy.formula1.com/feeds/popup/playerstats_11031.json,Official public feed; Formula 1 terms apply,official,True,True,False,official_recorded,historical_fantasy_scores_v3_recorded_2023_2026,normal,,-19.0,7.0,Oliver Bearman
2026,7,Barcelona Grand Prix,2026-06-14,driver,bearman,11031,Oliver Bearman,BEA,Haas F1 Team,7.0,,,,7.0,,8.2,Formula 1 Fantasy playerstats,https://fantasy.formula1.com/feeds/popup/playerstats_11031.json,Official public feed; Formula 1 terms apply,official,True,True,False,official_recorded,historical_fantasy_scores_v3_recorded_2023_2026,normal,,7.0,7.0,Oliver Bearman
2026,8,Austrian Grand Prix,2026-06-28,driver,bearman,11031,Oliver Bearman,BEA,Haas F1 Team,1.0,,,,1.0,,7.6,Formula 1 Fantasy playerstats,https://fantasy.formula1.com/feeds/popup/playerstats_11031.json,Official public feed; Formula 1 terms apply,official,True,True,False,official_recorded,historical_fantasy_scores_v3_recorded_2023_2026,normal,,1.0,7.0,Oliver Bearman
2026,9,British Grand Prix,2026-07-05,driver,bearman,11031,Oliver Bearman,BEA,Haas F1 Team,13.0,,,6.0,7.0,,7.0,Formula 1 Fantasy playerstats,https://fantasy.formula1.com/feeds/popup/playerstats_11031.json,Official public feed; Formula 1 terms apply,official,True,True,False,official_recorded,historical_fantasy_scores_v3_recorded_2023_2026,sprint,6.0,7.0,7.0,Oliver Bearman
2026,10,Belgian Grand Prix,2026-07-19,driver,bearman,11031,Oliver Bearman,BEA,Haas F1 Team,8.0,,,,8.0,,7.2,Formula 1 Fantasy playerstats,https://fantasy.formula1.com/feeds/popup/playerstats_11031.json,Official public feed; Formula 1 terms apply,official,True,True,False,official_recorded,historical_fantasy_scores_v3_recorded_2023_2026,normal,,8.0,7.0,Oliver Bearman
2026,11,Hungarian Grand Prix,2026-07-26,driver,bearman,11031,Oliver Bearman,BEA,Haas F1 Team,3.0,,,,3.0,,7.4,Formula 1 Fantasy playerstats,https://fantasy.formula1.com/feeds/popup/playerstats_11031.json,Official public feed; Formula 1 terms apply,official,True,True,False,official_recorded,historical_fantasy_scores_v3_recorded_2023_2026,normal,,3.0,7.0,Oliver Bearman
2026,12,Dutch Grand Prix,2026-08-23,driver,bearman,11031,Oliver Bearman,BEA,Haas F1 Team,-13.0,,,4.0,-17.0,,7.6,Formula 1 Fantasy playerstats,https://fantasy.formula1.com/feeds/popup/playerstats_11031.json,Official public feed; Formula 1 terms apply,official,True,True,False,official_recorded,historical_fantasy_scores_v3_recorded_2023_2026,sprint,4.0,-17.0,7.0,Oliver Bearman
2026,1,Australian Grand Prix,2026-03-08,driver,bortoleto,11051,Gabriel Bortoleto,BOR,Audi,13.0,1.0,,,12.0,0.0,6.4,Formula 1 Fantasy playerstats,https://fantasy.formula1.com/feeds/popup/playerstats_11051.json,Official public feed; Formula 1 terms apply,official,True,True,False,official_recorded,historical_fantasy_scores_v3_recorded_2023_2026,normal,,13.0,8.0,Gabriel Bortoleto
2026,2,Chinese Grand Prix,2026-03-15,driver,bortoleto,11051,Gabriel Bortoleto,BOR,Audi,-14.0,,,6.0,-20.0,,7.0,Formula 1 Fantasy playerstats,https://fantasy.formula1.com/feeds/popup/playerstats_11051.json,Official public feed; Formula 1 terms apply,official,True,True,False,official_recorded,historical_fantasy_scores_v3_recorded_2023_2026,sprint,6.0,-20.0,8.0,Gabriel Bortoleto
2026,3,Japanese Grand Prix,2026-03-29,driver,bortoleto,11051,Gabriel Bortoleto,BOR,Audi,3.0,2.0,,,1.0,0.0,6.4,Formula 1 Fantasy playerstats,https://fantasy.formula1.com/feeds/popup/playerstats_11051.json,Official public feed; Formula 1 terms apply,official,True,True,False,official_recorded,historical_fantasy_scores_v3_recorded_2023_2026,normal,,3.0,8.0,Gabriel Bortoleto
2026,4,Miami Grand Prix,2026-05-03,driver,bortoleto,11051,Gabriel Bortoleto,BOR,Audi,7.0,,-10.0,,17.0,,5.8,Formula 1 Fantasy playerstats,https://fantasy.formula1.com/feeds/popup/playerstats_11051.json,Official public feed; Formula 1 terms apply,official,True,True,False,official_recorded,historical_fantasy_scores_v3_recorded_2023_2026,sprint,-10.0,17.0,8.0,Gabriel Bortoleto
2026,5,Canadian Grand Prix,2026-05-24,driver,bortoleto,11051,Gabriel Bortoleto,BOR,Audi,5.0,,,2.0,3.0,,5.2,Formula 1 Fantasy playerstats,https://fantasy.formula1.com/feeds/popup/playerstats_11051.json,Official public feed; Formula 1 terms apply,official,True,True,False,official_recorded,historical_fantasy_scores_v3_recorded_2023_2026,sprint,2.0,3.0,8.0,Gabriel Bortoleto
2026,6,Monaco Grand Prix,2026-06-07,driver,bortoleto,11051,Gabriel Bortoleto,BOR,Audi,5.0,,,,5.0,,5.4,Formula 1 Fantasy playerstats,https://fantasy.formula1.com/feeds/popup/playerstats_11051.json,Official public feed; Formula 1 terms apply,official,True,True,False,official_recorded,historical_fantasy_scores_v3_recorded_2023_2026,normal,,5.0,8.0,Gabriel Bortoleto
2026,7,Barcelona Grand Prix,2026-06-14,driver,bortoleto,11051,Gabriel Bortoleto,BOR,Audi,7.0,,,,7.0,,5.6,Formula 1 Fantasy playerstats,https://fantasy.formula1.com/feeds/popup/playerstats_11051.json,Official public feed; Formula 1 terms apply,official,True,True,False,official_recorded,historical_fantasy_scores_v3_recorded_2023_2026,normal,,7.0,8.0,Gabriel Bortoleto
2026,8,Austrian Grand Prix,2026-06-28,driver,bortoleto,11051,Gabriel Bortoleto,BOR,Audi,5.0,,,,5.0,,5.8,Formula 1 Fantasy playerstats,https://fantasy.formula1.com/feeds/popup/playerstats_11051.json,Official public feed; Formula 1 terms apply,official,True,True,False,official_recorded,historical_fantasy_scores_v3_recorded_2023_2026,normal,,5.0,8.0,Gabriel Bortoleto
2026,9,British Grand Prix,2026-07-05,driver,bortoleto,11051,Gabriel Bortoleto,BOR,Audi,16.0,,,3.0,13.0,,6.0,Formula 1 Fantasy playerstats,https://fantasy.formula1.com/feeds/popup/playerstats_11051.json,Official public feed; Formula 1 terms apply,official,True,True,False,official_recorded,historical_fantasy_scores_v3_recorded_2023_2026,sprint,3.0,13.0,8.0,Gabriel Bortoleto
2026,10,Belgian Grand Prix,2026-07-19,driver,bortoleto,11051,Gabriel Bortoleto,BOR,Audi,8.0,2.0,,,6.0,0.0,6.6,Formula 1 Fantasy playerstats,https://fantasy.formula1.com/feeds/popup/playerstats_11051.json,Official public feed; Formula 1 terms apply,official,True,True,False,official_recorded,historical_fantasy_scores_v3_recorded_2023_2026,normal,,8.0,8.0,Gabriel Bortoleto
2026,11,Hungarian Grand Prix,2026-07-26,driver,bortoleto,11051,Gabriel Bortoleto,BOR,Audi,10.0,,,,10.0,,7.2,Formula 1 Fantasy playerstats,https://fantasy.formula1.com/feeds/popup/playerstats_11051.json,Official public feed; Formula 1 terms apply,official,True,True,False,official_recorded,historical_fantasy_scores_v3_recorded_2023_2026,normal,,10.0,8.0,Gabriel Bortoleto
2026,12,Dutch Grand Prix,2026-08-23,driver,bortoleto,11051,Gabriel Bortoleto,BOR,Audi,5.0,2.0,,,3.0,,7.8,Formula 1 Fantasy playerstats,https://fantasy.formula1.com/feeds/popup/playerstats_11051.json,Official public feed; Formula 1 terms apply,official,True,True,False,official_recorded,historical_fantasy_scores_v3_recorded_2023_2026,sprint,,,8.0,Gabriel Bortoleto
2026,1,Australian Grand Prix,2026-03-08,driver,bottas,13,Valtteri Bottas,BOT,Cadillac,-16.0,,,,-16.0,,5.9,Formula 1 Fantasy playerstats,https://fantasy.formula1.com/feeds/popup/playerstats_13.json,Official public feed; Formula 1 terms apply,official,True,True,False,official_recorded,historical_fantasy_scores_v3_recorded_2023_2026,normal,,-16.0,3.0,Valtteri Bottas
2026,2,Chinese Grand Prix,2026-03-15,driver,bottas,13,Valtteri Bottas,BOT,Cadillac,3.0,,,-8.0,11.0,,5.3,Formula 1 Fantasy playerstats,https://fantasy.formula1.com/feeds/popup/playerstats_13.json,Official public feed; Formula 1 terms apply,official,True,True,False,official_recorded,historical_fantasy_scores_v3_recorded_2023_2026,sprint,-8.0,11.0,3.0,Valtteri Bottas
2026,3,Japanese Grand Prix,2026-03-29,driver,bottas,13,Valtteri Bottas,BOT,Cadillac,2.0,,,,2.0,,4.7,Formula 1 Fantasy playerstats,https://fantasy.formula1.com/feeds/popup/playerstats_13.json,Official public feed; Formula 1 terms apply,official,True,True,False,official_recorded,historical_fantasy_scores_v3_recorded_2023_2026,normal,,2.0,3.0,Valtteri Bottas
2026,4,Miami Grand Prix,2026-05-03,driver,bottas,13,Valtteri Bottas,BOT,Cadillac,4.0,,,1.0,3.0,,4.1,Formula 1 Fantasy playerstats,https://fantasy.formula1.com/feeds/popup/playerstats_13.json,Official public feed; Formula 1 terms apply,official,True,True,False,official_recorded,historical_fantasy_scores_v3_recorded_2023_2026,sprint,1.0,3.0,3.0,Valtteri Bottas
2026,5,Canadian Grand Prix,2026-05-24,driver,bottas,13,Valtteri Bottas,BOT,Cadillac,12.0,,,6.0,6.0,,3.9,Formula 1 Fantasy playerstats,https://fantasy.formula1.com/feeds/popup/playerstats_13.json,Official public feed; Formula 1 terms apply,official,True,True,False,official_recorded,historical_fantasy_scores_v3_recorded_2023_2026,sprint,6.0,6.0,3.0,Valtteri Bottas
2026,6,Monaco Grand Prix,2026-06-07,driver,bottas,13,Valtteri Bottas,BOT,Cadillac,-20.0,,,,-20.0,,4.5,Formula 1 Fantasy playerstats,https://fantasy.formula1.com/feeds/popup/playerstats_13.json,Official public feed; Formula 1 terms apply,official,True,True,False,official_recorded,historical_fantasy_scores_v3_recorded_2023_2026,normal,,-20.0,3.0,Valtteri Bottas
2026,7,Barcelona Grand Prix,2026-06-14,driver,bottas,13,Valtteri Bottas,BOT,Cadillac,-18.0,,,,-18.0,,3.9,Formula 1 Fantasy playerstats,https://fantasy.formula1.com/feeds/popup/playerstats_13.json,Official public feed; Formula 1 terms apply,official,True,True,False,official_recorded,historical_fantasy_scores_v3_recorded_2023_2026,normal,,-18.0,3.0,Valtteri Bottas
2026,8,Austrian Grand Prix,2026-06-28,driver,bottas,13,Valtteri Bottas,BOT,Cadillac,-17.0,,,,-17.0,,3.3,Formula 1 Fantasy playerstats,https://fantasy.formula1.com/feeds/popup/playerstats_13.json,Official public feed; Formula 1 terms apply,official,True,True,False,official_recorded,historical_fantasy_scores_v3_recorded_2023_2026,normal,,-17.0,3.0,Valtteri Bottas
2026,9,British Grand Prix,2026-07-05,driver,bottas,13,Valtteri Bottas,BOT,Cadillac,5.0,,,2.0,3.0,,3.0,Formula 1 Fantasy playerstats,https://fantasy.formula1.com/feeds/popup/playerstats_13.json,Official public feed; Formula 1 terms apply,official,True,True,False,official_recorded,historical_fantasy_scores_v3_recorded_2023_2026,sprint,2.0,3.0,3.0,Valtteri Bottas
2026,10,Belgian Grand Prix,2026-07-19,driver,bottas,13,Valtteri Bottas,BOT,Cadillac,1.0,,,,1.0,,3.0,Formula 1 Fantasy playerstats,https://fantasy.formula1.com/feeds/popup/playerstats_13.json,Official public feed; Formula 1 terms apply,official,True,True,False,official_recorded,historical_fantasy_scores_v3_recorded_2023_2026,normal,,1.0,3.0,Valtteri Bottas
2026,11,Hungarian Grand Prix,2026-07-26,driver,bottas,13,Valtteri Bottas,BOT,Cadillac,-16.0,,,,-16.0,,3.0,Formula 1 Fantasy playerstats,https://fantasy.formula1.com/feeds/popup/playerstats_13.json,Official public feed; Formula 1 terms apply,official,True,True,False,official_recorded,historical_fantasy_scores_v3_recorded_2023_2026,normal,,-16.0,3.0,Valtteri Bottas
2026,12,Dutch Grand Prix,2026-08-23,driver,bottas,13,Valtteri Bottas,BOT,Cadillac,-18.0,,,1.0,-19.0,,3.0,Formula 1 Fantasy playerstats,https://fantasy.formula1.com/feeds/popup/playerstats_13.json,Official public feed; Formula 1 terms apply,official,True,True,False,official_recorded,historical_fantasy_scores_v3_recorded_2023_2026,sprint,1.0,-19.0,3.0,Valtteri Bottas
2026,1,Australian Grand Prix,2026-03-08,driver,colapinto,11059,Franco Colapinto,COL,Alpine,6.0,,,,6.0,,6.2,Formula 1 Fantasy playerstats,https://fantasy.formula1.com/feeds/popup/playerstats_11059.json,Official public feed; Formula 1 terms apply,official,True,True,False,official_recorded,historical_fantasy_scores_v3_recorded_2023_2026,normal,,6.0,10.6,Franco Colapinto
2026,2,Chinese Grand Prix,2026-03-15,driver,colapinto,11059,Franco Colapinto,COL,Alpine,18.0,,,9.0,9.0,,6.4,Formula 1 Fantasy playerstats,https://fantasy.formula1.com/feeds/popup/playerstats_11059.json,Official public feed; Formula 1 terms apply,official,True,True,False,official_recorded,historical_fantasy_scores_v3_recorded_2023_2026,sprint,9.0,9.0,10.6,Franco Colapinto
2026,3,Japanese Grand Prix,2026-03-29,driver,colapinto,11059,Franco Colapinto,COL,Alpine,4.0,,,,4.0,,7.0,Formula 1 Fantasy playerstats,https://fantasy.formula1.com/feeds/popup/playerstats_11059.json,Official public feed; Formula 1 terms apply,official,True,True,False,official_recorded,historical_fantasy_scores_v3_recorded_2023_2026,normal,,4.0,10.6,Franco Colapinto
2026,4,Miami Grand Prix,2026-05-03,driver,colapinto,11059,Franco Colapinto,COL,Alpine,13.0,3.0,,-2.0,12.0,0.0,7.6,Formula 1 Fantasy playerstats,https://fantasy.formula1.com/feeds/popup/playerstats_11059.json,Official public feed; Formula 1 terms apply,official,True,True,False,official_recorded,historical_fantasy_scores_v3_recorded_2023_2026,sprint,-2.0,15.0,10.6,Franco Colapinto
2026,5,Canadian Grand Prix,2026-05-24,driver,colapinto,11059,Franco Colapinto,COL,Alpine,25.0,1.0,,8.0,16.0,0.0,8.2,Formula 1 Fantasy playerstats,https://fantasy.formula1.com/feeds/popup/playerstats_11059.json,Official public feed; Formula 1 terms apply,official,True,True,False,official_recorded,historical_fantasy_scores_v3_recorded_2023_2026,sprint,8.0,17.0,10.6,Franco Colapinto
2026,7,Barcelona Grand Prix,2026-06-14,driver,colapinto,11059,Franco Colapinto,COL,Alpine,9.0,,,,9.0,,9.4,Formula 1 Fantasy playerstats,https://fantasy.formula1.com/feeds/popup/playerstats_11059.json,Official public feed; Formula 1 terms apply,official,True,True,False,official_recorded,historical_fantasy_scores_v3_recorded_2023_2026,normal,,9.0,10.6,Franco Colapinto
2026,8,Austrian Grand Prix,2026-06-28,driver,colapinto,11059,Franco Colapinto,COL,Alpine,10.0,,,,10.0,,10.0,Formula 1 Fantasy playerstats,https://fantasy.formula1.com/feeds/popup/playerstats_11059.json,Official public feed; Formula 1 terms apply,official,True,True,False,official_recorded,historical_fantasy_scores_v3_recorded_2023_2026,normal,,10.0,10.6,Franco Colapinto
2026,9,British Grand Prix,2026-07-05,driver,colapinto,11059,Franco Colapinto,COL,Alpine,27.0,,,7.0,20.0,,9.8,Formula 1 Fantasy playerstats,https://fantasy.formula1.com/feeds/popup/playerstats_11059.json,Official public feed; Formula 1 terms apply,official,True,True,False,official_recorded,historical_fantasy_scores_v3_recorded_2023_2026,sprint,7.0,20.0,10.6,Franco Colapinto
2026,10,Belgian Grand Prix,2026-07-19,driver,colapinto,11059,Franco Colapinto,COL,Alpine,8.0,,,,8.0,,10.4,Formula 1 Fantasy playerstats,https://fantasy.formula1.com/feeds/popup/playerstats_11059.json,Official public feed; Formula 1 terms apply,official,True,True,False,official_recorded,historical_fantasy_scores_v3_recorded_2023_2026,normal,,8.0,10.6,Franco Colapinto
2026,11,Hungarian Grand Prix,2026-07-26,driver,colapinto,11059,Franco Colapinto,COL,Alpine,3.0,,,,3.0,,11.0,Formula 1 Fantasy playerstats,https://fantasy.formula1.com/feeds/popup/playerstats_11059.json,Official public feed; Formula 1 terms apply,official,True,True,False,official_recorded,historical_fantasy_scores_v3_recorded_2023_2026,normal,,3.0,10.6,Franco Colapinto
2026,12,Dutch Grand Prix,2026-08-23,driver,colapinto,11059,Franco Colapinto,COL,Alpine,6.0,,,2.0,4.0,,11.2,Formula 1 Fantasy playerstats,https://fantasy.formula1.com/feeds/popup/playerstats_11059.json,Official public feed; Formula 1 terms apply,official,True,True,False,official_recorded,historical_fantasy_scores_v3_recorded_2023_2026,sprint,2.0,4.0,10.6,Franco Colapinto
2026,1,Australian Grand Prix,2026-03-08,driver,gasly,18,Pierre Gasly,GAS,Alpine,11.0,,,,11.0,,12.0,Formula 1 Fantasy playerstats,https://fantasy.formula1.com/feeds/popup/playerstats_18.json,Official public feed; Formula 1 terms apply,official,True,True,False,official_recorded,historical_fantasy_scores_v3_recorded_2023_2026,normal,,11.0,12.4,Pierre Gasly
2026,2,Chinese Grand Prix,2026-03-15,driver,gasly,18,Pierre Gasly,GAS,Alpine,20.0,4.0,,,16.0,,12.2,Formula 1 Fantasy playerstats,https://fantasy.formula1.com/feeds/popup/playerstats_18.json,Official public feed; Formula 1 terms apply,official,True,True,False,official_recorded,historical_fantasy_scores_v3_recorded_2023_2026,sprint,,,12.4,Pierre Gasly
2026,3,Japanese Grand Prix,2026-03-29,driver,gasly,18,Pierre Gasly,GAS,Alpine,14.0,4.0,,,10.0,0.0,12.8,Formula 1 Fantasy playerstats,https://fantasy.formula1.com/feeds/popup/playerstats_18.json,Official public feed; Formula 1 terms apply,official,True,True,False,official_recorded,historical_fantasy_scores_v3_recorded_2023_2026,normal,,14.0,12.4,Pierre Gasly
2026,4,Miami Grand Prix,2026-05-03,driver,gasly,18,Pierre Gasly,GAS,Alpine,-8.0,2.0,,5.0,-15.0,0.0,13.0,Formula 1 Fantasy playerstats,https://fantasy.formula1.com/feeds/popup/playerstats_18.json,Official public feed; Formula 1 terms apply,official,True,True,False,official_recorded,historical_fantasy_scores_v3_recorded_2023_2026,sprint,5.0,-13.0,12.4,Pierre Gasly
2026,5,Canadian Grand Prix,2026-05-24,driver,gasly,18,Pierre Gasly,GAS,Alpine,16.0,,,3.0,13.0,,12.8,Formula 1 Fantasy playerstats,https://fantasy.formula1.com/feeds/popup/playerstats_18.json,Official public feed; Formula 1 terms apply,official,True,True,False,official_recorded,historical_fantasy_scores_v3_recorded_2023_2026,sprint,3.0,13.0,12.4,Pierre Gasly
2026,6,Monaco Grand Prix,2026-06-07,driver,gasly,18,Pierre Gasly,GAS,Alpine,25.0,2.0,,,23.0,0.0,12.2,Formula 1 Fantasy playerstats,https://fantasy.formula1.com/feeds/popup/playerstats_18.json,Official public feed; Formula 1 terms apply,official,True,True,False,official_recorded,historical_fantasy_scores_v3_recorded_2023_2026,normal,,25.0,12.4,Pierre Gasly
2026,7,Barcelona Grand Prix,2026-06-14,driver,gasly,18,Pierre Gasly,GAS,Alpine,17.0,,,,17.0,,11.6,Formula 1 Fantasy playerstats,https://fantasy.formula1.com/feeds/popup/playerstats_18.json,Official public feed; Formula 1 terms apply,official,True,True,False,official_recorded,historical_fantasy_scores_v3_recorded_2023_2026,normal,,17.0,12.4,Pierre Gasly
2026,8,Austrian Grand Prix,2026-06-28,driver,gasly,18,Pierre Gasly,GAS,Alpine,3.0,,,,3.0,,12.2,Formula 1 Fantasy playerstats,https://fantasy.formula1.com/feeds/popup/playerstats_18.json,Official public feed; Formula 1 terms apply,official,True,True,False,official_recorded,historical_fantasy_scores_v3_recorded_2023_2026,normal,,3.0,12.4,Pierre Gasly
2026,9,British Grand Prix,2026-07-05,driver,gasly,18,Pierre Gasly,GAS,Alpine,23.0,,,5.0,18.0,,12.8,Formula 1 Fantasy playerstats,https://fantasy.formula1.com/feeds/popup/playerstats_18.json,Official public feed; Formula 1 terms apply,official,True,True,False,official_recorded,historical_fantasy_scores_v3_recorded_2023_2026,sprint,5.0,18.0,12.4,Pierre Gasly
2026,10,Belgian Grand Prix,2026-07-19,driver,gasly,18,Pierre Gasly,GAS,Alpine,8.0,,,,8.0,,13.0,Formula 1 Fantasy playerstats,https://fantasy.formula1.com/feeds/popup/playerstats_18.json,Official public feed; Formula 1 terms apply,official,True,True,False,official_recorded,historical_fantasy_scores_v3_recorded_2023_2026,normal,,8.0,12.4,Pierre Gasly
2026,11,Hungarian Grand Prix,2026-07-26,driver,gasly,18,Pierre Gasly,GAS,Alpine,6.0,,,,6.0,,12.8,Formula 1 Fantasy playerstats,https://fantasy.formula1.com/feeds/popup/playerstats_18.json,Official public feed; Formula 1 terms apply,official,True,True,False,official_recorded,historical_fantasy_scores_v3_recorded_2023_2026,normal,,6.0,12.4,Pierre Gasly
2026,12,Dutch Grand Prix,2026-08-23,driver,gasly,18,Pierre Gasly,GAS,Alpine,8.0,,,1.0,7.0,,13.0,Formula 1 Fantasy playerstats,https://fantasy.formula1.com/feeds/popup/playerstats_18.json,Official public feed; Formula 1 terms apply,official,True,True,False,official_recorded,historical_fantasy_scores_v3_recorded_2023_2026,sprint,1.0,7.0,12.4,Pierre Gasly
2026,1,Australian Grand Prix,2026-03-08,driver,hadjar,11032,Isack Hadjar,HAD,Red Bull Racing,-8.0,8.0,,,-16.0,0.0,15.1,Formula 1 Fantasy playerstats,https://fantasy.formula1.com/feeds/popup/playerstats_11032.json,Official public feed; Formula 1 terms apply,official,True,True,False,official_recorded,historical_fantasy_scores_v3_recorded_2023_2026,normal,,-8.0,13.9,Isack Hadjar
2026,2,Chinese Grand Prix,2026-03-15,driver,hadjar,11032,Isack Hadjar,HAD,Red Bull Racing,19.0,2.0,,3.0,14.0,0.0,14.5,Formula 1 Fantasy playerstats,https://fantasy.formula1.com/feeds/popup/playerstats_11032.json,Official public feed; Formula 1 terms apply,official,True,True,False,official_recorded,historical_fantasy_scores_v3_recorded_2023_2026,sprint,3.0,16.0,13.9,Isack Hadjar
2026,3,Japanese Grand Prix,2026-03-29,driver,hadjar,11032,Isack Hadjar,HAD,Red Bull Racing,5.0,3.0,,,2.0,0.0,13.9,Formula 1 Fantasy playerstats,https://fantasy.formula1.com/feeds/popup/playerstats_11032.json,Official public feed; Formula 1 terms apply,official,True,True,False,official_recorded,historical_fantasy_scores_v3_recorded_2023_2026,normal,,5.0,13.9,Isack Hadjar
2026,4,Miami Grand Prix,2026-05-03,driver,hadjar,11032,Isack Hadjar,HAD,Red Bull Racing,-16.0,-5.0,,3.0,-14.0,0.0,13.3,Formula 1 Fantasy playerstats,https://fantasy.formula1.com/feeds/popup/playerstats_11032.json,Official public feed; Formula 1 terms apply,official,True,True,False,official_recorded,historical_fantasy_scores_v3_recorded_2023_2026,sprint,3.0,-19.0,13.9,Isack Hadjar
2026,5,Canadian Grand Prix,2026-05-24,driver,hadjar,11032,Isack Hadjar,HAD,Red Bull Racing,6.0,4.0,,-10.0,12.0,0.0,12.7,Formula 1 Fantasy playerstats,https://fantasy.formula1.com/feeds/popup/playerstats_11032.json,Official public feed; Formula 1 terms apply,official,True,True,False,official_recorded,historical_fantasy_scores_v3_recorded_2023_2026,sprint,-10.0,16.0,13.9,Isack Hadjar
2026,6,Monaco Grand Prix,2026-06-07,driver,hadjar,11032,Isack Hadjar,HAD,Red Bull Racing,19.0,6.0,,,13.0,0.0,12.1,Formula 1 Fantasy playerstats,https://fantasy.formula1.com/feeds/popup/playerstats_11032.json,Official public feed; Formula 1 terms apply,official,True,True,False,official_recorded,historical_fantasy_scores_v3_recorded_2023_2026,normal,,19.0,13.9,Isack Hadjar
2026,7,Barcelona Grand Prix,2026-06-14,driver,hadjar,11032,Isack Hadjar,HAD,Red Bull Racing,22.0,5.0,,,17.0,0.0,11.5,Formula 1 Fantasy playerstats,https://fantasy.formula1.com/feeds/popup/playerstats_11032.json,Official public feed; Formula 1 terms apply,official,True,True,False,official_recorded,historical_fantasy_scores_v3_recorded_2023_2026,normal,,22.0,13.9,Isack Hadjar
2026,8,Austrian Grand Prix,2026-06-28,driver,hadjar,11032,Isack Hadjar,HAD,Red Bull Racing,15.0,3.0,,,12.0,0.0,12.1,Formula 1 Fantasy playerstats,https://fantasy.formula1.com/feeds/popup/playerstats_11032.json,Official public feed; Formula 1 terms apply,official,True,True,False,official_recorded,historical_fantasy_scores_v3_recorded_2023_2026,normal,,15.0,13.9,Isack Hadjar
2026,9,British Grand Prix,2026-07-05,driver,hadjar,11032,Isack Hadjar,HAD,Red Bull Racing,23.0,6.0,,3.0,14.0,0.0,12.7,Formula 1 Fantasy playerstats,https://fantasy.formula1.com/feeds/popup/playerstats_11032.json,Official public feed; Formula 1 terms apply,official,True,True,False,official_recorded,historical_fantasy_scores_v3_recorded_2023_2026,sprint,3.0,20.0,13.9,Isack Hadjar
2026,10,Belgian Grand Prix,2026-07-19,driver,hadjar,11032,Isack Hadjar,HAD,Red Bull Racing,38.0,1.0,,,37.0,0.0,13.3,Formula 1 Fantasy playerstats,https://fantasy.formula1.com/feeds/popup/playerstats_11032.json,Official public feed; Formula 1 terms apply,official,True,True,False,official_recorded,historical_fantasy_scores_v3_recorded_2023_2026,normal,,38.0,13.9,Isack Hadjar
2026,11,Hungarian Grand Prix,2026-07-26,driver,hadjar,11032,Isack Hadjar,HAD,Red Bull Racing,15.0,3.0,,,12.0,0.0,13.9,Formula 1 Fantasy playerstats,https://fantasy.formula1.com/feeds/popup/playerstats_11032.json,Official public feed; Formula 1 terms apply,official,True,True,False,official_recorded,historical_fantasy_scores_v3_recorded_2023_2026,normal,,15.0,13.9,Isack Hadjar
2026,1,Australian Grand Prix,2026-03-08,driver,hamilton,110,Lewis Hamilton,HAM,Ferrari,25.0,4.0,,,21.0,0.0,22.5,Formula 1 Fantasy playerstats,https://fantasy.formula1.com/feeds/popup/playerstats_110.json,Official public feed; Formula 1 terms apply,official,True,True,False,official_recorded,historical_fantasy_scores_v3_recorded_2023_2026,normal,,25.0,25.1,Lewis Hamilton
2026,2,Chinese Grand Prix,2026-03-15,driver,hamilton,110,Lewis Hamilton,HAM,Ferrari,48.0,8.0,,15.0,25.0,0.0,22.6,Formula 1 Fantasy playerstats,https://fantasy.formula1.com/feeds/popup/playerstats_110.json,Official public feed; Formula 1 terms apply,official,True,True,False,official_recorded,historical_fantasy_scores_v3_recorded_2023_2026,sprint,15.0,33.0,25.1,Lewis Hamilton
2026,3,Japanese Grand Prix,2026-03-29,driver,hamilton,110,Lewis Hamilton,HAM,Ferrari,19.0,5.0,,,14.0,0.0,22.9,Formula 1 Fantasy playerstats,https://fantasy.formula1.com/feeds/popup/playerstats_110.json,Official public feed; Formula 1 terms apply,official,True,True,False,official_recorded,historical_fantasy_scores_v3_recorded_2023_2026,normal,,19.0,25.1,Lewis Hamilton
2026,4,Miami Grand Prix,2026-05-03,driver,hamilton,110,Lewis Hamilton,HAM,Ferrari,20.0,5.0,,4.0,11.0,0.0,23.2,Formula 1 Fantasy playerstats,https://fantasy.formula1.com/feeds/popup/playerstats_110.json,Official public feed; Formula 1 terms apply,official,True,True,False,official_recorded,historical_fantasy_scores_v3_recorded_2023_2026,sprint,4.0,16.0,25.1,Lewis Hamilton
2026,5,Canadian Grand Prix,2026-05-24,driver,hamilton,110,Lewis Hamilton,HAM,Ferrari,42.0,6.0,,3.0,33.0,0.0,23.5,Formula 1 Fantasy playerstats,https://fantasy.formula1.com/feeds/popup/playerstats_110.json,Official public feed; Formula 1 terms apply,official,True,True,False,official_recorded,historical_fantasy_scores_v3_recorded_2023_2026,sprint,3.0,39.0,25.1,Lewis Hamilton
2026,6,Monaco Grand Prix,2026-06-07,driver,hamilton,110,Lewis Hamilton,HAM,Ferrari,27.0,8.0,,,19.0,0.0,23.6,Formula 1 Fantasy playerstats,https://fantasy.formula1.com/feeds/popup/playerstats_110.json,Official public feed; Formula 1 terms apply,official,True,True,False,official_recorded,historical_fantasy_scores_v3_recorded_2023_2026,normal,,27.0,25.1,Lewis Hamilton
2026,7,Barcelona Grand Prix,2026-06-14,driver,hamilton,110,Lewis Hamilton,HAM,Ferrari,56.0,9.0,,,47.0,0.0,23.9,Formula 1 Fantasy playerstats,https://fantasy.formula1.com/feeds/popup/playerstats_110.json,Official public feed; Formula 1 terms apply,official,True,True,False,official_recorded,historical_fantasy_scores_v3_recorded_2023_2026,normal,,56.0,25.1,Lewis Hamilton
2026,8,Austrian Grand Prix,2026-06-28,driver,hamilton,110,Lewis Hamilton,HAM,Ferrari,27.0,8.0,,,19.0,0.0,24.2,Formula 1 Fantasy playerstats,https://fantasy.formula1.com/feeds/popup/playerstats_110.json,Official public feed; Formula 1 terms apply,official,True,True,False,official_recorded,historical_fantasy_scores_v3_recorded_2023_2026,normal,,27.0,25.1,Lewis Hamilton
2026,9,British Grand Prix,2026-07-05,driver,hamilton,110,Lewis Hamilton,HAM,Ferrari,33.0,8.0,,6.0,19.0,0.0,24.5,Formula 1 Fantasy playerstats,https://fantasy.formula1.com/feeds/popup/playerstats_110.json,Official public feed; Formula 1 terms apply,official,True,True,False,official_recorded,historical_fantasy_scores_v3_recorded_2023_2026,sprint,6.0,27.0,25.1,Lewis Hamilton
2026,10,Belgian Grand Prix,2026-07-19,driver,hamilton,110,Lewis Hamilton,HAM,Ferrari,22.0,5.0,,,17.0,0.0,24.8,Formula 1 Fantasy playerstats,https://fantasy.formula1.com/feeds/popup/playerstats_110.json,Official public feed; Formula 1 terms apply,official,True,True,False,official_recorded,historical_fantasy_scores_v3_recorded_2023_2026,normal,,22.0,25.1,Lewis Hamilton
2026,11,Hungarian Grand Prix,2026-07-26,driver,hamilton,110,Lewis Hamilton,HAM,Ferrari,25.0,9.0,,,16.0,0.0,24.9,Formula 1 Fantasy playerstats,https://fantasy.formula1.com/feeds/popup/playerstats_110.json,Official public feed; Formula 1 terms apply,official,True,True,False,official_recorded,historical_fantasy_scores_v3_recorded_2023_2026,normal,,25.0,25.1,Lewis Hamilton
2026,12,Dutch Grand Prix,2026-08-23,driver,hamilton,110,Lewis Hamilton,HAM,Ferrari,23.0,6.0,,2.0,15.0,0.0,25.0,Formula 1 Fantasy playerstats,https://fantasy.formula1.com/feeds/popup/playerstats_110.json,Official public feed; Formula 1 terms apply,official,True,True,False,official_recorded,historical_fantasy_scores_v3_recorded_2023_2026,sprint,2.0,21.0,25.1,Lewis Hamilton
2026,1,Australian Grand Prix,2026-03-08,driver,hulkenberg,111,Nico Hülkenberg,HUL,Audi,-20.0,,,,-20.0,,6.8,Formula 1 Fantasy playerstats,https://fantasy.formula1.com/feeds/popup/playerstats_111.json,Official public feed; Formula 1 terms apply,official,True,True,False,official_recorded,historical_fantasy_scores_v3_recorded_2023_2026,normal,,-20.0,3.6,Nico Hulkenberg
2026,2,Chinese Grand Prix,2026-03-15,driver,hulkenberg,111,Nico Hülkenberg,HUL,Audi,7.0,,,-3.0,10.0,,6.2,Formula 1 Fantasy playerstats,https://fantasy.formula1.com/feeds/popup/playerstats_111.json,Official public feed; Formula 1 terms apply,official,True,True,False,official_recorded,historical_fantasy_scores_v3_recorded_2023_2026,sprint,-3.0,10.0,3.6,Nico Hulkenberg
2026,3,Japanese Grand Prix,2026-03-29,driver,hulkenberg,111,Nico Hülkenberg,HUL,Audi,10.0,,,,10.0,,5.6,Formula 1 Fantasy playerstats,https://fantasy.formula1.com/feeds/popup/playerstats_111.json,Official public feed; Formula 1 terms apply,official,True,True,False,official_recorded,historical_fantasy_scores_v3_recorded_2023_2026,normal,,10.0,3.6,Nico Hulkenberg
2026,4,Miami Grand Prix,2026-05-03,driver,hulkenberg,111,Nico Hülkenberg,HUL,Audi,-29.0,1.0,-10.0,,-20.0,0.0,5.0,Formula 1 Fantasy playerstats,https://fantasy.formula1.com/feeds/popup/playerstats_111.json,Official public feed; Formula 1 terms apply,official,True,True,False,official_recorded,historical_fantasy_scores_v3_recorded_2023_2026,sprint,-10.0,-19.0,3.6,Nico Hulkenberg
2026,5,Canadian Grand Prix,2026-05-24,driver,hulkenberg,111,Nico Hülkenberg,HUL,Audi,1.0,,,-1.0,2.0,,4.4,Formula 1 Fantasy playerstats,https://fantasy.formula1.com/feeds/popup/playerstats_111.json,Official public feed; Formula 1 terms apply,official,True,True,False,official_recorded,historical_fantasy_scores_v3_recorded_2023_2026,sprint,-1.0,2.0,3.6,Nico Hulkenberg
2026,6,Monaco Grand Prix,2026-06-07,driver,hulkenberg,111,Nico Hülkenberg,HUL,Audi,3.0,,,,3.0,,3.8,Formula 1 Fantasy playerstats,https://fantasy.formula1.com/feeds/popup/playerstats_111.json,Official public feed; Formula 1 terms apply,official,True,True,False,official_recorded,historical_fantasy_scores_v3_recorded_2023_2026,normal,,3.0,3.6,Nico Hulkenberg
2026,7,Barcelona Grand Prix,2026-06-14,driver,hulkenberg,111,Nico Hülkenberg,HUL,Audi,-15.0,2.0,,,-17.0,0.0,3.2,Formula 1 Fantasy playerstats,https://fantasy.formula1.com/feeds/popup/playerstats_111.json,Official public feed; Formula 1 terms apply,official,True,True,False,official_recorded,historical_fantasy_scores_v3_recorded_2023_2026,normal,,-15.0,3.6,Nico Hulkenberg
2026,8,Austrian Grand Prix,2026-06-28,driver,hulkenberg,111,Nico Hülkenberg,HUL,Audi,5.0,,,,5.0,,3.0,Formula 1 Fantasy playerstats,https://fantasy.formula1.com/feeds/popup/playerstats_111.json,Official public feed; Formula 1 terms apply,official,True,True,False,official_recorded,historical_fantasy_scores_v3_recorded_2023_2026,normal,,5.0,3.6,Nico Hulkenberg
2026,9,British Grand Prix,2026-07-05,driver,hulkenberg,111,Nico Hülkenberg,HUL,Audi,-7.0,,,3.0,-10.0,,3.0,Formula 1 Fantasy playerstats,https://fantasy.formula1.com/feeds/popup/playerstats_111.json,Official public feed; Formula 1 terms apply,official,True,True,False,official_recorded,historical_fantasy_scores_v3_recorded_2023_2026,sprint,3.0,-10.0,3.6,Nico Hulkenberg
2026,10,Belgian Grand Prix,2026-07-19,driver,hulkenberg,111,Nico Hülkenberg,HUL,Audi,4.0,,,,4.0,,3.0,Formula 1 Fantasy playerstats,https://fantasy.formula1.com/feeds/popup/playerstats_111.json,Official public feed; Formula 1 terms apply,official,True,True,False,official_recorded,historical_fantasy_scores_v3_recorded_2023_2026,normal,,4.0,3.6,Nico Hulkenberg
2026,11,Hungarian Grand Prix,2026-07-26,driver,hulkenberg,111,Nico Hülkenberg,HUL,Audi,9.0,1.0,,,8.0,0.0,3.0,Formula 1 Fantasy playerstats,https://fantasy.formula1.com/feeds/popup/playerstats_111.json,Official public feed; Formula 1 terms apply,official,True,True,False,official_recorded,historical_fantasy_scores_v3_recorded_2023_2026,normal,,9.0,3.6,Nico Hulkenberg
2026,12,Dutch Grand Prix,2026-08-23,driver,hulkenberg,111,Nico Hulkenberg,HUL,Audi,5.0,,-10.0,,15.0,,3.0,Formula 1 Fantasy playerstats,https://fantasy.formula1.com/feeds/popup/playerstats_111.json,Official public feed; Formula 1 terms apply,official,True,True,False,official_recorded,historical_fantasy_scores_v3_recorded_2023_2026,sprint,-10.0,15.0,3.6,Nico Hulkenberg
2026,1,Australian Grand Prix,2026-03-08,driver,lawson,114,Liam Lawson,LAW,Racing Bulls,5.0,3.0,,,2.0,0.0,6.5,Formula 1 Fantasy playerstats,https://fantasy.formula1.com/feeds/popup/playerstats_114.json,Official public feed; Formula 1 terms apply,official,True,True,False,official_recorded,historical_fantasy_scores_v3_recorded_2023_2026,normal,,5.0,14.3,Liam Lawson
2026,2,Chinese Grand Prix,2026-03-15,driver,lawson,114,Liam Lawson,LAW,Racing Bulls,35.0,,,14.0,21.0,,6.3,Formula 1 Fantasy playerstats,https://fantasy.formula1.com/feeds/popup/playerstats_114.json,Official public feed; Formula 1 terms apply,official,True,True,False,official_recorded,historical_fantasy_scores_v3_recorded_2023_2026,sprint,14.0,21.0,14.3,Liam Lawson
2026,3,Japanese Grand Prix,2026-03-29,driver,lawson,114,Liam Lawson,LAW,Racing Bulls,10.0,,,,10.0,,6.9,Formula 1 Fantasy playerstats,https://fantasy.formula1.com/feeds/popup/playerstats_114.json,Official public feed; Formula 1 terms apply,official,True,True,False,official_recorded,historical_fantasy_scores_v3_recorded_2023_2026,normal,,10.0,14.3,Liam Lawson
2026,4,Miami Grand Prix,2026-05-03,driver,lawson,114,Liam Lawson,LAW,Racing Bulls,-12.0,,,4.0,-16.0,,7.5,Formula 1 Fantasy playerstats,https://fantasy.formula1.com/feeds/popup/playerstats_114.json,Official public feed; Formula 1 terms apply,official,True,True,False,official_recorded,historical_fantasy_scores_v3_recorded_2023_2026,sprint,4.0,-16.0,14.3,Liam Lawson
2026,5,Canadian Grand Prix,2026-05-24,driver,lawson,114,Liam Lawson,LAW,Racing Bulls,23.0,,,11.0,12.0,,8.1,Formula 1 Fantasy playerstats,https://fantasy.formula1.com/feeds/popup/playerstats_114.json,Official public feed; Formula 1 terms apply,official,True,True,False,official_recorded,historical_fantasy_scores_v3_recorded_2023_2026,sprint,11.0,12.0,14.3,Liam Lawson
2026,6,Monaco Grand Prix,2026-06-07,driver,lawson,114,Liam Lawson,LAW,Racing Bulls,13.0,1.0,,,12.0,0.0,7.9,Formula 1 Fantasy playerstats,https://fantasy.formula1.com/feeds/popup/playerstats_114.json,Official public feed; Formula 1 terms apply,official,True,True,False,official_recorded,historical_fantasy_scores_v3_recorded_2023_2026,normal,,13.0,14.3,Liam Lawson
2026,7,Barcelona Grand Prix,2026-06-14,driver,lawson,114,Liam Lawson,LAW,Racing Bulls,9.0,3.0,,,6.0,0.0,8.1,Formula 1 Fantasy playerstats,https://fantasy.formula1.com/feeds/popup/playerstats_114.json,Official public feed; Formula 1 terms apply,official,True,True,False,official_recorded,historical_fantasy_scores_v3_recorded_2023_2026,normal,,9.0,14.3,Liam Lawson
2026,8,Austrian Grand Prix,2026-06-28,driver,lawson,114,Liam Lawson,LAW,Racing Bulls,7.0,2.0,,,5.0,0.0,8.7,Formula 1 Fantasy playerstats,https://fantasy.formula1.com/feeds/popup/playerstats_114.json,Official public feed; Formula 1 terms apply,official,True,True,False,official_recorded,historical_fantasy_scores_v3_recorded_2023_2026,normal,,7.0,14.3,Liam Lawson
2026,9,British Grand Prix,2026-07-05,driver,lawson,114,Liam Lawson,LAW,Racing Bulls,22.0,1.0,,6.0,15.0,0.0,8.9,Formula 1 Fantasy playerstats,https://fantasy.formula1.com/feeds/popup/playerstats_114.json,Official public feed; Formula 1 terms apply,official,True,True,False,official_recorded,historical_fantasy_scores_v3_recorded_2023_2026,sprint,6.0,16.0,14.3,Liam Lawson
2026,10,Belgian Grand Prix,2026-07-19,driver,lawson,114,Liam Lawson,LAW,Racing Bulls,3.0,,,,3.0,,9.5,Formula 1 Fantasy playerstats,https://fantasy.formula1.com/feeds/popup/playerstats_114.json,Official public feed; Formula 1 terms apply,official,True,True,False,official_recorded,historical_fantasy_scores_v3_recorded_2023_2026,normal,,3.0,14.3,Liam Lawson
2026,11,Hungarian Grand Prix,2026-07-26,driver,lawson,114,Liam Lawson,LAW,Racing Bulls,13.0,,,,13.0,,9.7,Formula 1 Fantasy playerstats,https://fantasy.formula1.com/feeds/popup/playerstats_114.json,Official public feed; Formula 1 terms apply,official,True,True,False,official_recorded,historical_fantasy_scores_v3_recorded_2023_2026,normal,,13.0,14.3,Liam Lawson
2026,12,Dutch Grand Prix,2026-08-23,driver,lawson,116,Liam Lawson,LAW,Red Bull Racing,12.0,3.0,,,9.0,,14.5,Formula 1 Fantasy playerstats,https://fantasy.formula1.com/feeds/popup/playerstats_116.json,Official public feed; Formula 1 terms apply,official,True,True,False,official_recorded,historical_fantasy_scores_v3_recorded_2023_2026,sprint,,,14.3,Liam Lawson
2026,1,Australian Grand Prix,2026-03-08,driver,leclerc,115,Charles Leclerc,LEC,Ferrari,29.0,7.0,,,22.0,0.0,22.8,Formula 1 Fantasy playerstats,https://fantasy.formula1.com/feeds/popup/playerstats_115.json,Official public feed; Formula 1 terms apply,official,True,True,False,official_recorded,historical_fantasy_scores_v3_recorded_2023_2026,normal,,29.0,24.2,Charles Leclerc
2026,2,Chinese Grand Prix,2026-03-15,driver,leclerc,115,Charles Leclerc,LEC,Ferrari,51.0,7.0,,21.0,23.0,0.0,23.1,Formula 1 Fantasy playerstats,https://fantasy.formula1.com/feeds/popup/playerstats_115.json,Official public feed; Formula 1 terms apply,official,True,True,False,official_recorded,historical_fantasy_scores_v3_recorded_2023_2026,sprint,21.0,30.0,24.2,Charles Leclerc
2026,3,Japanese Grand Prix,2026-03-29,driver,leclerc,115,Charles Leclerc,LEC,Ferrari,31.0,7.0,,,24.0,0.0,23.4,Formula 1 Fantasy playerstats,https://fantasy.formula1.com/feeds/popup/playerstats_115.json,Official public feed; Formula 1 terms apply,official,True,True,False,official_recorded,historical_fantasy_scores_v3_recorded_2023_2026,normal,,31.0,24.2,Charles Leclerc
2026,4,Miami Grand Prix,2026-05-03,driver,leclerc,115,Charles Leclerc,LEC,Ferrari,27.0,8.0,,8.0,11.0,0.0,23.7,Formula 1 Fantasy playerstats,https://fantasy.formula1.com/feeds/popup/playerstats_115.json,Official public feed; Formula 1 terms apply,official,True,True,False,official_recorded,historical_fantasy_scores_v3_recorded_2023_2026,sprint,8.0,19.0,24.2,Charles Leclerc
2026,5,Canadian Grand Prix,2026-05-24,driver,leclerc,115,Charles Leclerc,LEC,Ferrari,27.0,3.0,,6.0,18.0,0.0,24.0,Formula 1 Fantasy playerstats,https://fantasy.formula1.com/feeds/popup/playerstats_115.json,Official public feed; Formula 1 terms apply,official,True,True,False,official_recorded,historical_fantasy_scores_v3_recorded_2023_2026,sprint,6.0,21.0,24.2,Charles Leclerc
2026,6,Monaco Grand Prix,2026-06-07,driver,leclerc,115,Charles Leclerc,LEC,Ferrari,-13.0,7.0,,,-20.0,0.0,24.1,Formula 1 Fantasy playerstats,https://fantasy.formula1.com/feeds/popup/playerstats_115.json,Official public feed; Formula 1 terms apply,official,True,True,False,official_recorded,historical_fantasy_scores_v3_recorded_2023_2026,normal,,-13.0,24.2,Charles Leclerc
2026,8,Austrian Grand Prix,2026-06-28,driver,leclerc,115,Charles Leclerc,LEC,Ferrari,9.0,9.0,,,,,23.5,Formula 1 Fantasy playerstats,https://fantasy.formula1.com/feeds/popup/playerstats_115.json,Official public feed; Formula 1 terms apply,official,True,True,False,official_recorded,historical_fantasy_scores_v3_recorded_2023_2026,normal,,9.0,24.2,Charles Leclerc
2026,9,British Grand Prix,2026-07-05,driver,leclerc,115,Charles Leclerc,LEC,Ferrari,54.0,9.0,,8.0,37.0,0.0,23.2,Formula 1 Fantasy playerstats,https://fantasy.formula1.com/feeds/popup/playerstats_115.json,Official public feed; Formula 1 terms apply,official,True,True,False,official_recorded,historical_fantasy_scores_v3_recorded_2023_2026,sprint,8.0,46.0,24.2,Charles Leclerc
2026,10,Belgian Grand Prix,2026-07-19,driver,leclerc,115,Charles Leclerc,LEC,Ferrari,39.0,6.0,,,33.0,0.0,23.3,Formula 1 Fantasy playerstats,https://fantasy.formula1.com/feeds/popup/playerstats_115.json,Official public feed; Formula 1 terms apply,official,True,True,False,official_recorded,historical_fantasy_scores_v3_recorded_2023_2026,normal,,39.0,24.2,Charles Leclerc
2026,11,Hungarian Grand Prix,2026-07-26,driver,leclerc,115,Charles Leclerc,LEC,Ferrari,31.0,8.0,,,23.0,0.0,23.6,Formula 1 Fantasy playerstats,https://fantasy.formula1.com/feeds/popup/playerstats_115.json,Official public feed; Formula 1 terms apply,official,True,True,False,official_recorded,historical_fantasy_scores_v3_recorded_2023_2026,normal,,31.0,24.2,Charles Leclerc
2026,12,Dutch Grand Prix,2026-08-23,driver,leclerc,115,Charles Leclerc,LEC,Ferrari,39.0,5.0,,9.0,25.0,0.0,23.9,Formula 1 Fantasy playerstats,https://fantasy.formula1.com/feeds/popup/playerstats_115.json,Official public feed; Formula 1 terms apply,official,True,True,False,official_recorded,historical_fantasy_scores_v3_recorded_2023_2026,sprint,9.0,30.0,24.2,Charles Leclerc
2026,1,Australian Grand Prix,2026-03-08,driver,max_verstappen,131,Max Verstappen,VER,Red Bull Racing,50.0,-5.0,,,55.0,0.0,27.7,Formula 1 Fantasy playerstats,https://fantasy.formula1.com/feeds/popup/playerstats_131.json,Official public feed; Formula 1 terms apply,official,True,True,False,official_recorded,historical_fantasy_scores_v3_recorded_2023_2026,normal,,50.0,27.5,Max Verstappen
2026,2,Chinese Grand Prix,2026-03-15,driver,max_verstappen,131,Max Verstappen,VER,Red Bull Racing,14.0,3.0,,15.0,-4.0,0.0,28.0,Formula 1 Fantasy playerstats,https://fantasy.formula1.com/feeds/popup/playerstats_131.json,Official public feed; Formula 1 terms apply,official,True,True,False,official_recorded,historical_fantasy_scores_v3_recorded_2023_2026,sprint,15.0,-1.0,27.5,Max Verstappen
2026,3,Japanese Grand Prix,2026-03-29,driver,max_verstappen,131,Max Verstappen,VER,Red Bull Racing,13.0,,,,13.0,,28.1,Formula 1 Fantasy playerstats,https://fantasy.formula1.com/feeds/popup/playerstats_131.json,Official public feed; Formula 1 terms apply,official,True,True,False,official_recorded,historical_fantasy_scores_v3_recorded_2023_2026,normal,,13.0,27.5,Max Verstappen
2026,4,Miami Grand Prix,2026-05-03,driver,max_verstappen,131,Max Verstappen,VER,Red Bull Racing,52.0,9.0,,6.0,37.0,0.0,28.2,Formula 1 Fantasy playerstats,https://fantasy.formula1.com/feeds/popup/playerstats_131.json,Official public feed; Formula 1 terms apply,official,True,True,False,official_recorded,historical_fantasy_scores_v3_recorded_2023_2026,sprint,6.0,46.0,27.5,Max Verstappen
2026,5,Canadian Grand Prix,2026-05-24,driver,max_verstappen,131,Max Verstappen,VER,Red Bull Racing,26.0,5.0,,2.0,19.0,0.0,28.3,Formula 1 Fantasy playerstats,https://fantasy.formula1.com/feeds/popup/playerstats_131.json,Official public feed; Formula 1 terms apply,official,True,True,False,official_recorded,historical_fantasy_scores_v3_recorded_2023_2026,sprint,2.0,24.0,27.5,Max Verstappen
2026,6,Monaco Grand Prix,2026-06-07,driver,max_verstappen,131,Max Verstappen,VER,Red Bull Racing,-11.0,9.0,,,-20.0,0.0,28.4,Formula 1 Fantasy playerstats,https://fantasy.formula1.com/feeds/popup/playerstats_131.json,Official public feed; Formula 1 terms apply,official,True,True,False,official_recorded,historical_fantasy_scores_v3_recorded_2023_2026,normal,,-11.0,27.5,Max Verstappen
2026,7,Barcelona Grand Prix,2026-06-14,driver,max_verstappen,131,Max Verstappen,VER,Red Bull Racing,22.0,6.0,,,16.0,0.0,28.3,Formula 1 Fantasy playerstats,https://fantasy.formula1.com/feeds/popup/playerstats_131.json,Official public feed; Formula 1 terms apply,official,True,True,False,official_recorded,historical_fantasy_scores_v3_recorded_2023_2026,normal,,22.0,27.5,Max Verstappen
2026,8,Austrian Grand Prix,2026-06-28,driver,max_verstappen,131,Max Verstappen,VER,Red Bull Racing,43.0,6.0,,,37.0,0.0,28.0,Formula 1 Fantasy playerstats,https://fantasy.formula1.com/feeds/popup/playerstats_131.json,Official public feed; Formula 1 terms apply,official,True,True,False,official_recorded,historical_fantasy_scores_v3_recorded_2023_2026,normal,,43.0,27.5,Max Verstappen
2026,9,British Grand Prix,2026-07-05,driver,max_verstappen,131,Max Verstappen,VER,Red Bull Racing,-3.0,4.0,,3.0,-10.0,0.0,27.9,Formula 1 Fantasy playerstats,https://fantasy.formula1.com/feeds/popup/playerstats_131.json,Official public feed; Formula 1 terms apply,official,True,True,False,official_recorded,historical_fantasy_scores_v3_recorded_2023_2026,sprint,3.0,-6.0,27.5,Max Verstappen
2026,10,Belgian Grand Prix,2026-07-19,driver,max_verstappen,131,Max Verstappen,VER,Red Bull Racing,26.0,9.0,,,17.0,0.0,27.8,Formula 1 Fantasy playerstats,https://fantasy.formula1.com/feeds/popup/playerstats_131.json,Official public feed; Formula 1 terms apply,official,True,True,False,official_recorded,historical_fantasy_scores_v3_recorded_2023_2026,normal,,26.0,27.5,Max Verstappen
2026,11,Hungarian Grand Prix,2026-07-26,driver,max_verstappen,131,Max Verstappen,VER,Red Bull Racing,39.0,5.0,,,34.0,0.0,27.7,Formula 1 Fantasy playerstats,https://fantasy.formula1.com/feeds/popup/playerstats_131.json,Official public feed; Formula 1 terms apply,official,True,True,False,official_recorded,historical_fantasy_scores_v3_recorded_2023_2026,normal,,39.0,27.5,Max Verstappen
2026,12,Dutch Grand Prix,2026-08-23,driver,max_verstappen,131,Max Verstappen,VER,Red Bull Racing,-13.0,4.0,,3.0,-20.0,0.0,27.6,Formula 1 Fantasy playerstats,https://fantasy.formula1.com/feeds/popup/playerstats_131.json,Official public feed; Formula 1 terms apply,official,True,True,False,official_recorded,historical_fantasy_scores_v3_recorded_2023_2026,sprint,3.0,-16.0,27.5,Max Verstappen
2026,1,Australian Grand Prix,2026-03-08,driver,norris,117,Lando Norris,NOR,McLaren,21.0,5.0,,,16.0,0.0,27.2,Formula 1 Fantasy playerstats,https://fantasy.formula1.com/feeds/popup/playerstats_117.json,Official public feed; Formula 1 terms apply,official,True,True,False,official_recorded,historical_fantasy_scores_v3_recorded_2023_2026,normal,,21.0,26.4,Lando Norris
2026,2,Chinese Grand Prix,2026-03-15,driver,norris,117,Lando Norris,NOR,McLaren,-10.0,5.0,,5.0,-20.0,0.0,27.1,Formula 1 Fantasy playerstats,https://fantasy.formula1.com/feeds/popup/playerstats_117.json,Official public feed; Formula 1 terms apply,official,True,True,False,official_recorded,historical_fantasy_scores_v3_recorded_2023_2026,sprint,5.0,-15.0,26.4,Lando Norris
2026,3,Japanese Grand Prix,2026-03-29,driver,norris,117,Lando Norris,NOR,McLaren,24.0,6.0,,,18.0,0.0,26.8,Formula 1 Fantasy playerstats,https://fantasy.formula1.com/feeds/popup/playerstats_117.json,Official public feed; Formula 1 terms apply,official,True,True,False,official_recorded,historical_fantasy_scores_v3_recorded_2023_2026,normal,,24.0,26.4,Lando Norris
2026,4,Miami Grand Prix,2026-05-03,driver,norris,117,Lando Norris,NOR,McLaren,54.0,7.0,,13.0,34.0,0.0,26.5,Formula 1 Fantasy playerstats,https://fantasy.formula1.com/feeds/popup/playerstats_117.json,Official public feed; Formula 1 terms apply,official,True,True,False,official_recorded,historical_fantasy_scores_v3_recorded_2023_2026,sprint,13.0,41.0,26.4,Lando Norris
2026,5,Canadian Grand Prix,2026-05-24,driver,norris,117,Lando Norris,NOR,McLaren,6.0,8.0,,9.0,-11.0,0.0,26.4,Formula 1 Fantasy playerstats,https://fantasy.formula1.com/feeds/popup/playerstats_117.json,Official public feed; Formula 1 terms apply,official,True,True,False,official_recorded,historical_fantasy_scores_v3_recorded_2023_2026,sprint,9.0,-3.0,26.4,Lando Norris
2026,6,Monaco Grand Prix,2026-06-07,driver,norris,117,Lando Norris,NOR,McLaren,-17.0,3.0,,,-20.0,0.0,26.5,Formula 1 Fantasy playerstats,https://fantasy.formula1.com/feeds/popup/playerstats_117.json,Official public feed; Formula 1 terms apply,official,True,True,False,official_recorded,historical_fantasy_scores_v3_recorded_2023_2026,normal,,-17.0,26.4,Lando Norris
2026,7,Barcelona Grand Prix,2026-06-14,driver,norris,117,Lando Norris,NOR,McLaren,23.0,7.0,,,16.0,0.0,26.2,Formula 1 Fantasy playerstats,https://fantasy.formula1.com/feeds/popup/playerstats_117.json,Official public feed; Formula 1 terms apply,official,True,True,False,official_recorded,historical_fantasy_scores_v3_recorded_2023_2026,normal,,23.0,26.4,Lando Norris
2026,8,Austrian Grand Prix,2026-06-28,driver,norris,117,Lando Norris,NOR,McLaren,11.0,5.0,,,6.0,0.0,25.9,Formula 1 Fantasy playerstats,https://fantasy.formula1.com/feeds/popup/playerstats_117.json,Official public feed; Formula 1 terms apply,official,True,True,False,official_recorded,historical_fantasy_scores_v3_recorded_2023_2026,normal,,11.0,26.4,Lando Norris
2026,9,British Grand Prix,2026-07-05,driver,norris,117,Lando Norris,NOR,McLaren,38.0,5.0,,14.0,19.0,0.0,25.6,Formula 1 Fantasy playerstats,https://fantasy.formula1.com/feeds/popup/playerstats_117.json,Official public feed; Formula 1 terms apply,official,True,True,False,official_recorded,historical_fantasy_scores_v3_recorded_2023_2026,sprint,14.0,24.0,26.4,Lando Norris
2026,10,Belgian Grand Prix,2026-07-19,driver,norris,117,Lando Norris,NOR,McLaren,40.0,8.0,,,32.0,0.0,25.7,Formula 1 Fantasy playerstats,https://fantasy.formula1.com/feeds/popup/playerstats_117.json,Official public feed; Formula 1 terms apply,official,True,True,False,official_recorded,historical_fantasy_scores_v3_recorded_2023_2026,normal,,40.0,26.4,Lando Norris
2026,11,Hungarian Grand Prix,2026-07-26,driver,norris,117,Lando Norris,NOR,McLaren,37.0,10.0,,,27.0,0.0,25.8,Formula 1 Fantasy playerstats,https://fantasy.formula1.com/feeds/popup/playerstats_117.json,Official public feed; Formula 1 terms apply,official,True,True,False,official_recorded,historical_fantasy_scores_v3_recorded_2023_2026,normal,,37.0,26.4,Lando Norris
2026,12,Dutch Grand Prix,2026-08-23,driver,norris,117,Lando Norris,NOR,McLaren,57.0,10.0,,10.0,37.0,0.0,26.1,Formula 1 Fantasy playerstats,https://fantasy.formula1.com/feeds/popup/playerstats_117.json,Official public feed; Formula 1 terms apply,official,True,True,False,official_recorded,historical_fantasy_scores_v3_recorded_2023_2026,sprint,10.0,47.0,26.4,Lando Norris
2026,1,Australian Grand Prix,2026-03-08,driver,ocon,118,Esteban Ocon,OCO,Haas F1 Team,9.0,,,,9.0,,7.3,Formula 1 Fantasy playerstats,https://fantasy.formula1.com/feeds/popup/playerstats_118.json,Official public feed; Formula 1 terms apply,official,True,True,False,official_recorded,historical_fantasy_scores_v3_recorded_2023_2026,normal,,9.0,10.1,Esteban Ocon
2026,2,Chinese Grand Prix,2026-03-15,driver,ocon,118,Esteban Ocon,OCO,Haas F1 Team,24.0,,,9.0,15.0,,7.9,Formula 1 Fantasy playerstats,https://fantasy.formula1.com/feeds/popup/playerstats_118.json,Official public feed; Formula 1 terms apply,official,True,True,False,official_recorded,historical_fantasy_scores_v3_recorded_2023_2026,sprint,9.0,15.0,10.1,Esteban Ocon
2026,3,Japanese Grand Prix,2026-03-29,driver,ocon,118,Esteban Ocon,OCO,Haas F1 Team,9.0,,,,9.0,,8.5,Formula 1 Fantasy playerstats,https://fantasy.formula1.com/feeds/popup/playerstats_118.json,Official public feed; Formula 1 terms apply,official,True,True,False,official_recorded,historical_fantasy_scores_v3_recorded_2023_2026,normal,,9.0,10.1,Esteban Ocon
2026,4,Miami Grand Prix,2026-05-03,driver,ocon,118,Esteban Ocon,OCO,Haas F1 Team,14.0,,,9.0,5.0,,9.1,Formula 1 Fantasy playerstats,https://fantasy.formula1.com/feeds/popup/playerstats_118.json,Official public feed; Formula 1 terms apply,official,True,True,False,official_recorded,historical_fantasy_scores_v3_recorded_2023_2026,sprint,9.0,5.0,10.1,Esteban Ocon
2026,5,Canadian Grand Prix,2026-05-24,driver,ocon,118,Esteban Ocon,OCO,Haas F1 Team,8.0,,,3.0,5.0,,9.7,Formula 1 Fantasy playerstats,https://fantasy.formula1.com/feeds/popup/playerstats_118.json,Official public feed; Formula 1 terms apply,official,True,True,False,official_recorded,historical_fantasy_scores_v3_recorded_2023_2026,sprint,3.0,5.0,10.1,Esteban Ocon
2026,6,Monaco Grand Prix,2026-06-07,driver,ocon,118,Esteban Ocon,OCO,Haas F1 Team,12.0,,,,12.0,,9.9,Formula 1 Fantasy playerstats,https://fantasy.formula1.com/feeds/popup/playerstats_118.json,Official public feed; Formula 1 terms apply,official,True,True,False,official_recorded,historical_fantasy_scores_v3_recorded_2023_2026,normal,,12.0,10.1,Esteban Ocon
2026,7,Barcelona Grand Prix,2026-06-14,driver,ocon,118,Esteban Ocon,OCO,Haas F1 Team,8.0,,,,8.0,,10.1,Formula 1 Fantasy playerstats,https://fantasy.formula1.com/feeds/popup/playerstats_118.json,Official public feed; Formula 1 terms apply,official,True,True,False,official_recorded,historical_fantasy_scores_v3_recorded_2023_2026,normal,,8.0,10.1,Esteban Ocon
2026,8,Austrian Grand Prix,2026-06-28,driver,ocon,118,Esteban Ocon,OCO,Haas F1 Team,7.0,,,,7.0,,10.3,Formula 1 Fantasy playerstats,https://fantasy.formula1.com/feeds/popup/playerstats_118.json,Official public feed; Formula 1 terms apply,official,True,True,False,official_recorded,historical_fantasy_scores_v3_recorded_2023_2026,normal,,7.0,10.1,Esteban Ocon
2026,9,British Grand Prix,2026-07-05,driver,ocon,118,Esteban Ocon,OCO,Haas F1 Team,19.0,,,6.0,13.0,,10.1,Formula 1 Fantasy playerstats,https://fantasy.formula1.com/feeds/popup/playerstats_118.json,Official public feed; Formula 1 terms apply,official,True,True,False,official_recorded,historical_fantasy_scores_v3_recorded_2023_2026,sprint,6.0,13.0,10.1,Esteban Ocon
2026,10,Belgian Grand Prix,2026-07-19,driver,ocon,118,Esteban Ocon,OCO,Haas F1 Team,6.0,,,,6.0,,10.3,Formula 1 Fantasy playerstats,https://fantasy.formula1.com/feeds/popup/playerstats_118.json,Official public feed; Formula 1 terms apply,official,True,True,False,official_recorded,historical_fantasy_scores_v3_recorded_2023_2026,normal,,6.0,10.1,Esteban Ocon
2026,11,Hungarian Grand Prix,2026-07-26,driver,ocon,118,Esteban Ocon,OCO,Haas F1 Team,4.0,,,,4.0,,10.5,Formula 1 Fantasy playerstats,https://fantasy.formula1.com/feeds/popup/playerstats_118.json,Official public feed; Formula 1 terms apply,official,True,True,False,official_recorded,historical_fantasy_scores_v3_recorded_2023_2026,normal,,4.0,10.1,Esteban Ocon
2026,12,Dutch Grand Prix,2026-08-23,driver,ocon,118,Esteban Ocon,OCO,Haas F1 Team,-10.0,,,2.0,-12.0,,10.7,Formula 1 Fantasy playerstats,https://fantasy.formula1.com/feeds/popup/playerstats_118.json,Official public feed; Formula 1 terms apply,official,True,True,False,official_recorded,historical_fantasy_scores_v3_recorded_2023_2026,sprint,2.0,-12.0,10.1,Esteban Ocon
2026,1,Australian Grand Prix,2026-03-08,driver,perez,121,Sergio Pérez,PER,Cadillac,4.0,,,,4.0,,6.0,Formula 1 Fantasy playerstats,https://fantasy.formula1.com/feeds/popup/playerstats_121.json,Official public feed; Formula 1 terms apply,official,True,True,False,official_recorded,historical_fantasy_scores_v3_recorded_2023_2026,normal,,4.0,3.2,Sergio Perez
2026,2,Chinese Grand Prix,2026-03-15,driver,perez,121,Sergio Pérez,PER,Cadillac,20.0,,,9.0,11.0,,5.8,Formula 1 Fantasy playerstats,https://fantasy.formula1.com/feeds/popup/playerstats_121.json,Official public feed; Formula 1 terms apply,official,True,True,False,official_recorded,historical_fantasy_scores_v3_recorded_2023_2026,sprint,9.0,11.0,3.2,Sergio Perez
2026,3,Japanese Grand Prix,2026-03-29,driver,perez,121,Sergio Pérez,PER,Cadillac,4.0,,,,4.0,,6.4,Formula 1 Fantasy playerstats,https://fantasy.formula1.com/feeds/popup/playerstats_121.json,Official public feed; Formula 1 terms apply,official,True,True,False,official_recorded,historical_fantasy_scores_v3_recorded_2023_2026,normal,,4.0,3.2,Sergio Perez
2026,4,Miami Grand Prix,2026-05-03,driver,perez,121,Sergio Pérez,PER,Cadillac,19.0,,,4.0,15.0,,7.0,Formula 1 Fantasy playerstats,https://fantasy.formula1.com/feeds/popup/playerstats_121.json,Official public feed; Formula 1 terms apply,official,True,True,False,official_recorded,historical_fantasy_scores_v3_recorded_2023_2026,sprint,4.0,15.0,3.2,Sergio Perez
2026,5,Canadian Grand Prix,2026-05-24,driver,perez,121,Sergio Pérez,PER,Cadillac,-11.0,,,5.0,-16.0,,7.6,Formula 1 Fantasy playerstats,https://fantasy.formula1.com/feeds/popup/playerstats_121.json,Official public feed; Formula 1 terms apply,official,True,True,False,official_recorded,historical_fantasy_scores_v3_recorded_2023_2026,sprint,5.0,-16.0,3.2,Sergio Perez
2026,6,Monaco Grand Prix,2026-06-07,driver,perez,121,Sergio Pérez,PER,Cadillac,8.0,,,,8.0,,7.0,Formula 1 Fantasy playerstats,https://fantasy.formula1.com/feeds/popup/playerstats_121.json,Official public feed; Formula 1 terms apply,official,True,True,False,official_recorded,historical_fantasy_scores_v3_recorded_2023_2026,normal,,8.0,3.2,Sergio Perez
2026,7,Barcelona Grand Prix,2026-06-14,driver,perez,121,Sergio Pérez,PER,Cadillac,8.0,,,,8.0,,6.8,Formula 1 Fantasy playerstats,https://fantasy.formula1.com/feeds/popup/playerstats_121.json,Official public feed; Formula 1 terms apply,official,True,True,False,official_recorded,historical_fantasy_scores_v3_recorded_2023_2026,normal,,8.0,3.2,Sergio Perez
2026,8,Austrian Grand Prix,2026-06-28,driver,perez,121,Sergio Pérez,PER,Cadillac,-17.0,,,,-17.0,,6.2,Formula 1 Fantasy playerstats,https://fantasy.formula1.com/feeds/popup/playerstats_121.json,Official public feed; Formula 1 terms apply,official,True,True,False,official_recorded,historical_fantasy_scores_v3_recorded_2023_2026,normal,,-17.0,3.2,Sergio Perez
2026,9,British Grand Prix,2026-07-05,driver,perez,121,Sergio Pérez,PER,Cadillac,7.0,,,-3.0,10.0,,5.6,Formula 1 Fantasy playerstats,https://fantasy.formula1.com/feeds/popup/playerstats_121.json,Official public feed; Formula 1 terms apply,official,True,True,False,official_recorded,historical_fantasy_scores_v3_recorded_2023_2026,sprint,-3.0,10.0,3.2,Sergio Perez
2026,10,Belgian Grand Prix,2026-07-19,driver,perez,121,Sergio Pérez,PER,Cadillac,-17.0,,,,-17.0,,5.0,Formula 1 Fantasy playerstats,https://fantasy.formula1.com/feeds/popup/playerstats_121.json,Official public feed; Formula 1 terms apply,official,True,True,False,official_recorded,historical_fantasy_scores_v3_recorded_2023_2026,normal,,-17.0,3.2,Sergio Perez
2026,11,Hungarian Grand Prix,2026-07-26,driver,perez,121,Sergio Pérez,PER,Cadillac,-20.0,,,,-20.0,,4.4,Formula 1 Fantasy playerstats,https://fantasy.formula1.com/feeds/popup/playerstats_121.json,Official public feed; Formula 1 terms apply,official,True,True,False,official_recorded,historical_fantasy_scores_v3_recorded_2023_2026,normal,,-20.0,3.2,Sergio Perez
2026,12,Dutch Grand Prix,2026-08-23,driver,perez,121,Sergio Perez,PER,Cadillac,8.0,,,-1.0,9.0,,3.8,Formula 1 Fantasy playerstats,https://fantasy.formula1.com/feeds/popup/playerstats_121.json,Official public feed; Formula 1 terms apply,official,True,True,False,official_recorded,historical_fantasy_scores_v3_recorded_2023_2026,sprint,-1.0,9.0,3.2,Sergio Perez
2026,1,Australian Grand Prix,2026-03-08,driver,piastri,1982,Oscar Piastri,PIA,McLaren,-14.0,6.0,,,-20.0,0.0,25.5,Formula 1 Fantasy playerstats,https://fantasy.formula1.com/feeds/popup/playerstats_1982.json,Official public feed; Formula 1 terms apply,official,True,True,False,official_recorded,historical_fantasy_scores_v3_recorded_2023_2026,normal,,-14.0,24.1,Oscar Piastri
2026,2,Chinese Grand Prix,2026-03-15,driver,piastri,1982,Oscar Piastri,PIA,McLaren,-7.0,6.0,,7.0,-20.0,0.0,25.2,Formula 1 Fantasy playerstats,https://fantasy.formula1.com/feeds/popup/playerstats_1982.json,Official public feed; Formula 1 terms apply,official,True,True,False,official_recorded,historical_fantasy_scores_v3_recorded_2023_2026,sprint,7.0,-14.0,24.1,Oscar Piastri
2026,3,Japanese Grand Prix,2026-03-29,driver,piastri,1982,Oscar Piastri,PIA,McLaren,43.0,8.0,,,35.0,0.0,24.9,Formula 1 Fantasy playerstats,https://fantasy.formula1.com/feeds/popup/playerstats_1982.json,Official public feed; Formula 1 terms apply,official,True,True,False,official_recorded,historical_fantasy_scores_v3_recorded_2023_2026,normal,,43.0,24.1,Oscar Piastri
2026,4,Miami Grand Prix,2026-05-03,driver,piastri,1982,Oscar Piastri,PIA,McLaren,41.0,4.0,,9.0,28.0,0.0,24.6,Formula 1 Fantasy playerstats,https://fantasy.formula1.com/feeds/popup/playerstats_1982.json,Official public feed; Formula 1 terms apply,official,True,True,False,official_recorded,historical_fantasy_scores_v3_recorded_2023_2026,sprint,9.0,32.0,24.1,Oscar Piastri
2026,5,Canadian Grand Prix,2026-05-24,driver,piastri,1982,Oscar Piastri,PIA,McLaren,12.0,7.0,,6.0,-1.0,0.0,24.7,Formula 1 Fantasy playerstats,https://fantasy.formula1.com/feeds/popup/playerstats_1982.json,Official public feed; Formula 1 terms apply,official,True,True,False,official_recorded,historical_fantasy_scores_v3_recorded_2023_2026,sprint,6.0,6.0,24.1,Oscar Piastri
2026,6,Monaco Grand Prix,2026-06-07,driver,piastri,1982,Oscar Piastri,PIA,McLaren,16.0,4.0,,,12.0,0.0,25.0,Formula 1 Fantasy playerstats,https://fantasy.formula1.com/feeds/popup/playerstats_1982.json,Official public feed; Formula 1 terms apply,official,True,True,False,official_recorded,historical_fantasy_scores_v3_recorded_2023_2026,normal,,16.0,24.1,Oscar Piastri
2026,7,Barcelona Grand Prix,2026-06-14,driver,piastri,1982,Oscar Piastri,PIA,McLaren,19.0,4.0,,,15.0,0.0,25.1,Formula 1 Fantasy playerstats,https://fantasy.formula1.com/feeds/popup/playerstats_1982.json,Official public feed; Formula 1 terms apply,official,True,True,False,official_recorded,historical_fantasy_scores_v3_recorded_2023_2026,normal,,19.0,24.1,Oscar Piastri
2026,8,Austrian Grand Prix,2026-06-28,driver,piastri,1982,Oscar Piastri,PIA,McLaren,23.0,4.0,,,19.0,0.0,25.0,Formula 1 Fantasy playerstats,https://fantasy.formula1.com/feeds/popup/playerstats_1982.json,Official public feed; Formula 1 terms apply,official,True,True,False,official_recorded,historical_fantasy_scores_v3_recorded_2023_2026,normal,,23.0,24.1,Oscar Piastri
2026,9,British Grand Prix,2026-07-05,driver,piastri,1982,Oscar Piastri,PIA,McLaren,19.0,3.0,,8.0,8.0,0.0,24.9,Formula 1 Fantasy playerstats,https://fantasy.formula1.com/feeds/popup/playerstats_1982.json,Official public feed; Formula 1 terms apply,official,True,True,False,official_recorded,historical_fantasy_scores_v3_recorded_2023_2026,sprint,8.0,11.0,24.1,Oscar Piastri
2026,10,Belgian Grand Prix,2026-07-19,driver,piastri,1982,Oscar Piastri,PIA,McLaren,19.0,4.0,,,15.0,0.0,24.8,Formula 1 Fantasy playerstats,https://fantasy.formula1.com/feeds/popup/playerstats_1982.json,Official public feed; Formula 1 terms apply,official,True,True,False,official_recorded,historical_fantasy_scores_v3_recorded_2023_2026,normal,,19.0,24.1,Oscar Piastri
2026,11,Hungarian Grand Prix,2026-07-26,driver,piastri,1982,Oscar Piastri,PIA,McLaren,-11.0,6.0,,,-17.0,0.0,24.7,Formula 1 Fantasy playerstats,https://fantasy.formula1.com/feeds/popup/playerstats_1982.json,Official public feed; Formula 1 terms apply,official,True,True,False,official_recorded,historical_fantasy_scores_v3_recorded_2023_2026,normal,,-11.0,24.1,Oscar Piastri
2026,12,Dutch Grand Prix,2026-08-23,driver,piastri,1982,Oscar Piastri,PIA,McLaren,21.0,7.0,,3.0,11.0,0.0,24.4,Formula 1 Fantasy playerstats,https://fantasy.formula1.com/feeds/popup/playerstats_1982.json,Official public feed; Formula 1 terms apply,official,True,True,False,official_recorded,historical_fantasy_scores_v3_recorded_2023_2026,sprint,3.0,18.0,24.1,Oscar Piastri
2026,1,Australian Grand Prix,2026-03-08,driver,russell,124,George Russell,RUS,Mercedes,39.0,10.0,,,29.0,0.0,27.4,Formula 1 Fantasy playerstats,https://fantasy.formula1.com/feeds/popup/playerstats_124.json,Official public feed; Formula 1 terms apply,official,True,True,False,official_recorded,historical_fantasy_scores_v3_recorded_2023_2026,normal,,39.0,27.6,George Russell
2026,2,Chinese Grand Prix,2026-03-15,driver,russell,124,George Russell,RUS,Mercedes,45.0,9.0,,12.0,24.0,0.0,27.7,Formula 1 Fantasy playerstats,https://fantasy.formula1.com/feeds/popup/playerstats_124.json,Official public feed; Formula 1 terms apply,official,True,True,False,official_recorded,historical_fantasy_scores_v3_recorded_2023_2026,sprint,12.0,33.0,27.6,George Russell
2026,3,Japanese Grand Prix,2026-03-29,driver,russell,124,George Russell,RUS,Mercedes,27.0,9.0,,,18.0,0.0,28.0,Formula 1 Fantasy playerstats,https://fantasy.formula1.com/feeds/popup/playerstats_124.json,Official public feed; Formula 1 terms apply,official,True,True,False,official_recorded,historical_fantasy_scores_v3_recorded_2023_2026,normal,,27.0,27.6,George Russell
2026,4,Miami Grand Prix,2026-05-03,driver,russell,124,George Russell,RUS,Mercedes,42.0,6.0,,10.0,26.0,0.0,28.3,Formula 1 Fantasy playerstats,https://fantasy.formula1.com/feeds/popup/playerstats_124.json,Official public feed; Formula 1 terms apply,official,True,True,False,official_recorded,historical_fantasy_scores_v3_recorded_2023_2026,sprint,10.0,32.0,27.6,George Russell
2026,5,Canadian Grand Prix,2026-05-24,driver,russell,124,George Russell,RUS,Mercedes,4.0,10.0,,9.0,-15.0,0.0,28.6,Formula 1 Fantasy playerstats,https://fantasy.formula1.com/feeds/popup/playerstats_124.json,Official public feed; Formula 1 terms apply,official,True,True,False,official_recorded,historical_fantasy_scores_v3_recorded_2023_2026,sprint,9.0,-5.0,27.6,George Russell
2026,7,Barcelona Grand Prix,2026-06-14,driver,russell,124,George Russell,RUS,Mercedes,28.0,10.0,,,18.0,0.0,28.2,Formula 1 Fantasy playerstats,https://fantasy.formula1.com/feeds/popup/playerstats_124.json,Official public feed; Formula 1 terms apply,official,True,True,False,official_recorded,historical_fantasy_scores_v3_recorded_2023_2026,normal,,28.0,27.6,George Russell
2026,8,Austrian Grand Prix,2026-06-28,driver,russell,124,George Russell,RUS,Mercedes,35.0,10.0,,,25.0,0.0,27.9,Formula 1 Fantasy playerstats,https://fantasy.formula1.com/feeds/popup/playerstats_124.json,Official public feed; Formula 1 terms apply,official,True,True,False,official_recorded,historical_fantasy_scores_v3_recorded_2023_2026,normal,,35.0,27.6,George Russell
2026,9,British Grand Prix,2026-07-05,driver,russell,124,George Russell,RUS,Mercedes,44.0,7.0,,14.0,23.0,0.0,27.8,Formula 1 Fantasy playerstats,https://fantasy.formula1.com/feeds/popup/playerstats_124.json,Official public feed; Formula 1 terms apply,official,True,True,False,official_recorded,historical_fantasy_scores_v3_recorded_2023_2026,sprint,14.0,30.0,27.6,George Russell
2026,10,Belgian Grand Prix,2026-07-19,driver,russell,124,George Russell,RUS,Mercedes,-11.0,7.0,,,-18.0,0.0,28.1,Formula 1 Fantasy playerstats,https://fantasy.formula1.com/feeds/popup/playerstats_124.json,Official public feed; Formula 1 terms apply,official,True,True,False,official_recorded,historical_fantasy_scores_v3_recorded_2023_2026,normal,,-11.0,27.6,George Russell
2026,11,Hungarian Grand Prix,2026-07-26,driver,russell,124,George Russell,RUS,Mercedes,23.0,4.0,,,19.0,0.0,28.0,Formula 1 Fantasy playerstats,https://fantasy.formula1.com/feeds/popup/playerstats_124.json,Official public feed; Formula 1 terms apply,official,True,True,False,official_recorded,historical_fantasy_scores_v3_recorded_2023_2026,normal,,23.0,27.6,George Russell
2026,12,Dutch Grand Prix,2026-08-23,driver,russell,124,George Russell,RUS,Mercedes,32.0,9.0,,8.0,15.0,0.0,27.9,Formula 1 Fantasy playerstats,https://fantasy.formula1.com/feeds/popup/playerstats_124.json,Official public feed; Formula 1 terms apply,official,True,True,False,official_recorded,historical_fantasy_scores_v3_recorded_2023_2026,sprint,8.0,24.0,27.6,George Russell
2026,1,Australian Grand Prix,2026-03-08,driver,sainz,125,Carlos Sainz,SAI,Williams,9.0,-5.0,,,14.0,0.0,11.8,Formula 1 Fantasy playerstats,https://fantasy.formula1.com/feeds/popup/playerstats_125.json,Official public feed; Formula 1 terms apply,official,True,True,False,official_recorded,historical_fantasy_scores_v3_recorded_2023_2026,normal,,9.0,9.8,Carlos Sainz
2026,2,Chinese Grand Prix,2026-03-15,driver,sainz,125,Carlos Sainz,SAI,Williams,28.0,,,12.0,16.0,,11.6,Formula 1 Fantasy playerstats,https://fantasy.formula1.com/feeds/popup/playerstats_125.json,Official public feed; Formula 1 terms apply,official,True,True,False,official_recorded,historical_fantasy_scores_v3_recorded_2023_2026,sprint,12.0,16.0,9.8,Carlos Sainz
2026,3,Japanese Grand Prix,2026-03-29,driver,sainz,125,Carlos Sainz,SAI,Williams,4.0,,,,4.0,,12.2,Formula 1 Fantasy playerstats,https://fantasy.formula1.com/feeds/popup/playerstats_125.json,Official public feed; Formula 1 terms apply,official,True,True,False,official_recorded,historical_fantasy_scores_v3_recorded_2023_2026,normal,,4.0,9.8,Carlos Sainz
2026,4,Miami Grand Prix,2026-05-03,driver,sainz,125,Carlos Sainz,SAI,Williams,19.0,,,4.0,15.0,,12.4,Formula 1 Fantasy playerstats,https://fantasy.formula1.com/feeds/popup/playerstats_125.json,Official public feed; Formula 1 terms apply,official,True,True,False,official_recorded,historical_fantasy_scores_v3_recorded_2023_2026,sprint,4.0,15.0,9.8,Carlos Sainz
2026,5,Canadian Grand Prix,2026-05-24,driver,sainz,125,Carlos Sainz,SAI,Williams,11.0,,,,11.0,,13.0,Formula 1 Fantasy playerstats,https://fantasy.formula1.com/feeds/popup/playerstats_125.json,Official public feed; Formula 1 terms apply,official,True,True,False,official_recorded,historical_fantasy_scores_v3_recorded_2023_2026,sprint,,,9.8,Carlos Sainz
2026,6,Monaco Grand Prix,2026-06-07,driver,sainz,125,Carlos Sainz,SAI,Williams,-3.0,,,,-3.0,,12.8,Formula 1 Fantasy playerstats,https://fantasy.formula1.com/feeds/popup/playerstats_125.json,Official public feed; Formula 1 terms apply,official,True,True,False,official_recorded,historical_fantasy_scores_v3_recorded_2023_2026,normal,,-3.0,9.8,Carlos Sainz
2026,7,Barcelona Grand Prix,2026-06-14,driver,sainz,125,Carlos Sainz,SAI,Williams,11.0,,,,11.0,,12.6,Formula 1 Fantasy playerstats,https://fantasy.formula1.com/feeds/popup/playerstats_125.json,Official public feed; Formula 1 terms apply,official,True,True,False,official_recorded,historical_fantasy_scores_v3_recorded_2023_2026,normal,,11.0,9.8,Carlos Sainz
2026,8,Austrian Grand Prix,2026-06-28,driver,sainz,125,Carlos Sainz,SAI,Williams,-17.0,,,,-17.0,,12.0,Formula 1 Fantasy playerstats,https://fantasy.formula1.com/feeds/popup/playerstats_125.json,Official public feed; Formula 1 terms apply,official,True,True,False,official_recorded,historical_fantasy_scores_v3_recorded_2023_2026,normal,,-17.0,9.8,Carlos Sainz
2026,9,British Grand Prix,2026-07-05,driver,sainz,125,Carlos Sainz,SAI,Williams,8.0,,,,8.0,,11.4,Formula 1 Fantasy playerstats,https://fantasy.formula1.com/feeds/popup/playerstats_125.json,Official public feed; Formula 1 terms apply,official,True,True,False,official_recorded,historical_fantasy_scores_v3_recorded_2023_2026,sprint,,,9.8,Carlos Sainz
2026,10,Belgian Grand Prix,2026-07-19,driver,sainz,125,Carlos Sainz,SAI,Williams,10.0,,,,10.0,,10.8,Formula 1 Fantasy playerstats,https://fantasy.formula1.com/feeds/popup/playerstats_125.json,Official public feed; Formula 1 terms apply,official,True,True,False,official_recorded,historical_fantasy_scores_v3_recorded_2023_2026,normal,,10.0,9.8,Carlos Sainz
2026,11,Hungarian Grand Prix,2026-07-26,driver,sainz,125,Carlos Sainz,SAI,Williams,2.0,,,,2.0,,10.2,Formula 1 Fantasy playerstats,https://fantasy.formula1.com/feeds/popup/playerstats_125.json,Official public feed; Formula 1 terms apply,official,True,True,False,official_recorded,historical_fantasy_scores_v3_recorded_2023_2026,normal,,2.0,9.8,Carlos Sainz
2026,12,Dutch Grand Prix,2026-08-23,driver,sainz,125,Carlos Sainz,SAI,Williams,7.0,,,3.0,4.0,,10.0,Formula 1 Fantasy playerstats,https://fantasy.formula1.com/feeds/popup/playerstats_125.json,Official public feed; Formula 1 terms apply,official,True,True,False,official_recorded,historical_fantasy_scores_v3_recorded_2023_2026,sprint,3.0,4.0,9.8,Carlos Sainz
2026,1,Australian Grand Prix,2026-03-08,driver,stroll,129,Lance Stroll,STR,Aston Martin,-23.0,-5.0,,,-18.0,0.0,8.0,Formula 1 Fantasy playerstats,https://fantasy.formula1.com/feeds/popup/playerstats_129.json,Official public feed; Formula 1 terms apply,official,True,True,False,official_recorded,historical_fantasy_scores_v3_recorded_2023_2026,normal,,-23.0,3.0,Lance Stroll
2026,2,Chinese Grand Prix,2026-03-15,driver,stroll,129,Lance Stroll,STR,Aston Martin,-14.0,,,5.0,-19.0,,7.4,Formula 1 Fantasy playerstats,https://fantasy.formula1.com/feeds/popup/playerstats_129.json,Official public feed; Formula 1 terms apply,official,True,True,False,official_recorded,historical_fantasy_scores_v3_recorded_2023_2026,sprint,5.0,-19.0,3.0,Lance Stroll
2026,3,Japanese Grand Prix,2026-03-29,driver,stroll,129,Lance Stroll,STR,Aston Martin,-17.0,,,,-17.0,,6.8,Formula 1 Fantasy playerstats,https://fantasy.formula1.com/feeds/popup/playerstats_129.json,Official public feed; Formula 1 terms apply,official,True,True,False,official_recorded,historical_fantasy_scores_v3_recorded_2023_2026,normal,,-17.0,3.0,Lance Stroll
2026,4,Miami Grand Prix,2026-05-03,driver,stroll,129,Lance Stroll,STR,Aston Martin,17.0,,,10.0,7.0,,6.2,Formula 1 Fantasy playerstats,https://fantasy.formula1.com/feeds/popup/playerstats_129.json,Official public feed; Formula 1 terms apply,official,True,True,False,official_recorded,historical_fantasy_scores_v3_recorded_2023_2026,sprint,10.0,7.0,3.0,Lance Stroll
2026,5,Canadian Grand Prix,2026-05-24,driver,stroll,129,Lance Stroll,STR,Aston Martin,11.0,,,3.0,8.0,,5.6,Formula 1 Fantasy playerstats,https://fantasy.formula1.com/feeds/popup/playerstats_129.json,Official public feed; Formula 1 terms apply,official,True,True,False,official_recorded,historical_fantasy_scores_v3_recorded_2023_2026,sprint,3.0,8.0,3.0,Lance Stroll
2026,6,Monaco Grand Prix,2026-06-07,driver,stroll,129,Lance Stroll,STR,Aston Martin,-20.0,,,,-20.0,,5.4,Formula 1 Fantasy playerstats,https://fantasy.formula1.com/feeds/popup/playerstats_129.json,Official public feed; Formula 1 terms apply,official,True,True,False,official_recorded,historical_fantasy_scores_v3_recorded_2023_2026,normal,,-20.0,3.0,Lance Stroll
2026,7,Barcelona Grand Prix,2026-06-14,driver,stroll,129,Lance Stroll,STR,Aston Martin,-20.0,,,,-20.0,,4.8,Formula 1 Fantasy playerstats,https://fantasy.formula1.com/feeds/popup/playerstats_129.json,Official public feed; Formula 1 terms apply,official,True,True,False,official_recorded,historical_fantasy_scores_v3_recorded_2023_2026,normal,,-20.0,3.0,Lance Stroll
2026,8,Austrian Grand Prix,2026-06-28,driver,stroll,129,Lance Stroll,STR,Aston Martin,-17.0,,,,-17.0,,4.2,Formula 1 Fantasy playerstats,https://fantasy.formula1.com/feeds/popup/playerstats_129.json,Official public feed; Formula 1 terms apply,official,True,True,False,official_recorded,historical_fantasy_scores_v3_recorded_2023_2026,normal,,-17.0,3.0,Lance Stroll
2026,9,British Grand Prix,2026-07-05,driver,stroll,129,Lance Stroll,STR,Aston Martin,7.0,,,3.0,4.0,,3.6,Formula 1 Fantasy playerstats,https://fantasy.formula1.com/feeds/popup/playerstats_129.json,Official public feed; Formula 1 terms apply,official,True,True,False,official_recorded,historical_fantasy_scores_v3_recorded_2023_2026,sprint,3.0,4.0,3.0,Lance Stroll
2026,10,Belgian Grand Prix,2026-07-19,driver,stroll,129,Lance Stroll,STR,Aston Martin,-19.0,,,,-19.0,,3.0,Formula 1 Fantasy playerstats,https://fantasy.formula1.com/feeds/popup/playerstats_129.json,Official public feed; Formula 1 terms apply,official,True,True,False,official_recorded,historical_fantasy_scores_v3_recorded_2023_2026,normal,,-19.0,3.0,Lance Stroll
2026,11,Hungarian Grand Prix,2026-07-26,driver,stroll,129,Lance Stroll,STR,Aston Martin,15.0,,,,15.0,,3.0,Formula 1 Fantasy playerstats,https://fantasy.formula1.com/feeds/popup/playerstats_129.json,Official public feed; Formula 1 terms apply,official,True,True,False,official_recorded,historical_fantasy_scores_v3_recorded_2023_2026,normal,,15.0,3.0,Lance Stroll
2026,12,Dutch Grand Prix,2026-08-23,driver,stroll,129,Lance Stroll,STR,Aston Martin,-10.0,,,2.0,-12.0,,3.0,Formula 1 Fantasy playerstats,https://fantasy.formula1.com/feeds/popup/playerstats_129.json,Official public feed; Formula 1 terms apply,official,True,True,False,official_recorded,historical_fantasy_scores_v3_recorded_2023_2026,sprint,2.0,-12.0,3.0,Lance Stroll
2026,12,Dutch Grand Prix,2026-08-23,driver,tsunoda,130,Yuki Tsunoda,TSU,Racing Bulls,5.0,,,-1.0,6.0,,10.3,Formula 1 Fantasy playerstats,https://fantasy.formula1.com/feeds/popup/playerstats_130.json,Official public feed; Formula 1 terms apply,official,True,True,False,official_recorded,historical_fantasy_scores_v3_recorded_2023_2026,sprint,-1.0,6.0,9.7,Yuki Tsunoda
