season,round,event_name,event_date,entity_type,canonical_entity_id,source_entity_id,name,abbreviation,constructor_name,fantasy_points_total,qualifying_points,sprint_qualifying_points,sprint_points,race_points,other_points,price,source_name,source_reference,source_licence,authority_class,is_official,is_recorded_total,is_reconstructed,fantasy_score_origin,data_version
2023,1,Bahrain Grand Prix,2023-03-05,constructor,alfa,jm1261/Fantasy-F1-League:2023:constructor:Alfa Romeo,Alfa Romeo,ALF,,31.0,,,,,,6.2,jm1261/Fantasy-F1-League,https://github.com/jm1261/Fantasy-F1-League/blob/main/Data/2023/Lineup/Bahrain_Results.json,MIT,third_party_recorded,False,True,False,third_party_recorded,historical_fantasy_scores_v3_recorded_2023_2026
2023,1,Bahrain Grand Prix,2023-03-05,constructor,alphatauri,jm1261/Fantasy-F1-League:2023:constructor:AlphaTauri,AlphaTauri,ALT,,17.0,,,,,,6.3,jm1261/Fantasy-F1-League,https://github.com/jm1261/Fantasy-F1-League/blob/main/Data/2023/Lineup/Bahrain_Results.json,MIT,third_party_recorded,False,True,False,third_party_recorded,historical_fantasy_scores_v3_recorded_2023_2026
2023,1,Bahrain Grand Prix,2023-03-05,constructor,alpine,jm1261/Fantasy-F1-League:2023:constructor:Alpine,Alpine,ALP,,8.0,,,,,,10.0,jm1261/Fantasy-F1-League,https://github.com/jm1261/Fantasy-F1-League/blob/main/Data/2023/Lineup/Bahrain_Results.json,MIT,third_party_recorded,False,True,False,third_party_recorded,historical_fantasy_scores_v3_recorded_2023_2026
2023,1,Bahrain Grand Prix,2023-03-05,constructor,aston_martin,jm1261/Fantasy-F1-League:2023:constructor:Aston Martin,Aston Martin,AMR,,56.0,,,,,,6.8,jm1261/Fantasy-F1-League,https://github.com/jm1261/Fantasy-F1-League/blob/main/Data/2023/Lineup/Bahrain_Results.json,MIT,third_party_recorded,False,True,False,third_party_recorded,historical_fantasy_scores_v3_recorded_2023_2026
2023,1,Bahrain Grand Prix,2023-03-05,constructor,ferrari,jm1261/Fantasy-F1-League:2023:constructor:Ferrari,Ferrari,FER,,31.0,,,,,,22.1,jm1261/Fantasy-F1-League,https://github.com/jm1261/Fantasy-F1-League/blob/main/Data/2023/Lineup/Bahrain_Results.json,MIT,third_party_recorded,False,True,False,third_party_recorded,historical_fantasy_scores_v3_recorded_2023_2026
2023,1,Bahrain Grand Prix,2023-03-05,constructor,haas,jm1261/Fantasy-F1-League:2023:constructor:Haas,Haas,HAS,,12.0,,,,,,5.3,jm1261/Fantasy-F1-League,https://github.com/jm1261/Fantasy-F1-League/blob/main/Data/2023/Lineup/Bahrain_Results.json,MIT,third_party_recorded,False,True,False,third_party_recorded,historical_fantasy_scores_v3_recorded_2023_2026
2023,1,Bahrain Grand Prix,2023-03-05,constructor,mclaren,jm1261/Fantasy-F1-League:2023:constructor:McLaren,McLaren,MCL,,-16.0,,,,,,9.0,jm1261/Fantasy-F1-League,https://github.com/jm1261/Fantasy-F1-League/blob/main/Data/2023/Lineup/Bahrain_Results.json,MIT,third_party_recorded,False,True,False,third_party_recorded,historical_fantasy_scores_v3_recorded_2023_2026
2023,1,Bahrain Grand Prix,2023-03-05,constructor,mercedes,jm1261/Fantasy-F1-League:2023:constructor:Mercedes,Mercedes,MER,,45.0,,,,,,25.1,jm1261/Fantasy-F1-League,https://github.com/jm1261/Fantasy-F1-League/blob/main/Data/2023/Lineup/Bahrain_Results.json,MIT,third_party_recorded,False,True,False,third_party_recorded,historical_fantasy_scores_v3_recorded_2023_2026
2023,1,Bahrain Grand Prix,2023-03-05,constructor,red_bull,jm1261/Fantasy-F1-League:2023:constructor:Red Bull,Red Bull,RBR,,78.0,,,,,,27.3,jm1261/Fantasy-F1-League,https://github.com/jm1261/Fantasy-F1-League/blob/main/Data/2023/Lineup/Bahrain_Results.json,MIT,third_party_recorded,False,True,False,third_party_recorded,historical_fantasy_scores_v3_recorded_2023_2026
2023,1,Bahrain Grand Prix,2023-03-05,constructor,williams,jm1261/Fantasy-F1-League:2023:constructor:Williams,Williams,WIL,,25.0,,,,,,5.1,jm1261/Fantasy-F1-League,https://github.com/jm1261/Fantasy-F1-League/blob/main/Data/2023/Lineup/Bahrain_Results.json,MIT,third_party_recorded,False,True,False,third_party_recorded,historical_fantasy_scores_v3_recorded_2023_2026
2023,1,Bahrain Grand Prix,2023-03-05,driver,albon,jm1261/Fantasy-F1-League:2023:driver:Albon,Alexander Albon,ALB,Williams,13.0,,,,,,5.5,jm1261/Fantasy-F1-League,https://github.com/jm1261/Fantasy-F1-League/blob/main/Data/2023/Lineup/Bahrain_Results.json,MIT,third_party_recorded,False,True,False,third_party_recorded,historical_fantasy_scores_v3_recorded_2023_2026
2023,1,Bahrain Grand Prix,2023-03-05,driver,alonso,jm1261/Fantasy-F1-League:2023:driver:Alonso,Fernando Alonso,ALO,Aston Martin,39.0,,,,,,8.5,jm1261/Fantasy-F1-League,https://github.com/jm1261/Fantasy-F1-League/blob/main/Data/2023/Lineup/Bahrain_Results.json,MIT,third_party_recorded,False,True,False,third_party_recorded,historical_fantasy_scores_v3_recorded_2023_2026
2023,1,Bahrain Grand Prix,2023-03-05,driver,bottas,jm1261/Fantasy-F1-League:2023:driver:Bottas,Valtteri Bottas,BOT,Alfa Romeo,13.0,,,,,,7.8,jm1261/Fantasy-F1-League,https://github.com/jm1261/Fantasy-F1-League/blob/main/Data/2023/Lineup/Bahrain_Results.json,MIT,third_party_recorded,False,True,False,third_party_recorded,historical_fantasy_scores_v3_recorded_2023_2026
2023,1,Bahrain Grand Prix,2023-03-05,driver,de_vries,jm1261/Fantasy-F1-League:2023:driver:De Vries,Nyck de Vries,DEV,AlphaTauri,8.0,,,,,,5.0,jm1261/Fantasy-F1-League,https://github.com/jm1261/Fantasy-F1-League/blob/main/Data/2023/Lineup/Bahrain_Results.json,MIT,third_party_recorded,False,True,False,third_party_recorded,historical_fantasy_scores_v3_recorded_2023_2026
2023,1,Bahrain Grand Prix,2023-03-05,driver,gasly,jm1261/Fantasy-F1-League:2023:driver:Gasly,Pierre Gasly,GAS,Alpine,20.0,,,,,,8.2,jm1261/Fantasy-F1-League,https://github.com/jm1261/Fantasy-F1-League/blob/main/Data/2023/Lineup/Bahrain_Results.json,MIT,third_party_recorded,False,True,False,third_party_recorded,historical_fantasy_scores_v3_recorded_2023_2026
2023,1,Bahrain Grand Prix,2023-03-05,driver,hamilton,jm1261/Fantasy-F1-League:2023:driver:Hamilton,Lewis Hamilton,HAM,Mercedes,19.0,,,,,,23.7,jm1261/Fantasy-F1-League,https://github.com/jm1261/Fantasy-F1-League/blob/main/Data/2023/Lineup/Bahrain_Results.json,MIT,third_party_recorded,False,True,False,third_party_recorded,historical_fantasy_scores_v3_recorded_2023_2026
2023,1,Bahrain Grand Prix,2023-03-05,driver,hulkenberg,jm1261/Fantasy-F1-League:2023:driver:Hulkenberg,Nico Hülkenberg,HUL,Haas,-1.0,,,,,,4.2,jm1261/Fantasy-F1-League,https://github.com/jm1261/Fantasy-F1-League/blob/main/Data/2023/Lineup/Bahrain_Results.json,MIT,third_party_recorded,False,True,False,third_party_recorded,historical_fantasy_scores_v3_recorded_2023_2026
2023,1,Bahrain Grand Prix,2023-03-05,driver,kevin_magnussen,jm1261/Fantasy-F1-League:2023:driver:Magnussen,Kevin Magnussen,MAG,Haas,8.0,,,,,,6.7,jm1261/Fantasy-F1-League,https://github.com/jm1261/Fantasy-F1-League/blob/main/Data/2023/Lineup/Bahrain_Results.json,MIT,third_party_recorded,False,True,False,third_party_recorded,historical_fantasy_scores_v3_recorded_2023_2026
2023,1,Bahrain Grand Prix,2023-03-05,driver,leclerc,jm1261/Fantasy-F1-League:2023:driver:Leclerc,Charles Leclerc,LEC,Ferrari,-11.0,,,,,,21.1,jm1261/Fantasy-F1-League,https://github.com/jm1261/Fantasy-F1-League/blob/main/Data/2023/Lineup/Bahrain_Results.json,MIT,third_party_recorded,False,True,False,third_party_recorded,historical_fantasy_scores_v3_recorded_2023_2026
2023,1,Bahrain Grand Prix,2023-03-05,driver,max_verstappen,jm1261/Fantasy-F1-League:2023:driver:Verstappen,Max Verstappen,VER,Red Bull,35.0,,,,,,27.0,jm1261/Fantasy-F1-League,https://github.com/jm1261/Fantasy-F1-League/blob/main/Data/2023/Lineup/Bahrain_Results.json,MIT,third_party_recorded,False,True,False,third_party_recorded,historical_fantasy_scores_v3_recorded_2023_2026
2023,1,Bahrain Grand Prix,2023-03-05,driver,norris,jm1261/Fantasy-F1-League:2023:driver:Norris,Lando Norris,NOR,McLaren,-1.0,,,,,,11.1,jm1261/Fantasy-F1-League,https://github.com/jm1261/Fantasy-F1-League/blob/main/Data/2023/Lineup/Bahrain_Results.json,MIT,third_party_recorded,False,True,False,third_party_recorded,historical_fantasy_scores_v3_recorded_2023_2026
2023,1,Bahrain Grand Prix,2023-03-05,driver,ocon,jm1261/Fantasy-F1-League:2023:driver:Ocon,Esteban Ocon,OCO,Alpine,-17.0,,,,,,9.3,jm1261/Fantasy-F1-League,https://github.com/jm1261/Fantasy-F1-League/blob/main/Data/2023/Lineup/Bahrain_Results.json,MIT,third_party_recorded,False,True,False,third_party_recorded,historical_fantasy_scores_v3_recorded_2023_2026
2023,1,Bahrain Grand Prix,2023-03-05,driver,perez,jm1261/Fantasy-F1-League:2023:driver:Perez,Sergio Pérez,PER,Red Bull,28.0,,,,,,18.1,jm1261/Fantasy-F1-League,https://github.com/jm1261/Fantasy-F1-League/blob/main/Data/2023/Lineup/Bahrain_Results.json,MIT,third_party_recorded,False,True,False,third_party_recorded,historical_fantasy_scores_v3_recorded_2023_2026
2023,1,Bahrain Grand Prix,2023-03-05,driver,piastri,jm1261/Fantasy-F1-League:2023:driver:Piastri,Oscar Piastri,PIA,McLaren,-16.0,,,,,,6.9,jm1261/Fantasy-F1-League,https://github.com/jm1261/Fantasy-F1-League/blob/main/Data/2023/Lineup/Bahrain_Results.json,MIT,third_party_recorded,False,True,False,third_party_recorded,historical_fantasy_scores_v3_recorded_2023_2026
2023,1,Bahrain Grand Prix,2023-03-05,driver,russell,jm1261/Fantasy-F1-League:2023:driver:Russell,George Russell,RUS,Mercedes,16.0,,,,,,18.6,jm1261/Fantasy-F1-League,https://github.com/jm1261/Fantasy-F1-League/blob/main/Data/2023/Lineup/Bahrain_Results.json,MIT,third_party_recorded,False,True,False,third_party_recorded,historical_fantasy_scores_v3_recorded_2023_2026
2023,1,Bahrain Grand Prix,2023-03-05,driver,sainz,jm1261/Fantasy-F1-League:2023:driver:Sainz,Carlos Sainz,SAI,Ferrari,19.0,,,,,,17.2,jm1261/Fantasy-F1-League,https://github.com/jm1261/Fantasy-F1-League/blob/main/Data/2023/Lineup/Bahrain_Results.json,MIT,third_party_recorded,False,True,False,third_party_recorded,historical_fantasy_scores_v3_recorded_2023_2026
2023,1,Bahrain Grand Prix,2023-03-05,driver,sargeant,jm1261/Fantasy-F1-League:2023:driver:Sargeant,Logan Sargeant,SAR,Williams,11.0,,,,,,4.0,jm1261/Fantasy-F1-League,https://github.com/jm1261/Fantasy-F1-League/blob/main/Data/2023/Lineup/Bahrain_Results.json,MIT,third_party_recorded,False,True,False,third_party_recorded,historical_fantasy_scores_v3_recorded_2023_2026
2023,1,Bahrain Grand Prix,2023-03-05,driver,stroll,jm1261/Fantasy-F1-League:2023:driver:Stroll,Lance Stroll,STR,Aston Martin,17.0,,,,,,7.6,jm1261/Fantasy-F1-League,https://github.com/jm1261/Fantasy-F1-League/blob/main/Data/2023/Lineup/Bahrain_Results.json,MIT,third_party_recorded,False,True,False,third_party_recorded,historical_fantasy_scores_v3_recorded_2023_2026
2023,1,Bahrain Grand Prix,2023-03-05,driver,tsunoda,jm1261/Fantasy-F1-League:2023:driver:Tsunoda,Yuki Tsunoda,TSU,AlphaTauri,8.0,,,,,,4.8,jm1261/Fantasy-F1-League,https://github.com/jm1261/Fantasy-F1-League/blob/main/Data/2023/Lineup/Bahrain_Results.json,MIT,third_party_recorded,False,True,False,third_party_recorded,historical_fantasy_scores_v3_recorded_2023_2026
2023,1,Bahrain Grand Prix,2023-03-05,driver,zhou,jm1261/Fantasy-F1-League:2023:driver:Guanyu,Guanyu Zhou,ZHO,Alfa Romeo,15.0,,,,,,4.9,jm1261/Fantasy-F1-League,https://github.com/jm1261/Fantasy-F1-League/blob/main/Data/2023/Lineup/Bahrain_Results.json,MIT,third_party_recorded,False,True,False,third_party_recorded,historical_fantasy_scores_v3_recorded_2023_2026
2023,2,Saudi Arabian Grand Prix,2023-03-19,constructor,alfa,jm1261/Fantasy-F1-League:2023:constructor:Alfa Romeo,Alfa Romeo,ALF,,7.0,,,,,,6.1,jm1261/Fantasy-F1-League,https://github.com/jm1261/Fantasy-F1-League/blob/main/Data/2023/Lineup/Saudi%20Arabia_Results.json,MIT,third_party_recorded,False,True,False,third_party_recorded,historical_fantasy_scores_v3_recorded_2023_2026
2023,2,Saudi Arabian Grand Prix,2023-03-19,constructor,alphatauri,jm1261/Fantasy-F1-League:2023:constructor:AlphaTauri,AlphaTauri,ALT,,15.0,,,,,,6.3,jm1261/Fantasy-F1-League,https://github.com/jm1261/Fantasy-F1-League/blob/main/Data/2023/Lineup/Saudi%20Arabia_Results.json,MIT,third_party_recorded,False,True,False,third_party_recorded,historical_fantasy_scores_v3_recorded_2023_2026
2023,2,Saudi Arabian Grand Prix,2023-03-19,constructor,alpine,jm1261/Fantasy-F1-League:2023:constructor:Alpine,Alpine,ALP,,28.0,,,,,,10.0,jm1261/Fantasy-F1-League,https://github.com/jm1261/Fantasy-F1-League/blob/main/Data/2023/Lineup/Saudi%20Arabia_Results.json,MIT,third_party_recorded,False,True,False,third_party_recorded,historical_fantasy_scores_v3_recorded_2023_2026
2023,2,Saudi Arabian Grand Prix,2023-03-19,constructor,aston_martin,jm1261/Fantasy-F1-League:2023:constructor:Aston Martin,Aston Martin,AMR,,19.0,,,,,,6.8,jm1261/Fantasy-F1-League,https://github.com/jm1261/Fantasy-F1-League/blob/main/Data/2023/Lineup/Saudi%20Arabia_Results.json,MIT,third_party_recorded,False,True,False,third_party_recorded,historical_fantasy_scores_v3_recorded_2023_2026
2023,2,Saudi Arabian Grand Prix,2023-03-19,constructor,ferrari,jm1261/Fantasy-F1-League:2023:constructor:Ferrari,Ferrari,FER,,59.0,,,,,,22.2,jm1261/Fantasy-F1-League,https://github.com/jm1261/Fantasy-F1-League/blob/main/Data/2023/Lineup/Saudi%20Arabia_Results.json,MIT,third_party_recorded,False,True,False,third_party_recorded,historical_fantasy_scores_v3_recorded_2023_2026
2023,2,Saudi Arabian Grand Prix,2023-03-19,constructor,haas,jm1261/Fantasy-F1-League:2023:constructor:Haas,Haas,HAS,,13.0,,,,,,5.2,jm1261/Fantasy-F1-League,https://github.com/jm1261/Fantasy-F1-League/blob/main/Data/2023/Lineup/Saudi%20Arabia_Results.json,MIT,third_party_recorded,False,True,False,third_party_recorded,historical_fantasy_scores_v3_recorded_2023_2026
2023,2,Saudi Arabian Grand Prix,2023-03-19,constructor,mclaren,jm1261/Fantasy-F1-League:2023:constructor:McLaren,McLaren,MCL,,14.0,,,,,,9.0,jm1261/Fantasy-F1-League,https://github.com/jm1261/Fantasy-F1-League/blob/main/Data/2023/Lineup/Saudi%20Arabia_Results.json,MIT,third_party_recorded,False,True,False,third_party_recorded,historical_fantasy_scores_v3_recorded_2023_2026
2023,2,Saudi Arabian Grand Prix,2023-03-19,constructor,mercedes,jm1261/Fantasy-F1-League:2023:constructor:Mercedes,Mercedes,MER,,44.0,,,,,,25.1,jm1261/Fantasy-F1-League,https://github.com/jm1261/Fantasy-F1-League/blob/main/Data/2023/Lineup/Saudi%20Arabia_Results.json,MIT,third_party_recorded,False,True,False,third_party_recorded,historical_fantasy_scores_v3_recorded_2023_2026
2023,2,Saudi Arabian Grand Prix,2023-03-19,constructor,red_bull,jm1261/Fantasy-F1-League:2023:constructor:Red Bull,Red Bull,RBR,,95.0,,,,,,27.4,jm1261/Fantasy-F1-League,https://github.com/jm1261/Fantasy-F1-League/blob/main/Data/2023/Lineup/Saudi%20Arabia_Results.json,MIT,third_party_recorded,False,True,False,third_party_recorded,historical_fantasy_scores_v3_recorded_2023_2026
2023,2,Saudi Arabian Grand Prix,2023-03-19,constructor,williams,jm1261/Fantasy-F1-League:2023:constructor:Williams,Williams,WIL,,-16.0,,,,,,5.0,jm1261/Fantasy-F1-League,https://github.com/jm1261/Fantasy-F1-League/blob/main/Data/2023/Lineup/Saudi%20Arabia_Results.json,MIT,third_party_recorded,False,True,False,third_party_recorded,historical_fantasy_scores_v3_recorded_2023_2026
2023,2,Saudi Arabian Grand Prix,2023-03-19,driver,albon,jm1261/Fantasy-F1-League:2023:driver:Albon,Alexander Albon,ALB,Williams,-17.0,,,,,,5.4,jm1261/Fantasy-F1-League,https://github.com/jm1261/Fantasy-F1-League/blob/main/Data/2023/Lineup/Saudi%20Arabia_Results.json,MIT,third_party_recorded,False,True,False,third_party_recorded,historical_fantasy_scores_v3_recorded_2023_2026
2023,2,Saudi Arabian Grand Prix,2023-03-19,driver,alonso,jm1261/Fantasy-F1-League:2023:driver:Alonso,Fernando Alonso,ALO,Aston Martin,23.0,,,,,,8.7,jm1261/Fantasy-F1-League,https://github.com/jm1261/Fantasy-F1-League/blob/main/Data/2023/Lineup/Saudi%20Arabia_Results.json,MIT,third_party_recorded,False,True,False,third_party_recorded,historical_fantasy_scores_v3_recorded_2023_2026
2023,2,Saudi Arabian Grand Prix,2023-03-19,driver,bottas,jm1261/Fantasy-F1-League:2023:driver:Bottas,Valtteri Bottas,BOT,Alfa Romeo,-2.0,,,,,,7.7,jm1261/Fantasy-F1-League,https://github.com/jm1261/Fantasy-F1-League/blob/main/Data/2023/Lineup/Saudi%20Arabia_Results.json,MIT,third_party_recorded,False,True,False,third_party_recorded,historical_fantasy_scores_v3_recorded_2023_2026
2023,2,Saudi Arabian Grand Prix,2023-03-19,driver,de_vries,jm1261/Fantasy-F1-League:2023:driver:De Vries,Nyck de Vries,DEV,AlphaTauri,7.0,,,,,,5.0,jm1261/Fantasy-F1-League,https://github.com/jm1261/Fantasy-F1-League/blob/main/Data/2023/Lineup/Saudi%20Arabia_Results.json,MIT,third_party_recorded,False,True,False,third_party_recorded,historical_fantasy_scores_v3_recorded_2023_2026
2023,2,Saudi Arabian Grand Prix,2023-03-19,driver,gasly,jm1261/Fantasy-F1-League:2023:driver:Gasly,Pierre Gasly,GAS,Alpine,6.0,,,,,,8.2,jm1261/Fantasy-F1-League,https://github.com/jm1261/Fantasy-F1-League/blob/main/Data/2023/Lineup/Saudi%20Arabia_Results.json,MIT,third_party_recorded,False,True,False,third_party_recorded,historical_fantasy_scores_v3_recorded_2023_2026
2023,2,Saudi Arabian Grand Prix,2023-03-19,driver,hamilton,jm1261/Fantasy-F1-League:2023:driver:Hamilton,Lewis Hamilton,HAM,Mercedes,16.0,,,,,,23.7,jm1261/Fantasy-F1-League,https://github.com/jm1261/Fantasy-F1-League/blob/main/Data/2023/Lineup/Saudi%20Arabia_Results.json,MIT,third_party_recorded,False,True,False,third_party_recorded,historical_fantasy_scores_v3_recorded_2023_2026
2023,2,Saudi Arabian Grand Prix,2023-03-19,driver,hulkenberg,jm1261/Fantasy-F1-League:2023:driver:Hulkenberg,Nico Hülkenberg,HUL,Haas,1.0,,,,,,4.1,jm1261/Fantasy-F1-League,https://github.com/jm1261/Fantasy-F1-League/blob/main/Data/2023/Lineup/Saudi%20Arabia_Results.json,MIT,third_party_recorded,False,True,False,third_party_recorded,historical_fantasy_scores_v3_recorded_2023_2026
2023,2,Saudi Arabian Grand Prix,2023-03-19,driver,kevin_magnussen,jm1261/Fantasy-F1-League:2023:driver:Magnussen,Kevin Magnussen,MAG,Haas,9.0,,,,,,6.7,jm1261/Fantasy-F1-League,https://github.com/jm1261/Fantasy-F1-League/blob/main/Data/2023/Lineup/Saudi%20Arabia_Results.json,MIT,third_party_recorded,False,True,False,third_party_recorded,historical_fantasy_scores_v3_recorded_2023_2026
2023,2,Saudi Arabian Grand Prix,2023-03-19,driver,leclerc,jm1261/Fantasy-F1-League:2023:driver:Leclerc,Charles Leclerc,LEC,Ferrari,27.0,,,,,,21.2,jm1261/Fantasy-F1-League,https://github.com/jm1261/Fantasy-F1-League/blob/main/Data/2023/Lineup/Saudi%20Arabia_Results.json,MIT,third_party_recorded,False,True,False,third_party_recorded,historical_fantasy_scores_v3_recorded_2023_2026
2023,2,Saudi Arabian Grand Prix,2023-03-19,driver,max_verstappen,jm1261/Fantasy-F1-League:2023:driver:Verstappen,Max Verstappen,VER,Red Bull,61.0,,,,,,27.1,jm1261/Fantasy-F1-League,https://github.com/jm1261/Fantasy-F1-League/blob/main/Data/2023/Lineup/Saudi%20Arabia_Results.json,MIT,third_party_recorded,False,True,False,third_party_recorded,historical_fantasy_scores_v3_recorded_2023_2026
2023,2,Saudi Arabian Grand Prix,2023-03-19,driver,norris,jm1261/Fantasy-F1-League:2023:driver:Norris,Lando Norris,NOR,McLaren,7.0,,,,,,11.1,jm1261/Fantasy-F1-League,https://github.com/jm1261/Fantasy-F1-League/blob/main/Data/2023/Lineup/Saudi%20Arabia_Results.json,MIT,third_party_recorded,False,True,False,third_party_recorded,historical_fantasy_scores_v3_recorded_2023_2026
2023,2,Saudi Arabian Grand Prix,2023-03-19,driver,ocon,jm1261/Fantasy-F1-League:2023:driver:Ocon,Esteban Ocon,OCO,Alpine,7.0,,,,,,9.3,jm1261/Fantasy-F1-League,https://github.com/jm1261/Fantasy-F1-League/blob/main/Data/2023/Lineup/Saudi%20Arabia_Results.json,MIT,third_party_recorded,False,True,False,third_party_recorded,historical_fantasy_scores_v3_recorded_2023_2026
2023,2,Saudi Arabian Grand Prix,2023-03-19,driver,perez,jm1261/Fantasy-F1-League:2023:driver:Perez,Sergio Pérez,PER,Red Bull,36.0,,,,,,18.2,jm1261/Fantasy-F1-League,https://github.com/jm1261/Fantasy-F1-League/blob/main/Data/2023/Lineup/Saudi%20Arabia_Results.json,MIT,third_party_recorded,False,True,False,third_party_recorded,historical_fantasy_scores_v3_recorded_2023_2026
2023,2,Saudi Arabian Grand Prix,2023-03-19,driver,piastri,jm1261/Fantasy-F1-League:2023:driver:Piastri,Oscar Piastri,PIA,McLaren,2.0,,,,,,6.8,jm1261/Fantasy-F1-League,https://github.com/jm1261/Fantasy-F1-League/blob/main/Data/2023/Lineup/Saudi%20Arabia_Results.json,MIT,third_party_recorded,False,True,False,third_party_recorded,historical_fantasy_scores_v3_recorded_2023_2026
2023,2,Saudi Arabian Grand Prix,2023-03-19,driver,russell,jm1261/Fantasy-F1-League:2023:driver:Russell,George Russell,RUS,Mercedes,18.0,,,,,,18.6,jm1261/Fantasy-F1-League,https://github.com/jm1261/Fantasy-F1-League/blob/main/Data/2023/Lineup/Saudi%20Arabia_Results.json,MIT,third_party_recorded,False,True,False,third_party_recorded,historical_fantasy_scores_v3_recorded_2023_2026
2023,2,Saudi Arabian Grand Prix,2023-03-19,driver,sainz,jm1261/Fantasy-F1-League:2023:driver:Sainz,Carlos Sainz,SAI,Ferrari,12.0,,,,,,17.2,jm1261/Fantasy-F1-League,https://github.com/jm1261/Fantasy-F1-League/blob/main/Data/2023/Lineup/Saudi%20Arabia_Results.json,MIT,third_party_recorded,False,True,False,third_party_recorded,historical_fantasy_scores_v3_recorded_2023_2026
2023,2,Saudi Arabian Grand Prix,2023-03-19,driver,sargeant,jm1261/Fantasy-F1-League:2023:driver:Sargeant,Logan Sargeant,SAR,Williams,2.0,,,,,,3.9,jm1261/Fantasy-F1-League,https://github.com/jm1261/Fantasy-F1-League/blob/main/Data/2023/Lineup/Saudi%20Arabia_Results.json,MIT,third_party_recorded,False,True,False,third_party_recorded,historical_fantasy_scores_v3_recorded_2023_2026
2023,2,Saudi Arabian Grand Prix,2023-03-19,driver,stroll,jm1261/Fantasy-F1-League:2023:driver:Stroll,Lance Stroll,STR,Aston Martin,-14.0,,,,,,7.5,jm1261/Fantasy-F1-League,https://github.com/jm1261/Fantasy-F1-League/blob/main/Data/2023/Lineup/Saudi%20Arabia_Results.json,MIT,third_party_recorded,False,True,False,third_party_recorded,historical_fantasy_scores_v3_recorded_2023_2026
2023,2,Saudi Arabian Grand Prix,2023-03-19,driver,tsunoda,jm1261/Fantasy-F1-League:2023:driver:Tsunoda,Yuki Tsunoda,TSU,AlphaTauri,9.0,,,,,,4.8,jm1261/Fantasy-F1-League,https://github.com/jm1261/Fantasy-F1-League/blob/main/Data/2023/Lineup/Saudi%20Arabia_Results.json,MIT,third_party_recorded,False,True,False,third_party_recorded,historical_fantasy_scores_v3_recorded_2023_2026
2023,2,Saudi Arabian Grand Prix,2023-03-19,driver,zhou,jm1261/Fantasy-F1-League:2023:driver:Guanyu,Guanyu Zhou,ZHO,Alfa Romeo,6.0,,,,,,4.9,jm1261/Fantasy-F1-League,https://github.com/jm1261/Fantasy-F1-League/blob/main/Data/2023/Lineup/Saudi%20Arabia_Results.json,MIT,third_party_recorded,False,True,False,third_party_recorded,historical_fantasy_scores_v3_recorded_2023_2026
2023,3,Australian Grand Prix,2023-04-02,constructor,alfa,jm1261/Fantasy-F1-League:2023:constructor:Alfa Romeo,Alfa Romeo,ALF,,26.0,,,,,,6.1,jm1261/Fantasy-F1-League,https://github.com/jm1261/Fantasy-F1-League/blob/main/Data/2023/Lineup/Australia_Results.json,MIT,third_party_recorded,False,True,False,third_party_recorded,historical_fantasy_scores_v3_recorded_2023_2026
2023,3,Australian Grand Prix,2023-04-02,constructor,alphatauri,jm1261/Fantasy-F1-League:2023:constructor:AlphaTauri,AlphaTauri,ALT,,13.0,,,,,,6.2,jm1261/Fantasy-F1-League,https://github.com/jm1261/Fantasy-F1-League/blob/main/Data/2023/Lineup/Australia_Results.json,MIT,third_party_recorded,False,True,False,third_party_recorded,historical_fantasy_scores_v3_recorded_2023_2026
2023,3,Australian Grand Prix,2023-04-02,constructor,alpine,jm1261/Fantasy-F1-League:2023:constructor:Alpine,Alpine,ALP,,11.0,,,,,,9.9,jm1261/Fantasy-F1-League,https://github.com/jm1261/Fantasy-F1-League/blob/main/Data/2023/Lineup/Australia_Results.json,MIT,third_party_recorded,False,True,False,third_party_recorded,historical_fantasy_scores_v3_recorded_2023_2026
2023,3,Australian Grand Prix,2023-04-02,constructor,aston_martin,jm1261/Fantasy-F1-League:2023:constructor:Aston Martin,Aston Martin,AMR,,54.0,,,,,,6.9,jm1261/Fantasy-F1-League,https://github.com/jm1261/Fantasy-F1-League/blob/main/Data/2023/Lineup/Australia_Results.json,MIT,third_party_recorded,False,True,False,third_party_recorded,historical_fantasy_scores_v3_recorded_2023_2026
2023,3,Australian Grand Prix,2023-04-02,constructor,ferrari,jm1261/Fantasy-F1-League:2023:constructor:Ferrari,Ferrari,FER,,3.0,,,,,,22.1,jm1261/Fantasy-F1-League,https://github.com/jm1261/Fantasy-F1-League/blob/main/Data/2023/Lineup/Australia_Results.json,MIT,third_party_recorded,False,True,False,third_party_recorded,historical_fantasy_scores_v3_recorded_2023_2026
2023,3,Australian Grand Prix,2023-04-02,constructor,haas,jm1261/Fantasy-F1-League:2023:constructor:Haas,Haas,HAS,,18.0,,,,,,5.2,jm1261/Fantasy-F1-League,https://github.com/jm1261/Fantasy-F1-League/blob/main/Data/2023/Lineup/Australia_Results.json,MIT,third_party_recorded,False,True,False,third_party_recorded,historical_fantasy_scores_v3_recorded_2023_2026
2023,3,Australian Grand Prix,2023-04-02,constructor,mclaren,jm1261/Fantasy-F1-League:2023:constructor:McLaren,McLaren,MCL,,36.0,,,,,,9.0,jm1261/Fantasy-F1-League,https://github.com/jm1261/Fantasy-F1-League/blob/main/Data/2023/Lineup/Australia_Results.json,MIT,third_party_recorded,False,True,False,third_party_recorded,historical_fantasy_scores_v3_recorded_2023_2026
2023,3,Australian Grand Prix,2023-04-02,constructor,mercedes,jm1261/Fantasy-F1-League:2023:constructor:Mercedes,Mercedes,MER,,32.0,,,,,,25.1,jm1261/Fantasy-F1-League,https://github.com/jm1261/Fantasy-F1-League/blob/main/Data/2023/Lineup/Australia_Results.json,MIT,third_party_recorded,False,True,False,third_party_recorded,historical_fantasy_scores_v3_recorded_2023_2026
2023,3,Australian Grand Prix,2023-04-02,constructor,red_bull,jm1261/Fantasy-F1-League:2023:constructor:Red Bull,Red Bull,RBR,,98.0,,,,,,27.5,jm1261/Fantasy-F1-League,https://github.com/jm1261/Fantasy-F1-League/blob/main/Data/2023/Lineup/Australia_Results.json,MIT,third_party_recorded,False,True,False,third_party_recorded,historical_fantasy_scores_v3_recorded_2023_2026
2023,3,Australian Grand Prix,2023-04-02,constructor,williams,jm1261/Fantasy-F1-League:2023:constructor:Williams,Williams,WIL,,-5.0,,,,,,4.9,jm1261/Fantasy-F1-League,https://github.com/jm1261/Fantasy-F1-League/blob/main/Data/2023/Lineup/Australia_Results.json,MIT,third_party_recorded,False,True,False,third_party_recorded,historical_fantasy_scores_v3_recorded_2023_2026
2023,3,Australian Grand Prix,2023-04-02,driver,albon,jm1261/Fantasy-F1-League:2023:driver:Albon,Alexander Albon,ALB,Williams,-15.0,,,,,,5.3,jm1261/Fantasy-F1-League,https://github.com/jm1261/Fantasy-F1-League/blob/main/Data/2023/Lineup/Australia_Results.json,MIT,third_party_recorded,False,True,False,third_party_recorded,historical_fantasy_scores_v3_recorded_2023_2026
2023,3,Australian Grand Prix,2023-04-02,driver,alonso,jm1261/Fantasy-F1-League:2023:driver:Alonso,Fernando Alonso,ALO,Aston Martin,23.0,,,,,,8.9,jm1261/Fantasy-F1-League,https://github.com/jm1261/Fantasy-F1-League/blob/main/Data/2023/Lineup/Australia_Results.json,MIT,third_party_recorded,False,True,False,third_party_recorded,historical_fantasy_scores_v3_recorded_2023_2026
2023,3,Australian Grand Prix,2023-04-02,driver,bottas,jm1261/Fantasy-F1-League:2023:driver:Bottas,Valtteri Bottas,BOT,Alfa Romeo,12.0,,,,,,7.7,jm1261/Fantasy-F1-League,https://github.com/jm1261/Fantasy-F1-League/blob/main/Data/2023/Lineup/Australia_Results.json,MIT,third_party_recorded,False,True,False,third_party_recorded,historical_fantasy_scores_v3_recorded_2023_2026
2023,3,Australian Grand Prix,2023-04-02,driver,de_vries,jm1261/Fantasy-F1-League:2023:driver:De Vries,Nyck de Vries,DEV,AlphaTauri,3.0,,,,,,4.9,jm1261/Fantasy-F1-League,https://github.com/jm1261/Fantasy-F1-League/blob/main/Data/2023/Lineup/Australia_Results.json,MIT,third_party_recorded,False,True,False,third_party_recorded,historical_fantasy_scores_v3_recorded_2023_2026
2023,3,Australian Grand Prix,2023-04-02,driver,gasly,jm1261/Fantasy-F1-League:2023:driver:Gasly,Pierre Gasly,GAS,Alpine,1.0,,,,,,8.1,jm1261/Fantasy-F1-League,https://github.com/jm1261/Fantasy-F1-League/blob/main/Data/2023/Lineup/Australia_Results.json,MIT,third_party_recorded,False,True,False,third_party_recorded,historical_fantasy_scores_v3_recorded_2023_2026
2023,3,Australian Grand Prix,2023-04-02,driver,hamilton,jm1261/Fantasy-F1-League:2023:driver:Hamilton,Lewis Hamilton,HAM,Mercedes,29.0,,,,,,23.8,jm1261/Fantasy-F1-League,https://github.com/jm1261/Fantasy-F1-League/blob/main/Data/2023/Lineup/Australia_Results.json,MIT,third_party_recorded,False,True,False,third_party_recorded,historical_fantasy_scores_v3_recorded_2023_2026
2023,3,Australian Grand Prix,2023-04-02,driver,hulkenberg,jm1261/Fantasy-F1-League:2023:driver:Hulkenberg,Nico Hülkenberg,HUL,Haas,11.0,,,,,,4.1,jm1261/Fantasy-F1-League,https://github.com/jm1261/Fantasy-F1-League/blob/main/Data/2023/Lineup/Australia_Results.json,MIT,third_party_recorded,False,True,False,third_party_recorded,historical_fantasy_scores_v3_recorded_2023_2026
2023,3,Australian Grand Prix,2023-04-02,driver,kevin_magnussen,jm1261/Fantasy-F1-League:2023:driver:Magnussen,Kevin Magnussen,MAG,Haas,2.0,,,,,,6.6,jm1261/Fantasy-F1-League,https://github.com/jm1261/Fantasy-F1-League/blob/main/Data/2023/Lineup/Australia_Results.json,MIT,third_party_recorded,False,True,False,third_party_recorded,historical_fantasy_scores_v3_recorded_2023_2026
2023,3,Australian Grand Prix,2023-04-02,driver,leclerc,jm1261/Fantasy-F1-League:2023:driver:Leclerc,Charles Leclerc,LEC,Ferrari,-15.0,,,,,,21.1,jm1261/Fantasy-F1-League,https://github.com/jm1261/Fantasy-F1-League/blob/main/Data/2023/Lineup/Australia_Results.json,MIT,third_party_recorded,False,True,False,third_party_recorded,historical_fantasy_scores_v3_recorded_2023_2026
2023,3,Australian Grand Prix,2023-04-02,driver,max_verstappen,jm1261/Fantasy-F1-League:2023:driver:Verstappen,Max Verstappen,VER,Red Bull,36.0,,,,,,27.2,jm1261/Fantasy-F1-League,https://github.com/jm1261/Fantasy-F1-League/blob/main/Data/2023/Lineup/Australia_Results.json,MIT,third_party_recorded,False,True,False,third_party_recorded,historical_fantasy_scores_v3_recorded_2023_2026
2023,3,Australian Grand Prix,2023-04-02,driver,norris,jm1261/Fantasy-F1-League:2023:driver:Norris,Lando Norris,NOR,McLaren,19.0,,,,,,11.2,jm1261/Fantasy-F1-League,https://github.com/jm1261/Fantasy-F1-League/blob/main/Data/2023/Lineup/Australia_Results.json,MIT,third_party_recorded,False,True,False,third_party_recorded,historical_fantasy_scores_v3_recorded_2023_2026
2023,3,Australian Grand Prix,2023-04-02,driver,ocon,jm1261/Fantasy-F1-League:2023:driver:Ocon,Esteban Ocon,OCO,Alpine,2.0,,,,,,9.2,jm1261/Fantasy-F1-League,https://github.com/jm1261/Fantasy-F1-League/blob/main/Data/2023/Lineup/Australia_Results.json,MIT,third_party_recorded,False,True,False,third_party_recorded,historical_fantasy_scores_v3_recorded_2023_2026
2023,3,Australian Grand Prix,2023-04-02,driver,perez,jm1261/Fantasy-F1-League:2023:driver:Perez,Sergio Pérez,PER,Red Bull,52.0,,,,,,18.3,jm1261/Fantasy-F1-League,https://github.com/jm1261/Fantasy-F1-League/blob/main/Data/2023/Lineup/Australia_Results.json,MIT,third_party_recorded,False,True,False,third_party_recorded,historical_fantasy_scores_v3_recorded_2023_2026
2023,3,Australian Grand Prix,2023-04-02,driver,piastri,jm1261/Fantasy-F1-League:2023:driver:Piastri,Oscar Piastri,PIA,McLaren,16.0,,,,,,6.8,jm1261/Fantasy-F1-League,https://github.com/jm1261/Fantasy-F1-League/blob/main/Data/2023/Lineup/Australia_Results.json,MIT,third_party_recorded,False,True,False,third_party_recorded,historical_fantasy_scores_v3_recorded_2023_2026
2023,3,Australian Grand Prix,2023-04-02,driver,russell,jm1261/Fantasy-F1-League:2023:driver:Russell,George Russell,RUS,Mercedes,-7.0,,,,,,18.5,jm1261/Fantasy-F1-League,https://github.com/jm1261/Fantasy-F1-League/blob/main/Data/2023/Lineup/Australia_Results.json,MIT,third_party_recorded,False,True,False,third_party_recorded,historical_fantasy_scores_v3_recorded_2023_2026
2023,3,Australian Grand Prix,2023-04-02,driver,sainz,jm1261/Fantasy-F1-League:2023:driver:Sainz,Carlos Sainz,SAI,Ferrari,8.0,,,,,,17.2,jm1261/Fantasy-F1-League,https://github.com/jm1261/Fantasy-F1-League/blob/main/Data/2023/Lineup/Australia_Results.json,MIT,third_party_recorded,False,True,False,third_party_recorded,historical_fantasy_scores_v3_recorded_2023_2026
2023,3,Australian Grand Prix,2023-04-02,driver,sargeant,jm1261/Fantasy-F1-League:2023:driver:Sargeant,Logan Sargeant,SAR,Williams,5.0,,,,,,3.8,jm1261/Fantasy-F1-League,https://github.com/jm1261/Fantasy-F1-League/blob/main/Data/2023/Lineup/Australia_Results.json,MIT,third_party_recorded,False,True,False,third_party_recorded,historical_fantasy_scores_v3_recorded_2023_2026
2023,3,Australian Grand Prix,2023-04-02,driver,stroll,jm1261/Fantasy-F1-League:2023:driver:Stroll,Lance Stroll,STR,Aston Martin,21.0,,,,,,7.6,jm1261/Fantasy-F1-League,https://github.com/jm1261/Fantasy-F1-League/blob/main/Data/2023/Lineup/Australia_Results.json,MIT,third_party_recorded,False,True,False,third_party_recorded,historical_fantasy_scores_v3_recorded_2023_2026
2023,3,Australian Grand Prix,2023-04-02,driver,tsunoda,jm1261/Fantasy-F1-League:2023:driver:Tsunoda,Yuki Tsunoda,TSU,AlphaTauri,7.0,,,,,,4.8,jm1261/Fantasy-F1-League,https://github.com/jm1261/Fantasy-F1-League/blob/main/Data/2023/Lineup/Australia_Results.json,MIT,third_party_recorded,False,True,False,third_party_recorded,historical_fantasy_scores_v3_recorded_2023_2026
2023,3,Australian Grand Prix,2023-04-02,driver,zhou,jm1261/Fantasy-F1-League:2023:driver:Guanyu,Guanyu Zhou,ZHO,Alfa Romeo,15.0,,,,,,4.9,jm1261/Fantasy-F1-League,https://github.com/jm1261/Fantasy-F1-League/blob/main/Data/2023/Lineup/Australia_Results.json,MIT,third_party_recorded,False,True,False,third_party_recorded,historical_fantasy_scores_v3_recorded_2023_2026
2023,4,Azerbaijan Grand Prix,2023-04-30,constructor,alfa,jm1261/Fantasy-F1-League:2023:constructor:Alfa Romeo,Alfa Romeo,ALF,,-10.0,,,,,,6.0,jm1261/Fantasy-F1-League,https://github.com/jm1261/Fantasy-F1-League/blob/main/Data/2023/Lineup/Azerbaijan_Results.json,MIT,third_party_recorded,False,True,False,third_party_recorded,historical_fantasy_scores_v3_recorded_2023_2026
2023,4,Azerbaijan Grand Prix,2023-04-30,constructor,alphatauri,jm1261/Fantasy-F1-League:2023:constructor:AlphaTauri,AlphaTauri,ALT,,-23.0,,,,,,6.1,jm1261/Fantasy-F1-League,https://github.com/jm1261/Fantasy-F1-League/blob/main/Data/2023/Lineup/Azerbaijan_Results.json,MIT,third_party_recorded,False,True,False,third_party_recorded,historical_fantasy_scores_v3_recorded_2023_2026
2023,4,Azerbaijan Grand Prix,2023-04-30,constructor,alpine,jm1261/Fantasy-F1-League:2023:constructor:Alpine,Alpine,ALP,,25.0,,,,,,9.9,jm1261/Fantasy-F1-League,https://github.com/jm1261/Fantasy-F1-League/blob/main/Data/2023/Lineup/Azerbaijan_Results.json,MIT,third_party_recorded,False,True,False,third_party_recorded,historical_fantasy_scores_v3_recorded_2023_2026
2023,4,Azerbaijan Grand Prix,2023-04-30,constructor,aston_martin,jm1261/Fantasy-F1-League:2023:constructor:Aston Martin,Aston Martin,AMR,,55.0,,,,,,7.0,jm1261/Fantasy-F1-League,https://github.com/jm1261/Fantasy-F1-League/blob/main/Data/2023/Lineup/Azerbaijan_Results.json,MIT,third_party_recorded,False,True,False,third_party_recorded,historical_fantasy_scores_v3_recorded_2023_2026
2023,4,Azerbaijan Grand Prix,2023-04-30,constructor,ferrari,jm1261/Fantasy-F1-League:2023:constructor:Ferrari,Ferrari,FER,,63.0,,,,,,22.2,jm1261/Fantasy-F1-League,https://github.com/jm1261/Fantasy-F1-League/blob/main/Data/2023/Lineup/Azerbaijan_Results.json,MIT,third_party_recorded,False,True,False,third_party_recorded,historical_fantasy_scores_v3_recorded_2023_2026
2023,4,Azerbaijan Grand Prix,2023-04-30,constructor,haas,jm1261/Fantasy-F1-League:2023:constructor:Haas,Haas,HAS,,17.0,,,,,,5.2,jm1261/Fantasy-F1-League,https://github.com/jm1261/Fantasy-F1-League/blob/main/Data/2023/Lineup/Azerbaijan_Results.json,MIT,third_party_recorded,False,True,False,third_party_recorded,historical_fantasy_scores_v3_recorded_2023_2026
2023,4,Azerbaijan Grand Prix,2023-04-30,constructor,mclaren,jm1261/Fantasy-F1-League:2023:constructor:McLaren,McLaren,MCL,,23.0,,,,,,9.0,jm1261/Fantasy-F1-League,https://github.com/jm1261/Fantasy-F1-League/blob/main/Data/2023/Lineup/Azerbaijan_Results.json,MIT,third_party_recorded,False,True,False,third_party_recorded,historical_fantasy_scores_v3_recorded_2023_2026
2023,4,Azerbaijan Grand Prix,2023-04-30,constructor,mercedes,jm1261/Fantasy-F1-League:2023:constructor:Mercedes,Mercedes,MER,,49.0,,,,,,25.1,jm1261/Fantasy-F1-League,https://github.com/jm1261/Fantasy-F1-League/blob/main/Data/2023/Lineup/Azerbaijan_Results.json,MIT,third_party_recorded,False,True,False,third_party_recorded,historical_fantasy_scores_v3_recorded_2023_2026
2023,4,Azerbaijan Grand Prix,2023-04-30,constructor,red_bull,jm1261/Fantasy-F1-League:2023:constructor:Red Bull,Red Bull,RBR,,108.0,,,,,,27.6,jm1261/Fantasy-F1-League,https://github.com/jm1261/Fantasy-F1-League/blob/main/Data/2023/Lineup/Azerbaijan_Results.json,MIT,third_party_recorded,False,True,False,third_party_recorded,historical_fantasy_scores_v3_recorded_2023_2026
2023,4,Azerbaijan Grand Prix,2023-04-30,constructor,williams,jm1261/Fantasy-F1-League:2023:constructor:Williams,Williams,WIL,,-15.0,,,,,,4.8,jm1261/Fantasy-F1-League,https://github.com/jm1261/Fantasy-F1-League/blob/main/Data/2023/Lineup/Azerbaijan_Results.json,MIT,third_party_recorded,False,True,False,third_party_recorded,historical_fantasy_scores_v3_recorded_2023_2026
2023,4,Azerbaijan Grand Prix,2023-04-30,driver,albon,jm1261/Fantasy-F1-League:2023:driver:Albon,Alexander Albon,ALB,Williams,2.0,,,,,,5.2,jm1261/Fantasy-F1-League,https://github.com/jm1261/Fantasy-F1-League/blob/main/Data/2023/Lineup/Azerbaijan_Results.json,MIT,third_party_recorded,False,True,False,third_party_recorded,historical_fantasy_scores_v3_recorded_2023_2026
2023,4,Azerbaijan Grand Prix,2023-04-30,driver,alonso,jm1261/Fantasy-F1-League:2023:driver:Alonso,Fernando Alonso,ALO,Aston Martin,27.0,,,,,,9.1,jm1261/Fantasy-F1-League,https://github.com/jm1261/Fantasy-F1-League/blob/main/Data/2023/Lineup/Azerbaijan_Results.json,MIT,third_party_recorded,False,True,False,third_party_recorded,historical_fantasy_scores_v3_recorded_2023_2026
2023,4,Azerbaijan Grand Prix,2023-04-30,driver,bottas,jm1261/Fantasy-F1-League:2023:driver:Bottas,Valtteri Bottas,BOT,Alfa Romeo,-1.0,,,,,,7.6,jm1261/Fantasy-F1-League,https://github.com/jm1261/Fantasy-F1-League/blob/main/Data/2023/Lineup/Azerbaijan_Results.json,MIT,third_party_recorded,False,True,False,third_party_recorded,historical_fantasy_scores_v3_recorded_2023_2026
2023,4,Azerbaijan Grand Prix,2023-04-30,driver,de_vries,jm1261/Fantasy-F1-League:2023:driver:De Vries,Nyck de Vries,DEV,AlphaTauri,-15.0,,,,,,4.8,jm1261/Fantasy-F1-League,https://github.com/jm1261/Fantasy-F1-League/blob/main/Data/2023/Lineup/Azerbaijan_Results.json,MIT,third_party_recorded,False,True,False,third_party_recorded,historical_fantasy_scores_v3_recorded_2023_2026
2023,4,Azerbaijan Grand Prix,2023-04-30,driver,gasly,jm1261/Fantasy-F1-League:2023:driver:Gasly,Pierre Gasly,GAS,Alpine,17.0,,,,,,8.1,jm1261/Fantasy-F1-League,https://github.com/jm1261/Fantasy-F1-League/blob/main/Data/2023/Lineup/Azerbaijan_Results.json,MIT,third_party_recorded,False,True,False,third_party_recorded,historical_fantasy_scores_v3_recorded_2023_2026
2023,4,Azerbaijan Grand Prix,2023-04-30,driver,hamilton,jm1261/Fantasy-F1-League:2023:driver:Hamilton,Lewis Hamilton,HAM,Mercedes,19.0,,,,,,23.8,jm1261/Fantasy-F1-League,https://github.com/jm1261/Fantasy-F1-League/blob/main/Data/2023/Lineup/Azerbaijan_Results.json,MIT,third_party_recorded,False,True,False,third_party_recorded,historical_fantasy_scores_v3_recorded_2023_2026
2023,4,Azerbaijan Grand Prix,2023-04-30,driver,hulkenberg,jm1261/Fantasy-F1-League:2023:driver:Hulkenberg,Nico Hülkenberg,HUL,Haas,2.0,,,,,,4.0,jm1261/Fantasy-F1-League,https://github.com/jm1261/Fantasy-F1-League/blob/main/Data/2023/Lineup/Azerbaijan_Results.json,MIT,third_party_recorded,False,True,False,third_party_recorded,historical_fantasy_scores_v3_recorded_2023_2026
2023,4,Azerbaijan Grand Prix,2023-04-30,driver,kevin_magnussen,jm1261/Fantasy-F1-League:2023:driver:Magnussen,Kevin Magnussen,MAG,Haas,16.0,,,,,,6.6,jm1261/Fantasy-F1-League,https://github.com/jm1261/Fantasy-F1-League/blob/main/Data/2023/Lineup/Azerbaijan_Results.json,MIT,third_party_recorded,False,True,False,third_party_recorded,historical_fantasy_scores_v3_recorded_2023_2026
2023,4,Azerbaijan Grand Prix,2023-04-30,driver,leclerc,jm1261/Fantasy-F1-League:2023:driver:Leclerc,Charles Leclerc,LEC,Ferrari,29.0,,,,,,21.2,jm1261/Fantasy-F1-League,https://github.com/jm1261/Fantasy-F1-League/blob/main/Data/2023/Lineup/Azerbaijan_Results.json,MIT,third_party_recorded,False,True,False,third_party_recorded,historical_fantasy_scores_v3_recorded_2023_2026
2023,4,Azerbaijan Grand Prix,2023-04-30,driver,max_verstappen,jm1261/Fantasy-F1-League:2023:driver:Verstappen,Max Verstappen,VER,Red Bull,37.0,,,,,,27.3,jm1261/Fantasy-F1-League,https://github.com/jm1261/Fantasy-F1-League/blob/main/Data/2023/Lineup/Azerbaijan_Results.json,MIT,third_party_recorded,False,True,False,third_party_recorded,historical_fantasy_scores_v3_recorded_2023_2026
2023,4,Azerbaijan Grand Prix,2023-04-30,driver,norris,jm1261/Fantasy-F1-League:2023:driver:Norris,Lando Norris,NOR,McLaren,0.0,,,,,,11.1,jm1261/Fantasy-F1-League,https://github.com/jm1261/Fantasy-F1-League/blob/main/Data/2023/Lineup/Azerbaijan_Results.json,MIT,third_party_recorded,False,True,False,third_party_recorded,historical_fantasy_scores_v3_recorded_2023_2026
2023,4,Azerbaijan Grand Prix,2023-04-30,driver,ocon,jm1261/Fantasy-F1-League:2023:driver:Ocon,Esteban Ocon,OCO,Alpine,7.0,,,,,,9.2,jm1261/Fantasy-F1-League,https://github.com/jm1261/Fantasy-F1-League/blob/main/Data/2023/Lineup/Azerbaijan_Results.json,MIT,third_party_recorded,False,True,False,third_party_recorded,historical_fantasy_scores_v3_recorded_2023_2026
2023,4,Azerbaijan Grand Prix,2023-04-30,driver,perez,jm1261/Fantasy-F1-League:2023:driver:Perez,Sergio Pérez,PER,Red Bull,61.0,,,,,,18.4,jm1261/Fantasy-F1-League,https://github.com/jm1261/Fantasy-F1-League/blob/main/Data/2023/Lineup/Azerbaijan_Results.json,MIT,third_party_recorded,False,True,False,third_party_recorded,historical_fantasy_scores_v3_recorded_2023_2026
2023,4,Azerbaijan Grand Prix,2023-04-30,driver,piastri,jm1261/Fantasy-F1-League:2023:driver:Piastri,Oscar Piastri,PIA,McLaren,8.0,,,,,,6.8,jm1261/Fantasy-F1-League,https://github.com/jm1261/Fantasy-F1-League/blob/main/Data/2023/Lineup/Azerbaijan_Results.json,MIT,third_party_recorded,False,True,False,third_party_recorded,historical_fantasy_scores_v3_recorded_2023_2026
2023,4,Azerbaijan Grand Prix,2023-04-30,driver,russell,jm1261/Fantasy-F1-League:2023:driver:Russell,George Russell,RUS,Mercedes,25.0,,,,,,18.6,jm1261/Fantasy-F1-League,https://github.com/jm1261/Fantasy-F1-League/blob/main/Data/2023/Lineup/Azerbaijan_Results.json,MIT,third_party_recorded,False,True,False,third_party_recorded,historical_fantasy_scores_v3_recorded_2023_2026
2023,4,Azerbaijan Grand Prix,2023-04-30,driver,sainz,jm1261/Fantasy-F1-League:2023:driver:Sainz,Carlos Sainz,SAI,Ferrari,21.0,,,,,,17.2,jm1261/Fantasy-F1-League,https://github.com/jm1261/Fantasy-F1-League/blob/main/Data/2023/Lineup/Azerbaijan_Results.json,MIT,third_party_recorded,False,True,False,third_party_recorded,historical_fantasy_scores_v3_recorded_2023_2026
2023,4,Azerbaijan Grand Prix,2023-04-30,driver,sargeant,jm1261/Fantasy-F1-League:2023:driver:Sargeant,Logan Sargeant,SAR,Williams,-20.0,,,,,,3.7,jm1261/Fantasy-F1-League,https://github.com/jm1261/Fantasy-F1-League/blob/main/Data/2023/Lineup/Azerbaijan_Results.json,MIT,third_party_recorded,False,True,False,third_party_recorded,historical_fantasy_scores_v3_recorded_2023_2026
2023,4,Azerbaijan Grand Prix,2023-04-30,driver,stroll,jm1261/Fantasy-F1-League:2023:driver:Stroll,Lance Stroll,STR,Aston Martin,18.0,,,,,,7.7,jm1261/Fantasy-F1-League,https://github.com/jm1261/Fantasy-F1-League/blob/main/Data/2023/Lineup/Azerbaijan_Results.json,MIT,third_party_recorded,False,True,False,third_party_recorded,historical_fantasy_scores_v3_recorded_2023_2026
2023,4,Azerbaijan Grand Prix,2023-04-30,driver,tsunoda,jm1261/Fantasy-F1-League:2023:driver:Tsunoda,Yuki Tsunoda,TSU,AlphaTauri,-13.0,,,,,,4.7,jm1261/Fantasy-F1-League,https://github.com/jm1261/Fantasy-F1-League/blob/main/Data/2023/Lineup/Azerbaijan_Results.json,MIT,third_party_recorded,False,True,False,third_party_recorded,historical_fantasy_scores_v3_recorded_2023_2026
2023,4,Azerbaijan Grand Prix,2023-04-30,driver,zhou,jm1261/Fantasy-F1-League:2023:driver:Guanyu,Guanyu Zhou,ZHO,Alfa Romeo,-10.0,,,,,,4.8,jm1261/Fantasy-F1-League,https://github.com/jm1261/Fantasy-F1-League/blob/main/Data/2023/Lineup/Azerbaijan_Results.json,MIT,third_party_recorded,False,True,False,third_party_recorded,historical_fantasy_scores_v3_recorded_2023_2026
2023,5,Miami Grand Prix,2023-05-07,constructor,alfa,jm1261/Fantasy-F1-League:2023:constructor:Alfa Romeo,Alfa Romeo,ALF,,8.0,,,,,,5.9,jm1261/Fantasy-F1-League,https://github.com/jm1261/Fantasy-F1-League/blob/main/Data/2023/Lineup/Miami_Results.json,MIT,third_party_recorded,False,True,False,third_party_recorded,historical_fantasy_scores_v3_recorded_2023_2026
2023,5,Miami Grand Prix,2023-05-07,constructor,alphatauri,jm1261/Fantasy-F1-League:2023:constructor:AlphaTauri,AlphaTauri,ALT,,17.0,,,,,,6.1,jm1261/Fantasy-F1-League,https://github.com/jm1261/Fantasy-F1-League/blob/main/Data/2023/Lineup/Miami_Results.json,MIT,third_party_recorded,False,True,False,third_party_recorded,historical_fantasy_scores_v3_recorded_2023_2026
2023,5,Miami Grand Prix,2023-05-07,constructor,alpine,jm1261/Fantasy-F1-League:2023:constructor:Alpine,Alpine,ALP,,28.0,,,,,,9.9,jm1261/Fantasy-F1-League,https://github.com/jm1261/Fantasy-F1-League/blob/main/Data/2023/Lineup/Miami_Results.json,MIT,third_party_recorded,False,True,False,third_party_recorded,historical_fantasy_scores_v3_recorded_2023_2026
2023,5,Miami Grand Prix,2023-05-07,constructor,aston_martin,jm1261/Fantasy-F1-League:2023:constructor:Aston Martin,Aston Martin,AMR,,42.0,,,,,,7.0,jm1261/Fantasy-F1-League,https://github.com/jm1261/Fantasy-F1-League/blob/main/Data/2023/Lineup/Miami_Results.json,MIT,third_party_recorded,False,True,False,third_party_recorded,historical_fantasy_scores_v3_recorded_2023_2026
2023,5,Miami Grand Prix,2023-05-07,constructor,ferrari,jm1261/Fantasy-F1-League:2023:constructor:Ferrari,Ferrari,FER,,56.0,,,,,,22.2,jm1261/Fantasy-F1-League,https://github.com/jm1261/Fantasy-F1-League/blob/main/Data/2023/Lineup/Miami_Results.json,MIT,third_party_recorded,False,True,False,third_party_recorded,historical_fantasy_scores_v3_recorded_2023_2026
2023,5,Miami Grand Prix,2023-05-07,constructor,haas,jm1261/Fantasy-F1-League:2023:constructor:Haas,Haas,HAS,,15.0,,,,,,5.1,jm1261/Fantasy-F1-League,https://github.com/jm1261/Fantasy-F1-League/blob/main/Data/2023/Lineup/Miami_Results.json,MIT,third_party_recorded,False,True,False,third_party_recorded,historical_fantasy_scores_v3_recorded_2023_2026
2023,5,Miami Grand Prix,2023-05-07,constructor,mclaren,jm1261/Fantasy-F1-League:2023:constructor:McLaren,McLaren,MCL,,8.0,,,,,,8.9,jm1261/Fantasy-F1-League,https://github.com/jm1261/Fantasy-F1-League/blob/main/Data/2023/Lineup/Miami_Results.json,MIT,third_party_recorded,False,True,False,third_party_recorded,historical_fantasy_scores_v3_recorded_2023_2026
2023,5,Miami Grand Prix,2023-05-07,constructor,mercedes,jm1261/Fantasy-F1-League:2023:constructor:Mercedes,Mercedes,MER,,57.0,,,,,,25.1,jm1261/Fantasy-F1-League,https://github.com/jm1261/Fantasy-F1-League/blob/main/Data/2023/Lineup/Miami_Results.json,MIT,third_party_recorded,False,True,False,third_party_recorded,historical_fantasy_scores_v3_recorded_2023_2026
2023,5,Miami Grand Prix,2023-05-07,constructor,red_bull,jm1261/Fantasy-F1-League:2023:constructor:Red Bull,Red Bull,RBR,,97.0,,,,,,27.7,jm1261/Fantasy-F1-League,https://github.com/jm1261/Fantasy-F1-League/blob/main/Data/2023/Lineup/Miami_Results.json,MIT,third_party_recorded,False,True,False,third_party_recorded,historical_fantasy_scores_v3_recorded_2023_2026
2023,5,Miami Grand Prix,2023-05-07,constructor,williams,jm1261/Fantasy-F1-League:2023:constructor:Williams,Williams,WIL,,1.0,,,,,,4.7,jm1261/Fantasy-F1-League,https://github.com/jm1261/Fantasy-F1-League/blob/main/Data/2023/Lineup/Miami_Results.json,MIT,third_party_recorded,False,True,False,third_party_recorded,historical_fantasy_scores_v3_recorded_2023_2026
2023,5,Miami Grand Prix,2023-05-07,driver,albon,jm1261/Fantasy-F1-League:2023:driver:Albon,Alexander Albon,ALB,Williams,-1.0,,,,,,5.1,jm1261/Fantasy-F1-League,https://github.com/jm1261/Fantasy-F1-League/blob/main/Data/2023/Lineup/Miami_Results.json,MIT,third_party_recorded,False,True,False,third_party_recorded,historical_fantasy_scores_v3_recorded_2023_2026
2023,5,Miami Grand Prix,2023-05-07,driver,alonso,jm1261/Fantasy-F1-League:2023:driver:Alonso,Fernando Alonso,ALO,Aston Martin,25.0,,,,,,9.2,jm1261/Fantasy-F1-League,https://github.com/jm1261/Fantasy-F1-League/blob/main/Data/2023/Lineup/Miami_Results.json,MIT,third_party_recorded,False,True,False,third_party_recorded,historical_fantasy_scores_v3_recorded_2023_2026
2023,5,Miami Grand Prix,2023-05-07,driver,bottas,jm1261/Fantasy-F1-League:2023:driver:Bottas,Valtteri Bottas,BOT,Alfa Romeo,2.0,,,,,,7.5,jm1261/Fantasy-F1-League,https://github.com/jm1261/Fantasy-F1-League/blob/main/Data/2023/Lineup/Miami_Results.json,MIT,third_party_recorded,False,True,False,third_party_recorded,historical_fantasy_scores_v3_recorded_2023_2026
2023,5,Miami Grand Prix,2023-05-07,driver,de_vries,jm1261/Fantasy-F1-League:2023:driver:De Vries,Nyck de Vries,DEV,AlphaTauri,0.0,,,,,,4.7,jm1261/Fantasy-F1-League,https://github.com/jm1261/Fantasy-F1-League/blob/main/Data/2023/Lineup/Miami_Results.json,MIT,third_party_recorded,False,True,False,third_party_recorded,historical_fantasy_scores_v3_recorded_2023_2026
2023,5,Miami Grand Prix,2023-05-07,driver,gasly,jm1261/Fantasy-F1-League:2023:driver:Gasly,Pierre Gasly,GAS,Alpine,10.0,,,,,,8.1,jm1261/Fantasy-F1-League,https://github.com/jm1261/Fantasy-F1-League/blob/main/Data/2023/Lineup/Miami_Results.json,MIT,third_party_recorded,False,True,False,third_party_recorded,historical_fantasy_scores_v3_recorded_2023_2026
2023,5,Miami Grand Prix,2023-05-07,driver,hamilton,jm1261/Fantasy-F1-League:2023:driver:Hamilton,Lewis Hamilton,HAM,Mercedes,24.0,,,,,,23.8,jm1261/Fantasy-F1-League,https://github.com/jm1261/Fantasy-F1-League/blob/main/Data/2023/Lineup/Miami_Results.json,MIT,third_party_recorded,False,True,False,third_party_recorded,historical_fantasy_scores_v3_recorded_2023_2026
2023,5,Miami Grand Prix,2023-05-07,driver,hulkenberg,jm1261/Fantasy-F1-League:2023:driver:Hulkenberg,Nico Hülkenberg,HUL,Haas,4.0,,,,,,3.9,jm1261/Fantasy-F1-League,https://github.com/jm1261/Fantasy-F1-League/blob/main/Data/2023/Lineup/Miami_Results.json,MIT,third_party_recorded,False,True,False,third_party_recorded,historical_fantasy_scores_v3_recorded_2023_2026
2023,5,Miami Grand Prix,2023-05-07,driver,kevin_magnussen,jm1261/Fantasy-F1-League:2023:driver:Magnussen,Kevin Magnussen,MAG,Haas,6.0,,,,,,6.5,jm1261/Fantasy-F1-League,https://github.com/jm1261/Fantasy-F1-League/blob/main/Data/2023/Lineup/Miami_Results.json,MIT,third_party_recorded,False,True,False,third_party_recorded,historical_fantasy_scores_v3_recorded_2023_2026
2023,5,Miami Grand Prix,2023-05-07,driver,leclerc,jm1261/Fantasy-F1-League:2023:driver:Leclerc,Charles Leclerc,LEC,Ferrari,16.0,,,,,,21.2,jm1261/Fantasy-F1-League,https://github.com/jm1261/Fantasy-F1-League/blob/main/Data/2023/Lineup/Miami_Results.json,MIT,third_party_recorded,False,True,False,third_party_recorded,historical_fantasy_scores_v3_recorded_2023_2026
2023,5,Miami Grand Prix,2023-05-07,driver,max_verstappen,jm1261/Fantasy-F1-League:2023:driver:Verstappen,Max Verstappen,VER,Red Bull,64.0,,,,,,27.4,jm1261/Fantasy-F1-League,https://github.com/jm1261/Fantasy-F1-League/blob/main/Data/2023/Lineup/Miami_Results.json,MIT,third_party_recorded,False,True,False,third_party_recorded,historical_fantasy_scores_v3_recorded_2023_2026
2023,5,Miami Grand Prix,2023-05-07,driver,norris,jm1261/Fantasy-F1-League:2023:driver:Norris,Lando Norris,NOR,McLaren,1.0,,,,,,11.0,jm1261/Fantasy-F1-League,https://github.com/jm1261/Fantasy-F1-League/blob/main/Data/2023/Lineup/Miami_Results.json,MIT,third_party_recorded,False,True,False,third_party_recorded,historical_fantasy_scores_v3_recorded_2023_2026
2023,5,Miami Grand Prix,2023-05-07,driver,ocon,jm1261/Fantasy-F1-League:2023:driver:Ocon,Esteban Ocon,OCO,Alpine,8.0,,,,,,9.2,jm1261/Fantasy-F1-League,https://github.com/jm1261/Fantasy-F1-League/blob/main/Data/2023/Lineup/Miami_Results.json,MIT,third_party_recorded,False,True,False,third_party_recorded,historical_fantasy_scores_v3_recorded_2023_2026
2023,5,Miami Grand Prix,2023-05-07,driver,perez,jm1261/Fantasy-F1-League:2023:driver:Perez,Sergio Pérez,PER,Red Bull,28.0,,,,,,18.4,jm1261/Fantasy-F1-League,https://github.com/jm1261/Fantasy-F1-League/blob/main/Data/2023/Lineup/Miami_Results.json,MIT,third_party_recorded,False,True,False,third_party_recorded,historical_fantasy_scores_v3_recorded_2023_2026
2023,5,Miami Grand Prix,2023-05-07,driver,piastri,jm1261/Fantasy-F1-League:2023:driver:Piastri,Oscar Piastri,PIA,McLaren,5.0,,,,,,6.7,jm1261/Fantasy-F1-League,https://github.com/jm1261/Fantasy-F1-League/blob/main/Data/2023/Lineup/Miami_Results.json,MIT,third_party_recorded,False,True,False,third_party_recorded,historical_fantasy_scores_v3_recorded_2023_2026
2023,5,Miami Grand Prix,2023-05-07,driver,russell,jm1261/Fantasy-F1-League:2023:driver:Russell,George Russell,RUS,Mercedes,28.0,,,,,,18.6,jm1261/Fantasy-F1-League,https://github.com/jm1261/Fantasy-F1-League/blob/main/Data/2023/Lineup/Miami_Results.json,MIT,third_party_recorded,False,True,False,third_party_recorded,historical_fantasy_scores_v3_recorded_2023_2026
2023,5,Miami Grand Prix,2023-05-07,driver,sainz,jm1261/Fantasy-F1-League:2023:driver:Sainz,Carlos Sainz,SAI,Ferrari,20.0,,,,,,17.2,jm1261/Fantasy-F1-League,https://github.com/jm1261/Fantasy-F1-League/blob/main/Data/2023/Lineup/Miami_Results.json,MIT,third_party_recorded,False,True,False,third_party_recorded,historical_fantasy_scores_v3_recorded_2023_2026
2023,5,Miami Grand Prix,2023-05-07,driver,sargeant,jm1261/Fantasy-F1-League:2023:driver:Sargeant,Logan Sargeant,SAR,Williams,1.0,,,,,,3.6,jm1261/Fantasy-F1-League,https://github.com/jm1261/Fantasy-F1-League/blob/main/Data/2023/Lineup/Miami_Results.json,MIT,third_party_recorded,False,True,False,third_party_recorded,historical_fantasy_scores_v3_recorded_2023_2026
2023,5,Miami Grand Prix,2023-05-07,driver,stroll,jm1261/Fantasy-F1-League:2023:driver:Stroll,Lance Stroll,STR,Aston Martin,12.0,,,,,,7.7,jm1261/Fantasy-F1-League,https://github.com/jm1261/Fantasy-F1-League/blob/main/Data/2023/Lineup/Miami_Results.json,MIT,third_party_recorded,False,True,False,third_party_recorded,historical_fantasy_scores_v3_recorded_2023_2026
2023,5,Miami Grand Prix,2023-05-07,driver,tsunoda,jm1261/Fantasy-F1-League:2023:driver:Tsunoda,Yuki Tsunoda,TSU,AlphaTauri,16.0,,,,,,4.7,jm1261/Fantasy-F1-League,https://github.com/jm1261/Fantasy-F1-League/blob/main/Data/2023/Lineup/Miami_Results.json,MIT,third_party_recorded,False,True,False,third_party_recorded,historical_fantasy_scores_v3_recorded_2023_2026
2023,5,Miami Grand Prix,2023-05-07,driver,zhou,jm1261/Fantasy-F1-League:2023:driver:Guanyu,Guanyu Zhou,ZHO,Alfa Romeo,1.0,,,,,,4.7,jm1261/Fantasy-F1-League,https://github.com/jm1261/Fantasy-F1-League/blob/main/Data/2023/Lineup/Miami_Results.json,MIT,third_party_recorded,False,True,False,third_party_recorded,historical_fantasy_scores_v3_recorded_2023_2026
2023,6,Monaco Grand Prix,2023-05-28,constructor,alfa,jm1261/Fantasy-F1-League:2023:constructor:Alfa Romeo,Alfa Romeo,ALF,,22.0,,,,,,5.9,jm1261/Fantasy-F1-League,https://github.com/jm1261/Fantasy-F1-League/blob/main/Data/2023/Lineup/Monaco_Results.json,MIT,third_party_recorded,False,True,False,third_party_recorded,historical_fantasy_scores_v3_recorded_2023_2026
2023,6,Monaco Grand Prix,2023-05-28,constructor,alphatauri,jm1261/Fantasy-F1-League:2023:constructor:AlphaTauri,AlphaTauri,ALT,,1.0,,,,,,6.0,jm1261/Fantasy-F1-League,https://github.com/jm1261/Fantasy-F1-League/blob/main/Data/2023/Lineup/Monaco_Results.json,MIT,third_party_recorded,False,True,False,third_party_recorded,historical_fantasy_scores_v3_recorded_2023_2026
2023,6,Monaco Grand Prix,2023-05-28,constructor,alpine,jm1261/Fantasy-F1-League:2023:constructor:Alpine,Alpine,ALP,,42.0,,,,,,10.0,jm1261/Fantasy-F1-League,https://github.com/jm1261/Fantasy-F1-League/blob/main/Data/2023/Lineup/Monaco_Results.json,MIT,third_party_recorded,False,True,False,third_party_recorded,historical_fantasy_scores_v3_recorded_2023_2026
2023,6,Monaco Grand Prix,2023-05-28,constructor,aston_martin,jm1261/Fantasy-F1-League:2023:constructor:Aston Martin,Aston Martin,AMR,,15.0,,,,,,7.0,jm1261/Fantasy-F1-League,https://github.com/jm1261/Fantasy-F1-League/blob/main/Data/2023/Lineup/Monaco_Results.json,MIT,third_party_recorded,False,True,False,third_party_recorded,historical_fantasy_scores_v3_recorded_2023_2026
2023,6,Monaco Grand Prix,2023-05-28,constructor,ferrari,jm1261/Fantasy-F1-League:2023:constructor:Ferrari,Ferrari,FER,,37.0,,,,,,22.2,jm1261/Fantasy-F1-League,https://github.com/jm1261/Fantasy-F1-League/blob/main/Data/2023/Lineup/Monaco_Results.json,MIT,third_party_recorded,False,True,False,third_party_recorded,historical_fantasy_scores_v3_recorded_2023_2026
2023,6,Monaco Grand Prix,2023-05-28,constructor,haas,jm1261/Fantasy-F1-League:2023:constructor:Haas,Haas,HAS,,7.0,,,,,,5.0,jm1261/Fantasy-F1-League,https://github.com/jm1261/Fantasy-F1-League/blob/main/Data/2023/Lineup/Monaco_Results.json,MIT,third_party_recorded,False,True,False,third_party_recorded,historical_fantasy_scores_v3_recorded_2023_2026
2023,6,Monaco Grand Prix,2023-05-28,constructor,mclaren,jm1261/Fantasy-F1-League:2023:constructor:McLaren,McLaren,MCL,,15.0,,,,,,8.9,jm1261/Fantasy-F1-League,https://github.com/jm1261/Fantasy-F1-League/blob/main/Data/2023/Lineup/Monaco_Results.json,MIT,third_party_recorded,False,True,False,third_party_recorded,historical_fantasy_scores_v3_recorded_2023_2026
2023,6,Monaco Grand Prix,2023-05-28,constructor,mercedes,jm1261/Fantasy-F1-League:2023:constructor:Mercedes,Mercedes,MER,,54.0,,,,,,25.2,jm1261/Fantasy-F1-League,https://github.com/jm1261/Fantasy-F1-League/blob/main/Data/2023/Lineup/Monaco_Results.json,MIT,third_party_recorded,False,True,False,third_party_recorded,historical_fantasy_scores_v3_recorded_2023_2026
2023,6,Monaco Grand Prix,2023-05-28,constructor,red_bull,jm1261/Fantasy-F1-League:2023:constructor:Red Bull,Red Bull,RBR,,63.0,,,,,,27.8,jm1261/Fantasy-F1-League,https://github.com/jm1261/Fantasy-F1-League/blob/main/Data/2023/Lineup/Monaco_Results.json,MIT,third_party_recorded,False,True,False,third_party_recorded,historical_fantasy_scores_v3_recorded_2023_2026
2023,6,Monaco Grand Prix,2023-05-28,constructor,williams,jm1261/Fantasy-F1-League:2023:constructor:Williams,Williams,WIL,,1.0,,,,,,4.6,jm1261/Fantasy-F1-League,https://github.com/jm1261/Fantasy-F1-League/blob/main/Data/2023/Lineup/Monaco_Results.json,MIT,third_party_recorded,False,True,False,third_party_recorded,historical_fantasy_scores_v3_recorded_2023_2026
2023,6,Monaco Grand Prix,2023-05-28,driver,albon,jm1261/Fantasy-F1-League:2023:driver:Albon,Alexander Albon,ALB,Williams,0.0,,,,,,5.0,jm1261/Fantasy-F1-League,https://github.com/jm1261/Fantasy-F1-League/blob/main/Data/2023/Lineup/Monaco_Results.json,MIT,third_party_recorded,False,True,False,third_party_recorded,historical_fantasy_scores_v3_recorded_2023_2026
2023,6,Monaco Grand Prix,2023-05-28,driver,alonso,jm1261/Fantasy-F1-League:2023:driver:Alonso,Fernando Alonso,ALO,Aston Martin,27.0,,,,,,9.4,jm1261/Fantasy-F1-League,https://github.com/jm1261/Fantasy-F1-League/blob/main/Data/2023/Lineup/Monaco_Results.json,MIT,third_party_recorded,False,True,False,third_party_recorded,historical_fantasy_scores_v3_recorded_2023_2026
2023,6,Monaco Grand Prix,2023-05-28,driver,bottas,jm1261/Fantasy-F1-League:2023:driver:Bottas,Valtteri Bottas,BOT,Alfa Romeo,10.0,,,,,,7.5,jm1261/Fantasy-F1-League,https://github.com/jm1261/Fantasy-F1-League/blob/main/Data/2023/Lineup/Monaco_Results.json,MIT,third_party_recorded,False,True,False,third_party_recorded,historical_fantasy_scores_v3_recorded_2023_2026
2023,6,Monaco Grand Prix,2023-05-28,driver,de_vries,jm1261/Fantasy-F1-League:2023:driver:De Vries,Nyck de Vries,DEV,AlphaTauri,0.0,,,,,,4.6,jm1261/Fantasy-F1-League,https://github.com/jm1261/Fantasy-F1-League/blob/main/Data/2023/Lineup/Monaco_Results.json,MIT,third_party_recorded,False,True,False,third_party_recorded,historical_fantasy_scores_v3_recorded_2023_2026
2023,6,Monaco Grand Prix,2023-05-28,driver,gasly,jm1261/Fantasy-F1-League:2023:driver:Gasly,Pierre Gasly,GAS,Alpine,10.0,,,,,,8.1,jm1261/Fantasy-F1-League,https://github.com/jm1261/Fantasy-F1-League/blob/main/Data/2023/Lineup/Monaco_Results.json,MIT,third_party_recorded,False,True,False,third_party_recorded,historical_fantasy_scores_v3_recorded_2023_2026
2023,6,Monaco Grand Prix,2023-05-28,driver,hamilton,jm1261/Fantasy-F1-League:2023:driver:Hamilton,Lewis Hamilton,HAM,Mercedes,28.0,,,,,,23.9,jm1261/Fantasy-F1-League,https://github.com/jm1261/Fantasy-F1-League/blob/main/Data/2023/Lineup/Monaco_Results.json,MIT,third_party_recorded,False,True,False,third_party_recorded,historical_fantasy_scores_v3_recorded_2023_2026
2023,6,Monaco Grand Prix,2023-05-28,driver,hulkenberg,jm1261/Fantasy-F1-League:2023:driver:Hulkenberg,Nico Hülkenberg,HUL,Haas,7.0,,,,,,3.9,jm1261/Fantasy-F1-League,https://github.com/jm1261/Fantasy-F1-League/blob/main/Data/2023/Lineup/Monaco_Results.json,MIT,third_party_recorded,False,True,False,third_party_recorded,historical_fantasy_scores_v3_recorded_2023_2026
2023,6,Monaco Grand Prix,2023-05-28,driver,kevin_magnussen,jm1261/Fantasy-F1-League:2023:driver:Magnussen,Kevin Magnussen,MAG,Haas,1.0,,,,,,6.4,jm1261/Fantasy-F1-League,https://github.com/jm1261/Fantasy-F1-League/blob/main/Data/2023/Lineup/Monaco_Results.json,MIT,third_party_recorded,False,True,False,third_party_recorded,historical_fantasy_scores_v3_recorded_2023_2026
2023,6,Monaco Grand Prix,2023-05-28,driver,leclerc,jm1261/Fantasy-F1-League:2023:driver:Leclerc,Charles Leclerc,LEC,Ferrari,16.0,,,,,,21.2,jm1261/Fantasy-F1-League,https://github.com/jm1261/Fantasy-F1-League/blob/main/Data/2023/Lineup/Monaco_Results.json,MIT,third_party_recorded,False,True,False,third_party_recorded,historical_fantasy_scores_v3_recorded_2023_2026
2023,6,Monaco Grand Prix,2023-05-28,driver,max_verstappen,jm1261/Fantasy-F1-League:2023:driver:Verstappen,Max Verstappen,VER,Red Bull,35.0,,,,,,27.5,jm1261/Fantasy-F1-League,https://github.com/jm1261/Fantasy-F1-League/blob/main/Data/2023/Lineup/Monaco_Results.json,MIT,third_party_recorded,False,True,False,third_party_recorded,historical_fantasy_scores_v3_recorded_2023_2026
2023,6,Monaco Grand Prix,2023-05-28,driver,norris,jm1261/Fantasy-F1-League:2023:driver:Norris,Lando Norris,NOR,McLaren,6.0,,,,,,11.0,jm1261/Fantasy-F1-League,https://github.com/jm1261/Fantasy-F1-League/blob/main/Data/2023/Lineup/Monaco_Results.json,MIT,third_party_recorded,False,True,False,third_party_recorded,historical_fantasy_scores_v3_recorded_2023_2026
2023,6,Monaco Grand Prix,2023-05-28,driver,ocon,jm1261/Fantasy-F1-League:2023:driver:Ocon,Esteban Ocon,OCO,Alpine,32.0,,,,,,9.4,jm1261/Fantasy-F1-League,https://github.com/jm1261/Fantasy-F1-League/blob/main/Data/2023/Lineup/Monaco_Results.json,MIT,third_party_recorded,False,True,False,third_party_recorded,historical_fantasy_scores_v3_recorded_2023_2026
2023,6,Monaco Grand Prix,2023-05-28,driver,perez,jm1261/Fantasy-F1-League:2023:driver:Perez,Sergio Pérez,PER,Red Bull,10.0,,,,,,18.4,jm1261/Fantasy-F1-League,https://github.com/jm1261/Fantasy-F1-League/blob/main/Data/2023/Lineup/Monaco_Results.json,MIT,third_party_recorded,False,True,False,third_party_recorded,historical_fantasy_scores_v3_recorded_2023_2026
2023,6,Monaco Grand Prix,2023-05-28,driver,piastri,jm1261/Fantasy-F1-League:2023:driver:Piastri,Oscar Piastri,PIA,McLaren,4.0,,,,,,6.6,jm1261/Fantasy-F1-League,https://github.com/jm1261/Fantasy-F1-League/blob/main/Data/2023/Lineup/Monaco_Results.json,MIT,third_party_recorded,False,True,False,third_party_recorded,historical_fantasy_scores_v3_recorded_2023_2026
2023,6,Monaco Grand Prix,2023-05-28,driver,russell,jm1261/Fantasy-F1-League:2023:driver:Russell,George Russell,RUS,Mercedes,16.0,,,,,,18.6,jm1261/Fantasy-F1-League,https://github.com/jm1261/Fantasy-F1-League/blob/main/Data/2023/Lineup/Monaco_Results.json,MIT,third_party_recorded,False,True,False,third_party_recorded,historical_fantasy_scores_v3_recorded_2023_2026
2023,6,Monaco Grand Prix,2023-05-28,driver,sainz,jm1261/Fantasy-F1-League:2023:driver:Sainz,Carlos Sainz,SAI,Ferrari,6.0,,,,,,17.2,jm1261/Fantasy-F1-League,https://github.com/jm1261/Fantasy-F1-League/blob/main/Data/2023/Lineup/Monaco_Results.json,MIT,third_party_recorded,False,True,False,third_party_recorded,historical_fantasy_scores_v3_recorded_2023_2026
2023,6,Monaco Grand Prix,2023-05-28,driver,sargeant,jm1261/Fantasy-F1-League:2023:driver:Sargeant,Logan Sargeant,SAR,Williams,0.0,,,,,,3.5,jm1261/Fantasy-F1-League,https://github.com/jm1261/Fantasy-F1-League/blob/main/Data/2023/Lineup/Monaco_Results.json,MIT,third_party_recorded,False,True,False,third_party_recorded,historical_fantasy_scores_v3_recorded_2023_2026
2023,6,Monaco Grand Prix,2023-05-28,driver,stroll,jm1261/Fantasy-F1-League:2023:driver:Stroll,Lance Stroll,STR,Aston Martin,-17.0,,,,,,7.6,jm1261/Fantasy-F1-League,https://github.com/jm1261/Fantasy-F1-League/blob/main/Data/2023/Lineup/Monaco_Results.json,MIT,third_party_recorded,False,True,False,third_party_recorded,historical_fantasy_scores_v3_recorded_2023_2026
2023,6,Monaco Grand Prix,2023-05-28,driver,tsunoda,jm1261/Fantasy-F1-League:2023:driver:Tsunoda,Yuki Tsunoda,TSU,AlphaTauri,-4.0,,,,,,4.6,jm1261/Fantasy-F1-League,https://github.com/jm1261/Fantasy-F1-League/blob/main/Data/2023/Lineup/Monaco_Results.json,MIT,third_party_recorded,False,True,False,third_party_recorded,historical_fantasy_scores_v3_recorded_2023_2026
2023,6,Monaco Grand Prix,2023-05-28,driver,zhou,jm1261/Fantasy-F1-League:2023:driver:Guanyu,Guanyu Zhou,ZHO,Alfa Romeo,11.0,,,,,,4.7,jm1261/Fantasy-F1-League,https://github.com/jm1261/Fantasy-F1-League/blob/main/Data/2023/Lineup/Monaco_Results.json,MIT,third_party_recorded,False,True,False,third_party_recorded,historical_fantasy_scores_v3_recorded_2023_2026
2023,7,Spanish Grand Prix,2023-06-04,constructor,alfa,jm1261/Fantasy-F1-League:2023:constructor:Alfa Romeo,Alfa Romeo,ALF,,19.0,,,,,,5.9,jm1261/Fantasy-F1-League,https://github.com/jm1261/Fantasy-F1-League/blob/main/Data/2023/Lineup/Spain_Results.json,MIT,third_party_recorded,False,True,False,third_party_recorded,historical_fantasy_scores_v3_recorded_2023_2026
2023,7,Spanish Grand Prix,2023-06-04,constructor,alphatauri,jm1261/Fantasy-F1-League:2023:constructor:AlphaTauri,AlphaTauri,ALT,,20.0,,,,,,6.0,jm1261/Fantasy-F1-League,https://github.com/jm1261/Fantasy-F1-League/blob/main/Data/2023/Lineup/Spain_Results.json,MIT,third_party_recorded,False,True,False,third_party_recorded,historical_fantasy_scores_v3_recorded_2023_2026
2023,7,Spanish Grand Prix,2023-06-04,constructor,alpine,jm1261/Fantasy-F1-League:2023:constructor:Alpine,Alpine,ALP,,33.0,,,,,,10.0,jm1261/Fantasy-F1-League,https://github.com/jm1261/Fantasy-F1-League/blob/main/Data/2023/Lineup/Spain_Results.json,MIT,third_party_recorded,False,True,False,third_party_recorded,historical_fantasy_scores_v3_recorded_2023_2026
2023,7,Spanish Grand Prix,2023-06-04,constructor,aston_martin,jm1261/Fantasy-F1-League:2023:constructor:Aston Martin,Aston Martin,AMR,,40.0,,,,,,7.0,jm1261/Fantasy-F1-League,https://github.com/jm1261/Fantasy-F1-League/blob/main/Data/2023/Lineup/Spain_Results.json,MIT,third_party_recorded,False,True,False,third_party_recorded,historical_fantasy_scores_v3_recorded_2023_2026
2023,7,Spanish Grand Prix,2023-06-04,constructor,ferrari,jm1261/Fantasy-F1-League:2023:constructor:Ferrari,Ferrari,FER,,38.0,,,,,,22.2,jm1261/Fantasy-F1-League,https://github.com/jm1261/Fantasy-F1-League/blob/main/Data/2023/Lineup/Spain_Results.json,MIT,third_party_recorded,False,True,False,third_party_recorded,historical_fantasy_scores_v3_recorded_2023_2026
2023,7,Spanish Grand Prix,2023-06-04,constructor,haas,jm1261/Fantasy-F1-League:2023:constructor:Haas,Haas,HAS,,17.0,,,,,,5.0,jm1261/Fantasy-F1-League,https://github.com/jm1261/Fantasy-F1-League/blob/main/Data/2023/Lineup/Spain_Results.json,MIT,third_party_recorded,False,True,False,third_party_recorded,historical_fantasy_scores_v3_recorded_2023_2026
2023,7,Spanish Grand Prix,2023-06-04,constructor,mclaren,jm1261/Fantasy-F1-League:2023:constructor:McLaren,McLaren,MCL,,11.0,,,,,,8.8,jm1261/Fantasy-F1-League,https://github.com/jm1261/Fantasy-F1-League/blob/main/Data/2023/Lineup/Spain_Results.json,MIT,third_party_recorded,False,True,False,third_party_recorded,historical_fantasy_scores_v3_recorded_2023_2026
2023,7,Spanish Grand Prix,2023-06-04,constructor,mercedes,jm1261/Fantasy-F1-League:2023:constructor:Mercedes,Mercedes,MER,,65.0,,,,,,25.2,jm1261/Fantasy-F1-League,https://github.com/jm1261/Fantasy-F1-League/blob/main/Data/2023/Lineup/Spain_Results.json,MIT,third_party_recorded,False,True,False,third_party_recorded,historical_fantasy_scores_v3_recorded_2023_2026
2023,7,Spanish Grand Prix,2023-06-04,constructor,red_bull,jm1261/Fantasy-F1-League:2023:constructor:Red Bull,Red Bull,RBR,,96.0,,,,,,27.9,jm1261/Fantasy-F1-League,https://github.com/jm1261/Fantasy-F1-League/blob/main/Data/2023/Lineup/Spain_Results.json,MIT,third_party_recorded,False,True,False,third_party_recorded,historical_fantasy_scores_v3_recorded_2023_2026
2023,7,Spanish Grand Prix,2023-06-04,constructor,williams,jm1261/Fantasy-F1-League:2023:constructor:Williams,Williams,WIL,,5.0,,,,,,4.5,jm1261/Fantasy-F1-League,https://github.com/jm1261/Fantasy-F1-League/blob/main/Data/2023/Lineup/Spain_Results.json,MIT,third_party_recorded,False,True,False,third_party_recorded,historical_fantasy_scores_v3_recorded_2023_2026
2023,7,Spanish Grand Prix,2023-06-04,driver,albon,jm1261/Fantasy-F1-League:2023:driver:Albon,Alexander Albon,ALB,Williams,5.0,,,,,,4.9,jm1261/Fantasy-F1-League,https://github.com/jm1261/Fantasy-F1-League/blob/main/Data/2023/Lineup/Spain_Results.json,MIT,third_party_recorded,False,True,False,third_party_recorded,historical_fantasy_scores_v3_recorded_2023_2026
2023,7,Spanish Grand Prix,2023-06-04,driver,alonso,jm1261/Fantasy-F1-League:2023:driver:Alonso,Fernando Alonso,ALO,Aston Martin,14.0,,,,,,9.4,jm1261/Fantasy-F1-League,https://github.com/jm1261/Fantasy-F1-League/blob/main/Data/2023/Lineup/Spain_Results.json,MIT,third_party_recorded,False,True,False,third_party_recorded,historical_fantasy_scores_v3_recorded_2023_2026
2023,7,Spanish Grand Prix,2023-06-04,driver,bottas,jm1261/Fantasy-F1-League:2023:driver:Bottas,Valtteri Bottas,BOT,Alfa Romeo,2.0,,,,,,7.4,jm1261/Fantasy-F1-League,https://github.com/jm1261/Fantasy-F1-League/blob/main/Data/2023/Lineup/Spain_Results.json,MIT,third_party_recorded,False,True,False,third_party_recorded,historical_fantasy_scores_v3_recorded_2023_2026
2023,7,Spanish Grand Prix,2023-06-04,driver,de_vries,jm1261/Fantasy-F1-League:2023:driver:De Vries,Nyck de Vries,DEV,AlphaTauri,6.0,,,,,,4.5,jm1261/Fantasy-F1-League,https://github.com/jm1261/Fantasy-F1-League/blob/main/Data/2023/Lineup/Spain_Results.json,MIT,third_party_recorded,False,True,False,third_party_recorded,historical_fantasy_scores_v3_recorded_2023_2026
2023,7,Spanish Grand Prix,2023-06-04,driver,gasly,jm1261/Fantasy-F1-League:2023:driver:Gasly,Pierre Gasly,GAS,Alpine,14.0,,,,,,8.1,jm1261/Fantasy-F1-League,https://github.com/jm1261/Fantasy-F1-League/blob/main/Data/2023/Lineup/Spain_Results.json,MIT,third_party_recorded,False,True,False,third_party_recorded,historical_fantasy_scores_v3_recorded_2023_2026
2023,7,Spanish Grand Prix,2023-06-04,driver,hamilton,jm1261/Fantasy-F1-League:2023:driver:Hamilton,Lewis Hamilton,HAM,Mercedes,39.0,,,,,,24.0,jm1261/Fantasy-F1-League,https://github.com/jm1261/Fantasy-F1-League/blob/main/Data/2023/Lineup/Spain_Results.json,MIT,third_party_recorded,False,True,False,third_party_recorded,historical_fantasy_scores_v3_recorded_2023_2026
2023,7,Spanish Grand Prix,2023-06-04,driver,hulkenberg,jm1261/Fantasy-F1-League:2023:driver:Hulkenberg,Nico Hülkenberg,HUL,Haas,3.0,,,,,,3.8,jm1261/Fantasy-F1-League,https://github.com/jm1261/Fantasy-F1-League/blob/main/Data/2023/Lineup/Spain_Results.json,MIT,third_party_recorded,False,True,False,third_party_recorded,historical_fantasy_scores_v3_recorded_2023_2026
2023,7,Spanish Grand Prix,2023-06-04,driver,kevin_magnussen,jm1261/Fantasy-F1-League:2023:driver:Magnussen,Kevin Magnussen,MAG,Haas,9.0,,,,,,6.4,jm1261/Fantasy-F1-League,https://github.com/jm1261/Fantasy-F1-League/blob/main/Data/2023/Lineup/Spain_Results.json,MIT,third_party_recorded,False,True,False,third_party_recorded,historical_fantasy_scores_v3_recorded_2023_2026
2023,7,Spanish Grand Prix,2023-06-04,driver,leclerc,jm1261/Fantasy-F1-League:2023:driver:Leclerc,Charles Leclerc,LEC,Ferrari,14.0,,,,,,21.2,jm1261/Fantasy-F1-League,https://github.com/jm1261/Fantasy-F1-League/blob/main/Data/2023/Lineup/Spain_Results.json,MIT,third_party_recorded,False,True,False,third_party_recorded,historical_fantasy_scores_v3_recorded_2023_2026
2023,7,Spanish Grand Prix,2023-06-04,driver,max_verstappen,jm1261/Fantasy-F1-League:2023:driver:Verstappen,Max Verstappen,VER,Red Bull,46.0,,,,,,27.6,jm1261/Fantasy-F1-League,https://github.com/jm1261/Fantasy-F1-League/blob/main/Data/2023/Lineup/Spain_Results.json,MIT,third_party_recorded,False,True,False,third_party_recorded,historical_fantasy_scores_v3_recorded_2023_2026
2023,7,Spanish Grand Prix,2023-06-04,driver,norris,jm1261/Fantasy-F1-League:2023:driver:Norris,Lando Norris,NOR,McLaren,-2.0,,,,,,10.9,jm1261/Fantasy-F1-League,https://github.com/jm1261/Fantasy-F1-League/blob/main/Data/2023/Lineup/Spain_Results.json,MIT,third_party_recorded,False,True,False,third_party_recorded,historical_fantasy_scores_v3_recorded_2023_2026
2023,7,Spanish Grand Prix,2023-06-04,driver,ocon,jm1261/Fantasy-F1-League:2023:driver:Ocon,Esteban Ocon,OCO,Alpine,9.0,,,,,,9.4,jm1261/Fantasy-F1-League,https://github.com/jm1261/Fantasy-F1-League/blob/main/Data/2023/Lineup/Spain_Results.json,MIT,third_party_recorded,False,True,False,third_party_recorded,historical_fantasy_scores_v3_recorded_2023_2026
2023,7,Spanish Grand Prix,2023-06-04,driver,perez,jm1261/Fantasy-F1-League:2023:driver:Perez,Sergio Pérez,PER,Red Bull,27.0,,,,,,18.4,jm1261/Fantasy-F1-League,https://github.com/jm1261/Fantasy-F1-League/blob/main/Data/2023/Lineup/Spain_Results.json,MIT,third_party_recorded,False,True,False,third_party_recorded,historical_fantasy_scores_v3_recorded_2023_2026
2023,7,Spanish Grand Prix,2023-06-04,driver,piastri,jm1261/Fantasy-F1-League:2023:driver:Piastri,Oscar Piastri,PIA,McLaren,3.0,,,,,,6.5,jm1261/Fantasy-F1-League,https://github.com/jm1261/Fantasy-F1-League/blob/main/Data/2023/Lineup/Spain_Results.json,MIT,third_party_recorded,False,True,False,third_party_recorded,historical_fantasy_scores_v3_recorded_2023_2026
2023,7,Spanish Grand Prix,2023-06-04,driver,russell,jm1261/Fantasy-F1-League:2023:driver:Russell,George Russell,RUS,Mercedes,31.0,,,,,,18.7,jm1261/Fantasy-F1-League,https://github.com/jm1261/Fantasy-F1-League/blob/main/Data/2023/Lineup/Spain_Results.json,MIT,third_party_recorded,False,True,False,third_party_recorded,historical_fantasy_scores_v3_recorded_2023_2026
2023,7,Spanish Grand Prix,2023-06-04,driver,sainz,jm1261/Fantasy-F1-League:2023:driver:Sainz,Carlos Sainz,SAI,Ferrari,19.0,,,,,,17.2,jm1261/Fantasy-F1-League,https://github.com/jm1261/Fantasy-F1-League/blob/main/Data/2023/Lineup/Spain_Results.json,MIT,third_party_recorded,False,True,False,third_party_recorded,historical_fantasy_scores_v3_recorded_2023_2026
2023,7,Spanish Grand Prix,2023-06-04,driver,sargeant,jm1261/Fantasy-F1-League:2023:driver:Sargeant,Logan Sargeant,SAR,Williams,1.0,,,,,,3.5,jm1261/Fantasy-F1-League,https://github.com/jm1261/Fantasy-F1-League/blob/main/Data/2023/Lineup/Spain_Results.json,MIT,third_party_recorded,False,True,False,third_party_recorded,historical_fantasy_scores_v3_recorded_2023_2026
2023,7,Spanish Grand Prix,2023-06-04,driver,stroll,jm1261/Fantasy-F1-League:2023:driver:Stroll,Lance Stroll,STR,Aston Martin,16.0,,,,,,7.6,jm1261/Fantasy-F1-League,https://github.com/jm1261/Fantasy-F1-League/blob/main/Data/2023/Lineup/Spain_Results.json,MIT,third_party_recorded,False,True,False,third_party_recorded,historical_fantasy_scores_v3_recorded_2023_2026
2023,7,Spanish Grand Prix,2023-06-04,driver,tsunoda,jm1261/Fantasy-F1-League:2023:driver:Tsunoda,Yuki Tsunoda,TSU,AlphaTauri,11.0,,,,,,4.6,jm1261/Fantasy-F1-League,https://github.com/jm1261/Fantasy-F1-League/blob/main/Data/2023/Lineup/Spain_Results.json,MIT,third_party_recorded,False,True,False,third_party_recorded,historical_fantasy_scores_v3_recorded_2023_2026
2023,7,Spanish Grand Prix,2023-06-04,driver,zhou,jm1261/Fantasy-F1-League:2023:driver:Guanyu,Guanyu Zhou,ZHO,Alfa Romeo,16.0,,,,,,4.7,jm1261/Fantasy-F1-League,https://github.com/jm1261/Fantasy-F1-League/blob/main/Data/2023/Lineup/Spain_Results.json,MIT,third_party_recorded,False,True,False,third_party_recorded,historical_fantasy_scores_v3_recorded_2023_2026
2023,8,Canadian Grand Prix,2023-06-18,constructor,alfa,jm1261/Fantasy-F1-League:2023:constructor:Alfa Romeo,Alfa Romeo,ALF,,11.0,,,,,,5.9,jm1261/Fantasy-F1-League,https://github.com/jm1261/Fantasy-F1-League/blob/main/Data/2023/Lineup/Canada_Results.json,MIT,third_party_recorded,False,True,False,third_party_recorded,historical_fantasy_scores_v3_recorded_2023_2026
2023,8,Canadian Grand Prix,2023-06-18,constructor,alphatauri,jm1261/Fantasy-F1-League:2023:constructor:AlphaTauri,AlphaTauri,ALT,,6.0,,,,,,6.0,jm1261/Fantasy-F1-League,https://github.com/jm1261/Fantasy-F1-League/blob/main/Data/2023/Lineup/Canada_Results.json,MIT,third_party_recorded,False,True,False,third_party_recorded,historical_fantasy_scores_v3_recorded_2023_2026
2023,8,Canadian Grand Prix,2023-06-18,constructor,alpine,jm1261/Fantasy-F1-League:2023:constructor:Alpine,Alpine,ALP,,24.0,,,,,,10.5,jm1261/Fantasy-F1-League,https://github.com/jm1261/Fantasy-F1-League/blob/main/Data/2023/Lineup/Canada_Results.json,MIT,third_party_recorded,False,True,False,third_party_recorded,historical_fantasy_scores_v3_recorded_2023_2026
2023,8,Canadian Grand Prix,2023-06-18,constructor,aston_martin,jm1261/Fantasy-F1-League:2023:constructor:Aston Martin,Aston Martin,AMR,,46.0,,,,,,8.0,jm1261/Fantasy-F1-League,https://github.com/jm1261/Fantasy-F1-League/blob/main/Data/2023/Lineup/Canada_Results.json,MIT,third_party_recorded,False,True,False,third_party_recorded,historical_fantasy_scores_v3_recorded_2023_2026
2023,8,Canadian Grand Prix,2023-06-18,constructor,ferrari,jm1261/Fantasy-F1-League:2023:constructor:Ferrari,Ferrari,FER,,46.0,,,,,,22.5,jm1261/Fantasy-F1-League,https://github.com/jm1261/Fantasy-F1-League/blob/main/Data/2023/Lineup/Canada_Results.json,MIT,third_party_recorded,False,True,False,third_party_recorded,historical_fantasy_scores_v3_recorded_2023_2026
2023,8,Canadian Grand Prix,2023-06-18,constructor,haas,jm1261/Fantasy-F1-League:2023:constructor:Haas,Haas,HAS,,4.0,,,,,,5.0,jm1261/Fantasy-F1-League,https://github.com/jm1261/Fantasy-F1-League/blob/main/Data/2023/Lineup/Canada_Results.json,MIT,third_party_recorded,False,True,False,third_party_recorded,historical_fantasy_scores_v3_recorded_2023_2026
2023,8,Canadian Grand Prix,2023-06-18,constructor,mclaren,jm1261/Fantasy-F1-League:2023:constructor:McLaren,McLaren,MCL,,15.0,,,,,,9.3,jm1261/Fantasy-F1-League,https://github.com/jm1261/Fantasy-F1-League/blob/main/Data/2023/Lineup/Canada_Results.json,MIT,third_party_recorded,False,True,False,third_party_recorded,historical_fantasy_scores_v3_recorded_2023_2026
2023,8,Canadian Grand Prix,2023-06-18,constructor,mercedes,jm1261/Fantasy-F1-League:2023:constructor:Mercedes,Mercedes,MER,,21.0,,,,,,25.2,jm1261/Fantasy-F1-League,https://github.com/jm1261/Fantasy-F1-League/blob/main/Data/2023/Lineup/Canada_Results.json,MIT,third_party_recorded,False,True,False,third_party_recorded,historical_fantasy_scores_v3_recorded_2023_2026
2023,8,Canadian Grand Prix,2023-06-18,constructor,red_bull,jm1261/Fantasy-F1-League:2023:constructor:Red Bull,Red Bull,RBR,,86.0,,,,,,25.2,jm1261/Fantasy-F1-League,https://github.com/jm1261/Fantasy-F1-League/blob/main/Data/2023/Lineup/Canada_Results.json,MIT,third_party_recorded,False,True,False,third_party_recorded,historical_fantasy_scores_v3_recorded_2023_2026
2023,8,Canadian Grand Prix,2023-06-18,constructor,williams,jm1261/Fantasy-F1-League:2023:constructor:Williams,Williams,WIL,,-2.0,,,,,,4.5,jm1261/Fantasy-F1-League,https://github.com/jm1261/Fantasy-F1-League/blob/main/Data/2023/Lineup/Canada_Results.json,MIT,third_party_recorded,False,True,False,third_party_recorded,historical_fantasy_scores_v3_recorded_2023_2026
2023,8,Canadian Grand Prix,2023-06-18,driver,albon,jm1261/Fantasy-F1-League:2023:driver:Albon,Alexander Albon,ALB,Williams,22.0,,,,,,5.9,jm1261/Fantasy-F1-League,https://github.com/jm1261/Fantasy-F1-League/blob/main/Data/2023/Lineup/Canada_Results.json,MIT,third_party_recorded,False,True,False,third_party_recorded,historical_fantasy_scores_v3_recorded_2023_2026
2023,8,Canadian Grand Prix,2023-06-18,driver,alonso,jm1261/Fantasy-F1-League:2023:driver:Alonso,Fernando Alonso,ALO,Aston Martin,27.0,,,,,,10.4,jm1261/Fantasy-F1-League,https://github.com/jm1261/Fantasy-F1-League/blob/main/Data/2023/Lineup/Canada_Results.json,MIT,third_party_recorded,False,True,False,third_party_recorded,historical_fantasy_scores_v3_recorded_2023_2026
2023,8,Canadian Grand Prix,2023-06-18,driver,bottas,jm1261/Fantasy-F1-League:2023:driver:Bottas,Valtteri Bottas,BOT,Alfa Romeo,6.0,,,,,,7.9,jm1261/Fantasy-F1-League,https://github.com/jm1261/Fantasy-F1-League/blob/main/Data/2023/Lineup/Canada_Results.json,MIT,third_party_recorded,False,True,False,third_party_recorded,historical_fantasy_scores_v3_recorded_2023_2026
2023,8,Canadian Grand Prix,2023-06-18,driver,de_vries,jm1261/Fantasy-F1-League:2023:driver:De Vries,Nyck de Vries,DEV,AlphaTauri,-1.0,,,,,,4.5,jm1261/Fantasy-F1-League,https://github.com/jm1261/Fantasy-F1-League/blob/main/Data/2023/Lineup/Canada_Results.json,MIT,third_party_recorded,False,True,False,third_party_recorded,historical_fantasy_scores_v3_recorded_2023_2026
2023,8,Canadian Grand Prix,2023-06-18,driver,gasly,jm1261/Fantasy-F1-League:2023:driver:Gasly,Pierre Gasly,GAS,Alpine,8.0,,,,,,8.6,jm1261/Fantasy-F1-League,https://github.com/jm1261/Fantasy-F1-League/blob/main/Data/2023/Lineup/Canada_Results.json,MIT,third_party_recorded,False,True,False,third_party_recorded,historical_fantasy_scores_v3_recorded_2023_2026
2023,8,Canadian Grand Prix,2023-06-18,driver,hamilton,jm1261/Fantasy-F1-League:2023:driver:Hamilton,Lewis Hamilton,HAM,Mercedes,23.0,,,,,,24.3,jm1261/Fantasy-F1-League,https://github.com/jm1261/Fantasy-F1-League/blob/main/Data/2023/Lineup/Canada_Results.json,MIT,third_party_recorded,False,True,False,third_party_recorded,historical_fantasy_scores_v3_recorded_2023_2026
2023,8,Canadian Grand Prix,2023-06-18,driver,hulkenberg,jm1261/Fantasy-F1-League:2023:driver:Hulkenberg,Nico Hülkenberg,HUL,Haas,-1.0,,,,,,3.8,jm1261/Fantasy-F1-League,https://github.com/jm1261/Fantasy-F1-League/blob/main/Data/2023/Lineup/Canada_Results.json,MIT,third_party_recorded,False,True,False,third_party_recorded,historical_fantasy_scores_v3_recorded_2023_2026
2023,8,Canadian Grand Prix,2023-06-18,driver,kevin_magnussen,jm1261/Fantasy-F1-League:2023:driver:Magnussen,Kevin Magnussen,MAG,Haas,0.0,,,,,,6.4,jm1261/Fantasy-F1-League,https://github.com/jm1261/Fantasy-F1-League/blob/main/Data/2023/Lineup/Canada_Results.json,MIT,third_party_recorded,False,True,False,third_party_recorded,historical_fantasy_scores_v3_recorded_2023_2026
2023,8,Canadian Grand Prix,2023-06-18,driver,leclerc,jm1261/Fantasy-F1-League:2023:driver:Leclerc,Charles Leclerc,LEC,Ferrari,19.0,,,,,,21.5,jm1261/Fantasy-F1-League,https://github.com/jm1261/Fantasy-F1-League/blob/main/Data/2023/Lineup/Canada_Results.json,MIT,third_party_recorded,False,True,False,third_party_recorded,historical_fantasy_scores_v3_recorded_2023_2026
2023,8,Canadian Grand Prix,2023-06-18,driver,max_verstappen,jm1261/Fantasy-F1-League:2023:driver:Verstappen,Max Verstappen,VER,Red Bull,35.0,,,,,,27.8,jm1261/Fantasy-F1-League,https://github.com/jm1261/Fantasy-F1-League/blob/main/Data/2023/Lineup/Canada_Results.json,MIT,third_party_recorded,False,True,False,third_party_recorded,historical_fantasy_scores_v3_recorded_2023_2026
2023,8,Canadian Grand Prix,2023-06-18,driver,norris,jm1261/Fantasy-F1-League:2023:driver:Norris,Lando Norris,NOR,McLaren,2.0,,,,,,10.9,jm1261/Fantasy-F1-League,https://github.com/jm1261/Fantasy-F1-League/blob/main/Data/2023/Lineup/Canada_Results.json,MIT,third_party_recorded,False,True,False,third_party_recorded,historical_fantasy_scores_v3_recorded_2023_2026
2023,8,Canadian Grand Prix,2023-06-18,driver,ocon,jm1261/Fantasy-F1-League:2023:driver:Ocon,Esteban Ocon,OCO,Alpine,11.0,,,,,,9.9,jm1261/Fantasy-F1-League,https://github.com/jm1261/Fantasy-F1-League/blob/main/Data/2023/Lineup/Canada_Results.json,MIT,third_party_recorded,False,True,False,third_party_recorded,historical_fantasy_scores_v3_recorded_2023_2026
2023,8,Canadian Grand Prix,2023-06-18,driver,perez,jm1261/Fantasy-F1-League:2023:driver:Perez,Sergio Pérez,PER,Red Bull,28.0,,,,,,18.7,jm1261/Fantasy-F1-League,https://github.com/jm1261/Fantasy-F1-League/blob/main/Data/2023/Lineup/Canada_Results.json,MIT,third_party_recorded,False,True,False,third_party_recorded,historical_fantasy_scores_v3_recorded_2023_2026
2023,8,Canadian Grand Prix,2023-06-18,driver,piastri,jm1261/Fantasy-F1-League:2023:driver:Piastri,Oscar Piastri,PIA,McLaren,3.0,,,,,,6.5,jm1261/Fantasy-F1-League,https://github.com/jm1261/Fantasy-F1-League/blob/main/Data/2023/Lineup/Canada_Results.json,MIT,third_party_recorded,False,True,False,third_party_recorded,historical_fantasy_scores_v3_recorded_2023_2026
2023,8,Canadian Grand Prix,2023-06-18,driver,russell,jm1261/Fantasy-F1-League:2023:driver:Russell,George Russell,RUS,Mercedes,-12.0,,,,,,18.2,jm1261/Fantasy-F1-League,https://github.com/jm1261/Fantasy-F1-League/blob/main/Data/2023/Lineup/Canada_Results.json,MIT,third_party_recorded,False,True,False,third_party_recorded,historical_fantasy_scores_v3_recorded_2023_2026
2023,8,Canadian Grand Prix,2023-06-18,driver,sainz,jm1261/Fantasy-F1-League:2023:driver:Sainz,Carlos Sainz,SAI,Ferrari,22.0,,,,,,17.5,jm1261/Fantasy-F1-League,https://github.com/jm1261/Fantasy-F1-League/blob/main/Data/2023/Lineup/Canada_Results.json,MIT,third_party_recorded,False,True,False,third_party_recorded,historical_fantasy_scores_v3_recorded_2023_2026
2023,8,Canadian Grand Prix,2023-06-18,driver,sargeant,jm1261/Fantasy-F1-League:2023:driver:Sargeant,Logan Sargeant,SAR,Williams,-19.0,,,,,,3.5,jm1261/Fantasy-F1-League,https://github.com/jm1261/Fantasy-F1-League/blob/main/Data/2023/Lineup/Canada_Results.json,MIT,third_party_recorded,False,True,False,third_party_recorded,historical_fantasy_scores_v3_recorded_2023_2026
2023,8,Canadian Grand Prix,2023-06-18,driver,stroll,jm1261/Fantasy-F1-League:2023:driver:Stroll,Lance Stroll,STR,Aston Martin,14.0,,,,,,8.1,jm1261/Fantasy-F1-League,https://github.com/jm1261/Fantasy-F1-League/blob/main/Data/2023/Lineup/Canada_Results.json,MIT,third_party_recorded,False,True,False,third_party_recorded,historical_fantasy_scores_v3_recorded_2023_2026
2023,8,Canadian Grand Prix,2023-06-18,driver,tsunoda,jm1261/Fantasy-F1-League:2023:driver:Tsunoda,Yuki Tsunoda,TSU,AlphaTauri,8.0,,,,,,5.1,jm1261/Fantasy-F1-League,https://github.com/jm1261/Fantasy-F1-League/blob/main/Data/2023/Lineup/Canada_Results.json,MIT,third_party_recorded,False,True,False,third_party_recorded,historical_fantasy_scores_v3_recorded_2023_2026
2023,8,Canadian Grand Prix,2023-06-18,driver,zhou,jm1261/Fantasy-F1-League:2023:driver:Guanyu,Guanyu Zhou,ZHO,Alfa Romeo,4.0,,,,,,4.7,jm1261/Fantasy-F1-League,https://github.com/jm1261/Fantasy-F1-League/blob/main/Data/2023/Lineup/Canada_Results.json,MIT,third_party_recorded,False,True,False,third_party_recorded,historical_fantasy_scores_v3_recorded_2023_2026
2023,9,Austrian Grand Prix,2023-07-02,constructor,alfa,jm1261/Fantasy-F1-League:2023:constructor:Alfa Romeo,Alfa Romeo,ALF,,16.0,,,,,,5.9,jm1261/Fantasy-F1-League,https://github.com/jm1261/Fantasy-F1-League/blob/main/Data/2023/Lineup/Austria_Results.json,MIT,third_party_recorded,False,True,False,third_party_recorded,historical_fantasy_scores_v3_recorded_2023_2026
2023,9,Austrian Grand Prix,2023-07-02,constructor,alphatauri,jm1261/Fantasy-F1-League:2023:constructor:AlphaTauri,AlphaTauri,ALT,,20.0,,,,,,6.0,jm1261/Fantasy-F1-League,https://github.com/jm1261/Fantasy-F1-League/blob/main/Data/2023/Lineup/Austria_Results.json,MIT,third_party_recorded,False,True,False,third_party_recorded,historical_fantasy_scores_v3_recorded_2023_2026
2023,9,Austrian Grand Prix,2023-07-02,constructor,alpine,jm1261/Fantasy-F1-League:2023:constructor:Alpine,Alpine,ALP,,21.0,,,,,,10.5,jm1261/Fantasy-F1-League,https://github.com/jm1261/Fantasy-F1-League/blob/main/Data/2023/Lineup/Austria_Results.json,MIT,third_party_recorded,False,True,False,third_party_recorded,historical_fantasy_scores_v3_recorded_2023_2026
2023,9,Austrian Grand Prix,2023-07-02,constructor,aston_martin,jm1261/Fantasy-F1-League:2023:constructor:Aston Martin,Aston Martin,AMR,,63.0,,,,,,8.5,jm1261/Fantasy-F1-League,https://github.com/jm1261/Fantasy-F1-League/blob/main/Data/2023/Lineup/Austria_Results.json,MIT,third_party_recorded,False,True,False,third_party_recorded,historical_fantasy_scores_v3_recorded_2023_2026
2023,9,Austrian Grand Prix,2023-07-02,constructor,ferrari,jm1261/Fantasy-F1-League:2023:constructor:Ferrari,Ferrari,FER,,73.0,,,,,,22.8,jm1261/Fantasy-F1-League,https://github.com/jm1261/Fantasy-F1-League/blob/main/Data/2023/Lineup/Austria_Results.json,MIT,third_party_recorded,False,True,False,third_party_recorded,historical_fantasy_scores_v3_recorded_2023_2026
2023,9,Austrian Grand Prix,2023-07-02,constructor,haas,jm1261/Fantasy-F1-League:2023:constructor:Haas,Haas,HAS,,14.0,,,,,,5.0,jm1261/Fantasy-F1-League,https://github.com/jm1261/Fantasy-F1-League/blob/main/Data/2023/Lineup/Austria_Results.json,MIT,third_party_recorded,False,True,False,third_party_recorded,historical_fantasy_scores_v3_recorded_2023_2026
2023,9,Austrian Grand Prix,2023-07-02,constructor,mclaren,jm1261/Fantasy-F1-League:2023:constructor:McLaren,McLaren,MCL,,54.0,,,,,,9.8,jm1261/Fantasy-F1-League,https://github.com/jm1261/Fantasy-F1-League/blob/main/Data/2023/Lineup/Austria_Results.json,MIT,third_party_recorded,False,True,False,third_party_recorded,historical_fantasy_scores_v3_recorded_2023_2026
2023,9,Austrian Grand Prix,2023-07-02,constructor,mercedes,jm1261/Fantasy-F1-League:2023:constructor:Mercedes,Mercedes,MER,,70.0,,,,,,25.2,jm1261/Fantasy-F1-League,https://github.com/jm1261/Fantasy-F1-League/blob/main/Data/2023/Lineup/Austria_Results.json,MIT,third_party_recorded,False,True,False,third_party_recorded,historical_fantasy_scores_v3_recorded_2023_2026
2023,9,Austrian Grand Prix,2023-07-02,constructor,red_bull,jm1261/Fantasy-F1-League:2023:constructor:Red Bull,Red Bull,RBR,,112.0,,,,,,28.2,jm1261/Fantasy-F1-League,https://github.com/jm1261/Fantasy-F1-League/blob/main/Data/2023/Lineup/Austria_Results.json,MIT,third_party_recorded,False,True,False,third_party_recorded,historical_fantasy_scores_v3_recorded_2023_2026
2023,9,Austrian Grand Prix,2023-07-02,constructor,williams,jm1261/Fantasy-F1-League:2023:constructor:Williams,Williams,WIL,,35.0,,,,,,5.0,jm1261/Fantasy-F1-League,https://github.com/jm1261/Fantasy-F1-League/blob/main/Data/2023/Lineup/Austria_Results.json,MIT,third_party_recorded,False,True,False,third_party_recorded,historical_fantasy_scores_v3_recorded_2023_2026
2023,9,Austrian Grand Prix,2023-07-02,driver,albon,jm1261/Fantasy-F1-League:2023:driver:Albon,Alexander Albon,ALB,Williams,11.0,,,,,,6.4,jm1261/Fantasy-F1-League,https://github.com/jm1261/Fantasy-F1-League/blob/main/Data/2023/Lineup/Austria_Results.json,MIT,third_party_recorded,False,True,False,third_party_recorded,historical_fantasy_scores_v3_recorded_2023_2026
2023,9,Austrian Grand Prix,2023-07-02,driver,alonso,jm1261/Fantasy-F1-League:2023:driver:Alonso,Fernando Alonso,ALO,Aston Martin,28.0,,,,,,10.9,jm1261/Fantasy-F1-League,https://github.com/jm1261/Fantasy-F1-League/blob/main/Data/2023/Lineup/Austria_Results.json,MIT,third_party_recorded,False,True,False,third_party_recorded,historical_fantasy_scores_v3_recorded_2023_2026
2023,9,Austrian Grand Prix,2023-07-02,driver,bottas,jm1261/Fantasy-F1-League:2023:driver:Bottas,Valtteri Bottas,BOT,Alfa Romeo,5.0,,,,,,7.9,jm1261/Fantasy-F1-League,https://github.com/jm1261/Fantasy-F1-League/blob/main/Data/2023/Lineup/Austria_Results.json,MIT,third_party_recorded,False,True,False,third_party_recorded,historical_fantasy_scores_v3_recorded_2023_2026
2023,9,Austrian Grand Prix,2023-07-02,driver,de_vries,jm1261/Fantasy-F1-League:2023:driver:De Vries,Nyck de Vries,DEV,AlphaTauri,9.0,,,,,,4.5,jm1261/Fantasy-F1-League,https://github.com/jm1261/Fantasy-F1-League/blob/main/Data/2023/Lineup/Austria_Results.json,MIT,third_party_recorded,False,True,False,third_party_recorded,historical_fantasy_scores_v3_recorded_2023_2026
2023,9,Austrian Grand Prix,2023-07-02,driver,gasly,jm1261/Fantasy-F1-League:2023:driver:Gasly,Pierre Gasly,GAS,Alpine,7.0,,,,,,8.6,jm1261/Fantasy-F1-League,https://github.com/jm1261/Fantasy-F1-League/blob/main/Data/2023/Lineup/Austria_Results.json,MIT,third_party_recorded,False,True,False,third_party_recorded,historical_fantasy_scores_v3_recorded_2023_2026
2023,9,Austrian Grand Prix,2023-07-02,driver,hamilton,jm1261/Fantasy-F1-League:2023:driver:Hamilton,Lewis Hamilton,HAM,Mercedes,31.0,,,,,,24.4,jm1261/Fantasy-F1-League,https://github.com/jm1261/Fantasy-F1-League/blob/main/Data/2023/Lineup/Austria_Results.json,MIT,third_party_recorded,False,True,False,third_party_recorded,historical_fantasy_scores_v3_recorded_2023_2026
2023,9,Austrian Grand Prix,2023-07-02,driver,hulkenberg,jm1261/Fantasy-F1-League:2023:driver:Hulkenberg,Nico Hülkenberg,HUL,Haas,-4.0,,,,,,3.8,jm1261/Fantasy-F1-League,https://github.com/jm1261/Fantasy-F1-League/blob/main/Data/2023/Lineup/Austria_Results.json,MIT,third_party_recorded,False,True,False,third_party_recorded,historical_fantasy_scores_v3_recorded_2023_2026
2023,9,Austrian Grand Prix,2023-07-02,driver,kevin_magnussen,jm1261/Fantasy-F1-League:2023:driver:Magnussen,Kevin Magnussen,MAG,Haas,13.0,,,,,,6.9,jm1261/Fantasy-F1-League,https://github.com/jm1261/Fantasy-F1-League/blob/main/Data/2023/Lineup/Austria_Results.json,MIT,third_party_recorded,False,True,False,third_party_recorded,historical_fantasy_scores_v3_recorded_2023_2026
2023,9,Austrian Grand Prix,2023-07-02,driver,leclerc,jm1261/Fantasy-F1-League:2023:driver:Leclerc,Charles Leclerc,LEC,Ferrari,32.0,,,,,,21.8,jm1261/Fantasy-F1-League,https://github.com/jm1261/Fantasy-F1-League/blob/main/Data/2023/Lineup/Austria_Results.json,MIT,third_party_recorded,False,True,False,third_party_recorded,historical_fantasy_scores_v3_recorded_2023_2026
2023,9,Austrian Grand Prix,2023-07-02,driver,max_verstappen,jm1261/Fantasy-F1-League:2023:driver:Verstappen,Max Verstappen,VER,Red Bull,56.0,,,,,,27.9,jm1261/Fantasy-F1-League,https://github.com/jm1261/Fantasy-F1-League/blob/main/Data/2023/Lineup/Austria_Results.json,MIT,third_party_recorded,False,True,False,third_party_recorded,historical_fantasy_scores_v3_recorded_2023_2026
2023,9,Austrian Grand Prix,2023-07-02,driver,norris,jm1261/Fantasy-F1-League:2023:driver:Norris,Lando Norris,NOR,McLaren,29.0,,,,,,11.4,jm1261/Fantasy-F1-League,https://github.com/jm1261/Fantasy-F1-League/blob/main/Data/2023/Lineup/Austria_Results.json,MIT,third_party_recorded,False,True,False,third_party_recorded,historical_fantasy_scores_v3_recorded_2023_2026
2023,9,Austrian Grand Prix,2023-07-02,driver,ocon,jm1261/Fantasy-F1-League:2023:driver:Ocon,Esteban Ocon,OCO,Alpine,9.0,,,,,,9.9,jm1261/Fantasy-F1-League,https://github.com/jm1261/Fantasy-F1-League/blob/main/Data/2023/Lineup/Austria_Results.json,MIT,third_party_recorded,False,True,False,third_party_recorded,historical_fantasy_scores_v3_recorded_2023_2026
2023,9,Austrian Grand Prix,2023-07-02,driver,perez,jm1261/Fantasy-F1-League:2023:driver:Perez,Sergio Pérez,PER,Red Bull,51.0,,,,,,19.0,jm1261/Fantasy-F1-League,https://github.com/jm1261/Fantasy-F1-League/blob/main/Data/2023/Lineup/Austria_Results.json,MIT,third_party_recorded,False,True,False,third_party_recorded,historical_fantasy_scores_v3_recorded_2023_2026
2023,9,Austrian Grand Prix,2023-07-02,driver,piastri,jm1261/Fantasy-F1-League:2023:driver:Piastri,Oscar Piastri,PIA,McLaren,20.0,,,,,,7.0,jm1261/Fantasy-F1-League,https://github.com/jm1261/Fantasy-F1-League/blob/main/Data/2023/Lineup/Austria_Results.json,MIT,third_party_recorded,False,True,False,third_party_recorded,historical_fantasy_scores_v3_recorded_2023_2026
2023,9,Austrian Grand Prix,2023-07-02,driver,russell,jm1261/Fantasy-F1-League:2023:driver:Russell,George Russell,RUS,Mercedes,34.0,,,,,,18.5,jm1261/Fantasy-F1-League,https://github.com/jm1261/Fantasy-F1-League/blob/main/Data/2023/Lineup/Austria_Results.json,MIT,third_party_recorded,False,True,False,third_party_recorded,historical_fantasy_scores_v3_recorded_2023_2026
2023,9,Austrian Grand Prix,2023-07-02,driver,sainz,jm1261/Fantasy-F1-League:2023:driver:Sainz,Carlos Sainz,SAI,Ferrari,31.0,,,,,,17.6,jm1261/Fantasy-F1-League,https://github.com/jm1261/Fantasy-F1-League/blob/main/Data/2023/Lineup/Austria_Results.json,MIT,third_party_recorded,False,True,False,third_party_recorded,historical_fantasy_scores_v3_recorded_2023_2026
2023,9,Austrian Grand Prix,2023-07-02,driver,sargeant,jm1261/Fantasy-F1-League:2023:driver:Sargeant,Logan Sargeant,SAR,Williams,19.0,,,,,,4.0,jm1261/Fantasy-F1-League,https://github.com/jm1261/Fantasy-F1-League/blob/main/Data/2023/Lineup/Austria_Results.json,MIT,third_party_recorded,False,True,False,third_party_recorded,historical_fantasy_scores_v3_recorded_2023_2026
2023,9,Austrian Grand Prix,2023-07-02,driver,stroll,jm1261/Fantasy-F1-League:2023:driver:Stroll,Lance Stroll,STR,Aston Martin,25.0,,,,,,8.6,jm1261/Fantasy-F1-League,https://github.com/jm1261/Fantasy-F1-League/blob/main/Data/2023/Lineup/Austria_Results.json,MIT,third_party_recorded,False,True,False,third_party_recorded,historical_fantasy_scores_v3_recorded_2023_2026
2023,9,Austrian Grand Prix,2023-07-02,driver,tsunoda,jm1261/Fantasy-F1-League:2023:driver:Tsunoda,Yuki Tsunoda,TSU,AlphaTauri,4.0,,,,,,5.1,jm1261/Fantasy-F1-League,https://github.com/jm1261/Fantasy-F1-League/blob/main/Data/2023/Lineup/Austria_Results.json,MIT,third_party_recorded,False,True,False,third_party_recorded,historical_fantasy_scores_v3_recorded_2023_2026
2023,9,Austrian Grand Prix,2023-07-02,driver,zhou,jm1261/Fantasy-F1-League:2023:driver:Guanyu,Guanyu Zhou,ZHO,Alfa Romeo,10.0,,,,,,4.7,jm1261/Fantasy-F1-League,https://github.com/jm1261/Fantasy-F1-League/blob/main/Data/2023/Lineup/Austria_Results.json,MIT,third_party_recorded,False,True,False,third_party_recorded,historical_fantasy_scores_v3_recorded_2023_2026
2023,10,British Grand Prix,2023-07-09,constructor,alfa,jm1261/Fantasy-F1-League:2023:constructor:Alfa Romeo,Alfa Romeo,ALF,,0.0,,,,,,5.9,jm1261/Fantasy-F1-League,https://github.com/jm1261/Fantasy-F1-League/blob/main/Data/2023/Lineup/Great%20Britain_Results.json,MIT,third_party_recorded,False,True,False,third_party_recorded,historical_fantasy_scores_v3_recorded_2023_2026
2023,10,British Grand Prix,2023-07-09,constructor,alphatauri,jm1261/Fantasy-F1-League:2023:constructor:AlphaTauri,AlphaTauri,ALT,,5.0,,,,,,6.0,jm1261/Fantasy-F1-League,https://github.com/jm1261/Fantasy-F1-League/blob/main/Data/2023/Lineup/Great%20Britain_Results.json,MIT,third_party_recorded,False,True,False,third_party_recorded,historical_fantasy_scores_v3_recorded_2023_2026
2023,10,British Grand Prix,2023-07-09,constructor,alpine,jm1261/Fantasy-F1-League:2023:constructor:Alpine,Alpine,ALP,,-16.0,,,,,,10.4,jm1261/Fantasy-F1-League,https://github.com/jm1261/Fantasy-F1-League/blob/main/Data/2023/Lineup/Great%20Britain_Results.json,MIT,third_party_recorded,False,True,False,third_party_recorded,historical_fantasy_scores_v3_recorded_2023_2026
2023,10,British Grand Prix,2023-07-09,constructor,aston_martin,jm1261/Fantasy-F1-League:2023:constructor:Aston Martin,Aston Martin,AMR,,22.0,,,,,,9.0,jm1261/Fantasy-F1-League,https://github.com/jm1261/Fantasy-F1-League/blob/main/Data/2023/Lineup/Great%20Britain_Results.json,MIT,third_party_recorded,False,True,False,third_party_recorded,historical_fantasy_scores_v3_recorded_2023_2026
2023,10,British Grand Prix,2023-07-09,constructor,ferrari,jm1261/Fantasy-F1-League:2023:constructor:Ferrari,Ferrari,FER,,25.0,,,,,,22.9,jm1261/Fantasy-F1-League,https://github.com/jm1261/Fantasy-F1-League/blob/main/Data/2023/Lineup/Great%20Britain_Results.json,MIT,third_party_recorded,False,True,False,third_party_recorded,historical_fantasy_scores_v3_recorded_2023_2026
2023,10,British Grand Prix,2023-07-09,constructor,haas,jm1261/Fantasy-F1-League:2023:constructor:Haas,Haas,HAS,,-18.0,,,,,,4.9,jm1261/Fantasy-F1-League,https://github.com/jm1261/Fantasy-F1-League/blob/main/Data/2023/Lineup/Great%20Britain_Results.json,MIT,third_party_recorded,False,True,False,third_party_recorded,historical_fantasy_scores_v3_recorded_2023_2026
2023,10,British Grand Prix,2023-07-09,constructor,mclaren,jm1261/Fantasy-F1-League:2023:constructor:McLaren,McLaren,MCL,,68.0,,,,,,10.8,jm1261/Fantasy-F1-League,https://github.com/jm1261/Fantasy-F1-League/blob/main/Data/2023/Lineup/Great%20Britain_Results.json,MIT,third_party_recorded,False,True,False,third_party_recorded,historical_fantasy_scores_v3_recorded_2023_2026
2023,10,British Grand Prix,2023-07-09,constructor,mercedes,jm1261/Fantasy-F1-League:2023:constructor:Mercedes,Mercedes,MER,,53.0,,,,,,25.3,jm1261/Fantasy-F1-League,https://github.com/jm1261/Fantasy-F1-League/blob/main/Data/2023/Lineup/Great%20Britain_Results.json,MIT,third_party_recorded,False,True,False,third_party_recorded,historical_fantasy_scores_v3_recorded_2023_2026
2023,10,British Grand Prix,2023-07-09,constructor,red_bull,jm1261/Fantasy-F1-League:2023:constructor:Red Bull,Red Bull,RBR,,77.0,,,,,,28.4,jm1261/Fantasy-F1-League,https://github.com/jm1261/Fantasy-F1-League/blob/main/Data/2023/Lineup/Great%20Britain_Results.json,MIT,third_party_recorded,False,True,False,third_party_recorded,historical_fantasy_scores_v3_recorded_2023_2026
2023,10,British Grand Prix,2023-07-09,constructor,williams,jm1261/Fantasy-F1-League:2023:constructor:Williams,Williams,WIL,,19.0,,,,,,5.5,jm1261/Fantasy-F1-League,https://github.com/jm1261/Fantasy-F1-League/blob/main/Data/2023/Lineup/Great%20Britain_Results.json,MIT,third_party_recorded,False,True,False,third_party_recorded,historical_fantasy_scores_v3_recorded_2023_2026
2023,10,British Grand Prix,2023-07-09,driver,albon,jm1261/Fantasy-F1-League:2023:driver:Albon,Alexander Albon,ALB,Williams,8.0,,,,,,6.9,jm1261/Fantasy-F1-League,https://github.com/jm1261/Fantasy-F1-League/blob/main/Data/2023/Lineup/Great%20Britain_Results.json,MIT,third_party_recorded,False,True,False,third_party_recorded,historical_fantasy_scores_v3_recorded_2023_2026
2023,10,British Grand Prix,2023-07-09,driver,alonso,jm1261/Fantasy-F1-League:2023:driver:Alonso,Fernando Alonso,ALO,Aston Martin,12.0,,,,,,11.4,jm1261/Fantasy-F1-League,https://github.com/jm1261/Fantasy-F1-League/blob/main/Data/2023/Lineup/Great%20Britain_Results.json,MIT,third_party_recorded,False,True,False,third_party_recorded,historical_fantasy_scores_v3_recorded_2023_2026
2023,10,British Grand Prix,2023-07-09,driver,bottas,jm1261/Fantasy-F1-League:2023:driver:Bottas,Valtteri Bottas,BOT,Alfa Romeo,-5.0,,,,,,7.9,jm1261/Fantasy-F1-League,https://github.com/jm1261/Fantasy-F1-League/blob/main/Data/2023/Lineup/Great%20Britain_Results.json,MIT,third_party_recorded,False,True,False,third_party_recorded,historical_fantasy_scores_v3_recorded_2023_2026
2023,10,British Grand Prix,2023-07-09,driver,de_vries,jm1261/Fantasy-F1-League:2023:driver:De Vries,Nyck de Vries,DEV,AlphaTauri,3.0,,,,,,4.5,jm1261/Fantasy-F1-League,https://github.com/jm1261/Fantasy-F1-League/blob/main/Data/2023/Lineup/Great%20Britain_Results.json,MIT,third_party_recorded,False,True,False,third_party_recorded,historical_fantasy_scores_v3_recorded_2023_2026
2023,10,British Grand Prix,2023-07-09,driver,gasly,jm1261/Fantasy-F1-League:2023:driver:Gasly,Pierre Gasly,GAS,Alpine,-3.0,,,,,,8.6,jm1261/Fantasy-F1-League,https://github.com/jm1261/Fantasy-F1-League/blob/main/Data/2023/Lineup/Great%20Britain_Results.json,MIT,third_party_recorded,False,True,False,third_party_recorded,historical_fantasy_scores_v3_recorded_2023_2026
2023,10,British Grand Prix,2023-07-09,driver,hamilton,jm1261/Fantasy-F1-League:2023:driver:Hamilton,Lewis Hamilton,HAM,Mercedes,25.0,,,,,,24.7,jm1261/Fantasy-F1-League,https://github.com/jm1261/Fantasy-F1-League/blob/main/Data/2023/Lineup/Great%20Britain_Results.json,MIT,third_party_recorded,False,True,False,third_party_recorded,historical_fantasy_scores_v3_recorded_2023_2026
2023,10,British Grand Prix,2023-07-09,driver,hulkenberg,jm1261/Fantasy-F1-League:2023:driver:Hulkenberg,Nico Hülkenberg,HUL,Haas,0.0,,,,,,3.8,jm1261/Fantasy-F1-League,https://github.com/jm1261/Fantasy-F1-League/blob/main/Data/2023/Lineup/Great%20Britain_Results.json,MIT,third_party_recorded,False,True,False,third_party_recorded,historical_fantasy_scores_v3_recorded_2023_2026
2023,10,British Grand Prix,2023-07-09,driver,kevin_magnussen,jm1261/Fantasy-F1-League:2023:driver:Magnussen,Kevin Magnussen,MAG,Haas,-19.0,,,,,,6.8,jm1261/Fantasy-F1-League,https://github.com/jm1261/Fantasy-F1-League/blob/main/Data/2023/Lineup/Great%20Britain_Results.json,MIT,third_party_recorded,False,True,False,third_party_recorded,historical_fantasy_scores_v3_recorded_2023_2026
2023,10,British Grand Prix,2023-07-09,driver,leclerc,jm1261/Fantasy-F1-League:2023:driver:Leclerc,Charles Leclerc,LEC,Ferrari,6.0,,,,,,21.9,jm1261/Fantasy-F1-League,https://github.com/jm1261/Fantasy-F1-League/blob/main/Data/2023/Lineup/Great%20Britain_Results.json,MIT,third_party_recorded,False,True,False,third_party_recorded,historical_fantasy_scores_v3_recorded_2023_2026
2023,10,British Grand Prix,2023-07-09,driver,max_verstappen,jm1261/Fantasy-F1-League:2023:driver:Verstappen,Max Verstappen,VER,Red Bull,46.0,,,,,,28.1,jm1261/Fantasy-F1-League,https://github.com/jm1261/Fantasy-F1-League/blob/main/Data/2023/Lineup/Great%20Britain_Results.json,MIT,third_party_recorded,False,True,False,third_party_recorded,historical_fantasy_scores_v3_recorded_2023_2026
2023,10,British Grand Prix,2023-07-09,driver,norris,jm1261/Fantasy-F1-League:2023:driver:Norris,Lando Norris,NOR,McLaren,38.0,,,,,,12.9,jm1261/Fantasy-F1-League,https://github.com/jm1261/Fantasy-F1-League/blob/main/Data/2023/Lineup/Great%20Britain_Results.json,MIT,third_party_recorded,False,True,False,third_party_recorded,historical_fantasy_scores_v3_recorded_2023_2026
2023,10,British Grand Prix,2023-07-09,driver,ocon,jm1261/Fantasy-F1-League:2023:driver:Ocon,Esteban Ocon,OCO,Alpine,-18.0,,,,,,9.8,jm1261/Fantasy-F1-League,https://github.com/jm1261/Fantasy-F1-League/blob/main/Data/2023/Lineup/Great%20Britain_Results.json,MIT,third_party_recorded,False,True,False,third_party_recorded,historical_fantasy_scores_v3_recorded_2023_2026
2023,10,British Grand Prix,2023-07-09,driver,perez,jm1261/Fantasy-F1-League:2023:driver:Perez,Sergio Pérez,PER,Red Bull,26.0,,,,,,19.3,jm1261/Fantasy-F1-League,https://github.com/jm1261/Fantasy-F1-League/blob/main/Data/2023/Lineup/Great%20Britain_Results.json,MIT,third_party_recorded,False,True,False,third_party_recorded,historical_fantasy_scores_v3_recorded_2023_2026
2023,10,British Grand Prix,2023-07-09,driver,piastri,jm1261/Fantasy-F1-League:2023:driver:Piastri,Oscar Piastri,PIA,McLaren,20.0,,,,,,8.0,jm1261/Fantasy-F1-League,https://github.com/jm1261/Fantasy-F1-League/blob/main/Data/2023/Lineup/Great%20Britain_Results.json,MIT,third_party_recorded,False,True,False,third_party_recorded,historical_fantasy_scores_v3_recorded_2023_2026
2023,10,British Grand Prix,2023-07-09,driver,russell,jm1261/Fantasy-F1-League:2023:driver:Russell,George Russell,RUS,Mercedes,18.0,,,,,,18.8,jm1261/Fantasy-F1-League,https://github.com/jm1261/Fantasy-F1-League/blob/main/Data/2023/Lineup/Great%20Britain_Results.json,MIT,third_party_recorded,False,True,False,third_party_recorded,historical_fantasy_scores_v3_recorded_2023_2026
2023,10,British Grand Prix,2023-07-09,driver,sainz,jm1261/Fantasy-F1-League:2023:driver:Sainz,Carlos Sainz,SAI,Ferrari,4.0,,,,,,17.4,jm1261/Fantasy-F1-League,https://github.com/jm1261/Fantasy-F1-League/blob/main/Data/2023/Lineup/Great%20Britain_Results.json,MIT,third_party_recorded,False,True,False,third_party_recorded,historical_fantasy_scores_v3_recorded_2023_2026
2023,10,British Grand Prix,2023-07-09,driver,sargeant,jm1261/Fantasy-F1-League:2023:driver:Sargeant,Logan Sargeant,SAR,Williams,6.0,,,,,,4.5,jm1261/Fantasy-F1-League,https://github.com/jm1261/Fantasy-F1-League/blob/main/Data/2023/Lineup/Great%20Britain_Results.json,MIT,third_party_recorded,False,True,False,third_party_recorded,historical_fantasy_scores_v3_recorded_2023_2026
2023,10,British Grand Prix,2023-07-09,driver,stroll,jm1261/Fantasy-F1-League:2023:driver:Stroll,Lance Stroll,STR,Aston Martin,2.0,,,,,,8.6,jm1261/Fantasy-F1-League,https://github.com/jm1261/Fantasy-F1-League/blob/main/Data/2023/Lineup/Great%20Britain_Results.json,MIT,third_party_recorded,False,True,False,third_party_recorded,historical_fantasy_scores_v3_recorded_2023_2026
2023,10,British Grand Prix,2023-07-09,driver,tsunoda,jm1261/Fantasy-F1-League:2023:driver:Tsunoda,Yuki Tsunoda,TSU,AlphaTauri,3.0,,,,,,5.1,jm1261/Fantasy-F1-League,https://github.com/jm1261/Fantasy-F1-League/blob/main/Data/2023/Lineup/Great%20Britain_Results.json,MIT,third_party_recorded,False,True,False,third_party_recorded,historical_fantasy_scores_v3_recorded_2023_2026
2023,10,British Grand Prix,2023-07-09,driver,zhou,jm1261/Fantasy-F1-League:2023:driver:Guanyu,Guanyu Zhou,ZHO,Alfa Romeo,6.0,,,,,,5.2,jm1261/Fantasy-F1-League,https://github.com/jm1261/Fantasy-F1-League/blob/main/Data/2023/Lineup/Great%20Britain_Results.json,MIT,third_party_recorded,False,True,False,third_party_recorded,historical_fantasy_scores_v3_recorded_2023_2026
2023,11,Hungarian Grand Prix,2023-07-23,constructor,alfa,jm1261/Fantasy-F1-League:2023:constructor:Alfa Romeo,Alfa Romeo,ALF,,6.0,,,,,,5.9,jm1261/Fantasy-F1-League,https://github.com/jm1261/Fantasy-F1-League/blob/main/Data/2023/Lineup/Hungary_Results.json,MIT,third_party_recorded,False,True,False,third_party_recorded,historical_fantasy_scores_v3_recorded_2023_2026
2023,11,Hungarian Grand Prix,2023-07-23,constructor,alphatauri,jm1261/Fantasy-F1-League:2023:constructor:AlphaTauri,AlphaTauri,ALT,,8.0,,,,,,6.0,jm1261/Fantasy-F1-League,https://github.com/jm1261/Fantasy-F1-League/blob/main/Data/2023/Lineup/Hungary_Results.json,MIT,third_party_recorded,False,True,False,third_party_recorded,historical_fantasy_scores_v3_recorded_2023_2026
2023,11,Hungarian Grand Prix,2023-07-23,constructor,alpine,jm1261/Fantasy-F1-League:2023:constructor:Alpine,Alpine,ALP,,-35.0,,,,,,10.3,jm1261/Fantasy-F1-League,https://github.com/jm1261/Fantasy-F1-League/blob/main/Data/2023/Lineup/Hungary_Results.json,MIT,third_party_recorded,False,True,False,third_party_recorded,historical_fantasy_scores_v3_recorded_2023_2026
2023,11,Hungarian Grand Prix,2023-07-23,constructor,aston_martin,jm1261/Fantasy-F1-League:2023:constructor:Aston Martin,Aston Martin,AMR,,21.0,,,,,,9.5,jm1261/Fantasy-F1-League,https://github.com/jm1261/Fantasy-F1-League/blob/main/Data/2023/Lineup/Hungary_Results.json,MIT,third_party_recorded,False,True,False,third_party_recorded,historical_fantasy_scores_v3_recorded_2023_2026
2023,11,Hungarian Grand Prix,2023-07-23,constructor,ferrari,jm1261/Fantasy-F1-League:2023:constructor:Ferrari,Ferrari,FER,,32.0,,,,,,23.0,jm1261/Fantasy-F1-League,https://github.com/jm1261/Fantasy-F1-League/blob/main/Data/2023/Lineup/Hungary_Results.json,MIT,third_party_recorded,False,True,False,third_party_recorded,historical_fantasy_scores_v3_recorded_2023_2026
2023,11,Hungarian Grand Prix,2023-07-23,constructor,haas,jm1261/Fantasy-F1-League:2023:constructor:Haas,Haas,HAS,,10.0,,,,,,4.9,jm1261/Fantasy-F1-League,https://github.com/jm1261/Fantasy-F1-League/blob/main/Data/2023/Lineup/Hungary_Results.json,MIT,third_party_recorded,False,True,False,third_party_recorded,historical_fantasy_scores_v3_recorded_2023_2026
2023,11,Hungarian Grand Prix,2023-07-23,constructor,mclaren,jm1261/Fantasy-F1-League:2023:constructor:McLaren,McLaren,MCL,,62.0,,,,,,11.8,jm1261/Fantasy-F1-League,https://github.com/jm1261/Fantasy-F1-League/blob/main/Data/2023/Lineup/Hungary_Results.json,MIT,third_party_recorded,False,True,False,third_party_recorded,historical_fantasy_scores_v3_recorded_2023_2026
2023,11,Hungarian Grand Prix,2023-07-23,constructor,mercedes,jm1261/Fantasy-F1-League:2023:constructor:Mercedes,Mercedes,MER,,52.0,,,,,,25.4,jm1261/Fantasy-F1-League,https://github.com/jm1261/Fantasy-F1-League/blob/main/Data/2023/Lineup/Hungary_Results.json,MIT,third_party_recorded,False,True,False,third_party_recorded,historical_fantasy_scores_v3_recorded_2023_2026
2023,11,Hungarian Grand Prix,2023-07-23,constructor,red_bull,jm1261/Fantasy-F1-League:2023:constructor:Red Bull,Red Bull,RBR,,95.0,,,,,,28.6,jm1261/Fantasy-F1-League,https://github.com/jm1261/Fantasy-F1-League/blob/main/Data/2023/Lineup/Hungary_Results.json,MIT,third_party_recorded,False,True,False,third_party_recorded,historical_fantasy_scores_v3_recorded_2023_2026
2023,11,Hungarian Grand Prix,2023-07-23,constructor,williams,jm1261/Fantasy-F1-League:2023:constructor:Williams,Williams,WIL,,9.0,,,,,,5.5,jm1261/Fantasy-F1-League,https://github.com/jm1261/Fantasy-F1-League/blob/main/Data/2023/Lineup/Hungary_Results.json,MIT,third_party_recorded,False,True,False,third_party_recorded,historical_fantasy_scores_v3_recorded_2023_2026
2023,11,Hungarian Grand Prix,2023-07-23,driver,albon,jm1261/Fantasy-F1-League:2023:driver:Albon,Alexander Albon,ALB,Williams,8.0,,,,,,7.4,jm1261/Fantasy-F1-League,https://github.com/jm1261/Fantasy-F1-League/blob/main/Data/2023/Lineup/Hungary_Results.json,MIT,third_party_recorded,False,True,False,third_party_recorded,historical_fantasy_scores_v3_recorded_2023_2026
2023,11,Hungarian Grand Prix,2023-07-23,driver,alonso,jm1261/Fantasy-F1-League:2023:driver:Alonso,Fernando Alonso,ALO,Aston Martin,7.0,,,,,,11.9,jm1261/Fantasy-F1-League,https://github.com/jm1261/Fantasy-F1-League/blob/main/Data/2023/Lineup/Hungary_Results.json,MIT,third_party_recorded,False,True,False,third_party_recorded,historical_fantasy_scores_v3_recorded_2023_2026
2023,11,Hungarian Grand Prix,2023-07-23,driver,bottas,jm1261/Fantasy-F1-League:2023:driver:Bottas,Valtteri Bottas,BOT,Alfa Romeo,0.0,,,,,,7.9,jm1261/Fantasy-F1-League,https://github.com/jm1261/Fantasy-F1-League/blob/main/Data/2023/Lineup/Hungary_Results.json,MIT,third_party_recorded,False,True,False,third_party_recorded,historical_fantasy_scores_v3_recorded_2023_2026
2023,11,Hungarian Grand Prix,2023-07-23,driver,gasly,jm1261/Fantasy-F1-League:2023:driver:Gasly,Pierre Gasly,GAS,Alpine,-19.0,,,,,,8.5,jm1261/Fantasy-F1-League,https://github.com/jm1261/Fantasy-F1-League/blob/main/Data/2023/Lineup/Hungary_Results.json,MIT,third_party_recorded,False,True,False,third_party_recorded,historical_fantasy_scores_v3_recorded_2023_2026
2023,11,Hungarian Grand Prix,2023-07-23,driver,hamilton,jm1261/Fantasy-F1-League:2023:driver:Hamilton,Lewis Hamilton,HAM,Mercedes,20.0,,,,,,25.0,jm1261/Fantasy-F1-League,https://github.com/jm1261/Fantasy-F1-League/blob/main/Data/2023/Lineup/Hungary_Results.json,MIT,third_party_recorded,False,True,False,third_party_recorded,historical_fantasy_scores_v3_recorded_2023_2026
2023,11,Hungarian Grand Prix,2023-07-23,driver,hulkenberg,jm1261/Fantasy-F1-League:2023:driver:Hulkenberg,Nico Hülkenberg,HUL,Haas,0.0,,,,,,3.8,jm1261/Fantasy-F1-League,https://github.com/jm1261/Fantasy-F1-League/blob/main/Data/2023/Lineup/Hungary_Results.json,MIT,third_party_recorded,False,True,False,third_party_recorded,historical_fantasy_scores_v3_recorded_2023_2026
2023,11,Hungarian Grand Prix,2023-07-23,driver,kevin_magnussen,jm1261/Fantasy-F1-League:2023:driver:Magnussen,Kevin Magnussen,MAG,Haas,5.0,,,,,,6.8,jm1261/Fantasy-F1-League,https://github.com/jm1261/Fantasy-F1-League/blob/main/Data/2023/Lineup/Hungary_Results.json,MIT,third_party_recorded,False,True,False,third_party_recorded,historical_fantasy_scores_v3_recorded_2023_2026
2023,11,Hungarian Grand Prix,2023-07-23,driver,leclerc,jm1261/Fantasy-F1-League:2023:driver:Leclerc,Charles Leclerc,LEC,Ferrari,12.0,,,,,,22.0,jm1261/Fantasy-F1-League,https://github.com/jm1261/Fantasy-F1-League/blob/main/Data/2023/Lineup/Hungary_Results.json,MIT,third_party_recorded,False,True,False,third_party_recorded,historical_fantasy_scores_v3_recorded_2023_2026
2023,11,Hungarian Grand Prix,2023-07-23,driver,max_verstappen,jm1261/Fantasy-F1-League:2023:driver:Verstappen,Max Verstappen,VER,Red Bull,46.0,,,,,,28.3,jm1261/Fantasy-F1-League,https://github.com/jm1261/Fantasy-F1-League/blob/main/Data/2023/Lineup/Hungary_Results.json,MIT,third_party_recorded,False,True,False,third_party_recorded,historical_fantasy_scores_v3_recorded_2023_2026
2023,11,Hungarian Grand Prix,2023-07-23,driver,norris,jm1261/Fantasy-F1-League:2023:driver:Norris,Lando Norris,NOR,McLaren,29.0,,,,,,13.9,jm1261/Fantasy-F1-League,https://github.com/jm1261/Fantasy-F1-League/blob/main/Data/2023/Lineup/Hungary_Results.json,MIT,third_party_recorded,False,True,False,third_party_recorded,historical_fantasy_scores_v3_recorded_2023_2026
2023,11,Hungarian Grand Prix,2023-07-23,driver,ocon,jm1261/Fantasy-F1-League:2023:driver:Ocon,Esteban Ocon,OCO,Alpine,-19.0,,,,,,9.7,jm1261/Fantasy-F1-League,https://github.com/jm1261/Fantasy-F1-League/blob/main/Data/2023/Lineup/Hungary_Results.json,MIT,third_party_recorded,False,True,False,third_party_recorded,historical_fantasy_scores_v3_recorded_2023_2026
2023,11,Hungarian Grand Prix,2023-07-23,driver,perez,jm1261/Fantasy-F1-League:2023:driver:Perez,Sergio Pérez,PER,Red Bull,39.0,,,,,,20.3,jm1261/Fantasy-F1-League,https://github.com/jm1261/Fantasy-F1-League/blob/main/Data/2023/Lineup/Hungary_Results.json,MIT,third_party_recorded,False,True,False,third_party_recorded,historical_fantasy_scores_v3_recorded_2023_2026
2023,11,Hungarian Grand Prix,2023-07-23,driver,piastri,jm1261/Fantasy-F1-League:2023:driver:Piastri,Oscar Piastri,PIA,McLaren,18.0,,,,,,9.0,jm1261/Fantasy-F1-League,https://github.com/jm1261/Fantasy-F1-League/blob/main/Data/2023/Lineup/Hungary_Results.json,MIT,third_party_recorded,False,True,False,third_party_recorded,historical_fantasy_scores_v3_recorded_2023_2026
2023,11,Hungarian Grand Prix,2023-07-23,driver,ricciardo,jm1261/Fantasy-F1-League:2023:driver:Ricciardo,Daniel Ricciardo,RIC,AlphaTauri,2.0,,,,,,4.5,jm1261/Fantasy-F1-League,https://github.com/jm1261/Fantasy-F1-League/blob/main/Data/2023/Lineup/Hungary_Results.json,MIT,third_party_recorded,False,True,False,third_party_recorded,historical_fantasy_scores_v3_recorded_2023_2026
2023,11,Hungarian Grand Prix,2023-07-23,driver,russell,jm1261/Fantasy-F1-League:2023:driver:Russell,George Russell,RUS,Mercedes,27.0,,,,,,19.1,jm1261/Fantasy-F1-League,https://github.com/jm1261/Fantasy-F1-League/blob/main/Data/2023/Lineup/Hungary_Results.json,MIT,third_party_recorded,False,True,False,third_party_recorded,historical_fantasy_scores_v3_recorded_2023_2026
2023,11,Hungarian Grand Prix,2023-07-23,driver,sainz,jm1261/Fantasy-F1-League:2023:driver:Sainz,Carlos Sainz,SAI,Ferrari,12.0,,,,,,17.5,jm1261/Fantasy-F1-League,https://github.com/jm1261/Fantasy-F1-League/blob/main/Data/2023/Lineup/Hungary_Results.json,MIT,third_party_recorded,False,True,False,third_party_recorded,historical_fantasy_scores_v3_recorded_2023_2026
2023,11,Hungarian Grand Prix,2023-07-23,driver,sargeant,jm1261/Fantasy-F1-League:2023:driver:Sargeant,Logan Sargeant,SAR,Williams,2.0,,,,,,4.5,jm1261/Fantasy-F1-League,https://github.com/jm1261/Fantasy-F1-League/blob/main/Data/2023/Lineup/Hungary_Results.json,MIT,third_party_recorded,False,True,False,third_party_recorded,historical_fantasy_scores_v3_recorded_2023_2026
2023,11,Hungarian Grand Prix,2023-07-23,driver,stroll,jm1261/Fantasy-F1-League:2023:driver:Stroll,Lance Stroll,STR,Aston Martin,9.0,,,,,,9.1,jm1261/Fantasy-F1-League,https://github.com/jm1261/Fantasy-F1-League/blob/main/Data/2023/Lineup/Hungary_Results.json,MIT,third_party_recorded,False,True,False,third_party_recorded,historical_fantasy_scores_v3_recorded_2023_2026
2023,11,Hungarian Grand Prix,2023-07-23,driver,tsunoda,jm1261/Fantasy-F1-League:2023:driver:Tsunoda,Yuki Tsunoda,TSU,AlphaTauri,5.0,,,,,,5.1,jm1261/Fantasy-F1-League,https://github.com/jm1261/Fantasy-F1-League/blob/main/Data/2023/Lineup/Hungary_Results.json,MIT,third_party_recorded,False,True,False,third_party_recorded,historical_fantasy_scores_v3_recorded_2023_2026
2023,11,Hungarian Grand Prix,2023-07-23,driver,zhou,jm1261/Fantasy-F1-League:2023:driver:Guanyu,Guanyu Zhou,ZHO,Alfa Romeo,-4.0,,,,,,5.2,jm1261/Fantasy-F1-League,https://github.com/jm1261/Fantasy-F1-League/blob/main/Data/2023/Lineup/Hungary_Results.json,MIT,third_party_recorded,False,True,False,third_party_recorded,historical_fantasy_scores_v3_recorded_2023_2026
2023,12,Belgian Grand Prix,2023-07-30,constructor,alfa,jm1261/Fantasy-F1-League:2023:constructor:Alfa Romeo,Alfa Romeo,ALF,,26.0,,,,,,6.4,jm1261/Fantasy-F1-League,https://github.com/jm1261/Fantasy-F1-League/blob/main/Data/2023/Lineup/Belgium_Results.json,MIT,third_party_recorded,False,True,False,third_party_recorded,historical_fantasy_scores_v3_recorded_2023_2026
2023,12,Belgian Grand Prix,2023-07-30,constructor,alphatauri,jm1261/Fantasy-F1-League:2023:constructor:AlphaTauri,AlphaTauri,ALT,,18.0,,,,,,6.0,jm1261/Fantasy-F1-League,https://github.com/jm1261/Fantasy-F1-League/blob/main/Data/2023/Lineup/Belgium_Results.json,MIT,third_party_recorded,False,True,False,third_party_recorded,historical_fantasy_scores_v3_recorded_2023_2026
2023,12,Belgian Grand Prix,2023-07-30,constructor,alpine,jm1261/Fantasy-F1-League:2023:constructor:Alpine,Alpine,ALP,,43.0,,,,,,10.8,jm1261/Fantasy-F1-League,https://github.com/jm1261/Fantasy-F1-League/blob/main/Data/2023/Lineup/Belgium_Results.json,MIT,third_party_recorded,False,True,False,third_party_recorded,historical_fantasy_scores_v3_recorded_2023_2026
2023,12,Belgian Grand Prix,2023-07-30,constructor,aston_martin,jm1261/Fantasy-F1-League:2023:constructor:Aston Martin,Aston Martin,AMR,,24.0,,,,,,10.0,jm1261/Fantasy-F1-League,https://github.com/jm1261/Fantasy-F1-League/blob/main/Data/2023/Lineup/Belgium_Results.json,MIT,third_party_recorded,False,True,False,third_party_recorded,historical_fantasy_scores_v3_recorded_2023_2026
2023,12,Belgian Grand Prix,2023-07-30,constructor,ferrari,jm1261/Fantasy-F1-League:2023:constructor:Ferrari,Ferrari,FER,,38.0,,,,,,23.1,jm1261/Fantasy-F1-League,https://github.com/jm1261/Fantasy-F1-League/blob/main/Data/2023/Lineup/Belgium_Results.json,MIT,third_party_recorded,False,True,False,third_party_recorded,historical_fantasy_scores_v3_recorded_2023_2026
2023,12,Belgian Grand Prix,2023-07-30,constructor,haas,jm1261/Fantasy-F1-League:2023:constructor:Haas,Haas,HAS,,23.0,,,,,,5.4,jm1261/Fantasy-F1-League,https://github.com/jm1261/Fantasy-F1-League/blob/main/Data/2023/Lineup/Belgium_Results.json,MIT,third_party_recorded,False,True,False,third_party_recorded,historical_fantasy_scores_v3_recorded_2023_2026
2023,12,Belgian Grand Prix,2023-07-30,constructor,mclaren,jm1261/Fantasy-F1-League:2023:constructor:McLaren,McLaren,MCL,,18.0,,,,,,11.8,jm1261/Fantasy-F1-League,https://github.com/jm1261/Fantasy-F1-League/blob/main/Data/2023/Lineup/Belgium_Results.json,MIT,third_party_recorded,False,True,False,third_party_recorded,historical_fantasy_scores_v3_recorded_2023_2026
2023,12,Belgian Grand Prix,2023-07-30,constructor,mercedes,jm1261/Fantasy-F1-League:2023:constructor:Mercedes,Mercedes,MER,,70.0,,,,,,25.5,jm1261/Fantasy-F1-League,https://github.com/jm1261/Fantasy-F1-League/blob/main/Data/2023/Lineup/Belgium_Results.json,MIT,third_party_recorded,False,True,False,third_party_recorded,historical_fantasy_scores_v3_recorded_2023_2026
2023,12,Belgian Grand Prix,2023-07-30,constructor,red_bull,jm1261/Fantasy-F1-League:2023:constructor:Red Bull,Red Bull,RBR,,80.0,,,,,,28.7,jm1261/Fantasy-F1-League,https://github.com/jm1261/Fantasy-F1-League/blob/main/Data/2023/Lineup/Belgium_Results.json,MIT,third_party_recorded,False,True,False,third_party_recorded,historical_fantasy_scores_v3_recorded_2023_2026
2023,12,Belgian Grand Prix,2023-07-30,constructor,williams,jm1261/Fantasy-F1-League:2023:constructor:Williams,Williams,WIL,,21.0,,,,,,6.0,jm1261/Fantasy-F1-League,https://github.com/jm1261/Fantasy-F1-League/blob/main/Data/2023/Lineup/Belgium_Results.json,MIT,third_party_recorded,False,True,False,third_party_recorded,historical_fantasy_scores_v3_recorded_2023_2026
2023,12,Belgian Grand Prix,2023-07-30,driver,albon,jm1261/Fantasy-F1-League:2023:driver:Albon,Alexander Albon,ALB,Williams,19.0,,,,,,7.9,jm1261/Fantasy-F1-League,https://github.com/jm1261/Fantasy-F1-League/blob/main/Data/2023/Lineup/Belgium_Results.json,MIT,third_party_recorded,False,True,False,third_party_recorded,historical_fantasy_scores_v3_recorded_2023_2026
2023,12,Belgian Grand Prix,2023-07-30,driver,alonso,jm1261/Fantasy-F1-League:2023:driver:Alonso,Fernando Alonso,ALO,Aston Martin,2.0,,,,,,11.9,jm1261/Fantasy-F1-League,https://github.com/jm1261/Fantasy-F1-League/blob/main/Data/2023/Lineup/Belgium_Results.json,MIT,third_party_recorded,False,True,False,third_party_recorded,historical_fantasy_scores_v3_recorded_2023_2026
2023,12,Belgian Grand Prix,2023-07-30,driver,bottas,jm1261/Fantasy-F1-League:2023:driver:Bottas,Valtteri Bottas,BOT,Alfa Romeo,7.0,,,,,,7.9,jm1261/Fantasy-F1-League,https://github.com/jm1261/Fantasy-F1-League/blob/main/Data/2023/Lineup/Belgium_Results.json,MIT,third_party_recorded,False,True,False,third_party_recorded,historical_fantasy_scores_v3_recorded_2023_2026
2023,12,Belgian Grand Prix,2023-07-30,driver,gasly,jm1261/Fantasy-F1-League:2023:driver:Gasly,Pierre Gasly,GAS,Alpine,17.0,,,,,,9.0,jm1261/Fantasy-F1-League,https://github.com/jm1261/Fantasy-F1-League/blob/main/Data/2023/Lineup/Belgium_Results.json,MIT,third_party_recorded,False,True,False,third_party_recorded,historical_fantasy_scores_v3_recorded_2023_2026
2023,12,Belgian Grand Prix,2023-07-30,driver,hamilton,jm1261/Fantasy-F1-League:2023:driver:Hamilton,Lewis Hamilton,HAM,Mercedes,32.0,,,,,,25.1,jm1261/Fantasy-F1-League,https://github.com/jm1261/Fantasy-F1-League/blob/main/Data/2023/Lineup/Belgium_Results.json,MIT,third_party_recorded,False,True,False,third_party_recorded,historical_fantasy_scores_v3_recorded_2023_2026
2023,12,Belgian Grand Prix,2023-07-30,driver,hulkenberg,jm1261/Fantasy-F1-League:2023:driver:Hulkenberg,Nico Hülkenberg,HUL,Haas,13.0,,,,,,4.3,jm1261/Fantasy-F1-League,https://github.com/jm1261/Fantasy-F1-League/blob/main/Data/2023/Lineup/Belgium_Results.json,MIT,third_party_recorded,False,True,False,third_party_recorded,historical_fantasy_scores_v3_recorded_2023_2026
2023,12,Belgian Grand Prix,2023-07-30,driver,kevin_magnussen,jm1261/Fantasy-F1-League:2023:driver:Magnussen,Kevin Magnussen,MAG,Haas,9.0,,,,,,7.3,jm1261/Fantasy-F1-League,https://github.com/jm1261/Fantasy-F1-League/blob/main/Data/2023/Lineup/Belgium_Results.json,MIT,third_party_recorded,False,True,False,third_party_recorded,historical_fantasy_scores_v3_recorded_2023_2026
2023,12,Belgian Grand Prix,2023-07-30,driver,leclerc,jm1261/Fantasy-F1-League:2023:driver:Leclerc,Charles Leclerc,LEC,Ferrari,26.0,,,,,,22.3,jm1261/Fantasy-F1-League,https://github.com/jm1261/Fantasy-F1-League/blob/main/Data/2023/Lineup/Belgium_Results.json,MIT,third_party_recorded,False,True,False,third_party_recorded,historical_fantasy_scores_v3_recorded_2023_2026
2023,12,Belgian Grand Prix,2023-07-30,driver,max_verstappen,jm1261/Fantasy-F1-League:2023:driver:Verstappen,Max Verstappen,VER,Red Bull,68.0,,,,,,28.5,jm1261/Fantasy-F1-League,https://github.com/jm1261/Fantasy-F1-League/blob/main/Data/2023/Lineup/Belgium_Results.json,MIT,third_party_recorded,False,True,False,third_party_recorded,historical_fantasy_scores_v3_recorded_2023_2026
2023,12,Belgian Grand Prix,2023-07-30,driver,norris,jm1261/Fantasy-F1-League:2023:driver:Norris,Lando Norris,NOR,McLaren,15.0,,,,,,14.4,jm1261/Fantasy-F1-League,https://github.com/jm1261/Fantasy-F1-League/blob/main/Data/2023/Lineup/Belgium_Results.json,MIT,third_party_recorded,False,True,False,third_party_recorded,historical_fantasy_scores_v3_recorded_2023_2026
2023,12,Belgian Grand Prix,2023-07-30,driver,ocon,jm1261/Fantasy-F1-League:2023:driver:Ocon,Esteban Ocon,OCO,Alpine,23.0,,,,,,10.7,jm1261/Fantasy-F1-League,https://github.com/jm1261/Fantasy-F1-League/blob/main/Data/2023/Lineup/Belgium_Results.json,MIT,third_party_recorded,False,True,False,third_party_recorded,historical_fantasy_scores_v3_recorded_2023_2026
2023,12,Belgian Grand Prix,2023-07-30,driver,perez,jm1261/Fantasy-F1-League:2023:driver:Perez,Sergio Pérez,PER,Red Bull,7.0,,,,,,20.1,jm1261/Fantasy-F1-League,https://github.com/jm1261/Fantasy-F1-League/blob/main/Data/2023/Lineup/Belgium_Results.json,MIT,third_party_recorded,False,True,False,third_party_recorded,historical_fantasy_scores_v3_recorded_2023_2026
2023,12,Belgian Grand Prix,2023-07-30,driver,piastri,jm1261/Fantasy-F1-League:2023:driver:Piastri,Oscar Piastri,PIA,McLaren,-7.0,,,,,,9.0,jm1261/Fantasy-F1-League,https://github.com/jm1261/Fantasy-F1-League/blob/main/Data/2023/Lineup/Belgium_Results.json,MIT,third_party_recorded,False,True,False,third_party_recorded,historical_fantasy_scores_v3_recorded_2023_2026
2023,12,Belgian Grand Prix,2023-07-30,driver,ricciardo,jm1261/Fantasy-F1-League:2023:driver:Ricciardo,Daniel Ricciardo,RIC,AlphaTauri,7.0,,,,,,4.5,jm1261/Fantasy-F1-League,https://github.com/jm1261/Fantasy-F1-League/blob/main/Data/2023/Lineup/Belgium_Results.json,MIT,third_party_recorded,False,True,False,third_party_recorded,historical_fantasy_scores_v3_recorded_2023_2026
2023,12,Belgian Grand Prix,2023-07-30,driver,russell,jm1261/Fantasy-F1-League:2023:driver:Russell,George Russell,RUS,Mercedes,28.0,,,,,,19.4,jm1261/Fantasy-F1-League,https://github.com/jm1261/Fantasy-F1-League/blob/main/Data/2023/Lineup/Belgium_Results.json,MIT,third_party_recorded,False,True,False,third_party_recorded,historical_fantasy_scores_v3_recorded_2023_2026
2023,12,Belgian Grand Prix,2023-07-30,driver,sainz,jm1261/Fantasy-F1-League:2023:driver:Sainz,Carlos Sainz,SAI,Ferrari,-8.0,,,,,,17.3,jm1261/Fantasy-F1-League,https://github.com/jm1261/Fantasy-F1-League/blob/main/Data/2023/Lineup/Belgium_Results.json,MIT,third_party_recorded,False,True,False,third_party_recorded,historical_fantasy_scores_v3_recorded_2023_2026
2023,12,Belgian Grand Prix,2023-07-30,driver,sargeant,jm1261/Fantasy-F1-League:2023:driver:Sargeant,Logan Sargeant,SAR,Williams,3.0,,,,,,4.5,jm1261/Fantasy-F1-League,https://github.com/jm1261/Fantasy-F1-League/blob/main/Data/2023/Lineup/Belgium_Results.json,MIT,third_party_recorded,False,True,False,third_party_recorded,historical_fantasy_scores_v3_recorded_2023_2026
2023,12,Belgian Grand Prix,2023-07-30,driver,stroll,jm1261/Fantasy-F1-League:2023:driver:Stroll,Lance Stroll,STR,Aston Martin,12.0,,,,,,9.6,jm1261/Fantasy-F1-League,https://github.com/jm1261/Fantasy-F1-League/blob/main/Data/2023/Lineup/Belgium_Results.json,MIT,third_party_recorded,False,True,False,third_party_recorded,historical_fantasy_scores_v3_recorded_2023_2026
2023,12,Belgian Grand Prix,2023-07-30,driver,tsunoda,jm1261/Fantasy-F1-League:2023:driver:Tsunoda,Yuki Tsunoda,TSU,AlphaTauri,7.0,,,,,,5.1,jm1261/Fantasy-F1-League,https://github.com/jm1261/Fantasy-F1-League/blob/main/Data/2023/Lineup/Belgium_Results.json,MIT,third_party_recorded,False,True,False,third_party_recorded,historical_fantasy_scores_v3_recorded_2023_2026
2023,12,Belgian Grand Prix,2023-07-30,driver,zhou,jm1261/Fantasy-F1-League:2023:driver:Guanyu,Guanyu Zhou,ZHO,Alfa Romeo,18.0,,,,,,5.7,jm1261/Fantasy-F1-League,https://github.com/jm1261/Fantasy-F1-League/blob/main/Data/2023/Lineup/Belgium_Results.json,MIT,third_party_recorded,False,True,False,third_party_recorded,historical_fantasy_scores_v3_recorded_2023_2026
2023,13,Dutch Grand Prix,2023-08-27,constructor,alfa,jm1261/Fantasy-F1-League:2023:constructor:Alfa Romeo,Alfa Romeo,ALF,,4.0,,,,,,6.4,jm1261/Fantasy-F1-League,https://github.com/jm1261/Fantasy-F1-League/blob/main/Data/2023/Lineup/Netherlands_Results.json,MIT,third_party_recorded,False,True,False,third_party_recorded,historical_fantasy_scores_v3_recorded_2023_2026
2023,13,Dutch Grand Prix,2023-08-27,constructor,alphatauri,jm1261/Fantasy-F1-League:2023:constructor:AlphaTauri,AlphaTauri,ALT,,36.0,,,,,,6.5,jm1261/Fantasy-F1-League,https://github.com/jm1261/Fantasy-F1-League/blob/main/Data/2023/Lineup/Netherlands_Results.json,MIT,third_party_recorded,False,True,False,third_party_recorded,historical_fantasy_scores_v3_recorded_2023_2026
2023,13,Dutch Grand Prix,2023-08-27,constructor,alpine,jm1261/Fantasy-F1-League:2023:constructor:Alpine,Alpine,ALP,,66.0,,,,,,11.3,jm1261/Fantasy-F1-League,https://github.com/jm1261/Fantasy-F1-League/blob/main/Data/2023/Lineup/Netherlands_Results.json,MIT,third_party_recorded,False,True,False,third_party_recorded,historical_fantasy_scores_v3_recorded_2023_2026
2023,13,Dutch Grand Prix,2023-08-27,constructor,aston_martin,jm1261/Fantasy-F1-League:2023:constructor:Aston Martin,Aston Martin,AMR,,67.0,,,,,,11.0,jm1261/Fantasy-F1-League,https://github.com/jm1261/Fantasy-F1-League/blob/main/Data/2023/Lineup/Netherlands_Results.json,MIT,third_party_recorded,False,True,False,third_party_recorded,historical_fantasy_scores_v3_recorded_2023_2026
2023,13,Dutch Grand Prix,2023-08-27,constructor,ferrari,jm1261/Fantasy-F1-League:2023:constructor:Ferrari,Ferrari,FER,,34.0,,,,,,23.2,jm1261/Fantasy-F1-League,https://github.com/jm1261/Fantasy-F1-League/blob/main/Data/2023/Lineup/Netherlands_Results.json,MIT,third_party_recorded,False,True,False,third_party_recorded,historical_fantasy_scores_v3_recorded_2023_2026
2023,13,Dutch Grand Prix,2023-08-27,constructor,haas,jm1261/Fantasy-F1-League:2023:constructor:Haas,Haas,HAS,,26.0,,,,,,5.9,jm1261/Fantasy-F1-League,https://github.com/jm1261/Fantasy-F1-League/blob/main/Data/2023/Lineup/Netherlands_Results.json,MIT,third_party_recorded,False,True,False,third_party_recorded,historical_fantasy_scores_v3_recorded_2023_2026
2023,13,Dutch Grand Prix,2023-08-27,constructor,mclaren,jm1261/Fantasy-F1-League:2023:constructor:McLaren,McLaren,MCL,,56.0,,,,,,12.3,jm1261/Fantasy-F1-League,https://github.com/jm1261/Fantasy-F1-League/blob/main/Data/2023/Lineup/Netherlands_Results.json,MIT,third_party_recorded,False,True,False,third_party_recorded,historical_fantasy_scores_v3_recorded_2023_2026
2023,13,Dutch Grand Prix,2023-08-27,constructor,mercedes,jm1261/Fantasy-F1-League:2023:constructor:Mercedes,Mercedes,MER,,40.0,,,,,,25.5,jm1261/Fantasy-F1-League,https://github.com/jm1261/Fantasy-F1-League/blob/main/Data/2023/Lineup/Netherlands_Results.json,MIT,third_party_recorded,False,True,False,third_party_recorded,historical_fantasy_scores_v3_recorded_2023_2026
2023,13,Dutch Grand Prix,2023-08-27,constructor,red_bull,jm1261/Fantasy-F1-League:2023:constructor:Red Bull,Red Bull,RBR,,101.0,,,,,,28.8,jm1261/Fantasy-F1-League,https://github.com/jm1261/Fantasy-F1-League/blob/main/Data/2023/Lineup/Netherlands_Results.json,MIT,third_party_recorded,False,True,False,third_party_recorded,historical_fantasy_scores_v3_recorded_2023_2026
2023,13,Dutch Grand Prix,2023-08-27,constructor,williams,jm1261/Fantasy-F1-League:2023:constructor:Williams,Williams,WIL,,9.0,,,,,,6.0,jm1261/Fantasy-F1-League,https://github.com/jm1261/Fantasy-F1-League/blob/main/Data/2023/Lineup/Netherlands_Results.json,MIT,third_party_recorded,False,True,False,third_party_recorded,historical_fantasy_scores_v3_recorded_2023_2026
2023,13,Dutch Grand Prix,2023-08-27,driver,albon,jm1261/Fantasy-F1-League:2023:driver:Albon,Alexander Albon,ALB,Williams,17.0,,,,,,8.4,jm1261/Fantasy-F1-League,https://github.com/jm1261/Fantasy-F1-League/blob/main/Data/2023/Lineup/Netherlands_Results.json,MIT,third_party_recorded,False,True,False,third_party_recorded,historical_fantasy_scores_v3_recorded_2023_2026
2023,13,Dutch Grand Prix,2023-08-27,driver,alonso,jm1261/Fantasy-F1-League:2023:driver:Alonso,Fernando Alonso,ALO,Aston Martin,62.0,,,,,,13.4,jm1261/Fantasy-F1-League,https://github.com/jm1261/Fantasy-F1-League/blob/main/Data/2023/Lineup/Netherlands_Results.json,MIT,third_party_recorded,False,True,False,third_party_recorded,historical_fantasy_scores_v3_recorded_2023_2026
2023,13,Dutch Grand Prix,2023-08-27,driver,bottas,jm1261/Fantasy-F1-League:2023:driver:Bottas,Valtteri Bottas,BOT,Alfa Romeo,14.0,,,,,,8.4,jm1261/Fantasy-F1-League,https://github.com/jm1261/Fantasy-F1-League/blob/main/Data/2023/Lineup/Netherlands_Results.json,MIT,third_party_recorded,False,True,False,third_party_recorded,historical_fantasy_scores_v3_recorded_2023_2026
2023,13,Dutch Grand Prix,2023-08-27,driver,gasly,jm1261/Fantasy-F1-League:2023:driver:Gasly,Pierre Gasly,GAS,Alpine,39.0,,,,,,10.0,jm1261/Fantasy-F1-League,https://github.com/jm1261/Fantasy-F1-League/blob/main/Data/2023/Lineup/Netherlands_Results.json,MIT,third_party_recorded,False,True,False,third_party_recorded,historical_fantasy_scores_v3_recorded_2023_2026
2023,13,Dutch Grand Prix,2023-08-27,driver,hamilton,jm1261/Fantasy-F1-League:2023:driver:Hamilton,Lewis Hamilton,HAM,Mercedes,29.0,,,,,,25.2,jm1261/Fantasy-F1-League,https://github.com/jm1261/Fantasy-F1-League/blob/main/Data/2023/Lineup/Netherlands_Results.json,MIT,third_party_recorded,False,True,False,third_party_recorded,historical_fantasy_scores_v3_recorded_2023_2026
2023,13,Dutch Grand Prix,2023-08-27,driver,hulkenberg,jm1261/Fantasy-F1-League:2023:driver:Hulkenberg,Nico Hülkenberg,HUL,Haas,11.0,,,,,,4.8,jm1261/Fantasy-F1-League,https://github.com/jm1261/Fantasy-F1-League/blob/main/Data/2023/Lineup/Netherlands_Results.json,MIT,third_party_recorded,False,True,False,third_party_recorded,historical_fantasy_scores_v3_recorded_2023_2026
2023,13,Dutch Grand Prix,2023-08-27,driver,kevin_magnussen,jm1261/Fantasy-F1-League:2023:driver:Magnussen,Kevin Magnussen,MAG,Haas,14.0,,,,,,7.8,jm1261/Fantasy-F1-League,https://github.com/jm1261/Fantasy-F1-League/blob/main/Data/2023/Lineup/Netherlands_Results.json,MIT,third_party_recorded,False,True,False,third_party_recorded,historical_fantasy_scores_v3_recorded_2023_2026
2023,13,Dutch Grand Prix,2023-08-27,driver,lawson,jm1261/Fantasy-F1-League:2023:driver:Lawson,Liam Lawson,LAW,AlphaTauri,19.0,,,,,,5.0,jm1261/Fantasy-F1-League,https://github.com/jm1261/Fantasy-F1-League/blob/main/Data/2023/Lineup/Netherlands_Results.json,MIT,third_party_recorded,False,True,False,third_party_recorded,historical_fantasy_scores_v3_recorded_2023_2026
2023,13,Dutch Grand Prix,2023-08-27,driver,leclerc,jm1261/Fantasy-F1-League:2023:driver:Leclerc,Charles Leclerc,LEC,Ferrari,-7.0,,,,,,22.1,jm1261/Fantasy-F1-League,https://github.com/jm1261/Fantasy-F1-League/blob/main/Data/2023/Lineup/Netherlands_Results.json,MIT,third_party_recorded,False,True,False,third_party_recorded,historical_fantasy_scores_v3_recorded_2023_2026
2023,13,Dutch Grand Prix,2023-08-27,driver,max_verstappen,jm1261/Fantasy-F1-League:2023:driver:Verstappen,Max Verstappen,VER,Red Bull,46.0,,,,,,28.6,jm1261/Fantasy-F1-League,https://github.com/jm1261/Fantasy-F1-League/blob/main/Data/2023/Lineup/Netherlands_Results.json,MIT,third_party_recorded,False,True,False,third_party_recorded,historical_fantasy_scores_v3_recorded_2023_2026
2023,13,Dutch Grand Prix,2023-08-27,driver,norris,jm1261/Fantasy-F1-League:2023:driver:Norris,Lando Norris,NOR,McLaren,25.0,,,,,,14.9,jm1261/Fantasy-F1-League,https://github.com/jm1261/Fantasy-F1-League/blob/main/Data/2023/Lineup/Netherlands_Results.json,MIT,third_party_recorded,False,True,False,third_party_recorded,historical_fantasy_scores_v3_recorded_2023_2026
2023,13,Dutch Grand Prix,2023-08-27,driver,ocon,jm1261/Fantasy-F1-League:2023:driver:Ocon,Esteban Ocon,OCO,Alpine,26.0,,,,,,11.2,jm1261/Fantasy-F1-League,https://github.com/jm1261/Fantasy-F1-League/blob/main/Data/2023/Lineup/Netherlands_Results.json,MIT,third_party_recorded,False,True,False,third_party_recorded,historical_fantasy_scores_v3_recorded_2023_2026
2023,13,Dutch Grand Prix,2023-08-27,driver,perez,jm1261/Fantasy-F1-League:2023:driver:Perez,Sergio Pérez,PER,Red Bull,30.0,,,,,,20.4,jm1261/Fantasy-F1-League,https://github.com/jm1261/Fantasy-F1-League/blob/main/Data/2023/Lineup/Netherlands_Results.json,MIT,third_party_recorded,False,True,False,third_party_recorded,historical_fantasy_scores_v3_recorded_2023_2026
2023,13,Dutch Grand Prix,2023-08-27,driver,piastri,jm1261/Fantasy-F1-League:2023:driver:Piastri,Oscar Piastri,PIA,McLaren,18.0,,,,,,9.5,jm1261/Fantasy-F1-League,https://github.com/jm1261/Fantasy-F1-League/blob/main/Data/2023/Lineup/Netherlands_Results.json,MIT,third_party_recorded,False,True,False,third_party_recorded,historical_fantasy_scores_v3_recorded_2023_2026
2023,13,Dutch Grand Prix,2023-08-27,driver,russell,jm1261/Fantasy-F1-League:2023:driver:Russell,George Russell,RUS,Mercedes,6.0,,,,,,19.2,jm1261/Fantasy-F1-League,https://github.com/jm1261/Fantasy-F1-League/blob/main/Data/2023/Lineup/Netherlands_Results.json,MIT,third_party_recorded,False,True,False,third_party_recorded,historical_fantasy_scores_v3_recorded_2023_2026
2023,13,Dutch Grand Prix,2023-08-27,driver,sainz,jm1261/Fantasy-F1-League:2023:driver:Sainz,Carlos Sainz,SAI,Ferrari,31.0,,,,,,10.1,jm1261/Fantasy-F1-League,https://github.com/jm1261/Fantasy-F1-League/blob/main/Data/2023/Lineup/Netherlands_Results.json,MIT,third_party_recorded,False,True,False,third_party_recorded,historical_fantasy_scores_v3_recorded_2023_2026
2023,13,Dutch Grand Prix,2023-08-27,driver,sargeant,jm1261/Fantasy-F1-League:2023:driver:Sargeant,Logan Sargeant,SAR,Williams,-18.0,,,,,,4.5,jm1261/Fantasy-F1-League,https://github.com/jm1261/Fantasy-F1-League/blob/main/Data/2023/Lineup/Netherlands_Results.json,MIT,third_party_recorded,False,True,False,third_party_recorded,historical_fantasy_scores_v3_recorded_2023_2026
2023,13,Dutch Grand Prix,2023-08-27,driver,stroll,jm1261/Fantasy-F1-League:2023:driver:Stroll,Lance Stroll,STR,Aston Martin,10.0,,,,,,10.1,jm1261/Fantasy-F1-League,https://github.com/jm1261/Fantasy-F1-League/blob/main/Data/2023/Lineup/Netherlands_Results.json,MIT,third_party_recorded,False,True,False,third_party_recorded,historical_fantasy_scores_v3_recorded_2023_2026
2023,13,Dutch Grand Prix,2023-08-27,driver,tsunoda,jm1261/Fantasy-F1-League:2023:driver:Tsunoda,Yuki Tsunoda,TSU,AlphaTauri,16.0,,,,,,5.6,jm1261/Fantasy-F1-League,https://github.com/jm1261/Fantasy-F1-League/blob/main/Data/2023/Lineup/Netherlands_Results.json,MIT,third_party_recorded,False,True,False,third_party_recorded,historical_fantasy_scores_v3_recorded_2023_2026
2023,13,Dutch Grand Prix,2023-08-27,driver,zhou,jm1261/Fantasy-F1-League:2023:driver:Guanyu,Guanyu Zhou,ZHO,Alfa Romeo,-9.0,,,,,,5.7,jm1261/Fantasy-F1-League,https://github.com/jm1261/Fantasy-F1-League/blob/main/Data/2023/Lineup/Netherlands_Results.json,MIT,third_party_recorded,False,True,False,third_party_recorded,historical_fantasy_scores_v3_recorded_2023_2026
2023,14,Italian Grand Prix,2023-09-03,constructor,alfa,jm1261/Fantasy-F1-League:2023:constructor:Alfa Romeo,Alfa Romeo,ALF,,12.0,,,,,,6.4,jm1261/Fantasy-F1-League,https://github.com/jm1261/Fantasy-F1-League/blob/main/Data/2023/Lineup/Italy_Results.json,MIT,third_party_recorded,False,True,False,third_party_recorded,historical_fantasy_scores_v3_recorded_2023_2026
2023,14,Italian Grand Prix,2023-09-03,constructor,alphatauri,jm1261/Fantasy-F1-League:2023:constructor:AlphaTauri,AlphaTauri,ALT,,-12.0,,,,,,6.4,jm1261/Fantasy-F1-League,https://github.com/jm1261/Fantasy-F1-League/blob/main/Data/2023/Lineup/Italy_Results.json,MIT,third_party_recorded,False,True,False,third_party_recorded,historical_fantasy_scores_v3_recorded_2023_2026
2023,14,Italian Grand Prix,2023-09-03,constructor,alpine,jm1261/Fantasy-F1-League:2023:constructor:Alpine,Alpine,ALP,,-16.0,,,,,,11.2,jm1261/Fantasy-F1-League,https://github.com/jm1261/Fantasy-F1-League/blob/main/Data/2023/Lineup/Italy_Results.json,MIT,third_party_recorded,False,True,False,third_party_recorded,historical_fantasy_scores_v3_recorded_2023_2026
2023,14,Italian Grand Prix,2023-09-03,constructor,aston_martin,jm1261/Fantasy-F1-League:2023:constructor:Aston Martin,Aston Martin,AMR,,17.0,,,,,,11.5,jm1261/Fantasy-F1-League,https://github.com/jm1261/Fantasy-F1-League/blob/main/Data/2023/Lineup/Italy_Results.json,MIT,third_party_recorded,False,True,False,third_party_recorded,historical_fantasy_scores_v3_recorded_2023_2026
2023,14,Italian Grand Prix,2023-09-03,constructor,ferrari,jm1261/Fantasy-F1-League:2023:constructor:Ferrari,Ferrari,FER,,67.0,,,,,,23.5,jm1261/Fantasy-F1-League,https://github.com/jm1261/Fantasy-F1-League/blob/main/Data/2023/Lineup/Italy_Results.json,MIT,third_party_recorded,False,True,False,third_party_recorded,historical_fantasy_scores_v3_recorded_2023_2026
2023,14,Italian Grand Prix,2023-09-03,constructor,haas,jm1261/Fantasy-F1-League:2023:constructor:Haas,Haas,HAS,,0.0,,,,,,5.9,jm1261/Fantasy-F1-League,https://github.com/jm1261/Fantasy-F1-League/blob/main/Data/2023/Lineup/Italy_Results.json,MIT,third_party_recorded,False,True,False,third_party_recorded,historical_fantasy_scores_v3_recorded_2023_2026
2023,14,Italian Grand Prix,2023-09-03,constructor,mclaren,jm1261/Fantasy-F1-League:2023:constructor:McLaren,McLaren,MCL,,44.0,,,,,,13.3,jm1261/Fantasy-F1-League,https://github.com/jm1261/Fantasy-F1-League/blob/main/Data/2023/Lineup/Italy_Results.json,MIT,third_party_recorded,False,True,False,third_party_recorded,historical_fantasy_scores_v3_recorded_2023_2026
2023,14,Italian Grand Prix,2023-09-03,constructor,mercedes,jm1261/Fantasy-F1-League:2023:constructor:Mercedes,Mercedes,MER,,44.0,,,,,,25.6,jm1261/Fantasy-F1-League,https://github.com/jm1261/Fantasy-F1-League/blob/main/Data/2023/Lineup/Italy_Results.json,MIT,third_party_recorded,False,True,False,third_party_recorded,historical_fantasy_scores_v3_recorded_2023_2026
2023,14,Italian Grand Prix,2023-09-03,constructor,red_bull,jm1261/Fantasy-F1-League:2023:constructor:Red Bull,Red Bull,RBR,,81.0,,,,,,29.0,jm1261/Fantasy-F1-League,https://github.com/jm1261/Fantasy-F1-League/blob/main/Data/2023/Lineup/Italy_Results.json,MIT,third_party_recorded,False,True,False,third_party_recorded,historical_fantasy_scores_v3_recorded_2023_2026
2023,14,Italian Grand Prix,2023-09-03,constructor,williams,jm1261/Fantasy-F1-League:2023:constructor:Williams,Williams,WIL,,20.0,,,,,,6.5,jm1261/Fantasy-F1-League,https://github.com/jm1261/Fantasy-F1-League/blob/main/Data/2023/Lineup/Italy_Results.json,MIT,third_party_recorded,False,True,False,third_party_recorded,historical_fantasy_scores_v3_recorded_2023_2026
2023,14,Italian Grand Prix,2023-09-03,driver,albon,jm1261/Fantasy-F1-League:2023:driver:Albon,Alexander Albon,ALB,Williams,12.0,,,,,,8.9,jm1261/Fantasy-F1-League,https://github.com/jm1261/Fantasy-F1-League/blob/main/Data/2023/Lineup/Italy_Results.json,MIT,third_party_recorded,False,True,False,third_party_recorded,historical_fantasy_scores_v3_recorded_2023_2026
2023,14,Italian Grand Prix,2023-09-03,driver,alonso,jm1261/Fantasy-F1-League:2023:driver:Alonso,Fernando Alonso,ALO,Aston Martin,5.0,,,,,,13.4,jm1261/Fantasy-F1-League,https://github.com/jm1261/Fantasy-F1-League/blob/main/Data/2023/Lineup/Italy_Results.json,MIT,third_party_recorded,False,True,False,third_party_recorded,historical_fantasy_scores_v3_recorded_2023_2026
2023,14,Italian Grand Prix,2023-09-03,driver,bottas,jm1261/Fantasy-F1-League:2023:driver:Bottas,Valtteri Bottas,BOT,Alfa Romeo,8.0,,,,,,8.9,jm1261/Fantasy-F1-League,https://github.com/jm1261/Fantasy-F1-League/blob/main/Data/2023/Lineup/Italy_Results.json,MIT,third_party_recorded,False,True,False,third_party_recorded,historical_fantasy_scores_v3_recorded_2023_2026
2023,14,Italian Grand Prix,2023-09-03,driver,gasly,jm1261/Fantasy-F1-League:2023:driver:Gasly,Pierre Gasly,GAS,Alpine,3.0,,,,,,10.0,jm1261/Fantasy-F1-League,https://github.com/jm1261/Fantasy-F1-League/blob/main/Data/2023/Lineup/Italy_Results.json,MIT,third_party_recorded,False,True,False,third_party_recorded,historical_fantasy_scores_v3_recorded_2023_2026
2023,14,Italian Grand Prix,2023-09-03,driver,hamilton,jm1261/Fantasy-F1-League:2023:driver:Hamilton,Lewis Hamilton,HAM,Mercedes,17.0,,,,,,25.3,jm1261/Fantasy-F1-League,https://github.com/jm1261/Fantasy-F1-League/blob/main/Data/2023/Lineup/Italy_Results.json,MIT,third_party_recorded,False,True,False,third_party_recorded,historical_fantasy_scores_v3_recorded_2023_2026
2023,14,Italian Grand Prix,2023-09-03,driver,hulkenberg,jm1261/Fantasy-F1-League:2023:driver:Hulkenberg,Nico Hülkenberg,HUL,Haas,-2.0,,,,,,4.8,jm1261/Fantasy-F1-League,https://github.com/jm1261/Fantasy-F1-League/blob/main/Data/2023/Lineup/Italy_Results.json,MIT,third_party_recorded,False,True,False,third_party_recorded,historical_fantasy_scores_v3_recorded_2023_2026
2023,14,Italian Grand Prix,2023-09-03,driver,kevin_magnussen,jm1261/Fantasy-F1-League:2023:driver:Magnussen,Kevin Magnussen,MAG,Haas,1.0,,,,,,7.8,jm1261/Fantasy-F1-League,https://github.com/jm1261/Fantasy-F1-League/blob/main/Data/2023/Lineup/Italy_Results.json,MIT,third_party_recorded,False,True,False,third_party_recorded,historical_fantasy_scores_v3_recorded_2023_2026
2023,14,Italian Grand Prix,2023-09-03,driver,lawson,jm1261/Fantasy-F1-League:2023:driver:Lawson,Liam Lawson,LAW,AlphaTauri,5.0,,,,,,5.0,jm1261/Fantasy-F1-League,https://github.com/jm1261/Fantasy-F1-League/blob/main/Data/2023/Lineup/Italy_Results.json,MIT,third_party_recorded,False,True,False,third_party_recorded,historical_fantasy_scores_v3_recorded_2023_2026
2023,14,Italian Grand Prix,2023-09-03,driver,leclerc,jm1261/Fantasy-F1-League:2023:driver:Leclerc,Charles Leclerc,LEC,Ferrari,24.0,,,,,,22.4,jm1261/Fantasy-F1-League,https://github.com/jm1261/Fantasy-F1-League/blob/main/Data/2023/Lineup/Italy_Results.json,MIT,third_party_recorded,False,True,False,third_party_recorded,historical_fantasy_scores_v3_recorded_2023_2026
2023,14,Italian Grand Prix,2023-09-03,driver,max_verstappen,jm1261/Fantasy-F1-League:2023:driver:Verstappen,Max Verstappen,VER,Red Bull,38.0,,,,,,28.8,jm1261/Fantasy-F1-League,https://github.com/jm1261/Fantasy-F1-League/blob/main/Data/2023/Lineup/Italy_Results.json,MIT,third_party_recorded,False,True,False,third_party_recorded,historical_fantasy_scores_v3_recorded_2023_2026
2023,14,Italian Grand Prix,2023-09-03,driver,norris,jm1261/Fantasy-F1-League:2023:driver:Norris,Lando Norris,NOR,McLaren,9.0,,,,,,15.4,jm1261/Fantasy-F1-League,https://github.com/jm1261/Fantasy-F1-League/blob/main/Data/2023/Lineup/Italy_Results.json,MIT,third_party_recorded,False,True,False,third_party_recorded,historical_fantasy_scores_v3_recorded_2023_2026
2023,14,Italian Grand Prix,2023-09-03,driver,ocon,jm1261/Fantasy-F1-League:2023:driver:Ocon,Esteban Ocon,OCO,Alpine,-18.0,,,,,,11.1,jm1261/Fantasy-F1-League,https://github.com/jm1261/Fantasy-F1-League/blob/main/Data/2023/Lineup/Italy_Results.json,MIT,third_party_recorded,False,True,False,third_party_recorded,historical_fantasy_scores_v3_recorded_2023_2026
2023,14,Italian Grand Prix,2023-09-03,driver,perez,jm1261/Fantasy-F1-League:2023:driver:Perez,Sergio Pérez,PER,Red Bull,30.0,,,,,,20.7,jm1261/Fantasy-F1-League,https://github.com/jm1261/Fantasy-F1-League/blob/main/Data/2023/Lineup/Italy_Results.json,MIT,third_party_recorded,False,True,False,third_party_recorded,historical_fantasy_scores_v3_recorded_2023_2026
2023,14,Italian Grand Prix,2023-09-03,driver,piastri,jm1261/Fantasy-F1-League:2023:driver:Piastri,Oscar Piastri,PIA,McLaren,15.0,,,,,,10.0,jm1261/Fantasy-F1-League,https://github.com/jm1261/Fantasy-F1-League/blob/main/Data/2023/Lineup/Italy_Results.json,MIT,third_party_recorded,False,True,False,third_party_recorded,historical_fantasy_scores_v3_recorded_2023_2026
2023,14,Italian Grand Prix,2023-09-03,driver,russell,jm1261/Fantasy-F1-League:2023:driver:Russell,George Russell,RUS,Mercedes,17.0,,,,,,19.5,jm1261/Fantasy-F1-League,https://github.com/jm1261/Fantasy-F1-League/blob/main/Data/2023/Lineup/Italy_Results.json,MIT,third_party_recorded,False,True,False,third_party_recorded,historical_fantasy_scores_v3_recorded_2023_2026
2023,14,Italian Grand Prix,2023-09-03,driver,sainz,jm1261/Fantasy-F1-League:2023:driver:Sainz,Carlos Sainz,SAI,Ferrari,38.0,,,,,,18.6,jm1261/Fantasy-F1-League,https://github.com/jm1261/Fantasy-F1-League/blob/main/Data/2023/Lineup/Italy_Results.json,MIT,third_party_recorded,False,True,False,third_party_recorded,historical_fantasy_scores_v3_recorded_2023_2026
2023,14,Italian Grand Prix,2023-09-03,driver,sargeant,jm1261/Fantasy-F1-League:2023:driver:Sargeant,Logan Sargeant,SAR,Williams,3.0,,,,,,4.5,jm1261/Fantasy-F1-League,https://github.com/jm1261/Fantasy-F1-League/blob/main/Data/2023/Lineup/Italy_Results.json,MIT,third_party_recorded,False,True,False,third_party_recorded,historical_fantasy_scores_v3_recorded_2023_2026
2023,14,Italian Grand Prix,2023-09-03,driver,stroll,jm1261/Fantasy-F1-League:2023:driver:Stroll,Lance Stroll,STR,Aston Martin,7.0,,,,,,10.6,jm1261/Fantasy-F1-League,https://github.com/jm1261/Fantasy-F1-League/blob/main/Data/2023/Lineup/Italy_Results.json,MIT,third_party_recorded,False,True,False,third_party_recorded,historical_fantasy_scores_v3_recorded_2023_2026
2023,14,Italian Grand Prix,2023-09-03,driver,tsunoda,jm1261/Fantasy-F1-League:2023:driver:Tsunoda,Yuki Tsunoda,TSU,AlphaTauri,-20.0,,,,,,5.5,jm1261/Fantasy-F1-League,https://github.com/jm1261/Fantasy-F1-League/blob/main/Data/2023/Lineup/Italy_Results.json,MIT,third_party_recorded,False,True,False,third_party_recorded,historical_fantasy_scores_v3_recorded_2023_2026
2023,14,Italian Grand Prix,2023-09-03,driver,zhou,jm1261/Fantasy-F1-League:2023:driver:Guanyu,Guanyu Zhou,ZHO,Alfa Romeo,3.0,,,,,,5.7,jm1261/Fantasy-F1-League,https://github.com/jm1261/Fantasy-F1-League/blob/main/Data/2023/Lineup/Italy_Results.json,MIT,third_party_recorded,False,True,False,third_party_recorded,historical_fantasy_scores_v3_recorded_2023_2026
2023,15,Singapore Grand Prix,2023-09-17,constructor,alfa,jm1261/Fantasy-F1-League:2023:constructor:Alfa Romeo,Alfa Romeo,ALF,,-8.0,,,,,,6.3,jm1261/Fantasy-F1-League,https://github.com/jm1261/Fantasy-F1-League/blob/main/Data/2023/Lineup/Singapore_Results.json,MIT,third_party_recorded,False,True,False,third_party_recorded,historical_fantasy_scores_v3_recorded_2023_2026
2023,15,Singapore Grand Prix,2023-09-17,constructor,alphatauri,jm1261/Fantasy-F1-League:2023:constructor:AlphaTauri,AlphaTauri,ALT,,-4.0,,,,,,6.3,jm1261/Fantasy-F1-League,https://github.com/jm1261/Fantasy-F1-League/blob/main/Data/2023/Lineup/Singapore_Results.json,MIT,third_party_recorded,False,True,False,third_party_recorded,historical_fantasy_scores_v3_recorded_2023_2026
2023,15,Singapore Grand Prix,2023-09-17,constructor,alpine,jm1261/Fantasy-F1-League:2023:constructor:Alpine,Alpine,ALP,,13.0,,,,,,11.2,jm1261/Fantasy-F1-League,https://github.com/jm1261/Fantasy-F1-League/blob/main/Data/2023/Lineup/Singapore_Results.json,MIT,third_party_recorded,False,True,False,third_party_recorded,historical_fantasy_scores_v3_recorded_2023_2026
2023,15,Singapore Grand Prix,2023-09-17,constructor,aston_martin,jm1261/Fantasy-F1-League:2023:constructor:Aston Martin,Aston Martin,AMR,,4.0,,,,,,11.5,jm1261/Fantasy-F1-League,https://github.com/jm1261/Fantasy-F1-League/blob/main/Data/2023/Lineup/Singapore_Results.json,MIT,third_party_recorded,False,True,False,third_party_recorded,historical_fantasy_scores_v3_recorded_2023_2026
2023,15,Singapore Grand Prix,2023-09-17,constructor,ferrari,jm1261/Fantasy-F1-League:2023:constructor:Ferrari,Ferrari,FER,,70.0,,,,,,23.8,jm1261/Fantasy-F1-League,https://github.com/jm1261/Fantasy-F1-League/blob/main/Data/2023/Lineup/Singapore_Results.json,MIT,third_party_recorded,False,True,False,third_party_recorded,historical_fantasy_scores_v3_recorded_2023_2026
2023,15,Singapore Grand Prix,2023-09-17,constructor,haas,jm1261/Fantasy-F1-League:2023:constructor:Haas,Haas,HAS,,18.0,,,,,,6.4,jm1261/Fantasy-F1-League,https://github.com/jm1261/Fantasy-F1-League/blob/main/Data/2023/Lineup/Singapore_Results.json,MIT,third_party_recorded,False,True,False,third_party_recorded,historical_fantasy_scores_v3_recorded_2023_2026
2023,15,Singapore Grand Prix,2023-09-17,constructor,mclaren,jm1261/Fantasy-F1-League:2023:constructor:McLaren,McLaren,MCL,,64.0,,,,,,14.3,jm1261/Fantasy-F1-League,https://github.com/jm1261/Fantasy-F1-League/blob/main/Data/2023/Lineup/Singapore_Results.json,MIT,third_party_recorded,False,True,False,third_party_recorded,historical_fantasy_scores_v3_recorded_2023_2026
2023,15,Singapore Grand Prix,2023-09-17,constructor,mercedes,jm1261/Fantasy-F1-League:2023:constructor:Mercedes,Mercedes,MER,,47.0,,,,,,25.7,jm1261/Fantasy-F1-League,https://github.com/jm1261/Fantasy-F1-League/blob/main/Data/2023/Lineup/Singapore_Results.json,MIT,third_party_recorded,False,True,False,third_party_recorded,historical_fantasy_scores_v3_recorded_2023_2026
2023,15,Singapore Grand Prix,2023-09-17,constructor,red_bull,jm1261/Fantasy-F1-League:2023:constructor:Red Bull,Red Bull,RBR,,54.0,,,,,,29.1,jm1261/Fantasy-F1-League,https://github.com/jm1261/Fantasy-F1-League/blob/main/Data/2023/Lineup/Singapore_Results.json,MIT,third_party_recorded,False,True,False,third_party_recorded,historical_fantasy_scores_v3_recorded_2023_2026
2023,15,Singapore Grand Prix,2023-09-17,constructor,williams,jm1261/Fantasy-F1-League:2023:constructor:Williams,Williams,WIL,,19.0,,,,,,7.0,jm1261/Fantasy-F1-League,https://github.com/jm1261/Fantasy-F1-League/blob/main/Data/2023/Lineup/Singapore_Results.json,MIT,third_party_recorded,False,True,False,third_party_recorded,historical_fantasy_scores_v3_recorded_2023_2026
2023,15,Singapore Grand Prix,2023-09-17,driver,albon,jm1261/Fantasy-F1-League:2023:driver:Albon,Alexander Albon,ALB,Williams,12.0,,,,,,9.4,jm1261/Fantasy-F1-League,https://github.com/jm1261/Fantasy-F1-League/blob/main/Data/2023/Lineup/Singapore_Results.json,MIT,third_party_recorded,False,True,False,third_party_recorded,historical_fantasy_scores_v3_recorded_2023_2026
2023,15,Singapore Grand Prix,2023-09-17,driver,alonso,jm1261/Fantasy-F1-League:2023:driver:Alonso,Fernando Alonso,ALO,Aston Martin,-1.0,,,,,,13.4,jm1261/Fantasy-F1-League,https://github.com/jm1261/Fantasy-F1-League/blob/main/Data/2023/Lineup/Singapore_Results.json,MIT,third_party_recorded,False,True,False,third_party_recorded,historical_fantasy_scores_v3_recorded_2023_2026
2023,15,Singapore Grand Prix,2023-09-17,driver,bottas,jm1261/Fantasy-F1-League:2023:driver:Bottas,Valtteri Bottas,BOT,Alfa Romeo,-18.0,,,,,,8.8,jm1261/Fantasy-F1-League,https://github.com/jm1261/Fantasy-F1-League/blob/main/Data/2023/Lineup/Singapore_Results.json,MIT,third_party_recorded,False,True,False,third_party_recorded,historical_fantasy_scores_v3_recorded_2023_2026
2023,15,Singapore Grand Prix,2023-09-17,driver,gasly,jm1261/Fantasy-F1-League:2023:driver:Gasly,Pierre Gasly,GAS,Alpine,21.0,,,,,,11.0,jm1261/Fantasy-F1-League,https://github.com/jm1261/Fantasy-F1-League/blob/main/Data/2023/Lineup/Singapore_Results.json,MIT,third_party_recorded,False,True,False,third_party_recorded,historical_fantasy_scores_v3_recorded_2023_2026
2023,15,Singapore Grand Prix,2023-09-17,driver,hamilton,jm1261/Fantasy-F1-League:2023:driver:Hamilton,Lewis Hamilton,HAM,Mercedes,39.0,,,,,,25.5,jm1261/Fantasy-F1-League,https://github.com/jm1261/Fantasy-F1-League/blob/main/Data/2023/Lineup/Singapore_Results.json,MIT,third_party_recorded,False,True,False,third_party_recorded,historical_fantasy_scores_v3_recorded_2023_2026
2023,15,Singapore Grand Prix,2023-09-17,driver,hulkenberg,jm1261/Fantasy-F1-League:2023:driver:Hulkenberg,Nico Hülkenberg,HUL,Haas,0.0,,,,,,4.8,jm1261/Fantasy-F1-League,https://github.com/jm1261/Fantasy-F1-League/blob/main/Data/2023/Lineup/Singapore_Results.json,MIT,third_party_recorded,False,True,False,third_party_recorded,historical_fantasy_scores_v3_recorded_2023_2026
2023,15,Singapore Grand Prix,2023-09-17,driver,kevin_magnussen,jm1261/Fantasy-F1-League:2023:driver:Magnussen,Kevin Magnussen,MAG,Haas,8.0,,,,,,8.3,jm1261/Fantasy-F1-League,https://github.com/jm1261/Fantasy-F1-League/blob/main/Data/2023/Lineup/Singapore_Results.json,MIT,third_party_recorded,False,True,False,third_party_recorded,historical_fantasy_scores_v3_recorded_2023_2026
2023,15,Singapore Grand Prix,2023-09-17,driver,lawson,jm1261/Fantasy-F1-League:2023:driver:Lawson,Liam Lawson,LAW,AlphaTauri,8.0,,,,,,5.5,jm1261/Fantasy-F1-League,https://github.com/jm1261/Fantasy-F1-League/blob/main/Data/2023/Lineup/Singapore_Results.json,MIT,third_party_recorded,False,True,False,third_party_recorded,historical_fantasy_scores_v3_recorded_2023_2026
2023,15,Singapore Grand Prix,2023-09-17,driver,leclerc,jm1261/Fantasy-F1-League:2023:driver:Leclerc,Charles Leclerc,LEC,Ferrari,22.0,,,,,,22.7,jm1261/Fantasy-F1-League,https://github.com/jm1261/Fantasy-F1-League/blob/main/Data/2023/Lineup/Singapore_Results.json,MIT,third_party_recorded,False,True,False,third_party_recorded,historical_fantasy_scores_v3_recorded_2023_2026
2023,15,Singapore Grand Prix,2023-09-17,driver,max_verstappen,jm1261/Fantasy-F1-League:2023:driver:Verstappen,Max Verstappen,VER,Red Bull,25.0,,,,,,28.9,jm1261/Fantasy-F1-League,https://github.com/jm1261/Fantasy-F1-League/blob/main/Data/2023/Lineup/Singapore_Results.json,MIT,third_party_recorded,False,True,False,third_party_recorded,historical_fantasy_scores_v3_recorded_2023_2026
2023,15,Singapore Grand Prix,2023-09-17,driver,norris,jm1261/Fantasy-F1-League:2023:driver:Norris,Lando Norris,NOR,McLaren,30.0,,,,,,15.7,jm1261/Fantasy-F1-League,https://github.com/jm1261/Fantasy-F1-League/blob/main/Data/2023/Lineup/Singapore_Results.json,MIT,third_party_recorded,False,True,False,third_party_recorded,historical_fantasy_scores_v3_recorded_2023_2026
2023,15,Singapore Grand Prix,2023-09-17,driver,ocon,jm1261/Fantasy-F1-League:2023:driver:Ocon,Esteban Ocon,OCO,Alpine,-13.0,,,,,,11.0,jm1261/Fantasy-F1-League,https://github.com/jm1261/Fantasy-F1-League/blob/main/Data/2023/Lineup/Singapore_Results.json,MIT,third_party_recorded,False,True,False,third_party_recorded,historical_fantasy_scores_v3_recorded_2023_2026
2023,15,Singapore Grand Prix,2023-09-17,driver,perez,jm1261/Fantasy-F1-League:2023:driver:Perez,Sergio Pérez,PER,Red Bull,16.0,,,,,,20.8,jm1261/Fantasy-F1-League,https://github.com/jm1261/Fantasy-F1-League/blob/main/Data/2023/Lineup/Singapore_Results.json,MIT,third_party_recorded,False,True,False,third_party_recorded,historical_fantasy_scores_v3_recorded_2023_2026
2023,15,Singapore Grand Prix,2023-09-17,driver,piastri,jm1261/Fantasy-F1-League:2023:driver:Piastri,Oscar Piastri,PIA,McLaren,24.0,,,,,,11.0,jm1261/Fantasy-F1-League,https://github.com/jm1261/Fantasy-F1-League/blob/main/Data/2023/Lineup/Singapore_Results.json,MIT,third_party_recorded,False,True,False,third_party_recorded,historical_fantasy_scores_v3_recorded_2023_2026
2023,15,Singapore Grand Prix,2023-09-17,driver,russell,jm1261/Fantasy-F1-League:2023:driver:Russell,George Russell,RUS,Mercedes,-2.0,,,,,,19.3,jm1261/Fantasy-F1-League,https://github.com/jm1261/Fantasy-F1-League/blob/main/Data/2023/Lineup/Singapore_Results.json,MIT,third_party_recorded,False,True,False,third_party_recorded,historical_fantasy_scores_v3_recorded_2023_2026
2023,15,Singapore Grand Prix,2023-09-17,driver,sainz,jm1261/Fantasy-F1-League:2023:driver:Sainz,Carlos Sainz,SAI,Ferrari,45.0,,,,,,19.6,jm1261/Fantasy-F1-League,https://github.com/jm1261/Fantasy-F1-League/blob/main/Data/2023/Lineup/Singapore_Results.json,MIT,third_party_recorded,False,True,False,third_party_recorded,historical_fantasy_scores_v3_recorded_2023_2026
2023,15,Singapore Grand Prix,2023-09-17,driver,sargeant,jm1261/Fantasy-F1-League:2023:driver:Sargeant,Logan Sargeant,SAR,Williams,6.0,,,,,,5.0,jm1261/Fantasy-F1-League,https://github.com/jm1261/Fantasy-F1-League/blob/main/Data/2023/Lineup/Singapore_Results.json,MIT,third_party_recorded,False,True,False,third_party_recorded,historical_fantasy_scores_v3_recorded_2023_2026
2023,15,Singapore Grand Prix,2023-09-17,driver,stroll,jm1261/Fantasy-F1-League:2023:driver:Stroll,Lance Stroll,STR,Aston Martin,0.0,,,,,,10.6,jm1261/Fantasy-F1-League,https://github.com/jm1261/Fantasy-F1-League/blob/main/Data/2023/Lineup/Singapore_Results.json,MIT,third_party_recorded,False,True,False,third_party_recorded,historical_fantasy_scores_v3_recorded_2023_2026
2023,15,Singapore Grand Prix,2023-09-17,driver,tsunoda,jm1261/Fantasy-F1-League:2023:driver:Tsunoda,Yuki Tsunoda,TSU,AlphaTauri,-17.0,,,,,,5.4,jm1261/Fantasy-F1-League,https://github.com/jm1261/Fantasy-F1-League/blob/main/Data/2023/Lineup/Singapore_Results.json,MIT,third_party_recorded,False,True,False,third_party_recorded,historical_fantasy_scores_v3_recorded_2023_2026
2023,15,Singapore Grand Prix,2023-09-17,driver,zhou,jm1261/Fantasy-F1-League:2023:driver:Guanyu,Guanyu Zhou,ZHO,Alfa Romeo,11.0,,,,,,6.2,jm1261/Fantasy-F1-League,https://github.com/jm1261/Fantasy-F1-League/blob/main/Data/2023/Lineup/Singapore_Results.json,MIT,third_party_recorded,False,True,False,third_party_recorded,historical_fantasy_scores_v3_recorded_2023_2026
2023,16,Japanese Grand Prix,2023-09-24,constructor,alfa,jm1261/Fantasy-F1-League:2023:constructor:Alfa Romeo,Alfa Romeo,ALF,,-10.0,,,,,,6.2,jm1261/Fantasy-F1-League,https://github.com/jm1261/Fantasy-F1-League/blob/main/Data/2023/Lineup/Japan_Results.json,MIT,third_party_recorded,False,True,False,third_party_recorded,historical_fantasy_scores_v3_recorded_2023_2026
2023,16,Japanese Grand Prix,2023-09-24,constructor,alphatauri,jm1261/Fantasy-F1-League:2023:constructor:AlphaTauri,AlphaTauri,ALT,,15.0,,,,,,6.8,jm1261/Fantasy-F1-League,https://github.com/jm1261/Fantasy-F1-League/blob/main/Data/2023/Lineup/Japan_Results.json,MIT,third_party_recorded,False,True,False,third_party_recorded,historical_fantasy_scores_v3_recorded_2023_2026
2023,16,Japanese Grand Prix,2023-09-24,constructor,alpine,jm1261/Fantasy-F1-League:2023:constructor:Alpine,Alpine,ALP,,20.0,,,,,,11.7,jm1261/Fantasy-F1-League,https://github.com/jm1261/Fantasy-F1-League/blob/main/Data/2023/Lineup/Japan_Results.json,MIT,third_party_recorded,False,True,False,third_party_recorded,historical_fantasy_scores_v3_recorded_2023_2026
2023,16,Japanese Grand Prix,2023-09-24,constructor,aston_martin,jm1261/Fantasy-F1-League:2023:constructor:Aston Martin,Aston Martin,AMR,,7.0,,,,,,11.5,jm1261/Fantasy-F1-League,https://github.com/jm1261/Fantasy-F1-League/blob/main/Data/2023/Lineup/Japan_Results.json,MIT,third_party_recorded,False,True,False,third_party_recorded,historical_fantasy_scores_v3_recorded_2023_2026
2023,16,Japanese Grand Prix,2023-09-24,constructor,ferrari,jm1261/Fantasy-F1-League:2023:constructor:Ferrari,Ferrari,FER,,65.0,,,,,,24.1,jm1261/Fantasy-F1-League,https://github.com/jm1261/Fantasy-F1-League/blob/main/Data/2023/Lineup/Japan_Results.json,MIT,third_party_recorded,False,True,False,third_party_recorded,historical_fantasy_scores_v3_recorded_2023_2026
2023,16,Japanese Grand Prix,2023-09-24,constructor,haas,jm1261/Fantasy-F1-League:2023:constructor:Haas,Haas,HAS,,15.0,,,,,,6.9,jm1261/Fantasy-F1-League,https://github.com/jm1261/Fantasy-F1-League/blob/main/Data/2023/Lineup/Japan_Results.json,MIT,third_party_recorded,False,True,False,third_party_recorded,historical_fantasy_scores_v3_recorded_2023_2026
2023,16,Japanese Grand Prix,2023-09-24,constructor,mclaren,jm1261/Fantasy-F1-League:2023:constructor:McLaren,McLaren,MCL,,66.0,,,,,,15.3,jm1261/Fantasy-F1-League,https://github.com/jm1261/Fantasy-F1-League/blob/main/Data/2023/Lineup/Japan_Results.json,MIT,third_party_recorded,False,True,False,third_party_recorded,historical_fantasy_scores_v3_recorded_2023_2026
2023,16,Japanese Grand Prix,2023-09-24,constructor,mercedes,jm1261/Fantasy-F1-League:2023:constructor:Mercedes,Mercedes,MER,,44.0,,,,,,25.8,jm1261/Fantasy-F1-League,https://github.com/jm1261/Fantasy-F1-League/blob/main/Data/2023/Lineup/Japan_Results.json,MIT,third_party_recorded,False,True,False,third_party_recorded,historical_fantasy_scores_v3_recorded_2023_2026
2023,16,Japanese Grand Prix,2023-09-24,constructor,red_bull,jm1261/Fantasy-F1-League:2023:constructor:Red Bull,Red Bull,RBR,,46.0,,,,,,29.2,jm1261/Fantasy-F1-League,https://github.com/jm1261/Fantasy-F1-League/blob/main/Data/2023/Lineup/Japan_Results.json,MIT,third_party_recorded,False,True,False,third_party_recorded,historical_fantasy_scores_v3_recorded_2023_2026
2023,16,Japanese Grand Prix,2023-09-24,constructor,williams,jm1261/Fantasy-F1-League:2023:constructor:Williams,Williams,WIL,,-35.0,,,,,,6.9,jm1261/Fantasy-F1-League,https://github.com/jm1261/Fantasy-F1-League/blob/main/Data/2023/Lineup/Japan_Results.json,MIT,third_party_recorded,False,True,False,third_party_recorded,historical_fantasy_scores_v3_recorded_2023_2026
2023,16,Japanese Grand Prix,2023-09-24,driver,albon,jm1261/Fantasy-F1-League:2023:driver:Albon,Alexander Albon,ALB,Williams,-15.0,,,,,,9.3,jm1261/Fantasy-F1-League,https://github.com/jm1261/Fantasy-F1-League/blob/main/Data/2023/Lineup/Japan_Results.json,MIT,third_party_recorded,False,True,False,third_party_recorded,historical_fantasy_scores_v3_recorded_2023_2026
2023,16,Japanese Grand Prix,2023-09-24,driver,alonso,jm1261/Fantasy-F1-League:2023:driver:Alonso,Fernando Alonso,ALO,Aston Martin,16.0,,,,,,14.4,jm1261/Fantasy-F1-League,https://github.com/jm1261/Fantasy-F1-League/blob/main/Data/2023/Lineup/Japan_Results.json,MIT,third_party_recorded,False,True,False,third_party_recorded,historical_fantasy_scores_v3_recorded_2023_2026
2023,16,Japanese Grand Prix,2023-09-24,driver,bottas,jm1261/Fantasy-F1-League:2023:driver:Bottas,Valtteri Bottas,BOT,Alfa Romeo,-17.0,,,,,,8.7,jm1261/Fantasy-F1-League,https://github.com/jm1261/Fantasy-F1-League/blob/main/Data/2023/Lineup/Japan_Results.json,MIT,third_party_recorded,False,True,False,third_party_recorded,historical_fantasy_scores_v3_recorded_2023_2026
2023,16,Japanese Grand Prix,2023-09-24,driver,gasly,jm1261/Fantasy-F1-League:2023:driver:Gasly,Pierre Gasly,GAS,Alpine,7.0,,,,,,11.5,jm1261/Fantasy-F1-League,https://github.com/jm1261/Fantasy-F1-League/blob/main/Data/2023/Lineup/Japan_Results.json,MIT,third_party_recorded,False,True,False,third_party_recorded,historical_fantasy_scores_v3_recorded_2023_2026
2023,16,Japanese Grand Prix,2023-09-24,driver,hamilton,jm1261/Fantasy-F1-League:2023:driver:Hamilton,Lewis Hamilton,HAM,Mercedes,20.0,,,,,,25.6,jm1261/Fantasy-F1-League,https://github.com/jm1261/Fantasy-F1-League/blob/main/Data/2023/Lineup/Japan_Results.json,MIT,third_party_recorded,False,True,False,third_party_recorded,historical_fantasy_scores_v3_recorded_2023_2026
2023,16,Japanese Grand Prix,2023-09-24,driver,hulkenberg,jm1261/Fantasy-F1-League:2023:driver:Hulkenberg,Nico Hülkenberg,HUL,Haas,10.0,,,,,,5.3,jm1261/Fantasy-F1-League,https://github.com/jm1261/Fantasy-F1-League/blob/main/Data/2023/Lineup/Japan_Results.json,MIT,third_party_recorded,False,True,False,third_party_recorded,historical_fantasy_scores_v3_recorded_2023_2026
2023,16,Japanese Grand Prix,2023-09-24,driver,kevin_magnussen,jm1261/Fantasy-F1-League:2023:driver:Magnussen,Kevin Magnussen,MAG,Haas,4.0,,,,,,8.3,jm1261/Fantasy-F1-League,https://github.com/jm1261/Fantasy-F1-League/blob/main/Data/2023/Lineup/Japan_Results.json,MIT,third_party_recorded,False,True,False,third_party_recorded,historical_fantasy_scores_v3_recorded_2023_2026
2023,16,Japanese Grand Prix,2023-09-24,driver,lawson,jm1261/Fantasy-F1-League:2023:driver:Lawson,Liam Lawson,LAW,AlphaTauri,5.0,,,,,,6.0,jm1261/Fantasy-F1-League,https://github.com/jm1261/Fantasy-F1-League/blob/main/Data/2023/Lineup/Japan_Results.json,MIT,third_party_recorded,False,True,False,third_party_recorded,historical_fantasy_scores_v3_recorded_2023_2026
2023,16,Japanese Grand Prix,2023-09-24,driver,leclerc,jm1261/Fantasy-F1-League:2023:driver:Leclerc,Charles Leclerc,LEC,Ferrari,22.0,,,,,,23.0,jm1261/Fantasy-F1-League,https://github.com/jm1261/Fantasy-F1-League/blob/main/Data/2023/Lineup/Japan_Results.json,MIT,third_party_recorded,False,True,False,third_party_recorded,historical_fantasy_scores_v3_recorded_2023_2026
2023,16,Japanese Grand Prix,2023-09-24,driver,max_verstappen,jm1261/Fantasy-F1-League:2023:driver:Verstappen,Max Verstappen,VER,Red Bull,47.0,,,,,,29.1,jm1261/Fantasy-F1-League,https://github.com/jm1261/Fantasy-F1-League/blob/main/Data/2023/Lineup/Japan_Results.json,MIT,third_party_recorded,False,True,False,third_party_recorded,historical_fantasy_scores_v3_recorded_2023_2026
2023,16,Japanese Grand Prix,2023-09-24,driver,norris,jm1261/Fantasy-F1-League:2023:driver:Norris,Lando Norris,NOR,McLaren,31.0,,,,,,16.7,jm1261/Fantasy-F1-League,https://github.com/jm1261/Fantasy-F1-League/blob/main/Data/2023/Lineup/Japan_Results.json,MIT,third_party_recorded,False,True,False,third_party_recorded,historical_fantasy_scores_v3_recorded_2023_2026
2023,16,Japanese Grand Prix,2023-09-24,driver,ocon,jm1261/Fantasy-F1-League:2023:driver:Ocon,Esteban Ocon,OCO,Alpine,10.0,,,,,,11.5,jm1261/Fantasy-F1-League,https://github.com/jm1261/Fantasy-F1-League/blob/main/Data/2023/Lineup/Japan_Results.json,MIT,third_party_recorded,False,True,False,third_party_recorded,historical_fantasy_scores_v3_recorded_2023_2026
2023,16,Japanese Grand Prix,2023-09-24,driver,perez,jm1261/Fantasy-F1-League:2023:driver:Perez,Sergio Pérez,PER,Red Bull,-11.0,,,,,,20.3,jm1261/Fantasy-F1-League,https://github.com/jm1261/Fantasy-F1-League/blob/main/Data/2023/Lineup/Japan_Results.json,MIT,third_party_recorded,False,True,False,third_party_recorded,historical_fantasy_scores_v3_recorded_2023_2026
2023,16,Japanese Grand Prix,2023-09-24,driver,piastri,jm1261/Fantasy-F1-League:2023:driver:Piastri,Oscar Piastri,PIA,McLaren,35.0,,,,,,12.5,jm1261/Fantasy-F1-League,https://github.com/jm1261/Fantasy-F1-League/blob/main/Data/2023/Lineup/Japan_Results.json,MIT,third_party_recorded,False,True,False,third_party_recorded,historical_fantasy_scores_v3_recorded_2023_2026
2023,16,Japanese Grand Prix,2023-09-24,driver,russell,jm1261/Fantasy-F1-League:2023:driver:Russell,George Russell,RUS,Mercedes,14.0,,,,,,19.6,jm1261/Fantasy-F1-League,https://github.com/jm1261/Fantasy-F1-League/blob/main/Data/2023/Lineup/Japan_Results.json,MIT,third_party_recorded,False,True,False,third_party_recorded,historical_fantasy_scores_v3_recorded_2023_2026
2023,16,Japanese Grand Prix,2023-09-24,driver,sainz,jm1261/Fantasy-F1-League:2023:driver:Sainz,Carlos Sainz,SAI,Ferrari,18.0,,,,,,19.9,jm1261/Fantasy-F1-League,https://github.com/jm1261/Fantasy-F1-League/blob/main/Data/2023/Lineup/Japan_Results.json,MIT,third_party_recorded,False,True,False,third_party_recorded,historical_fantasy_scores_v3_recorded_2023_2026
2023,16,Japanese Grand Prix,2023-09-24,driver,sargeant,jm1261/Fantasy-F1-League:2023:driver:Sargeant,Logan Sargeant,SAR,Williams,-21.0,,,,,,4.9,jm1261/Fantasy-F1-League,https://github.com/jm1261/Fantasy-F1-League/blob/main/Data/2023/Lineup/Japan_Results.json,MIT,third_party_recorded,False,True,False,third_party_recorded,historical_fantasy_scores_v3_recorded_2023_2026
2023,16,Japanese Grand Prix,2023-09-24,driver,stroll,jm1261/Fantasy-F1-League:2023:driver:Stroll,Lance Stroll,STR,Aston Martin,-14.0,,,,,,10.5,jm1261/Fantasy-F1-League,https://github.com/jm1261/Fantasy-F1-League/blob/main/Data/2023/Lineup/Japan_Results.json,MIT,third_party_recorded,False,True,False,third_party_recorded,historical_fantasy_scores_v3_recorded_2023_2026
2023,16,Japanese Grand Prix,2023-09-24,driver,tsunoda,jm1261/Fantasy-F1-League:2023:driver:Tsunoda,Yuki Tsunoda,TSU,AlphaTauri,2.0,,,,,,5.4,jm1261/Fantasy-F1-League,https://github.com/jm1261/Fantasy-F1-League/blob/main/Data/2023/Lineup/Japan_Results.json,MIT,third_party_recorded,False,True,False,third_party_recorded,historical_fantasy_scores_v3_recorded_2023_2026
2023,16,Japanese Grand Prix,2023-09-24,driver,zhou,jm1261/Fantasy-F1-League:2023:driver:Guanyu,Guanyu Zhou,ZHO,Alfa Romeo,8.0,,,,,,6.7,jm1261/Fantasy-F1-League,https://github.com/jm1261/Fantasy-F1-League/blob/main/Data/2023/Lineup/Japan_Results.json,MIT,third_party_recorded,False,True,False,third_party_recorded,historical_fantasy_scores_v3_recorded_2023_2026
2023,17,Qatar Grand Prix,2023-10-08,constructor,alfa,jm1261/Fantasy-F1-League:2023:constructor:Alfa Romeo,Alfa Romeo,ALF,,39.0,,,,,,6.7,jm1261/Fantasy-F1-League,https://github.com/jm1261/Fantasy-F1-League/blob/main/Data/2023/Lineup/Qatar_Results.json,MIT,third_party_recorded,False,True,False,third_party_recorded,historical_fantasy_scores_v3_recorded_2023_2026
2023,17,Qatar Grand Prix,2023-10-08,constructor,alphatauri,jm1261/Fantasy-F1-League:2023:constructor:AlphaTauri,AlphaTauri,ALT,,-4.0,,,,,,6.7,jm1261/Fantasy-F1-League,https://github.com/jm1261/Fantasy-F1-League/blob/main/Data/2023/Lineup/Qatar_Results.json,MIT,third_party_recorded,False,True,False,third_party_recorded,historical_fantasy_scores_v3_recorded_2023_2026
2023,17,Qatar Grand Prix,2023-10-08,constructor,alpine,jm1261/Fantasy-F1-League:2023:constructor:Alpine,Alpine,ALP,,23.0,,,,,,12.2,jm1261/Fantasy-F1-League,https://github.com/jm1261/Fantasy-F1-League/blob/main/Data/2023/Lineup/Qatar_Results.json,MIT,third_party_recorded,False,True,False,third_party_recorded,historical_fantasy_scores_v3_recorded_2023_2026
2023,17,Qatar Grand Prix,2023-10-08,constructor,aston_martin,jm1261/Fantasy-F1-League:2023:constructor:Aston Martin,Aston Martin,AMR,,47.0,,,,,,12.0,jm1261/Fantasy-F1-League,https://github.com/jm1261/Fantasy-F1-League/blob/main/Data/2023/Lineup/Qatar_Results.json,MIT,third_party_recorded,False,True,False,third_party_recorded,historical_fantasy_scores_v3_recorded_2023_2026
2023,17,Qatar Grand Prix,2023-10-08,constructor,ferrari,jm1261/Fantasy-F1-League:2023:constructor:Ferrari,Ferrari,FER,,18.0,,,,,,24.2,jm1261/Fantasy-F1-League,https://github.com/jm1261/Fantasy-F1-League/blob/main/Data/2023/Lineup/Qatar_Results.json,MIT,third_party_recorded,False,True,False,third_party_recorded,historical_fantasy_scores_v3_recorded_2023_2026
2023,17,Qatar Grand Prix,2023-10-08,constructor,haas,jm1261/Fantasy-F1-League:2023:constructor:Haas,Haas,HAS,,6.0,,,,,,6.9,jm1261/Fantasy-F1-League,https://github.com/jm1261/Fantasy-F1-League/blob/main/Data/2023/Lineup/Qatar_Results.json,MIT,third_party_recorded,False,True,False,third_party_recorded,historical_fantasy_scores_v3_recorded_2023_2026
2023,17,Qatar Grand Prix,2023-10-08,constructor,mclaren,jm1261/Fantasy-F1-League:2023:constructor:McLaren,McLaren,MCL,,110.0,,,,,,16.3,jm1261/Fantasy-F1-League,https://github.com/jm1261/Fantasy-F1-League/blob/main/Data/2023/Lineup/Qatar_Results.json,MIT,third_party_recorded,False,True,False,third_party_recorded,historical_fantasy_scores_v3_recorded_2023_2026
2023,17,Qatar Grand Prix,2023-10-08,constructor,mercedes,jm1261/Fantasy-F1-League:2023:constructor:Mercedes,Mercedes,MER,,53.0,,,,,,25.9,jm1261/Fantasy-F1-League,https://github.com/jm1261/Fantasy-F1-League/blob/main/Data/2023/Lineup/Qatar_Results.json,MIT,third_party_recorded,False,True,False,third_party_recorded,historical_fantasy_scores_v3_recorded_2023_2026
2023,17,Qatar Grand Prix,2023-10-08,constructor,red_bull,jm1261/Fantasy-F1-League:2023:constructor:Red Bull,Red Bull,RBR,,64.0,,,,,,29.3,jm1261/Fantasy-F1-League,https://github.com/jm1261/Fantasy-F1-League/blob/main/Data/2023/Lineup/Qatar_Results.json,MIT,third_party_recorded,False,True,False,third_party_recorded,historical_fantasy_scores_v3_recorded_2023_2026
2023,17,Qatar Grand Prix,2023-10-08,constructor,williams,jm1261/Fantasy-F1-League:2023:constructor:Williams,Williams,WIL,,-10.0,,,,,,6.8,jm1261/Fantasy-F1-League,https://github.com/jm1261/Fantasy-F1-League/blob/main/Data/2023/Lineup/Qatar_Results.json,MIT,third_party_recorded,False,True,False,third_party_recorded,historical_fantasy_scores_v3_recorded_2023_2026
2023,17,Qatar Grand Prix,2023-10-08,driver,albon,jm1261/Fantasy-F1-League:2023:driver:Albon,Alexander Albon,ALB,Williams,23.0,,,,,,10.3,jm1261/Fantasy-F1-League,https://github.com/jm1261/Fantasy-F1-League/blob/main/Data/2023/Lineup/Qatar_Results.json,MIT,third_party_recorded,False,True,False,third_party_recorded,historical_fantasy_scores_v3_recorded_2023_2026
2023,17,Qatar Grand Prix,2023-10-08,driver,alonso,jm1261/Fantasy-F1-League:2023:driver:Alonso,Fernando Alonso,ALO,Aston Martin,25.0,,,,,,15.4,jm1261/Fantasy-F1-League,https://github.com/jm1261/Fantasy-F1-League/blob/main/Data/2023/Lineup/Qatar_Results.json,MIT,third_party_recorded,False,True,False,third_party_recorded,historical_fantasy_scores_v3_recorded_2023_2026
2023,17,Qatar Grand Prix,2023-10-08,driver,bottas,jm1261/Fantasy-F1-League:2023:driver:Bottas,Valtteri Bottas,BOT,Alfa Romeo,15.0,,,,,,9.2,jm1261/Fantasy-F1-League,https://github.com/jm1261/Fantasy-F1-League/blob/main/Data/2023/Lineup/Qatar_Results.json,MIT,third_party_recorded,False,True,False,third_party_recorded,historical_fantasy_scores_v3_recorded_2023_2026
2023,17,Qatar Grand Prix,2023-10-08,driver,gasly,jm1261/Fantasy-F1-League:2023:driver:Gasly,Pierre Gasly,GAS,Alpine,11.0,,,,,,12.0,jm1261/Fantasy-F1-League,https://github.com/jm1261/Fantasy-F1-League/blob/main/Data/2023/Lineup/Qatar_Results.json,MIT,third_party_recorded,False,True,False,third_party_recorded,historical_fantasy_scores_v3_recorded_2023_2026
2023,17,Qatar Grand Prix,2023-10-08,driver,hamilton,jm1261/Fantasy-F1-League:2023:driver:Hamilton,Lewis Hamilton,HAM,Mercedes,6.0,,,,,,25.3,jm1261/Fantasy-F1-League,https://github.com/jm1261/Fantasy-F1-League/blob/main/Data/2023/Lineup/Qatar_Results.json,MIT,third_party_recorded,False,True,False,third_party_recorded,historical_fantasy_scores_v3_recorded_2023_2026
2023,17,Qatar Grand Prix,2023-10-08,driver,hulkenberg,jm1261/Fantasy-F1-League:2023:driver:Hulkenberg,Nico Hülkenberg,HUL,Haas,-18.0,,,,,,5.2,jm1261/Fantasy-F1-League,https://github.com/jm1261/Fantasy-F1-League/blob/main/Data/2023/Lineup/Qatar_Results.json,MIT,third_party_recorded,False,True,False,third_party_recorded,historical_fantasy_scores_v3_recorded_2023_2026
2023,17,Qatar Grand Prix,2023-10-08,driver,kevin_magnussen,jm1261/Fantasy-F1-League:2023:driver:Magnussen,Kevin Magnussen,MAG,Haas,23.0,,,,,,9.3,jm1261/Fantasy-F1-League,https://github.com/jm1261/Fantasy-F1-League/blob/main/Data/2023/Lineup/Qatar_Results.json,MIT,third_party_recorded,False,True,False,third_party_recorded,historical_fantasy_scores_v3_recorded_2023_2026
2023,17,Qatar Grand Prix,2023-10-08,driver,lawson,jm1261/Fantasy-F1-League:2023:driver:Lawson,Liam Lawson,LAW,AlphaTauri,-16.0,,,,,,0.0,jm1261/Fantasy-F1-League,https://github.com/jm1261/Fantasy-F1-League/blob/main/Data/2023/Lineup/Qatar_Results.json,MIT,third_party_recorded,False,True,False,third_party_recorded,historical_fantasy_scores_v3_recorded_2023_2026
2023,17,Qatar Grand Prix,2023-10-08,driver,leclerc,jm1261/Fantasy-F1-League:2023:driver:Leclerc,Charles Leclerc,LEC,Ferrari,22.0,,,,,,23.3,jm1261/Fantasy-F1-League,https://github.com/jm1261/Fantasy-F1-League/blob/main/Data/2023/Lineup/Qatar_Results.json,MIT,third_party_recorded,False,True,False,third_party_recorded,historical_fantasy_scores_v3_recorded_2023_2026
2023,17,Qatar Grand Prix,2023-10-08,driver,max_verstappen,jm1261/Fantasy-F1-League:2023:driver:Verstappen,Max Verstappen,VER,Red Bull,62.0,,,,,,29.3,jm1261/Fantasy-F1-League,https://github.com/jm1261/Fantasy-F1-League/blob/main/Data/2023/Lineup/Qatar_Results.json,MIT,third_party_recorded,False,True,False,third_party_recorded,historical_fantasy_scores_v3_recorded_2023_2026
2023,17,Qatar Grand Prix,2023-10-08,driver,norris,jm1261/Fantasy-F1-League:2023:driver:Norris,Lando Norris,NOR,McLaren,41.0,,,,,,17.0,jm1261/Fantasy-F1-League,https://github.com/jm1261/Fantasy-F1-League/blob/main/Data/2023/Lineup/Qatar_Results.json,MIT,third_party_recorded,False,True,False,third_party_recorded,historical_fantasy_scores_v3_recorded_2023_2026
2023,17,Qatar Grand Prix,2023-10-08,driver,ocon,jm1261/Fantasy-F1-League:2023:driver:Ocon,Esteban Ocon,OCO,Alpine,2.0,,,,,,11.5,jm1261/Fantasy-F1-League,https://github.com/jm1261/Fantasy-F1-League/blob/main/Data/2023/Lineup/Qatar_Results.json,MIT,third_party_recorded,False,True,False,third_party_recorded,historical_fantasy_scores_v3_recorded_2023_2026
2023,17,Qatar Grand Prix,2023-10-08,driver,perez,jm1261/Fantasy-F1-League:2023:driver:Perez,Sergio Pérez,PER,Red Bull,-3.0,,,,,,20.1,jm1261/Fantasy-F1-League,https://github.com/jm1261/Fantasy-F1-League/blob/main/Data/2023/Lineup/Qatar_Results.json,MIT,third_party_recorded,False,True,False,third_party_recorded,historical_fantasy_scores_v3_recorded_2023_2026
2023,17,Qatar Grand Prix,2023-10-08,driver,piastri,jm1261/Fantasy-F1-League:2023:driver:Piastri,Oscar Piastri,PIA,McLaren,56.0,,,,,,14.0,jm1261/Fantasy-F1-League,https://github.com/jm1261/Fantasy-F1-League/blob/main/Data/2023/Lineup/Qatar_Results.json,MIT,third_party_recorded,False,True,False,third_party_recorded,historical_fantasy_scores_v3_recorded_2023_2026
2023,17,Qatar Grand Prix,2023-10-08,driver,russell,jm1261/Fantasy-F1-League:2023:driver:Russell,George Russell,RUS,Mercedes,37.0,,,,,,19.9,jm1261/Fantasy-F1-League,https://github.com/jm1261/Fantasy-F1-League/blob/main/Data/2023/Lineup/Qatar_Results.json,MIT,third_party_recorded,False,True,False,third_party_recorded,historical_fantasy_scores_v3_recorded_2023_2026
2023,17,Qatar Grand Prix,2023-10-08,driver,sainz,jm1261/Fantasy-F1-League:2023:driver:Sainz,Carlos Sainz,SAI,Ferrari,-14.0,,,,,,19.4,jm1261/Fantasy-F1-League,https://github.com/jm1261/Fantasy-F1-League/blob/main/Data/2023/Lineup/Qatar_Results.json,MIT,third_party_recorded,False,True,False,third_party_recorded,historical_fantasy_scores_v3_recorded_2023_2026
2023,17,Qatar Grand Prix,2023-10-08,driver,sargeant,jm1261/Fantasy-F1-League:2023:driver:Sargeant,Logan Sargeant,SAR,Williams,-34.0,,,,,,4.8,jm1261/Fantasy-F1-League,https://github.com/jm1261/Fantasy-F1-League/blob/main/Data/2023/Lineup/Qatar_Results.json,MIT,third_party_recorded,False,True,False,third_party_recorded,historical_fantasy_scores_v3_recorded_2023_2026
2023,17,Qatar Grand Prix,2023-10-08,driver,stroll,jm1261/Fantasy-F1-League:2023:driver:Stroll,Lance Stroll,STR,Aston Martin,17.0,,,,,,11.0,jm1261/Fantasy-F1-League,https://github.com/jm1261/Fantasy-F1-League/blob/main/Data/2023/Lineup/Qatar_Results.json,MIT,third_party_recorded,False,True,False,third_party_recorded,historical_fantasy_scores_v3_recorded_2023_2026
2023,17,Qatar Grand Prix,2023-10-08,driver,tsunoda,jm1261/Fantasy-F1-League:2023:driver:Tsunoda,Yuki Tsunoda,TSU,AlphaTauri,11.0,,,,,,5.9,jm1261/Fantasy-F1-League,https://github.com/jm1261/Fantasy-F1-League/blob/main/Data/2023/Lineup/Qatar_Results.json,MIT,third_party_recorded,False,True,False,third_party_recorded,historical_fantasy_scores_v3_recorded_2023_2026
2023,17,Qatar Grand Prix,2023-10-08,driver,zhou,jm1261/Fantasy-F1-League:2023:driver:Guanyu,Guanyu Zhou,ZHO,Alfa Romeo,19.0,,,,,,7.2,jm1261/Fantasy-F1-League,https://github.com/jm1261/Fantasy-F1-League/blob/main/Data/2023/Lineup/Qatar_Results.json,MIT,third_party_recorded,False,True,False,third_party_recorded,historical_fantasy_scores_v3_recorded_2023_2026
2023,18,United States Grand Prix,2023-10-22,constructor,alfa,jm1261/Fantasy-F1-League:2023:constructor:Alfa Romeo,Alfa Romeo,ALF,,15.0,,,,,,6.7,jm1261/Fantasy-F1-League,https://github.com/jm1261/Fantasy-F1-League/blob/main/Data/2023/Lineup/United%20States_Results.json,MIT,third_party_recorded,False,True,False,third_party_recorded,historical_fantasy_scores_v3_recorded_2023_2026
2023,18,United States Grand Prix,2023-10-22,constructor,alphatauri,jm1261/Fantasy-F1-League:2023:constructor:AlphaTauri,AlphaTauri,ALT,,34.0,,,,,,7.2,jm1261/Fantasy-F1-League,https://github.com/jm1261/Fantasy-F1-League/blob/main/Data/2023/Lineup/United%20States_Results.json,MIT,third_party_recorded,False,True,False,third_party_recorded,historical_fantasy_scores_v3_recorded_2023_2026
2023,18,United States Grand Prix,2023-10-22,constructor,alpine,jm1261/Fantasy-F1-League:2023:constructor:Alpine,Alpine,ALP,,27.0,,,,,,12.7,jm1261/Fantasy-F1-League,https://github.com/jm1261/Fantasy-F1-League/blob/main/Data/2023/Lineup/United%20States_Results.json,MIT,third_party_recorded,False,True,False,third_party_recorded,historical_fantasy_scores_v3_recorded_2023_2026
2023,18,United States Grand Prix,2023-10-22,constructor,aston_martin,jm1261/Fantasy-F1-League:2023:constructor:Aston Martin,Aston Martin,AMR,,0.0,,,,,,12.0,jm1261/Fantasy-F1-League,https://github.com/jm1261/Fantasy-F1-League/blob/main/Data/2023/Lineup/United%20States_Results.json,MIT,third_party_recorded,False,True,False,third_party_recorded,historical_fantasy_scores_v3_recorded_2023_2026
2023,18,United States Grand Prix,2023-10-22,constructor,ferrari,jm1261/Fantasy-F1-League:2023:constructor:Ferrari,Ferrari,FER,,35.0,,,,,,24.3,jm1261/Fantasy-F1-League,https://github.com/jm1261/Fantasy-F1-League/blob/main/Data/2023/Lineup/United%20States_Results.json,MIT,third_party_recorded,False,True,False,third_party_recorded,historical_fantasy_scores_v3_recorded_2023_2026
2023,18,United States Grand Prix,2023-10-22,constructor,haas,jm1261/Fantasy-F1-League:2023:constructor:Haas,Haas,HAS,,30.0,,,,,,7.4,jm1261/Fantasy-F1-League,https://github.com/jm1261/Fantasy-F1-League/blob/main/Data/2023/Lineup/United%20States_Results.json,MIT,third_party_recorded,False,True,False,third_party_recorded,historical_fantasy_scores_v3_recorded_2023_2026
2023,18,United States Grand Prix,2023-10-22,constructor,mclaren,jm1261/Fantasy-F1-League:2023:constructor:McLaren,McLaren,MCL,,36.0,,,,,,16.4,jm1261/Fantasy-F1-League,https://github.com/jm1261/Fantasy-F1-League/blob/main/Data/2023/Lineup/United%20States_Results.json,MIT,third_party_recorded,False,True,False,third_party_recorded,historical_fantasy_scores_v3_recorded_2023_2026
2023,18,United States Grand Prix,2023-10-22,constructor,mercedes,jm1261/Fantasy-F1-League:2023:constructor:Mercedes,Mercedes,MER,,31.0,,,,,,25.9,jm1261/Fantasy-F1-League,https://github.com/jm1261/Fantasy-F1-League/blob/main/Data/2023/Lineup/United%20States_Results.json,MIT,third_party_recorded,False,True,False,third_party_recorded,historical_fantasy_scores_v3_recorded_2023_2026
2023,18,United States Grand Prix,2023-10-22,constructor,red_bull,jm1261/Fantasy-F1-League:2023:constructor:Red Bull,Red Bull,RBR,,95.0,,,,,,29.4,jm1261/Fantasy-F1-League,https://github.com/jm1261/Fantasy-F1-League/blob/main/Data/2023/Lineup/United%20States_Results.json,MIT,third_party_recorded,False,True,False,third_party_recorded,historical_fantasy_scores_v3_recorded_2023_2026
2023,18,United States Grand Prix,2023-10-22,constructor,williams,jm1261/Fantasy-F1-League:2023:constructor:Williams,Williams,WIL,,29.0,,,,,,7.3,jm1261/Fantasy-F1-League,https://github.com/jm1261/Fantasy-F1-League/blob/main/Data/2023/Lineup/United%20States_Results.json,MIT,third_party_recorded,False,True,False,third_party_recorded,historical_fantasy_scores_v3_recorded_2023_2026
2023,18,United States Grand Prix,2023-10-22,driver,albon,jm1261/Fantasy-F1-League:2023:driver:Albon,Alexander Albon,ALB,Williams,14.0,,,,,,10.8,jm1261/Fantasy-F1-League,https://github.com/jm1261/Fantasy-F1-League/blob/main/Data/2023/Lineup/United%20States_Results.json,MIT,third_party_recorded,False,True,False,third_party_recorded,historical_fantasy_scores_v3_recorded_2023_2026
2023,18,United States Grand Prix,2023-10-22,driver,alonso,jm1261/Fantasy-F1-League:2023:driver:Alonso,Fernando Alonso,ALO,Aston Martin,-9.0,,,,,,15.2,jm1261/Fantasy-F1-League,https://github.com/jm1261/Fantasy-F1-League/blob/main/Data/2023/Lineup/United%20States_Results.json,MIT,third_party_recorded,False,True,False,third_party_recorded,historical_fantasy_scores_v3_recorded_2023_2026
2023,18,United States Grand Prix,2023-10-22,driver,bottas,jm1261/Fantasy-F1-League:2023:driver:Bottas,Valtteri Bottas,BOT,Alfa Romeo,10.0,,,,,,9.7,jm1261/Fantasy-F1-League,https://github.com/jm1261/Fantasy-F1-League/blob/main/Data/2023/Lineup/United%20States_Results.json,MIT,third_party_recorded,False,True,False,third_party_recorded,historical_fantasy_scores_v3_recorded_2023_2026
2023,18,United States Grand Prix,2023-10-22,driver,gasly,jm1261/Fantasy-F1-League:2023:driver:Gasly,Pierre Gasly,GAS,Alpine,22.0,,,,,,13.0,jm1261/Fantasy-F1-League,https://github.com/jm1261/Fantasy-F1-League/blob/main/Data/2023/Lineup/United%20States_Results.json,MIT,third_party_recorded,False,True,False,third_party_recorded,historical_fantasy_scores_v3_recorded_2023_2026
2023,18,United States Grand Prix,2023-10-22,driver,hamilton,jm1261/Fantasy-F1-League:2023:driver:Hamilton,Lewis Hamilton,HAM,Mercedes,-4.0,,,,,,25.0,jm1261/Fantasy-F1-League,https://github.com/jm1261/Fantasy-F1-League/blob/main/Data/2023/Lineup/United%20States_Results.json,MIT,third_party_recorded,False,True,False,third_party_recorded,historical_fantasy_scores_v3_recorded_2023_2026
2023,18,United States Grand Prix,2023-10-22,driver,hulkenberg,jm1261/Fantasy-F1-League:2023:driver:Hulkenberg,Nico Hülkenberg,HUL,Haas,17.0,,,,,,5.7,jm1261/Fantasy-F1-League,https://github.com/jm1261/Fantasy-F1-League/blob/main/Data/2023/Lineup/United%20States_Results.json,MIT,third_party_recorded,False,True,False,third_party_recorded,historical_fantasy_scores_v3_recorded_2023_2026
2023,18,United States Grand Prix,2023-10-22,driver,kevin_magnussen,jm1261/Fantasy-F1-League:2023:driver:Magnussen,Kevin Magnussen,MAG,Haas,12.0,,,,,,9.8,jm1261/Fantasy-F1-League,https://github.com/jm1261/Fantasy-F1-League/blob/main/Data/2023/Lineup/United%20States_Results.json,MIT,third_party_recorded,False,True,False,third_party_recorded,historical_fantasy_scores_v3_recorded_2023_2026
2023,18,United States Grand Prix,2023-10-22,driver,leclerc,jm1261/Fantasy-F1-League:2023:driver:Leclerc,Charles Leclerc,LEC,Ferrari,-10.0,,,,,,23.1,jm1261/Fantasy-F1-League,https://github.com/jm1261/Fantasy-F1-League/blob/main/Data/2023/Lineup/United%20States_Results.json,MIT,third_party_recorded,False,True,False,third_party_recorded,historical_fantasy_scores_v3_recorded_2023_2026
2023,18,United States Grand Prix,2023-10-22,driver,max_verstappen,jm1261/Fantasy-F1-League:2023:driver:Verstappen,Max Verstappen,VER,Red Bull,53.0,,,,,,29.5,jm1261/Fantasy-F1-League,https://github.com/jm1261/Fantasy-F1-League/blob/main/Data/2023/Lineup/United%20States_Results.json,MIT,third_party_recorded,False,True,False,third_party_recorded,historical_fantasy_scores_v3_recorded_2023_2026
2023,18,United States Grand Prix,2023-10-22,driver,norris,jm1261/Fantasy-F1-League:2023:driver:Norris,Lando Norris,NOR,McLaren,46.0,,,,,,18.0,jm1261/Fantasy-F1-League,https://github.com/jm1261/Fantasy-F1-League/blob/main/Data/2023/Lineup/United%20States_Results.json,MIT,third_party_recorded,False,True,False,third_party_recorded,historical_fantasy_scores_v3_recorded_2023_2026
2023,18,United States Grand Prix,2023-10-22,driver,ocon,jm1261/Fantasy-F1-League:2023:driver:Ocon,Esteban Ocon,OCO,Alpine,-10.0,,,,,,11.5,jm1261/Fantasy-F1-League,https://github.com/jm1261/Fantasy-F1-League/blob/main/Data/2023/Lineup/United%20States_Results.json,MIT,third_party_recorded,False,True,False,third_party_recorded,historical_fantasy_scores_v3_recorded_2023_2026
2023,18,United States Grand Prix,2023-10-22,driver,perez,jm1261/Fantasy-F1-League:2023:driver:Perez,Sergio Pérez,PER,Red Bull,32.0,,,,,,20.4,jm1261/Fantasy-F1-League,https://github.com/jm1261/Fantasy-F1-League/blob/main/Data/2023/Lineup/United%20States_Results.json,MIT,third_party_recorded,False,True,False,third_party_recorded,historical_fantasy_scores_v3_recorded_2023_2026
2023,18,United States Grand Prix,2023-10-22,driver,piastri,jm1261/Fantasy-F1-League:2023:driver:Piastri,Oscar Piastri,PIA,McLaren,-20.0,,,,,,13.9,jm1261/Fantasy-F1-League,https://github.com/jm1261/Fantasy-F1-League/blob/main/Data/2023/Lineup/United%20States_Results.json,MIT,third_party_recorded,False,True,False,third_party_recorded,historical_fantasy_scores_v3_recorded_2023_2026
2023,18,United States Grand Prix,2023-10-22,driver,ricciardo,jm1261/Fantasy-F1-League:2023:driver:Ricciardo,Daniel Ricciardo,RIC,AlphaTauri,1.0,,,,,,4.5,jm1261/Fantasy-F1-League,https://github.com/jm1261/Fantasy-F1-League/blob/main/Data/2023/Lineup/United%20States_Results.json,MIT,third_party_recorded,False,True,False,third_party_recorded,historical_fantasy_scores_v3_recorded_2023_2026
2023,18,United States Grand Prix,2023-10-22,driver,russell,jm1261/Fantasy-F1-League:2023:driver:Russell,George Russell,RUS,Mercedes,25.0,,,,,,20.2,jm1261/Fantasy-F1-League,https://github.com/jm1261/Fantasy-F1-League/blob/main/Data/2023/Lineup/United%20States_Results.json,MIT,third_party_recorded,False,True,False,third_party_recorded,historical_fantasy_scores_v3_recorded_2023_2026
2023,18,United States Grand Prix,2023-10-22,driver,sainz,jm1261/Fantasy-F1-League:2023:driver:Sainz,Carlos Sainz,SAI,Ferrari,32.0,,,,,,19.7,jm1261/Fantasy-F1-League,https://github.com/jm1261/Fantasy-F1-League/blob/main/Data/2023/Lineup/United%20States_Results.json,MIT,third_party_recorded,False,True,False,third_party_recorded,historical_fantasy_scores_v3_recorded_2023_2026
2023,18,United States Grand Prix,2023-10-22,driver,sargeant,jm1261/Fantasy-F1-League:2023:driver:Sargeant,Logan Sargeant,SAR,Williams,16.0,,,,,,5.3,jm1261/Fantasy-F1-League,https://github.com/jm1261/Fantasy-F1-League/blob/main/Data/2023/Lineup/United%20States_Results.json,MIT,third_party_recorded,False,True,False,third_party_recorded,historical_fantasy_scores_v3_recorded_2023_2026
2023,18,United States Grand Prix,2023-10-22,driver,stroll,jm1261/Fantasy-F1-League:2023:driver:Stroll,Lance Stroll,STR,Aston Martin,10.0,,,,,,11.5,jm1261/Fantasy-F1-League,https://github.com/jm1261/Fantasy-F1-League/blob/main/Data/2023/Lineup/United%20States_Results.json,MIT,third_party_recorded,False,True,False,third_party_recorded,historical_fantasy_scores_v3_recorded_2023_2026
2023,18,United States Grand Prix,2023-10-22,driver,tsunoda,jm1261/Fantasy-F1-League:2023:driver:Tsunoda,Yuki Tsunoda,TSU,AlphaTauri,30.0,,,,,,6.9,jm1261/Fantasy-F1-League,https://github.com/jm1261/Fantasy-F1-League/blob/main/Data/2023/Lineup/United%20States_Results.json,MIT,third_party_recorded,False,True,False,third_party_recorded,historical_fantasy_scores_v3_recorded_2023_2026
2023,18,United States Grand Prix,2023-10-22,driver,zhou,jm1261/Fantasy-F1-League:2023:driver:Guanyu,Guanyu Zhou,ZHO,Alfa Romeo,2.0,,,,,,7.2,jm1261/Fantasy-F1-League,https://github.com/jm1261/Fantasy-F1-League/blob/main/Data/2023/Lineup/United%20States_Results.json,MIT,third_party_recorded,False,True,False,third_party_recorded,historical_fantasy_scores_v3_recorded_2023_2026
2023,19,Mexico City Grand Prix,2023-10-29,constructor,alfa,jm1261/Fantasy-F1-League:2023:constructor:Alfa Romeo,Alfa Romeo,ALF,,14.0,,,,,,6.7,jm1261/Fantasy-F1-League,https://github.com/jm1261/Fantasy-F1-League/blob/main/Data/2023/Lineup/Mexico_Results.json,MIT,third_party_recorded,False,True,False,third_party_recorded,historical_fantasy_scores_v3_recorded_2023_2026
2023,19,Mexico City Grand Prix,2023-10-29,constructor,alphatauri,jm1261/Fantasy-F1-League:2023:constructor:AlphaTauri,AlphaTauri,ALT,,42.0,,,,,,7.7,jm1261/Fantasy-F1-League,https://github.com/jm1261/Fantasy-F1-League/blob/main/Data/2023/Lineup/Mexico_Results.json,MIT,third_party_recorded,False,True,False,third_party_recorded,historical_fantasy_scores_v3_recorded_2023_2026
2023,19,Mexico City Grand Prix,2023-10-29,constructor,alpine,jm1261/Fantasy-F1-League:2023:constructor:Alpine,Alpine,ALP,,21.0,,,,,,13.2,jm1261/Fantasy-F1-League,https://github.com/jm1261/Fantasy-F1-League/blob/main/Data/2023/Lineup/Mexico_Results.json,MIT,third_party_recorded,False,True,False,third_party_recorded,historical_fantasy_scores_v3_recorded_2023_2026
2023,19,Mexico City Grand Prix,2023-10-29,constructor,aston_martin,jm1261/Fantasy-F1-League:2023:constructor:Aston Martin,Aston Martin,AMR,,-7.0,,,,,,11.9,jm1261/Fantasy-F1-League,https://github.com/jm1261/Fantasy-F1-League/blob/main/Data/2023/Lineup/Mexico_Results.json,MIT,third_party_recorded,False,True,False,third_party_recorded,historical_fantasy_scores_v3_recorded_2023_2026
2023,19,Mexico City Grand Prix,2023-10-29,constructor,ferrari,jm1261/Fantasy-F1-League:2023:constructor:Ferrari,Ferrari,FER,,63.0,,,,,,24.6,jm1261/Fantasy-F1-League,https://github.com/jm1261/Fantasy-F1-League/blob/main/Data/2023/Lineup/Mexico_Results.json,MIT,third_party_recorded,False,True,False,third_party_recorded,historical_fantasy_scores_v3_recorded_2023_2026
2023,19,Mexico City Grand Prix,2023-10-29,constructor,haas,jm1261/Fantasy-F1-League:2023:constructor:Haas,Haas,HAS,,-7.0,,,,,,7.3,jm1261/Fantasy-F1-League,https://github.com/jm1261/Fantasy-F1-League/blob/main/Data/2023/Lineup/Mexico_Results.json,MIT,third_party_recorded,False,True,False,third_party_recorded,historical_fantasy_scores_v3_recorded_2023_2026
2023,19,Mexico City Grand Prix,2023-10-29,constructor,mclaren,jm1261/Fantasy-F1-League:2023:constructor:McLaren,McLaren,MCL,,57.0,,,,,,16.7,jm1261/Fantasy-F1-League,https://github.com/jm1261/Fantasy-F1-League/blob/main/Data/2023/Lineup/Mexico_Results.json,MIT,third_party_recorded,False,True,False,third_party_recorded,historical_fantasy_scores_v3_recorded_2023_2026
2023,19,Mexico City Grand Prix,2023-10-29,constructor,mercedes,jm1261/Fantasy-F1-League:2023:constructor:Mercedes,Mercedes,MER,,69.0,,,,,,26.0,jm1261/Fantasy-F1-League,https://github.com/jm1261/Fantasy-F1-League/blob/main/Data/2023/Lineup/Mexico_Results.json,MIT,third_party_recorded,False,True,False,third_party_recorded,historical_fantasy_scores_v3_recorded_2023_2026
2023,19,Mexico City Grand Prix,2023-10-29,constructor,red_bull,jm1261/Fantasy-F1-League:2023:constructor:Red Bull,Red Bull,RBR,,45.0,,,,,,29.4,jm1261/Fantasy-F1-League,https://github.com/jm1261/Fantasy-F1-League/blob/main/Data/2023/Lineup/Mexico_Results.json,MIT,third_party_recorded,False,True,False,third_party_recorded,historical_fantasy_scores_v3_recorded_2023_2026
2023,19,Mexico City Grand Prix,2023-10-29,constructor,williams,jm1261/Fantasy-F1-League:2023:constructor:Williams,Williams,WIL,,20.0,,,,,,7.8,jm1261/Fantasy-F1-League,https://github.com/jm1261/Fantasy-F1-League/blob/main/Data/2023/Lineup/Mexico_Results.json,MIT,third_party_recorded,False,True,False,third_party_recorded,historical_fantasy_scores_v3_recorded_2023_2026
2023,19,Mexico City Grand Prix,2023-10-29,driver,albon,jm1261/Fantasy-F1-League:2023:driver:Albon,Alexander Albon,ALB,Williams,13.0,,,,,,11.3,jm1261/Fantasy-F1-League,https://github.com/jm1261/Fantasy-F1-League/blob/main/Data/2023/Lineup/Mexico_Results.json,MIT,third_party_recorded,False,True,False,third_party_recorded,historical_fantasy_scores_v3_recorded_2023_2026
2023,19,Mexico City Grand Prix,2023-10-29,driver,alonso,jm1261/Fantasy-F1-League:2023:driver:Alonso,Fernando Alonso,ALO,Aston Martin,-16.0,,,,,,14.7,jm1261/Fantasy-F1-League,https://github.com/jm1261/Fantasy-F1-League/blob/main/Data/2023/Lineup/Mexico_Results.json,MIT,third_party_recorded,False,True,False,third_party_recorded,historical_fantasy_scores_v3_recorded_2023_2026
2023,19,Mexico City Grand Prix,2023-10-29,driver,bottas,jm1261/Fantasy-F1-League:2023:driver:Bottas,Valtteri Bottas,BOT,Alfa Romeo,2.0,,,,,,9.7,jm1261/Fantasy-F1-League,https://github.com/jm1261/Fantasy-F1-League/blob/main/Data/2023/Lineup/Mexico_Results.json,MIT,third_party_recorded,False,True,False,third_party_recorded,historical_fantasy_scores_v3_recorded_2023_2026
2023,19,Mexico City Grand Prix,2023-10-29,driver,gasly,jm1261/Fantasy-F1-League:2023:driver:Gasly,Pierre Gasly,GAS,Alpine,10.0,,,,,,13.5,jm1261/Fantasy-F1-League,https://github.com/jm1261/Fantasy-F1-League/blob/main/Data/2023/Lineup/Mexico_Results.json,MIT,third_party_recorded,False,True,False,third_party_recorded,historical_fantasy_scores_v3_recorded_2023_2026
2023,19,Mexico City Grand Prix,2023-10-29,driver,hamilton,jm1261/Fantasy-F1-League:2023:driver:Hamilton,Lewis Hamilton,HAM,Mercedes,41.0,,,,,,25.2,jm1261/Fantasy-F1-League,https://github.com/jm1261/Fantasy-F1-League/blob/main/Data/2023/Lineup/Mexico_Results.json,MIT,third_party_recorded,False,True,False,third_party_recorded,historical_fantasy_scores_v3_recorded_2023_2026
2023,19,Mexico City Grand Prix,2023-10-29,driver,hulkenberg,jm1261/Fantasy-F1-League:2023:driver:Hulkenberg,Nico Hülkenberg,HUL,Haas,8.0,,,,,,6.2,jm1261/Fantasy-F1-League,https://github.com/jm1261/Fantasy-F1-League/blob/main/Data/2023/Lineup/Mexico_Results.json,MIT,third_party_recorded,False,True,False,third_party_recorded,historical_fantasy_scores_v3_recorded_2023_2026
2023,19,Mexico City Grand Prix,2023-10-29,driver,kevin_magnussen,jm1261/Fantasy-F1-League:2023:driver:Magnussen,Kevin Magnussen,MAG,Haas,-16.0,,,,,,9.7,jm1261/Fantasy-F1-League,https://github.com/jm1261/Fantasy-F1-League/blob/main/Data/2023/Lineup/Mexico_Results.json,MIT,third_party_recorded,False,True,False,third_party_recorded,historical_fantasy_scores_v3_recorded_2023_2026
2023,19,Mexico City Grand Prix,2023-10-29,driver,leclerc,jm1261/Fantasy-F1-League:2023:driver:Leclerc,Charles Leclerc,LEC,Ferrari,24.0,,,,,,23.4,jm1261/Fantasy-F1-League,https://github.com/jm1261/Fantasy-F1-League/blob/main/Data/2023/Lineup/Mexico_Results.json,MIT,third_party_recorded,False,True,False,third_party_recorded,historical_fantasy_scores_v3_recorded_2023_2026
2023,19,Mexico City Grand Prix,2023-10-29,driver,max_verstappen,jm1261/Fantasy-F1-League:2023:driver:Verstappen,Max Verstappen,VER,Red Bull,42.0,,,,,,29.7,jm1261/Fantasy-F1-League,https://github.com/jm1261/Fantasy-F1-League/blob/main/Data/2023/Lineup/Mexico_Results.json,MIT,third_party_recorded,False,True,False,third_party_recorded,historical_fantasy_scores_v3_recorded_2023_2026
2023,19,Mexico City Grand Prix,2023-10-29,driver,norris,jm1261/Fantasy-F1-League:2023:driver:Norris,Lando Norris,NOR,McLaren,48.0,,,,,,19.0,jm1261/Fantasy-F1-League,https://github.com/jm1261/Fantasy-F1-League/blob/main/Data/2023/Lineup/Mexico_Results.json,MIT,third_party_recorded,False,True,False,third_party_recorded,historical_fantasy_scores_v3_recorded_2023_2026
2023,19,Mexico City Grand Prix,2023-10-29,driver,ocon,jm1261/Fantasy-F1-League:2023:driver:Ocon,Esteban Ocon,OCO,Alpine,10.0,,,,,,12.0,jm1261/Fantasy-F1-League,https://github.com/jm1261/Fantasy-F1-League/blob/main/Data/2023/Lineup/Mexico_Results.json,MIT,third_party_recorded,False,True,False,third_party_recorded,historical_fantasy_scores_v3_recorded_2023_2026
2023,19,Mexico City Grand Prix,2023-10-29,driver,perez,jm1261/Fantasy-F1-League:2023:driver:Perez,Sergio Pérez,PER,Red Bull,-10.0,,,,,,20.2,jm1261/Fantasy-F1-League,https://github.com/jm1261/Fantasy-F1-League/blob/main/Data/2023/Lineup/Mexico_Results.json,MIT,third_party_recorded,False,True,False,third_party_recorded,historical_fantasy_scores_v3_recorded_2023_2026
2023,19,Mexico City Grand Prix,2023-10-29,driver,piastri,jm1261/Fantasy-F1-League:2023:driver:Piastri,Oscar Piastri,PIA,McLaren,14.0,,,,,,14.4,jm1261/Fantasy-F1-League,https://github.com/jm1261/Fantasy-F1-League/blob/main/Data/2023/Lineup/Mexico_Results.json,MIT,third_party_recorded,False,True,False,third_party_recorded,historical_fantasy_scores_v3_recorded_2023_2026
2023,19,Mexico City Grand Prix,2023-10-29,driver,ricciardo,jm1261/Fantasy-F1-League:2023:driver:Ricciardo,Daniel Ricciardo,RIC,AlphaTauri,12.0,,,,,,5.0,jm1261/Fantasy-F1-League,https://github.com/jm1261/Fantasy-F1-League/blob/main/Data/2023/Lineup/Mexico_Results.json,MIT,third_party_recorded,False,True,False,third_party_recorded,historical_fantasy_scores_v3_recorded_2023_2026
2023,19,Mexico City Grand Prix,2023-10-29,driver,russell,jm1261/Fantasy-F1-League:2023:driver:Russell,George Russell,RUS,Mercedes,18.0,,,,,,20.3,jm1261/Fantasy-F1-League,https://github.com/jm1261/Fantasy-F1-League/blob/main/Data/2023/Lineup/Mexico_Results.json,MIT,third_party_recorded,False,True,False,third_party_recorded,historical_fantasy_scores_v3_recorded_2023_2026
2023,19,Mexico City Grand Prix,2023-10-29,driver,sainz,jm1261/Fantasy-F1-League:2023:driver:Sainz,Carlos Sainz,SAI,Ferrari,19.0,,,,,,19.8,jm1261/Fantasy-F1-League,https://github.com/jm1261/Fantasy-F1-League/blob/main/Data/2023/Lineup/Mexico_Results.json,MIT,third_party_recorded,False,True,False,third_party_recorded,historical_fantasy_scores_v3_recorded_2023_2026
2023,19,Mexico City Grand Prix,2023-10-29,driver,sargeant,jm1261/Fantasy-F1-League:2023:driver:Sargeant,Logan Sargeant,SAR,Williams,6.0,,,,,,5.3,jm1261/Fantasy-F1-League,https://github.com/jm1261/Fantasy-F1-League/blob/main/Data/2023/Lineup/Mexico_Results.json,MIT,third_party_recorded,False,True,False,third_party_recorded,historical_fantasy_scores_v3_recorded_2023_2026
2023,19,Mexico City Grand Prix,2023-10-29,driver,stroll,jm1261/Fantasy-F1-League:2023:driver:Stroll,Lance Stroll,STR,Aston Martin,8.0,,,,,,12.0,jm1261/Fantasy-F1-League,https://github.com/jm1261/Fantasy-F1-League/blob/main/Data/2023/Lineup/Mexico_Results.json,MIT,third_party_recorded,False,True,False,third_party_recorded,historical_fantasy_scores_v3_recorded_2023_2026
2023,19,Mexico City Grand Prix,2023-10-29,driver,tsunoda,jm1261/Fantasy-F1-League:2023:driver:Tsunoda,Yuki Tsunoda,TSU,AlphaTauri,20.0,,,,,,7.9,jm1261/Fantasy-F1-League,https://github.com/jm1261/Fantasy-F1-League/blob/main/Data/2023/Lineup/Mexico_Results.json,MIT,third_party_recorded,False,True,False,third_party_recorded,historical_fantasy_scores_v3_recorded_2023_2026
2023,19,Mexico City Grand Prix,2023-10-29,driver,zhou,jm1261/Fantasy-F1-League:2023:driver:Guanyu,Guanyu Zhou,ZHO,Alfa Romeo,2.0,,,,,,7.2,jm1261/Fantasy-F1-League,https://github.com/jm1261/Fantasy-F1-League/blob/main/Data/2023/Lineup/Mexico_Results.json,MIT,third_party_recorded,False,True,False,third_party_recorded,historical_fantasy_scores_v3_recorded_2023_2026
2023,20,São Paulo Grand Prix,2023-11-05,constructor,alfa,jm1261/Fantasy-F1-League:2023:constructor:Alfa Romeo,Alfa Romeo,ALF,,-31.0,,,,,,6.6,jm1261/Fantasy-F1-League,https://github.com/jm1261/Fantasy-F1-League/blob/main/Data/2023/Lineup/Brazil_Results.json,MIT,third_party_recorded,False,True,False,third_party_recorded,historical_fantasy_scores_v3_recorded_2023_2026
2023,20,São Paulo Grand Prix,2023-11-05,constructor,alphatauri,jm1261/Fantasy-F1-League:2023:constructor:AlphaTauri,AlphaTauri,ALT,,31.0,,,,,,8.2,jm1261/Fantasy-F1-League,https://github.com/jm1261/Fantasy-F1-League/blob/main/Data/2023/Lineup/Brazil_Results.json,MIT,third_party_recorded,False,True,False,third_party_recorded,historical_fantasy_scores_v3_recorded_2023_2026
2023,20,São Paulo Grand Prix,2023-11-05,constructor,alpine,jm1261/Fantasy-F1-League:2023:constructor:Alpine,Alpine,ALP,,44.0,,,,,,13.7,jm1261/Fantasy-F1-League,https://github.com/jm1261/Fantasy-F1-League/blob/main/Data/2023/Lineup/Brazil_Results.json,MIT,third_party_recorded,False,True,False,third_party_recorded,historical_fantasy_scores_v3_recorded_2023_2026
2023,20,São Paulo Grand Prix,2023-11-05,constructor,aston_martin,jm1261/Fantasy-F1-League:2023:constructor:Aston Martin,Aston Martin,AMR,,77.0,,,,,,12.9,jm1261/Fantasy-F1-League,https://github.com/jm1261/Fantasy-F1-League/blob/main/Data/2023/Lineup/Brazil_Results.json,MIT,third_party_recorded,False,True,False,third_party_recorded,historical_fantasy_scores_v3_recorded_2023_2026
2023,20,São Paulo Grand Prix,2023-11-05,constructor,ferrari,jm1261/Fantasy-F1-League:2023:constructor:Ferrari,Ferrari,FER,,28.0,,,,,,24.7,jm1261/Fantasy-F1-League,https://github.com/jm1261/Fantasy-F1-League/blob/main/Data/2023/Lineup/Brazil_Results.json,MIT,third_party_recorded,False,True,False,third_party_recorded,historical_fantasy_scores_v3_recorded_2023_2026
2023,20,São Paulo Grand Prix,2023-11-05,constructor,haas,jm1261/Fantasy-F1-League:2023:constructor:Haas,Haas,HAS,,-19.0,,,,,,7.2,jm1261/Fantasy-F1-League,https://github.com/jm1261/Fantasy-F1-League/blob/main/Data/2023/Lineup/Brazil_Results.json,MIT,third_party_recorded,False,True,False,third_party_recorded,historical_fantasy_scores_v3_recorded_2023_2026
2023,20,São Paulo Grand Prix,2023-11-05,constructor,mclaren,jm1261/Fantasy-F1-League:2023:constructor:McLaren,McLaren,MCL,,65.0,,,,,,17.0,jm1261/Fantasy-F1-League,https://github.com/jm1261/Fantasy-F1-League/blob/main/Data/2023/Lineup/Brazil_Results.json,MIT,third_party_recorded,False,True,False,third_party_recorded,historical_fantasy_scores_v3_recorded_2023_2026
2023,20,São Paulo Grand Prix,2023-11-05,constructor,mercedes,jm1261/Fantasy-F1-League:2023:constructor:Mercedes,Mercedes,MER,,24.0,,,,,,26.0,jm1261/Fantasy-F1-League,https://github.com/jm1261/Fantasy-F1-League/blob/main/Data/2023/Lineup/Brazil_Results.json,MIT,third_party_recorded,False,True,False,third_party_recorded,historical_fantasy_scores_v3_recorded_2023_2026
2023,20,São Paulo Grand Prix,2023-11-05,constructor,red_bull,jm1261/Fantasy-F1-League:2023:constructor:Red Bull,Red Bull,RBR,,105.0,,,,,,29.6,jm1261/Fantasy-F1-League,https://github.com/jm1261/Fantasy-F1-League/blob/main/Data/2023/Lineup/Brazil_Results.json,MIT,third_party_recorded,False,True,False,third_party_recorded,historical_fantasy_scores_v3_recorded_2023_2026
2023,20,São Paulo Grand Prix,2023-11-05,constructor,williams,jm1261/Fantasy-F1-League:2023:constructor:Williams,Williams,WIL,,2.0,,,,,,7.8,jm1261/Fantasy-F1-League,https://github.com/jm1261/Fantasy-F1-League/blob/main/Data/2023/Lineup/Brazil_Results.json,MIT,third_party_recorded,False,True,False,third_party_recorded,historical_fantasy_scores_v3_recorded_2023_2026
2023,20,São Paulo Grand Prix,2023-11-05,driver,albon,jm1261/Fantasy-F1-League:2023:driver:Albon,Alexander Albon,ALB,Williams,-11.0,,,,,,11.3,jm1261/Fantasy-F1-League,https://github.com/jm1261/Fantasy-F1-League/blob/main/Data/2023/Lineup/Brazil_Results.json,MIT,third_party_recorded,False,True,False,third_party_recorded,historical_fantasy_scores_v3_recorded_2023_2026
2023,20,São Paulo Grand Prix,2023-11-05,driver,alonso,jm1261/Fantasy-F1-League:2023:driver:Alonso,Fernando Alonso,ALO,Aston Martin,39.0,,,,,,15.7,jm1261/Fantasy-F1-League,https://github.com/jm1261/Fantasy-F1-League/blob/main/Data/2023/Lineup/Brazil_Results.json,MIT,third_party_recorded,False,True,False,third_party_recorded,historical_fantasy_scores_v3_recorded_2023_2026
2023,20,São Paulo Grand Prix,2023-11-05,driver,bottas,jm1261/Fantasy-F1-League:2023:driver:Bottas,Valtteri Bottas,BOT,Alfa Romeo,-19.0,,,,,,9.6,jm1261/Fantasy-F1-League,https://github.com/jm1261/Fantasy-F1-League/blob/main/Data/2023/Lineup/Brazil_Results.json,MIT,third_party_recorded,False,True,False,third_party_recorded,historical_fantasy_scores_v3_recorded_2023_2026
2023,20,São Paulo Grand Prix,2023-11-05,driver,gasly,jm1261/Fantasy-F1-League:2023:driver:Gasly,Pierre Gasly,GAS,Alpine,24.0,,,,,,14.5,jm1261/Fantasy-F1-League,https://github.com/jm1261/Fantasy-F1-League/blob/main/Data/2023/Lineup/Brazil_Results.json,MIT,third_party_recorded,False,True,False,third_party_recorded,historical_fantasy_scores_v3_recorded_2023_2026
2023,20,São Paulo Grand Prix,2023-11-05,driver,hamilton,jm1261/Fantasy-F1-League:2023:driver:Hamilton,Lewis Hamilton,HAM,Mercedes,13.0,,,,,,25.2,jm1261/Fantasy-F1-League,https://github.com/jm1261/Fantasy-F1-League/blob/main/Data/2023/Lineup/Brazil_Results.json,MIT,third_party_recorded,False,True,False,third_party_recorded,historical_fantasy_scores_v3_recorded_2023_2026
2023,20,São Paulo Grand Prix,2023-11-05,driver,hulkenberg,jm1261/Fantasy-F1-League:2023:driver:Hulkenberg,Nico Hülkenberg,HUL,Haas,-1.0,,,,,,6.2,jm1261/Fantasy-F1-League,https://github.com/jm1261/Fantasy-F1-League/blob/main/Data/2023/Lineup/Brazil_Results.json,MIT,third_party_recorded,False,True,False,third_party_recorded,historical_fantasy_scores_v3_recorded_2023_2026
2023,20,São Paulo Grand Prix,2023-11-05,driver,kevin_magnussen,jm1261/Fantasy-F1-League:2023:driver:Magnussen,Kevin Magnussen,MAG,Haas,-21.0,,,,,,9.6,jm1261/Fantasy-F1-League,https://github.com/jm1261/Fantasy-F1-League/blob/main/Data/2023/Lineup/Brazil_Results.json,MIT,third_party_recorded,False,True,False,third_party_recorded,historical_fantasy_scores_v3_recorded_2023_2026
2023,20,São Paulo Grand Prix,2023-11-05,driver,leclerc,jm1261/Fantasy-F1-League:2023:driver:Leclerc,Charles Leclerc,LEC,Ferrari,-3.0,,,,,,23.2,jm1261/Fantasy-F1-League,https://github.com/jm1261/Fantasy-F1-League/blob/main/Data/2023/Lineup/Brazil_Results.json,MIT,third_party_recorded,False,True,False,third_party_recorded,historical_fantasy_scores_v3_recorded_2023_2026
2023,20,São Paulo Grand Prix,2023-11-05,driver,max_verstappen,jm1261/Fantasy-F1-League:2023:driver:Verstappen,Max Verstappen,VER,Red Bull,45.0,,,,,,29.9,jm1261/Fantasy-F1-League,https://github.com/jm1261/Fantasy-F1-League/blob/main/Data/2023/Lineup/Brazil_Results.json,MIT,third_party_recorded,False,True,False,third_party_recorded,historical_fantasy_scores_v3_recorded_2023_2026
2023,20,São Paulo Grand Prix,2023-11-05,driver,norris,jm1261/Fantasy-F1-League:2023:driver:Norris,Lando Norris,NOR,McLaren,57.0,,,,,,20.0,jm1261/Fantasy-F1-League,https://github.com/jm1261/Fantasy-F1-League/blob/main/Data/2023/Lineup/Brazil_Results.json,MIT,third_party_recorded,False,True,False,third_party_recorded,historical_fantasy_scores_v3_recorded_2023_2026
2023,20,São Paulo Grand Prix,2023-11-05,driver,ocon,jm1261/Fantasy-F1-League:2023:driver:Ocon,Esteban Ocon,OCO,Alpine,17.0,,,,,,12.5,jm1261/Fantasy-F1-League,https://github.com/jm1261/Fantasy-F1-League/blob/main/Data/2023/Lineup/Brazil_Results.json,MIT,third_party_recorded,False,True,False,third_party_recorded,historical_fantasy_scores_v3_recorded_2023_2026
2023,20,São Paulo Grand Prix,2023-11-05,driver,perez,jm1261/Fantasy-F1-League:2023:driver:Perez,Sergio Pérez,PER,Red Bull,37.0,,,,,,20.5,jm1261/Fantasy-F1-League,https://github.com/jm1261/Fantasy-F1-League/blob/main/Data/2023/Lineup/Brazil_Results.json,MIT,third_party_recorded,False,True,False,third_party_recorded,historical_fantasy_scores_v3_recorded_2023_2026
2023,20,São Paulo Grand Prix,2023-11-05,driver,piastri,jm1261/Fantasy-F1-League:2023:driver:Piastri,Oscar Piastri,PIA,McLaren,3.0,,,,,,14.4,jm1261/Fantasy-F1-League,https://github.com/jm1261/Fantasy-F1-League/blob/main/Data/2023/Lineup/Brazil_Results.json,MIT,third_party_recorded,False,True,False,third_party_recorded,historical_fantasy_scores_v3_recorded_2023_2026
2023,20,São Paulo Grand Prix,2023-11-05,driver,ricciardo,jm1261/Fantasy-F1-League:2023:driver:Ricciardo,Daniel Ricciardo,RIC,AlphaTauri,10.0,,,,,,5.5,jm1261/Fantasy-F1-League,https://github.com/jm1261/Fantasy-F1-League/blob/main/Data/2023/Lineup/Brazil_Results.json,MIT,third_party_recorded,False,True,False,third_party_recorded,historical_fantasy_scores_v3_recorded_2023_2026
2023,20,São Paulo Grand Prix,2023-11-05,driver,russell,jm1261/Fantasy-F1-League:2023:driver:Russell,George Russell,RUS,Mercedes,1.0,,,,,,20.1,jm1261/Fantasy-F1-League,https://github.com/jm1261/Fantasy-F1-League/blob/main/Data/2023/Lineup/Brazil_Results.json,MIT,third_party_recorded,False,True,False,third_party_recorded,historical_fantasy_scores_v3_recorded_2023_2026
2023,20,São Paulo Grand Prix,2023-11-05,driver,sainz,jm1261/Fantasy-F1-League:2023:driver:Sainz,Carlos Sainz,SAI,Ferrari,21.0,,,,,,20.1,jm1261/Fantasy-F1-League,https://github.com/jm1261/Fantasy-F1-League/blob/main/Data/2023/Lineup/Brazil_Results.json,MIT,third_party_recorded,False,True,False,third_party_recorded,historical_fantasy_scores_v3_recorded_2023_2026
2023,20,São Paulo Grand Prix,2023-11-05,driver,sargeant,jm1261/Fantasy-F1-League:2023:driver:Sargeant,Logan Sargeant,SAR,Williams,12.0,,,,,,5.8,jm1261/Fantasy-F1-League,https://github.com/jm1261/Fantasy-F1-League/blob/main/Data/2023/Lineup/Brazil_Results.json,MIT,third_party_recorded,False,True,False,third_party_recorded,historical_fantasy_scores_v3_recorded_2023_2026
2023,20,São Paulo Grand Prix,2023-11-05,driver,stroll,jm1261/Fantasy-F1-League:2023:driver:Stroll,Lance Stroll,STR,Aston Martin,28.0,,,,,,13.0,jm1261/Fantasy-F1-League,https://github.com/jm1261/Fantasy-F1-League/blob/main/Data/2023/Lineup/Brazil_Results.json,MIT,third_party_recorded,False,True,False,third_party_recorded,historical_fantasy_scores_v3_recorded_2023_2026
2023,20,São Paulo Grand Prix,2023-11-05,driver,tsunoda,jm1261/Fantasy-F1-League:2023:driver:Tsunoda,Yuki Tsunoda,TSU,AlphaTauri,22.0,,,,,,8.9,jm1261/Fantasy-F1-League,https://github.com/jm1261/Fantasy-F1-League/blob/main/Data/2023/Lineup/Brazil_Results.json,MIT,third_party_recorded,False,True,False,third_party_recorded,historical_fantasy_scores_v3_recorded_2023_2026
2023,20,São Paulo Grand Prix,2023-11-05,driver,zhou,jm1261/Fantasy-F1-League:2023:driver:Guanyu,Guanyu Zhou,ZHO,Alfa Romeo,-11.0,,,,,,7.2,jm1261/Fantasy-F1-League,https://github.com/jm1261/Fantasy-F1-League/blob/main/Data/2023/Lineup/Brazil_Results.json,MIT,third_party_recorded,False,True,False,third_party_recorded,historical_fantasy_scores_v3_recorded_2023_2026
2023,21,Las Vegas Grand Prix,2023-11-19,constructor,alfa,jm1261/Fantasy-F1-League:2023:constructor:Alfa Romeo,Alfa Romeo,ALF,,12.0,,,,,,6.6,jm1261/Fantasy-F1-League,https://github.com/jm1261/Fantasy-F1-League/blob/main/Data/2023/Lineup/Las%20Vegas_Results.json,MIT,third_party_recorded,False,True,False,third_party_recorded,historical_fantasy_scores_v3_recorded_2023_2026
2023,21,Las Vegas Grand Prix,2023-11-19,constructor,alphatauri,jm1261/Fantasy-F1-League:2023:constructor:AlphaTauri,AlphaTauri,ALT,,26.0,,,,,,8.7,jm1261/Fantasy-F1-League,https://github.com/jm1261/Fantasy-F1-League/blob/main/Data/2023/Lineup/Las%20Vegas_Results.json,MIT,third_party_recorded,False,True,False,third_party_recorded,historical_fantasy_scores_v3_recorded_2023_2026
2023,21,Las Vegas Grand Prix,2023-11-19,constructor,alpine,jm1261/Fantasy-F1-League:2023:constructor:Alpine,Alpine,ALP,,46.0,,,,,,14.2,jm1261/Fantasy-F1-League,https://github.com/jm1261/Fantasy-F1-League/blob/main/Data/2023/Lineup/Las%20Vegas_Results.json,MIT,third_party_recorded,False,True,False,third_party_recorded,historical_fantasy_scores_v3_recorded_2023_2026
2023,21,Las Vegas Grand Prix,2023-11-19,constructor,aston_martin,jm1261/Fantasy-F1-League:2023:constructor:Aston Martin,Aston Martin,AMR,,56.0,,,,,,13.4,jm1261/Fantasy-F1-League,https://github.com/jm1261/Fantasy-F1-League/blob/main/Data/2023/Lineup/Las%20Vegas_Results.json,MIT,third_party_recorded,False,True,False,third_party_recorded,historical_fantasy_scores_v3_recorded_2023_2026
2023,21,Las Vegas Grand Prix,2023-11-19,constructor,ferrari,jm1261/Fantasy-F1-League:2023:constructor:Ferrari,Ferrari,FER,,78.0,,,,,,25.0,jm1261/Fantasy-F1-League,https://github.com/jm1261/Fantasy-F1-League/blob/main/Data/2023/Lineup/Las%20Vegas_Results.json,MIT,third_party_recorded,False,True,False,third_party_recorded,historical_fantasy_scores_v3_recorded_2023_2026
2023,21,Las Vegas Grand Prix,2023-11-19,constructor,haas,jm1261/Fantasy-F1-League:2023:constructor:Haas,Haas,HAS,,12.0,,,,,,7.2,jm1261/Fantasy-F1-League,https://github.com/jm1261/Fantasy-F1-League/blob/main/Data/2023/Lineup/Las%20Vegas_Results.json,MIT,third_party_recorded,False,True,False,third_party_recorded,historical_fantasy_scores_v3_recorded_2023_2026
2023,21,Las Vegas Grand Prix,2023-11-19,constructor,mclaren,jm1261/Fantasy-F1-League:2023:constructor:McLaren,McLaren,MCL,,34.0,,,,,,17.1,jm1261/Fantasy-F1-League,https://github.com/jm1261/Fantasy-F1-League/blob/main/Data/2023/Lineup/Las%20Vegas_Results.json,MIT,third_party_recorded,False,True,False,third_party_recorded,historical_fantasy_scores_v3_recorded_2023_2026
2023,21,Las Vegas Grand Prix,2023-11-19,constructor,mercedes,jm1261/Fantasy-F1-League:2023:constructor:Mercedes,Mercedes,MER,,45.0,,,,,,26.0,jm1261/Fantasy-F1-League,https://github.com/jm1261/Fantasy-F1-League/blob/main/Data/2023/Lineup/Las%20Vegas_Results.json,MIT,third_party_recorded,False,True,False,third_party_recorded,historical_fantasy_scores_v3_recorded_2023_2026
2023,21,Las Vegas Grand Prix,2023-11-19,constructor,red_bull,jm1261/Fantasy-F1-League:2023:constructor:Red Bull,Red Bull,RBR,,84.0,,,,,,29.7,jm1261/Fantasy-F1-League,https://github.com/jm1261/Fantasy-F1-League/blob/main/Data/2023/Lineup/Las%20Vegas_Results.json,MIT,third_party_recorded,False,True,False,third_party_recorded,historical_fantasy_scores_v3_recorded_2023_2026
2023,21,Las Vegas Grand Prix,2023-11-19,constructor,williams,jm1261/Fantasy-F1-League:2023:constructor:Williams,Williams,WIL,,7.0,,,,,,7.8,jm1261/Fantasy-F1-League,https://github.com/jm1261/Fantasy-F1-League/blob/main/Data/2023/Lineup/Las%20Vegas_Results.json,MIT,third_party_recorded,False,True,False,third_party_recorded,historical_fantasy_scores_v3_recorded_2023_2026
2023,21,Las Vegas Grand Prix,2023-11-19,driver,albon,jm1261/Fantasy-F1-League:2023:driver:Albon,Alexander Albon,ALB,Williams,0.0,,,,,,11.3,jm1261/Fantasy-F1-League,https://github.com/jm1261/Fantasy-F1-League/blob/main/Data/2023/Lineup/Las%20Vegas_Results.json,MIT,third_party_recorded,False,True,False,third_party_recorded,historical_fantasy_scores_v3_recorded_2023_2026
2023,21,Las Vegas Grand Prix,2023-11-19,driver,alonso,jm1261/Fantasy-F1-League:2023:driver:Alonso,Fernando Alonso,ALO,Aston Martin,12.0,,,,,,15.8,jm1261/Fantasy-F1-League,https://github.com/jm1261/Fantasy-F1-League/blob/main/Data/2023/Lineup/Las%20Vegas_Results.json,MIT,third_party_recorded,False,True,False,third_party_recorded,historical_fantasy_scores_v3_recorded_2023_2026
2023,21,Las Vegas Grand Prix,2023-11-19,driver,bottas,jm1261/Fantasy-F1-League:2023:driver:Bottas,Valtteri Bottas,BOT,Alfa Romeo,-5.0,,,,,,9.6,jm1261/Fantasy-F1-League,https://github.com/jm1261/Fantasy-F1-League/blob/main/Data/2023/Lineup/Las%20Vegas_Results.json,MIT,third_party_recorded,False,True,False,third_party_recorded,historical_fantasy_scores_v3_recorded_2023_2026
2023,21,Las Vegas Grand Prix,2023-11-19,driver,gasly,jm1261/Fantasy-F1-League:2023:driver:Gasly,Pierre Gasly,GAS,Alpine,1.0,,,,,,14.5,jm1261/Fantasy-F1-League,https://github.com/jm1261/Fantasy-F1-League/blob/main/Data/2023/Lineup/Las%20Vegas_Results.json,MIT,third_party_recorded,False,True,False,third_party_recorded,historical_fantasy_scores_v3_recorded_2023_2026
2023,21,Las Vegas Grand Prix,2023-11-19,driver,hamilton,jm1261/Fantasy-F1-League:2023:driver:Hamilton,Lewis Hamilton,HAM,Mercedes,26.0,,,,,,25.3,jm1261/Fantasy-F1-League,https://github.com/jm1261/Fantasy-F1-League/blob/main/Data/2023/Lineup/Las%20Vegas_Results.json,MIT,third_party_recorded,False,True,False,third_party_recorded,historical_fantasy_scores_v3_recorded_2023_2026
2023,21,Las Vegas Grand Prix,2023-11-19,driver,hulkenberg,jm1261/Fantasy-F1-League:2023:driver:Hulkenberg,Nico Hülkenberg,HUL,Haas,2.0,,,,,,6.2,jm1261/Fantasy-F1-League,https://github.com/jm1261/Fantasy-F1-League/blob/main/Data/2023/Lineup/Las%20Vegas_Results.json,MIT,third_party_recorded,False,True,False,third_party_recorded,historical_fantasy_scores_v3_recorded_2023_2026
2023,21,Las Vegas Grand Prix,2023-11-19,driver,kevin_magnussen,jm1261/Fantasy-F1-League:2023:driver:Magnussen,Kevin Magnussen,MAG,Haas,5.0,,,,,,9.6,jm1261/Fantasy-F1-League,https://github.com/jm1261/Fantasy-F1-League/blob/main/Data/2023/Lineup/Las%20Vegas_Results.json,MIT,third_party_recorded,False,True,False,third_party_recorded,historical_fantasy_scores_v3_recorded_2023_2026
2023,21,Las Vegas Grand Prix,2023-11-19,driver,leclerc,jm1261/Fantasy-F1-League:2023:driver:Leclerc,Charles Leclerc,LEC,Ferrari,41.0,,,,,,23.5,jm1261/Fantasy-F1-League,https://github.com/jm1261/Fantasy-F1-League/blob/main/Data/2023/Lineup/Las%20Vegas_Results.json,MIT,third_party_recorded,False,True,False,third_party_recorded,historical_fantasy_scores_v3_recorded_2023_2026
2023,21,Las Vegas Grand Prix,2023-11-19,driver,max_verstappen,jm1261/Fantasy-F1-League:2023:driver:Verstappen,Max Verstappen,VER,Red Bull,44.0,,,,,,30.0,jm1261/Fantasy-F1-League,https://github.com/jm1261/Fantasy-F1-League/blob/main/Data/2023/Lineup/Las%20Vegas_Results.json,MIT,third_party_recorded,False,True,False,third_party_recorded,historical_fantasy_scores_v3_recorded_2023_2026
2023,21,Las Vegas Grand Prix,2023-11-19,driver,norris,jm1261/Fantasy-F1-League:2023:driver:Norris,Lando Norris,NOR,McLaren,-14.0,,,,,,19.8,jm1261/Fantasy-F1-League,https://github.com/jm1261/Fantasy-F1-League/blob/main/Data/2023/Lineup/Las%20Vegas_Results.json,MIT,third_party_recorded,False,True,False,third_party_recorded,historical_fantasy_scores_v3_recorded_2023_2026
2023,21,Las Vegas Grand Prix,2023-11-19,driver,ocon,jm1261/Fantasy-F1-League:2023:driver:Ocon,Esteban Ocon,OCO,Alpine,40.0,,,,,,13.5,jm1261/Fantasy-F1-League,https://github.com/jm1261/Fantasy-F1-League/blob/main/Data/2023/Lineup/Las%20Vegas_Results.json,MIT,third_party_recorded,False,True,False,third_party_recorded,historical_fantasy_scores_v3_recorded_2023_2026
2023,21,Las Vegas Grand Prix,2023-11-19,driver,perez,jm1261/Fantasy-F1-League:2023:driver:Perez,Sergio Pérez,PER,Red Bull,35.0,,,,,,20.8,jm1261/Fantasy-F1-League,https://github.com/jm1261/Fantasy-F1-League/blob/main/Data/2023/Lineup/Las%20Vegas_Results.json,MIT,third_party_recorded,False,True,False,third_party_recorded,historical_fantasy_scores_v3_recorded_2023_2026
2023,21,Las Vegas Grand Prix,2023-11-19,driver,piastri,jm1261/Fantasy-F1-League:2023:driver:Piastri,Oscar Piastri,PIA,McLaren,39.0,,,,,,15.4,jm1261/Fantasy-F1-League,https://github.com/jm1261/Fantasy-F1-League/blob/main/Data/2023/Lineup/Las%20Vegas_Results.json,MIT,third_party_recorded,False,True,False,third_party_recorded,historical_fantasy_scores_v3_recorded_2023_2026
2023,21,Las Vegas Grand Prix,2023-11-19,driver,ricciardo,jm1261/Fantasy-F1-League:2023:driver:Ricciardo,Daniel Ricciardo,RIC,AlphaTauri,6.0,,,,,,5.5,jm1261/Fantasy-F1-League,https://github.com/jm1261/Fantasy-F1-League/blob/main/Data/2023/Lineup/Las%20Vegas_Results.json,MIT,third_party_recorded,False,True,False,third_party_recorded,historical_fantasy_scores_v3_recorded_2023_2026
2023,21,Las Vegas Grand Prix,2023-11-19,driver,russell,jm1261/Fantasy-F1-League:2023:driver:Russell,George Russell,RUS,Mercedes,14.0,,,,,,20.2,jm1261/Fantasy-F1-League,https://github.com/jm1261/Fantasy-F1-League/blob/main/Data/2023/Lineup/Las%20Vegas_Results.json,MIT,third_party_recorded,False,True,False,third_party_recorded,historical_fantasy_scores_v3_recorded_2023_2026
2023,21,Las Vegas Grand Prix,2023-11-19,driver,sainz,jm1261/Fantasy-F1-League:2023:driver:Sainz,Carlos Sainz,SAI,Ferrari,34.0,,,,,,20.4,jm1261/Fantasy-F1-League,https://github.com/jm1261/Fantasy-F1-League/blob/main/Data/2023/Lineup/Las%20Vegas_Results.json,MIT,third_party_recorded,False,True,False,third_party_recorded,historical_fantasy_scores_v3_recorded_2023_2026
2023,21,Las Vegas Grand Prix,2023-11-19,driver,sargeant,jm1261/Fantasy-F1-League:2023:driver:Sargeant,Logan Sargeant,SAR,Williams,-3.0,,,,,,5.8,jm1261/Fantasy-F1-League,https://github.com/jm1261/Fantasy-F1-League/blob/main/Data/2023/Lineup/Las%20Vegas_Results.json,MIT,third_party_recorded,False,True,False,third_party_recorded,historical_fantasy_scores_v3_recorded_2023_2026
2023,21,Las Vegas Grand Prix,2023-11-19,driver,stroll,jm1261/Fantasy-F1-League:2023:driver:Stroll,Lance Stroll,STR,Aston Martin,39.0,,,,,,14.0,jm1261/Fantasy-F1-League,https://github.com/jm1261/Fantasy-F1-League/blob/main/Data/2023/Lineup/Las%20Vegas_Results.json,MIT,third_party_recorded,False,True,False,third_party_recorded,historical_fantasy_scores_v3_recorded_2023_2026
2023,21,Las Vegas Grand Prix,2023-11-19,driver,tsunoda,jm1261/Fantasy-F1-League:2023:driver:Tsunoda,Yuki Tsunoda,TSU,AlphaTauri,14.0,,,,,,9.4,jm1261/Fantasy-F1-League,https://github.com/jm1261/Fantasy-F1-League/blob/main/Data/2023/Lineup/Las%20Vegas_Results.json,MIT,third_party_recorded,False,True,False,third_party_recorded,historical_fantasy_scores_v3_recorded_2023_2026
2023,21,Las Vegas Grand Prix,2023-11-19,driver,zhou,jm1261/Fantasy-F1-League:2023:driver:Guanyu,Guanyu Zhou,ZHO,Alfa Romeo,12.0,,,,,,7.7,jm1261/Fantasy-F1-League,https://github.com/jm1261/Fantasy-F1-League/blob/main/Data/2023/Lineup/Las%20Vegas_Results.json,MIT,third_party_recorded,False,True,False,third_party_recorded,historical_fantasy_scores_v3_recorded_2023_2026
2023,22,Abu Dhabi Grand Prix,2023-11-26,constructor,alfa,jm1261/Fantasy-F1-League:2023:constructor:Alfa Romeo,Alfa Romeo,ALF,,13.0,,,,,,6.6,jm1261/Fantasy-F1-League,https://github.com/jm1261/Fantasy-F1-League/blob/main/Data/2023/Lineup/Abu%20Dhabi_Results.json,MIT,third_party_recorded,False,True,False,third_party_recorded,historical_fantasy_scores_v3_recorded_2023_2026
2023,22,Abu Dhabi Grand Prix,2023-11-26,constructor,alphatauri,jm1261/Fantasy-F1-League:2023:constructor:AlphaTauri,AlphaTauri,ALT,,27.0,,,,,,8.7,jm1261/Fantasy-F1-League,https://github.com/jm1261/Fantasy-F1-League/blob/main/Data/2023/Lineup/Abu%20Dhabi_Results.json,MIT,third_party_recorded,False,True,False,third_party_recorded,historical_fantasy_scores_v3_recorded_2023_2026
2023,22,Abu Dhabi Grand Prix,2023-11-26,constructor,alpine,jm1261/Fantasy-F1-League:2023:constructor:Alpine,Alpine,ALP,,11.0,,,,,,14.2,jm1261/Fantasy-F1-League,https://github.com/jm1261/Fantasy-F1-League/blob/main/Data/2023/Lineup/Abu%20Dhabi_Results.json,MIT,third_party_recorded,False,True,False,third_party_recorded,historical_fantasy_scores_v3_recorded_2023_2026
2023,22,Abu Dhabi Grand Prix,2023-11-26,constructor,aston_martin,jm1261/Fantasy-F1-League:2023:constructor:Aston Martin,Aston Martin,AMR,,32.0,,,,,,13.4,jm1261/Fantasy-F1-League,https://github.com/jm1261/Fantasy-F1-League/blob/main/Data/2023/Lineup/Abu%20Dhabi_Results.json,MIT,third_party_recorded,False,True,False,third_party_recorded,historical_fantasy_scores_v3_recorded_2023_2026
2023,22,Abu Dhabi Grand Prix,2023-11-26,constructor,ferrari,jm1261/Fantasy-F1-League:2023:constructor:Ferrari,Ferrari,FER,,48.0,,,,,,25.0,jm1261/Fantasy-F1-League,https://github.com/jm1261/Fantasy-F1-League/blob/main/Data/2023/Lineup/Abu%20Dhabi_Results.json,MIT,third_party_recorded,False,True,False,third_party_recorded,historical_fantasy_scores_v3_recorded_2023_2026
2023,22,Abu Dhabi Grand Prix,2023-11-26,constructor,haas,jm1261/Fantasy-F1-League:2023:constructor:Haas,Haas,HAS,,2.0,,,,,,7.2,jm1261/Fantasy-F1-League,https://github.com/jm1261/Fantasy-F1-League/blob/main/Data/2023/Lineup/Abu%20Dhabi_Results.json,MIT,third_party_recorded,False,True,False,third_party_recorded,historical_fantasy_scores_v3_recorded_2023_2026
2023,22,Abu Dhabi Grand Prix,2023-11-26,constructor,mclaren,jm1261/Fantasy-F1-League:2023:constructor:McLaren,McLaren,MCL,,59.0,,,,,,17.1,jm1261/Fantasy-F1-League,https://github.com/jm1261/Fantasy-F1-League/blob/main/Data/2023/Lineup/Abu%20Dhabi_Results.json,MIT,third_party_recorded,False,True,False,third_party_recorded,historical_fantasy_scores_v3_recorded_2023_2026
2023,22,Abu Dhabi Grand Prix,2023-11-26,constructor,mercedes,jm1261/Fantasy-F1-League:2023:constructor:Mercedes,Mercedes,MER,,51.0,,,,,,26.0,jm1261/Fantasy-F1-League,https://github.com/jm1261/Fantasy-F1-League/blob/main/Data/2023/Lineup/Abu%20Dhabi_Results.json,MIT,third_party_recorded,False,True,False,third_party_recorded,historical_fantasy_scores_v3_recorded_2023_2026
2023,22,Abu Dhabi Grand Prix,2023-11-26,constructor,red_bull,jm1261/Fantasy-F1-League:2023:constructor:Red Bull,Red Bull,RBR,,87.0,,,,,,29.7,jm1261/Fantasy-F1-League,https://github.com/jm1261/Fantasy-F1-League/blob/main/Data/2023/Lineup/Abu%20Dhabi_Results.json,MIT,third_party_recorded,False,True,False,third_party_recorded,historical_fantasy_scores_v3_recorded_2023_2026
2023,22,Abu Dhabi Grand Prix,2023-11-26,constructor,williams,jm1261/Fantasy-F1-League:2023:constructor:Williams,Williams,WIL,,12.0,,,,,,7.8,jm1261/Fantasy-F1-League,https://github.com/jm1261/Fantasy-F1-League/blob/main/Data/2023/Lineup/Abu%20Dhabi_Results.json,MIT,third_party_recorded,False,True,False,third_party_recorded,historical_fantasy_scores_v3_recorded_2023_2026
2023,22,Abu Dhabi Grand Prix,2023-11-26,driver,albon,jm1261/Fantasy-F1-League:2023:driver:Albon,Alexander Albon,ALB,Williams,6.0,,,,,,11.3,jm1261/Fantasy-F1-League,https://github.com/jm1261/Fantasy-F1-League/blob/main/Data/2023/Lineup/Abu%20Dhabi_Results.json,MIT,third_party_recorded,False,True,False,third_party_recorded,historical_fantasy_scores_v3_recorded_2023_2026
2023,22,Abu Dhabi Grand Prix,2023-11-26,driver,alonso,jm1261/Fantasy-F1-League:2023:driver:Alonso,Fernando Alonso,ALO,Aston Martin,16.0,,,,,,15.8,jm1261/Fantasy-F1-League,https://github.com/jm1261/Fantasy-F1-League/blob/main/Data/2023/Lineup/Abu%20Dhabi_Results.json,MIT,third_party_recorded,False,True,False,third_party_recorded,historical_fantasy_scores_v3_recorded_2023_2026
2023,22,Abu Dhabi Grand Prix,2023-11-26,driver,bottas,jm1261/Fantasy-F1-League:2023:driver:Bottas,Valtteri Bottas,BOT,Alfa Romeo,4.0,,,,,,9.6,jm1261/Fantasy-F1-League,https://github.com/jm1261/Fantasy-F1-League/blob/main/Data/2023/Lineup/Abu%20Dhabi_Results.json,MIT,third_party_recorded,False,True,False,third_party_recorded,historical_fantasy_scores_v3_recorded_2023_2026
2023,22,Abu Dhabi Grand Prix,2023-11-26,driver,gasly,jm1261/Fantasy-F1-League:2023:driver:Gasly,Pierre Gasly,GAS,Alpine,4.0,,,,,,14.5,jm1261/Fantasy-F1-League,https://github.com/jm1261/Fantasy-F1-League/blob/main/Data/2023/Lineup/Abu%20Dhabi_Results.json,MIT,third_party_recorded,False,True,False,third_party_recorded,historical_fantasy_scores_v3_recorded_2023_2026
2023,22,Abu Dhabi Grand Prix,2023-11-26,driver,hamilton,jm1261/Fantasy-F1-League:2023:driver:Hamilton,Lewis Hamilton,HAM,Mercedes,14.0,,,,,,25.3,jm1261/Fantasy-F1-League,https://github.com/jm1261/Fantasy-F1-League/blob/main/Data/2023/Lineup/Abu%20Dhabi_Results.json,MIT,third_party_recorded,False,True,False,third_party_recorded,historical_fantasy_scores_v3_recorded_2023_2026
2023,22,Abu Dhabi Grand Prix,2023-11-26,driver,hulkenberg,jm1261/Fantasy-F1-League:2023:driver:Hulkenberg,Nico Hülkenberg,HUL,Haas,-3.0,,,,,,6.2,jm1261/Fantasy-F1-League,https://github.com/jm1261/Fantasy-F1-League/blob/main/Data/2023/Lineup/Abu%20Dhabi_Results.json,MIT,third_party_recorded,False,True,False,third_party_recorded,historical_fantasy_scores_v3_recorded_2023_2026
2023,22,Abu Dhabi Grand Prix,2023-11-26,driver,kevin_magnussen,jm1261/Fantasy-F1-League:2023:driver:Magnussen,Kevin Magnussen,MAG,Haas,0.0,,,,,,9.6,jm1261/Fantasy-F1-League,https://github.com/jm1261/Fantasy-F1-League/blob/main/Data/2023/Lineup/Abu%20Dhabi_Results.json,MIT,third_party_recorded,False,True,False,third_party_recorded,historical_fantasy_scores_v3_recorded_2023_2026
2023,22,Abu Dhabi Grand Prix,2023-11-26,driver,leclerc,jm1261/Fantasy-F1-League:2023:driver:Leclerc,Charles Leclerc,LEC,Ferrari,29.0,,,,,,23.5,jm1261/Fantasy-F1-League,https://github.com/jm1261/Fantasy-F1-League/blob/main/Data/2023/Lineup/Abu%20Dhabi_Results.json,MIT,third_party_recorded,False,True,False,third_party_recorded,historical_fantasy_scores_v3_recorded_2023_2026
2023,22,Abu Dhabi Grand Prix,2023-11-26,driver,max_verstappen,jm1261/Fantasy-F1-League:2023:driver:Verstappen,Max Verstappen,VER,Red Bull,47.0,,,,,,30.0,jm1261/Fantasy-F1-League,https://github.com/jm1261/Fantasy-F1-League/blob/main/Data/2023/Lineup/Abu%20Dhabi_Results.json,MIT,third_party_recorded,False,True,False,third_party_recorded,historical_fantasy_scores_v3_recorded_2023_2026
2023,22,Abu Dhabi Grand Prix,2023-11-26,driver,norris,jm1261/Fantasy-F1-League:2023:driver:Norris,Lando Norris,NOR,McLaren,22.0,,,,,,19.8,jm1261/Fantasy-F1-League,https://github.com/jm1261/Fantasy-F1-League/blob/main/Data/2023/Lineup/Abu%20Dhabi_Results.json,MIT,third_party_recorded,False,True,False,third_party_recorded,historical_fantasy_scores_v3_recorded_2023_2026
2023,22,Abu Dhabi Grand Prix,2023-11-26,driver,ocon,jm1261/Fantasy-F1-League:2023:driver:Ocon,Esteban Ocon,OCO,Alpine,2.0,,,,,,13.5,jm1261/Fantasy-F1-League,https://github.com/jm1261/Fantasy-F1-League/blob/main/Data/2023/Lineup/Abu%20Dhabi_Results.json,MIT,third_party_recorded,False,True,False,third_party_recorded,historical_fantasy_scores_v3_recorded_2023_2026
2023,22,Abu Dhabi Grand Prix,2023-11-26,driver,perez,jm1261/Fantasy-F1-League:2023:driver:Perez,Sergio Pérez,PER,Red Bull,30.0,,,,,,20.8,jm1261/Fantasy-F1-League,https://github.com/jm1261/Fantasy-F1-League/blob/main/Data/2023/Lineup/Abu%20Dhabi_Results.json,MIT,third_party_recorded,False,True,False,third_party_recorded,historical_fantasy_scores_v3_recorded_2023_2026
2023,22,Abu Dhabi Grand Prix,2023-11-26,driver,piastri,jm1261/Fantasy-F1-League:2023:driver:Piastri,Oscar Piastri,PIA,McLaren,19.0,,,,,,15.4,jm1261/Fantasy-F1-League,https://github.com/jm1261/Fantasy-F1-League/blob/main/Data/2023/Lineup/Abu%20Dhabi_Results.json,MIT,third_party_recorded,False,True,False,third_party_recorded,historical_fantasy_scores_v3_recorded_2023_2026
2023,22,Abu Dhabi Grand Prix,2023-11-26,driver,ricciardo,jm1261/Fantasy-F1-League:2023:driver:Ricciardo,Daniel Ricciardo,RIC,AlphaTauri,11.0,,,,,,5.5,jm1261/Fantasy-F1-League,https://github.com/jm1261/Fantasy-F1-League/blob/main/Data/2023/Lineup/Abu%20Dhabi_Results.json,MIT,third_party_recorded,False,True,False,third_party_recorded,historical_fantasy_scores_v3_recorded_2023_2026
2023,22,Abu Dhabi Grand Prix,2023-11-26,driver,russell,jm1261/Fantasy-F1-League:2023:driver:Russell,George Russell,RUS,Mercedes,32.0,,,,,,20.2,jm1261/Fantasy-F1-League,https://github.com/jm1261/Fantasy-F1-League/blob/main/Data/2023/Lineup/Abu%20Dhabi_Results.json,MIT,third_party_recorded,False,True,False,third_party_recorded,historical_fantasy_scores_v3_recorded_2023_2026
2023,22,Abu Dhabi Grand Prix,2023-11-26,driver,sainz,jm1261/Fantasy-F1-League:2023:driver:Sainz,Carlos Sainz,SAI,Ferrari,4.0,,,,,,20.4,jm1261/Fantasy-F1-League,https://github.com/jm1261/Fantasy-F1-League/blob/main/Data/2023/Lineup/Abu%20Dhabi_Results.json,MIT,third_party_recorded,False,True,False,third_party_recorded,historical_fantasy_scores_v3_recorded_2023_2026
2023,22,Abu Dhabi Grand Prix,2023-11-26,driver,sargeant,jm1261/Fantasy-F1-League:2023:driver:Sargeant,Logan Sargeant,SAR,Williams,5.0,,,,,,5.8,jm1261/Fantasy-F1-League,https://github.com/jm1261/Fantasy-F1-League/blob/main/Data/2023/Lineup/Abu%20Dhabi_Results.json,MIT,third_party_recorded,False,True,False,third_party_recorded,historical_fantasy_scores_v3_recorded_2023_2026
2023,22,Abu Dhabi Grand Prix,2023-11-26,driver,stroll,jm1261/Fantasy-F1-League:2023:driver:Stroll,Lance Stroll,STR,Aston Martin,11.0,,,,,,14.0,jm1261/Fantasy-F1-League,https://github.com/jm1261/Fantasy-F1-League/blob/main/Data/2023/Lineup/Abu%20Dhabi_Results.json,MIT,third_party_recorded,False,True,False,third_party_recorded,historical_fantasy_scores_v3_recorded_2023_2026
2023,22,Abu Dhabi Grand Prix,2023-11-26,driver,tsunoda,jm1261/Fantasy-F1-League:2023:driver:Tsunoda,Yuki Tsunoda,TSU,AlphaTauri,21.0,,,,,,9.4,jm1261/Fantasy-F1-League,https://github.com/jm1261/Fantasy-F1-League/blob/main/Data/2023/Lineup/Abu%20Dhabi_Results.json,MIT,third_party_recorded,False,True,False,third_party_recorded,historical_fantasy_scores_v3_recorded_2023_2026
2023,22,Abu Dhabi Grand Prix,2023-11-26,driver,zhou,jm1261/Fantasy-F1-League:2023:driver:Guanyu,Guanyu Zhou,ZHO,Alfa Romeo,10.0,,,,,,7.7,jm1261/Fantasy-F1-League,https://github.com/jm1261/Fantasy-F1-League/blob/main/Data/2023/Lineup/Abu%20Dhabi_Results.json,MIT,third_party_recorded,False,True,False,third_party_recorded,historical_fantasy_scores_v3_recorded_2023_2026
2024,1,Bahrain Grand Prix,2024-03-02,constructor,alpine,jm1261/Fantasy-F1-League:2024:constructor:Alpine,Alpine,ALP,,12.0,,,,,,6.4,jm1261/Fantasy-F1-League,https://github.com/jm1261/Fantasy-F1-League/blob/main/Data/2024/Lineup/Bahrain_Results.json,MIT,third_party_recorded,False,True,False,third_party_recorded,historical_fantasy_scores_v3_recorded_2023_2026
2024,1,Bahrain Grand Prix,2024-03-02,constructor,aston_martin,jm1261/Fantasy-F1-League:2024:constructor:Aston Martin,Aston Martin,AMR,,20.0,,,,,,13.6,jm1261/Fantasy-F1-League,https://github.com/jm1261/Fantasy-F1-League/blob/main/Data/2024/Lineup/Bahrain_Results.json,MIT,third_party_recorded,False,True,False,third_party_recorded,historical_fantasy_scores_v3_recorded_2023_2026
2024,1,Bahrain Grand Prix,2024-03-02,constructor,ferrari,jm1261/Fantasy-F1-League:2024:constructor:Ferrari,Ferrari,FER,,73.0,,,,,,19.3,jm1261/Fantasy-F1-League,https://github.com/jm1261/Fantasy-F1-League/blob/main/Data/2024/Lineup/Bahrain_Results.json,MIT,third_party_recorded,False,True,False,third_party_recorded,historical_fantasy_scores_v3_recorded_2023_2026
2024,1,Bahrain Grand Prix,2024-03-02,constructor,haas,jm1261/Fantasy-F1-League:2024:constructor:Haas,Haas,HAS,,9.0,,,,,,6.3,jm1261/Fantasy-F1-League,https://github.com/jm1261/Fantasy-F1-League/blob/main/Data/2024/Lineup/Bahrain_Results.json,MIT,third_party_recorded,False,True,False,third_party_recorded,historical_fantasy_scores_v3_recorded_2023_2026
2024,1,Bahrain Grand Prix,2024-03-02,constructor,mclaren,jm1261/Fantasy-F1-League:2024:constructor:McLaren,McLaren,MCL,,36.0,,,,,,23.2,jm1261/Fantasy-F1-League,https://github.com/jm1261/Fantasy-F1-League/blob/main/Data/2024/Lineup/Bahrain_Results.json,MIT,third_party_recorded,False,True,False,third_party_recorded,historical_fantasy_scores_v3_recorded_2023_2026
2024,1,Bahrain Grand Prix,2024-03-02,constructor,mercedes,jm1261/Fantasy-F1-League:2024:constructor:Mercedes,Mercedes,MER,,42.0,,,,,,20.1,jm1261/Fantasy-F1-League,https://github.com/jm1261/Fantasy-F1-League/blob/main/Data/2024/Lineup/Bahrain_Results.json,MIT,third_party_recorded,False,True,False,third_party_recorded,historical_fantasy_scores_v3_recorded_2023_2026
2024,1,Bahrain Grand Prix,2024-03-02,constructor,rb,jm1261/Fantasy-F1-League:2024:constructor:RB,RB,RB,,7.0,,,,,,8.5,jm1261/Fantasy-F1-League,https://github.com/jm1261/Fantasy-F1-League/blob/main/Data/2024/Lineup/Bahrain_Results.json,MIT,third_party_recorded,False,True,False,third_party_recorded,historical_fantasy_scores_v3_recorded_2023_2026
2024,1,Bahrain Grand Prix,2024-03-02,constructor,red_bull,jm1261/Fantasy-F1-League:2024:constructor:Red Bull,Red Bull,RBR,,89.0,,,,,,27.9,jm1261/Fantasy-F1-League,https://github.com/jm1261/Fantasy-F1-League/blob/main/Data/2024/Lineup/Bahrain_Results.json,MIT,third_party_recorded,False,True,False,third_party_recorded,historical_fantasy_scores_v3_recorded_2023_2026
2024,1,Bahrain Grand Prix,2024-03-02,constructor,sauber,jm1261/Fantasy-F1-League:2024:constructor:Kick Sauber,Kick Sauber,SAU,,10.0,,,,,,6.6,jm1261/Fantasy-F1-League,https://github.com/jm1261/Fantasy-F1-League/blob/main/Data/2024/Lineup/Bahrain_Results.json,MIT,third_party_recorded,False,True,False,third_party_recorded,historical_fantasy_scores_v3_recorded_2023_2026
2024,1,Bahrain Grand Prix,2024-03-02,constructor,williams,jm1261/Fantasy-F1-League:2024:constructor:Williams,Williams,WIL,,4.0,,,,,,6.3,jm1261/Fantasy-F1-League,https://github.com/jm1261/Fantasy-F1-League/blob/main/Data/2024/Lineup/Bahrain_Results.json,MIT,third_party_recorded,False,True,False,third_party_recorded,historical_fantasy_scores_v3_recorded_2023_2026
2024,1,Bahrain Grand Prix,2024-03-02,driver,albon,jm1261/Fantasy-F1-League:2024:driver:Albon,Alexander Albon,ALB,Williams,0.0,,,,,,7.0,jm1261/Fantasy-F1-League,https://github.com/jm1261/Fantasy-F1-League/blob/main/Data/2024/Lineup/Bahrain_Results.json,MIT,third_party_recorded,False,True,False,third_party_recorded,historical_fantasy_scores_v3_recorded_2023_2026
2024,1,Bahrain Grand Prix,2024-03-02,driver,alonso,jm1261/Fantasy-F1-League:2024:driver:Alonso,Fernando Alonso,ALO,Aston Martin,7.0,,,,,,15.8,jm1261/Fantasy-F1-League,https://github.com/jm1261/Fantasy-F1-League/blob/main/Data/2024/Lineup/Bahrain_Results.json,MIT,third_party_recorded,False,True,False,third_party_recorded,historical_fantasy_scores_v3_recorded_2023_2026
2024,1,Bahrain Grand Prix,2024-03-02,driver,bottas,jm1261/Fantasy-F1-League:2024:driver:Bottas,Valtteri Bottas,BOT,Kick Sauber,0.0,,,,,,6.4,jm1261/Fantasy-F1-League,https://github.com/jm1261/Fantasy-F1-League/blob/main/Data/2024/Lineup/Bahrain_Results.json,MIT,third_party_recorded,False,True,False,third_party_recorded,historical_fantasy_scores_v3_recorded_2023_2026
2024,1,Bahrain Grand Prix,2024-03-02,driver,gasly,jm1261/Fantasy-F1-League:2024:driver:Gasly,Pierre Gasly,GAS,Alpine,6.0,,,,,,7.8,jm1261/Fantasy-F1-League,https://github.com/jm1261/Fantasy-F1-League/blob/main/Data/2024/Lineup/Bahrain_Results.json,MIT,third_party_recorded,False,True,False,third_party_recorded,historical_fantasy_scores_v3_recorded_2023_2026
2024,1,Bahrain Grand Prix,2024-03-02,driver,hamilton,jm1261/Fantasy-F1-League:2024:driver:Hamilton,Lewis Hamilton,HAM,Mercedes,12.0,,,,,,19.3,jm1261/Fantasy-F1-League,https://github.com/jm1261/Fantasy-F1-League/blob/main/Data/2024/Lineup/Bahrain_Results.json,MIT,third_party_recorded,False,True,False,third_party_recorded,historical_fantasy_scores_v3_recorded_2023_2026
2024,1,Bahrain Grand Prix,2024-03-02,driver,hulkenberg,jm1261/Fantasy-F1-League:2024:driver:Hulkenberg,Nico Hülkenberg,HUL,Haas,-3.0,,,,,,6.4,jm1261/Fantasy-F1-League,https://github.com/jm1261/Fantasy-F1-League/blob/main/Data/2024/Lineup/Bahrain_Results.json,MIT,third_party_recorded,False,True,False,third_party_recorded,historical_fantasy_scores_v3_recorded_2023_2026
2024,1,Bahrain Grand Prix,2024-03-02,driver,kevin_magnussen,jm1261/Fantasy-F1-League:2024:driver:Magnussen,Kevin Magnussen,MAG,Haas,7.0,,,,,,6.2,jm1261/Fantasy-F1-League,https://github.com/jm1261/Fantasy-F1-League/blob/main/Data/2024/Lineup/Bahrain_Results.json,MIT,third_party_recorded,False,True,False,third_party_recorded,historical_fantasy_scores_v3_recorded_2023_2026
2024,1,Bahrain Grand Prix,2024-03-02,driver,leclerc,jm1261/Fantasy-F1-League:2024:driver:Leclerc,Charles Leclerc,LEC,Ferrari,22.0,,,,,,19.1,jm1261/Fantasy-F1-League,https://github.com/jm1261/Fantasy-F1-League/blob/main/Data/2024/Lineup/Bahrain_Results.json,MIT,third_party_recorded,False,True,False,third_party_recorded,historical_fantasy_scores_v3_recorded_2023_2026
2024,1,Bahrain Grand Prix,2024-03-02,driver,max_verstappen,jm1261/Fantasy-F1-League:2024:driver:Verstappen,Max Verstappen,VER,Red Bull,45.0,,,,,,30.0,jm1261/Fantasy-F1-League,https://github.com/jm1261/Fantasy-F1-League/blob/main/Data/2024/Lineup/Bahrain_Results.json,MIT,third_party_recorded,False,True,False,third_party_recorded,historical_fantasy_scores_v3_recorded_2023_2026
2024,1,Bahrain Grand Prix,2024-03-02,driver,norris,jm1261/Fantasy-F1-League:2024:driver:Norris,Lando Norris,NOR,McLaren,16.0,,,,,,23.0,jm1261/Fantasy-F1-League,https://github.com/jm1261/Fantasy-F1-League/blob/main/Data/2024/Lineup/Bahrain_Results.json,MIT,third_party_recorded,False,True,False,third_party_recorded,historical_fantasy_scores_v3_recorded_2023_2026
2024,1,Bahrain Grand Prix,2024-03-02,driver,ocon,jm1261/Fantasy-F1-League:2024:driver:Ocon,Esteban Ocon,OCO,Alpine,7.0,,,,,,7.8,jm1261/Fantasy-F1-League,https://github.com/jm1261/Fantasy-F1-League/blob/main/Data/2024/Lineup/Bahrain_Results.json,MIT,third_party_recorded,False,True,False,third_party_recorded,historical_fantasy_scores_v3_recorded_2023_2026
2024,1,Bahrain Grand Prix,2024-03-02,driver,perez,jm1261/Fantasy-F1-League:2024:driver:Perez,Sergio Pérez,PER,Red Bull,31.0,,,,,,20.8,jm1261/Fantasy-F1-League,https://github.com/jm1261/Fantasy-F1-League/blob/main/Data/2024/Lineup/Bahrain_Results.json,MIT,third_party_recorded,False,True,False,third_party_recorded,historical_fantasy_scores_v3_recorded_2023_2026
2024,1,Bahrain Grand Prix,2024-03-02,driver,piastri,jm1261/Fantasy-F1-League:2024:driver:Piastri,Oscar Piastri,PIA,McLaren,10.0,,,,,,19.0,jm1261/Fantasy-F1-League,https://github.com/jm1261/Fantasy-F1-League/blob/main/Data/2024/Lineup/Bahrain_Results.json,MIT,third_party_recorded,False,True,False,third_party_recorded,historical_fantasy_scores_v3_recorded_2023_2026
2024,1,Bahrain Grand Prix,2024-03-02,driver,ricciardo,jm1261/Fantasy-F1-League:2024:driver:Ricciardo,Daniel Ricciardo,RIC,RB,5.0,,,,,,9.0,jm1261/Fantasy-F1-League,https://github.com/jm1261/Fantasy-F1-League/blob/main/Data/2024/Lineup/Bahrain_Results.json,MIT,third_party_recorded,False,True,False,third_party_recorded,historical_fantasy_scores_v3_recorded_2023_2026
2024,1,Bahrain Grand Prix,2024-03-02,driver,russell,jm1261/Fantasy-F1-League:2024:driver:Russell,George Russell,RUS,Mercedes,20.0,,,,,,18.8,jm1261/Fantasy-F1-League,https://github.com/jm1261/Fantasy-F1-League/blob/main/Data/2024/Lineup/Bahrain_Results.json,MIT,third_party_recorded,False,True,False,third_party_recorded,historical_fantasy_scores_v3_recorded_2023_2026
2024,1,Bahrain Grand Prix,2024-03-02,driver,sainz,jm1261/Fantasy-F1-League:2024:driver:Sainz,Carlos Sainz,SAI,Ferrari,36.0,,,,,,18.5,jm1261/Fantasy-F1-League,https://github.com/jm1261/Fantasy-F1-League/blob/main/Data/2024/Lineup/Bahrain_Results.json,MIT,third_party_recorded,False,True,False,third_party_recorded,historical_fantasy_scores_v3_recorded_2023_2026
2024,1,Bahrain Grand Prix,2024-03-02,driver,sargeant,jm1261/Fantasy-F1-League:2024:driver:Sargeant,Logan Sargeant,SAR,Williams,3.0,,,,,,5.5,jm1261/Fantasy-F1-League,https://github.com/jm1261/Fantasy-F1-League/blob/main/Data/2024/Lineup/Bahrain_Results.json,MIT,third_party_recorded,False,True,False,third_party_recorded,historical_fantasy_scores_v3_recorded_2023_2026
2024,1,Bahrain Grand Prix,2024-03-02,driver,stroll,jm1261/Fantasy-F1-League:2024:driver:Stroll,Lance Stroll,STR,Aston Martin,8.0,,,,,,10.7,jm1261/Fantasy-F1-League,https://github.com/jm1261/Fantasy-F1-League/blob/main/Data/2024/Lineup/Bahrain_Results.json,MIT,third_party_recorded,False,True,False,third_party_recorded,historical_fantasy_scores_v3_recorded_2023_2026
2024,1,Bahrain Grand Prix,2024-03-02,driver,tsunoda,jm1261/Fantasy-F1-League:2024:driver:Tsunoda,Yuki Tsunoda,TSU,RB,-1.0,,,,,,8.0,jm1261/Fantasy-F1-League,https://github.com/jm1261/Fantasy-F1-League/blob/main/Data/2024/Lineup/Bahrain_Results.json,MIT,third_party_recorded,False,True,False,third_party_recorded,historical_fantasy_scores_v3_recorded_2023_2026
2024,1,Bahrain Grand Prix,2024-03-02,driver,zhou,jm1261/Fantasy-F1-League:2024:driver:Guanyu,Guanyu Zhou,ZHO,Kick Sauber,11.0,,,,,,6.6,jm1261/Fantasy-F1-League,https://github.com/jm1261/Fantasy-F1-League/blob/main/Data/2024/Lineup/Bahrain_Results.json,MIT,third_party_recorded,False,True,False,third_party_recorded,historical_fantasy_scores_v3_recorded_2023_2026
2024,2,Saudi Arabian Grand Prix,2024-03-09,constructor,alpine,jm1261/Fantasy-F1-League:2024:constructor:Alpine,Alpine,ALP,,-13.0,,,,,,8.3,jm1261/Fantasy-F1-League,https://github.com/jm1261/Fantasy-F1-League/blob/main/Data/2024/Lineup/Saudi%20Arabia_Results.json,MIT,third_party_recorded,False,True,False,third_party_recorded,historical_fantasy_scores_v3_recorded_2023_2026
2024,2,Saudi Arabian Grand Prix,2024-03-09,constructor,aston_martin,jm1261/Fantasy-F1-League:2024:constructor:Aston Martin,Aston Martin,AMR,,9.0,,,,,,14.1,jm1261/Fantasy-F1-League,https://github.com/jm1261/Fantasy-F1-League/blob/main/Data/2024/Lineup/Saudi%20Arabia_Results.json,MIT,third_party_recorded,False,True,False,third_party_recorded,historical_fantasy_scores_v3_recorded_2023_2026
2024,2,Saudi Arabian Grand Prix,2024-03-09,constructor,ferrari,jm1261/Fantasy-F1-League:2024:constructor:Ferrari,Ferrari,FER,,58.0,,,,,,19.6,jm1261/Fantasy-F1-League,https://github.com/jm1261/Fantasy-F1-League/blob/main/Data/2024/Lineup/Saudi%20Arabia_Results.json,MIT,third_party_recorded,False,True,False,third_party_recorded,historical_fantasy_scores_v3_recorded_2023_2026
2024,2,Saudi Arabian Grand Prix,2024-03-09,constructor,haas,jm1261/Fantasy-F1-League:2024:constructor:Haas,Haas,HAS,,19.0,,,,,,6.2,jm1261/Fantasy-F1-League,https://github.com/jm1261/Fantasy-F1-League/blob/main/Data/2024/Lineup/Saudi%20Arabia_Results.json,MIT,third_party_recorded,False,True,False,third_party_recorded,historical_fantasy_scores_v3_recorded_2023_2026
2024,2,Saudi Arabian Grand Prix,2024-03-09,constructor,mclaren,jm1261/Fantasy-F1-League:2024:constructor:McLaren,McLaren,MCL,,41.0,,,,,,23.3,jm1261/Fantasy-F1-League,https://github.com/jm1261/Fantasy-F1-League/blob/main/Data/2024/Lineup/Saudi%20Arabia_Results.json,MIT,third_party_recorded,False,True,False,third_party_recorded,historical_fantasy_scores_v3_recorded_2023_2026
2024,2,Saudi Arabian Grand Prix,2024-03-09,constructor,mercedes,jm1261/Fantasy-F1-League:2024:constructor:Mercedes,Mercedes,MER,,36.0,,,,,,20.2,jm1261/Fantasy-F1-League,https://github.com/jm1261/Fantasy-F1-League/blob/main/Data/2024/Lineup/Saudi%20Arabia_Results.json,MIT,third_party_recorded,False,True,False,third_party_recorded,historical_fantasy_scores_v3_recorded_2023_2026
2024,2,Saudi Arabian Grand Prix,2024-03-09,constructor,rb,jm1261/Fantasy-F1-League:2024:constructor:RB,RB,RB,,4.0,,,,,,8.4,jm1261/Fantasy-F1-League,https://github.com/jm1261/Fantasy-F1-League/blob/main/Data/2024/Lineup/Saudi%20Arabia_Results.json,MIT,third_party_recorded,False,True,False,third_party_recorded,historical_fantasy_scores_v3_recorded_2023_2026
2024,2,Saudi Arabian Grand Prix,2024-03-09,constructor,red_bull,jm1261/Fantasy-F1-League:2024:constructor:Red Bull,Red Bull,RBR,,90.0,,,,,,28.0,jm1261/Fantasy-F1-League,https://github.com/jm1261/Fantasy-F1-League/blob/main/Data/2024/Lineup/Saudi%20Arabia_Results.json,MIT,third_party_recorded,False,True,False,third_party_recorded,historical_fantasy_scores_v3_recorded_2023_2026
2024,2,Saudi Arabian Grand Prix,2024-03-09,constructor,sauber,jm1261/Fantasy-F1-League:2024:constructor:Kick Sauber,Kick Sauber,SAU,,-4.0,,,,,,6.5,jm1261/Fantasy-F1-League,https://github.com/jm1261/Fantasy-F1-League/blob/main/Data/2024/Lineup/Saudi%20Arabia_Results.json,MIT,third_party_recorded,False,True,False,third_party_recorded,historical_fantasy_scores_v3_recorded_2023_2026
2024,2,Saudi Arabian Grand Prix,2024-03-09,constructor,williams,jm1261/Fantasy-F1-League:2024:constructor:Williams,Williams,WIL,,14.0,,,,,,6.2,jm1261/Fantasy-F1-League,https://github.com/jm1261/Fantasy-F1-League/blob/main/Data/2024/Lineup/Saudi%20Arabia_Results.json,MIT,third_party_recorded,False,True,False,third_party_recorded,historical_fantasy_scores_v3_recorded_2023_2026
2024,2,Saudi Arabian Grand Prix,2024-03-09,driver,albon,jm1261/Fantasy-F1-League:2024:driver:Albon,Alexander Albon,ALB,Williams,6.0,,,,,,6.8,jm1261/Fantasy-F1-League,https://github.com/jm1261/Fantasy-F1-League/blob/main/Data/2024/Lineup/Saudi%20Arabia_Results.json,MIT,third_party_recorded,False,True,False,third_party_recorded,historical_fantasy_scores_v3_recorded_2023_2026
2024,2,Saudi Arabian Grand Prix,2024-03-09,driver,alonso,jm1261/Fantasy-F1-League:2024:driver:Alonso,Fernando Alonso,ALO,Aston Martin,16.0,,,,,,15.9,jm1261/Fantasy-F1-League,https://github.com/jm1261/Fantasy-F1-League/blob/main/Data/2024/Lineup/Saudi%20Arabia_Results.json,MIT,third_party_recorded,False,True,False,third_party_recorded,historical_fantasy_scores_v3_recorded_2023_2026
2024,2,Saudi Arabian Grand Prix,2024-03-09,driver,bearman,jm1261/Fantasy-F1-League:2024:driver:Bearman,Oliver Bearman,BEA,Ferrari,26.0,,,,,,14.0,jm1261/Fantasy-F1-League,https://github.com/jm1261/Fantasy-F1-League/blob/main/Data/2024/Lineup/Saudi%20Arabia_Results.json,MIT,third_party_recorded,False,True,False,third_party_recorded,historical_fantasy_scores_v3_recorded_2023_2026
2024,2,Saudi Arabian Grand Prix,2024-03-09,driver,bottas,jm1261/Fantasy-F1-League:2024:driver:Bottas,Valtteri Bottas,BOT,Kick Sauber,-1.0,,,,,,6.2,jm1261/Fantasy-F1-League,https://github.com/jm1261/Fantasy-F1-League/blob/main/Data/2024/Lineup/Saudi%20Arabia_Results.json,MIT,third_party_recorded,False,True,False,third_party_recorded,historical_fantasy_scores_v3_recorded_2023_2026
2024,2,Saudi Arabian Grand Prix,2024-03-09,driver,gasly,jm1261/Fantasy-F1-League:2024:driver:Gasly,Pierre Gasly,GAS,Alpine,-20.0,,,,,,7.7,jm1261/Fantasy-F1-League,https://github.com/jm1261/Fantasy-F1-League/blob/main/Data/2024/Lineup/Saudi%20Arabia_Results.json,MIT,third_party_recorded,False,True,False,third_party_recorded,historical_fantasy_scores_v3_recorded_2023_2026
2024,2,Saudi Arabian Grand Prix,2024-03-09,driver,hamilton,jm1261/Fantasy-F1-League:2024:driver:Hamilton,Lewis Hamilton,HAM,Mercedes,6.0,,,,,,19.4,jm1261/Fantasy-F1-League,https://github.com/jm1261/Fantasy-F1-League/blob/main/Data/2024/Lineup/Saudi%20Arabia_Results.json,MIT,third_party_recorded,False,True,False,third_party_recorded,historical_fantasy_scores_v3_recorded_2023_2026
2024,2,Saudi Arabian Grand Prix,2024-03-09,driver,hulkenberg,jm1261/Fantasy-F1-League:2024:driver:Hulkenberg,Nico Hülkenberg,HUL,Haas,9.0,,,,,,6.2,jm1261/Fantasy-F1-League,https://github.com/jm1261/Fantasy-F1-League/blob/main/Data/2024/Lineup/Saudi%20Arabia_Results.json,MIT,third_party_recorded,False,True,False,third_party_recorded,historical_fantasy_scores_v3_recorded_2023_2026
2024,2,Saudi Arabian Grand Prix,2024-03-09,driver,kevin_magnussen,jm1261/Fantasy-F1-League:2024:driver:Magnussen,Kevin Magnussen,MAG,Haas,7.0,,,,,,6.7,jm1261/Fantasy-F1-League,https://github.com/jm1261/Fantasy-F1-League/blob/main/Data/2024/Lineup/Saudi%20Arabia_Results.json,MIT,third_party_recorded,False,True,False,third_party_recorded,historical_fantasy_scores_v3_recorded_2023_2026
2024,2,Saudi Arabian Grand Prix,2024-03-09,driver,leclerc,jm1261/Fantasy-F1-League:2024:driver:Leclerc,Charles Leclerc,LEC,Ferrari,37.0,,,,,,19.4,jm1261/Fantasy-F1-League,https://github.com/jm1261/Fantasy-F1-League/blob/main/Data/2024/Lineup/Saudi%20Arabia_Results.json,MIT,third_party_recorded,False,True,False,third_party_recorded,historical_fantasy_scores_v3_recorded_2023_2026
2024,2,Saudi Arabian Grand Prix,2024-03-09,driver,max_verstappen,jm1261/Fantasy-F1-League:2024:driver:Verstappen,Max Verstappen,VER,Red Bull,36.0,,,,,,30.2,jm1261/Fantasy-F1-League,https://github.com/jm1261/Fantasy-F1-League/blob/main/Data/2024/Lineup/Saudi%20Arabia_Results.json,MIT,third_party_recorded,False,True,False,third_party_recorded,historical_fantasy_scores_v3_recorded_2023_2026
2024,2,Saudi Arabian Grand Prix,2024-03-09,driver,norris,jm1261/Fantasy-F1-League:2024:driver:Norris,Lando Norris,NOR,McLaren,8.0,,,,,,23.1,jm1261/Fantasy-F1-League,https://github.com/jm1261/Fantasy-F1-League/blob/main/Data/2024/Lineup/Saudi%20Arabia_Results.json,MIT,third_party_recorded,False,True,False,third_party_recorded,historical_fantasy_scores_v3_recorded_2023_2026
2024,2,Saudi Arabian Grand Prix,2024-03-09,driver,ocon,jm1261/Fantasy-F1-League:2024:driver:Ocon,Esteban Ocon,OCO,Alpine,8.0,,,,,,8.3,jm1261/Fantasy-F1-League,https://github.com/jm1261/Fantasy-F1-League/blob/main/Data/2024/Lineup/Saudi%20Arabia_Results.json,MIT,third_party_recorded,False,True,False,third_party_recorded,historical_fantasy_scores_v3_recorded_2023_2026
2024,2,Saudi Arabian Grand Prix,2024-03-09,driver,perez,jm1261/Fantasy-F1-League:2024:driver:Perez,Sergio Pérez,PER,Red Bull,31.0,,,,,,21.2,jm1261/Fantasy-F1-League,https://github.com/jm1261/Fantasy-F1-League/blob/main/Data/2024/Lineup/Saudi%20Arabia_Results.json,MIT,third_party_recorded,False,True,False,third_party_recorded,historical_fantasy_scores_v3_recorded_2023_2026
2024,2,Saudi Arabian Grand Prix,2024-03-09,driver,piastri,jm1261/Fantasy-F1-League:2024:driver:Piastri,Oscar Piastri,PIA,McLaren,23.0,,,,,,19.1,jm1261/Fantasy-F1-League,https://github.com/jm1261/Fantasy-F1-League/blob/main/Data/2024/Lineup/Saudi%20Arabia_Results.json,MIT,third_party_recorded,False,True,False,third_party_recorded,historical_fantasy_scores_v3_recorded_2023_2026
2024,2,Saudi Arabian Grand Prix,2024-03-09,driver,ricciardo,jm1261/Fantasy-F1-League:2024:driver:Ricciardo,Daniel Ricciardo,RIC,RB,0.0,,,,,,8.9,jm1261/Fantasy-F1-League,https://github.com/jm1261/Fantasy-F1-League/blob/main/Data/2024/Lineup/Saudi%20Arabia_Results.json,MIT,third_party_recorded,False,True,False,third_party_recorded,historical_fantasy_scores_v3_recorded_2023_2026
2024,2,Saudi Arabian Grand Prix,2024-03-09,driver,russell,jm1261/Fantasy-F1-League:2024:driver:Russell,George Russell,RUS,Mercedes,15.0,,,,,,19.1,jm1261/Fantasy-F1-League,https://github.com/jm1261/Fantasy-F1-League/blob/main/Data/2024/Lineup/Saudi%20Arabia_Results.json,MIT,third_party_recorded,False,True,False,third_party_recorded,historical_fantasy_scores_v3_recorded_2023_2026
2024,2,Saudi Arabian Grand Prix,2024-03-09,driver,sargeant,jm1261/Fantasy-F1-League:2024:driver:Sargeant,Logan Sargeant,SAR,Williams,7.0,,,,,,5.4,jm1261/Fantasy-F1-League,https://github.com/jm1261/Fantasy-F1-League/blob/main/Data/2024/Lineup/Saudi%20Arabia_Results.json,MIT,third_party_recorded,False,True,False,third_party_recorded,historical_fantasy_scores_v3_recorded_2023_2026
2024,2,Saudi Arabian Grand Prix,2024-03-09,driver,stroll,jm1261/Fantasy-F1-League:2024:driver:Stroll,Lance Stroll,STR,Aston Martin,-17.0,,,,,,11.2,jm1261/Fantasy-F1-League,https://github.com/jm1261/Fantasy-F1-League/blob/main/Data/2024/Lineup/Saudi%20Arabia_Results.json,MIT,third_party_recorded,False,True,False,third_party_recorded,historical_fantasy_scores_v3_recorded_2023_2026
2024,2,Saudi Arabian Grand Prix,2024-03-09,driver,tsunoda,jm1261/Fantasy-F1-League:2024:driver:Tsunoda,Yuki Tsunoda,TSU,RB,-1.0,,,,,,7.8,jm1261/Fantasy-F1-League,https://github.com/jm1261/Fantasy-F1-League/blob/main/Data/2024/Lineup/Saudi%20Arabia_Results.json,MIT,third_party_recorded,False,True,False,third_party_recorded,historical_fantasy_scores_v3_recorded_2023_2026
2024,2,Saudi Arabian Grand Prix,2024-03-09,driver,zhou,jm1261/Fantasy-F1-League:2024:driver:Guanyu,Guanyu Zhou,ZHO,Kick Sauber,-2.0,,,,,,7.1,jm1261/Fantasy-F1-League,https://github.com/jm1261/Fantasy-F1-League/blob/main/Data/2024/Lineup/Saudi%20Arabia_Results.json,MIT,third_party_recorded,False,True,False,third_party_recorded,historical_fantasy_scores_v3_recorded_2023_2026
2024,3,Australian Grand Prix,2024-03-24,constructor,alpine,jm1261/Fantasy-F1-League:2024:constructor:Alpine,Alpine,ALP,,6.0,,,,,,8.1,jm1261/Fantasy-F1-League,https://github.com/jm1261/Fantasy-F1-League/blob/main/Data/2024/Lineup/Australia_Results.json,MIT,third_party_recorded,False,True,False,third_party_recorded,historical_fantasy_scores_v3_recorded_2023_2026
2024,3,Australian Grand Prix,2024-03-24,constructor,aston_martin,jm1261/Fantasy-F1-League:2024:constructor:Aston Martin,Aston Martin,AMR,,35.0,,,,,,14.0,jm1261/Fantasy-F1-League,https://github.com/jm1261/Fantasy-F1-League/blob/main/Data/2024/Lineup/Australia_Results.json,MIT,third_party_recorded,False,True,False,third_party_recorded,historical_fantasy_scores_v3_recorded_2023_2026
2024,3,Australian Grand Prix,2024-03-24,constructor,ferrari,jm1261/Fantasy-F1-League:2024:constructor:Ferrari,Ferrari,FER,,92.0,,,,,,19.9,jm1261/Fantasy-F1-League,https://github.com/jm1261/Fantasy-F1-League/blob/main/Data/2024/Lineup/Australia_Results.json,MIT,third_party_recorded,False,True,False,third_party_recorded,historical_fantasy_scores_v3_recorded_2023_2026
2024,3,Australian Grand Prix,2024-03-24,constructor,haas,jm1261/Fantasy-F1-League:2024:constructor:Haas,Haas,HAS,,20.0,,,,,,6.7,jm1261/Fantasy-F1-League,https://github.com/jm1261/Fantasy-F1-League/blob/main/Data/2024/Lineup/Australia_Results.json,MIT,third_party_recorded,False,True,False,third_party_recorded,historical_fantasy_scores_v3_recorded_2023_2026
2024,3,Australian Grand Prix,2024-03-24,constructor,mclaren,jm1261/Fantasy-F1-League:2024:constructor:McLaren,McLaren,MCL,,54.0,,,,,,23.6,jm1261/Fantasy-F1-League,https://github.com/jm1261/Fantasy-F1-League/blob/main/Data/2024/Lineup/Australia_Results.json,MIT,third_party_recorded,False,True,False,third_party_recorded,historical_fantasy_scores_v3_recorded_2023_2026
2024,3,Australian Grand Prix,2024-03-24,constructor,mercedes,jm1261/Fantasy-F1-League:2024:constructor:Mercedes,Mercedes,MER,,-17.0,,,,,,20.3,jm1261/Fantasy-F1-League,https://github.com/jm1261/Fantasy-F1-League/blob/main/Data/2024/Lineup/Australia_Results.json,MIT,third_party_recorded,False,True,False,third_party_recorded,historical_fantasy_scores_v3_recorded_2023_2026
2024,3,Australian Grand Prix,2024-03-24,constructor,rb,jm1261/Fantasy-F1-League:2024:constructor:RB,RB,RB,,24.0,,,,,,8.3,jm1261/Fantasy-F1-League,https://github.com/jm1261/Fantasy-F1-League/blob/main/Data/2024/Lineup/Australia_Results.json,MIT,third_party_recorded,False,True,False,third_party_recorded,historical_fantasy_scores_v3_recorded_2023_2026
2024,3,Australian Grand Prix,2024-03-24,constructor,red_bull,jm1261/Fantasy-F1-League:2024:constructor:Red Bull,Red Bull,RBR,,32.0,,,,,,28.2,jm1261/Fantasy-F1-League,https://github.com/jm1261/Fantasy-F1-League/blob/main/Data/2024/Lineup/Australia_Results.json,MIT,third_party_recorded,False,True,False,third_party_recorded,historical_fantasy_scores_v3_recorded_2023_2026
2024,3,Australian Grand Prix,2024-03-24,constructor,sauber,jm1261/Fantasy-F1-League:2024:constructor:Kick Sauber,Kick Sauber,SAU,,7.0,,,,,,6.3,jm1261/Fantasy-F1-League,https://github.com/jm1261/Fantasy-F1-League/blob/main/Data/2024/Lineup/Australia_Results.json,MIT,third_party_recorded,False,True,False,third_party_recorded,historical_fantasy_scores_v3_recorded_2023_2026
2024,3,Australian Grand Prix,2024-03-24,constructor,williams,jm1261/Fantasy-F1-League:2024:constructor:Williams,Williams,WIL,,5.0,,,,,,6.7,jm1261/Fantasy-F1-League,https://github.com/jm1261/Fantasy-F1-League/blob/main/Data/2024/Lineup/Australia_Results.json,MIT,third_party_recorded,False,True,False,third_party_recorded,historical_fantasy_scores_v3_recorded_2023_2026
2024,3,Australian Grand Prix,2024-03-24,driver,albon,jm1261/Fantasy-F1-League:2024:driver:Albon,Alexander Albon,ALB,Williams,4.0,,,,,,7.3,jm1261/Fantasy-F1-League,https://github.com/jm1261/Fantasy-F1-League/blob/main/Data/2024/Lineup/Australia_Results.json,MIT,third_party_recorded,False,True,False,third_party_recorded,historical_fantasy_scores_v3_recorded_2023_2026
2024,3,Australian Grand Prix,2024-03-24,driver,alonso,jm1261/Fantasy-F1-League:2024:driver:Alonso,Fernando Alonso,ALO,Aston Martin,9.0,,,,,,16.2,jm1261/Fantasy-F1-League,https://github.com/jm1261/Fantasy-F1-League/blob/main/Data/2024/Lineup/Australia_Results.json,MIT,third_party_recorded,False,True,False,third_party_recorded,historical_fantasy_scores_v3_recorded_2023_2026
2024,3,Australian Grand Prix,2024-03-24,driver,bottas,jm1261/Fantasy-F1-League:2024:driver:Bottas,Valtteri Bottas,BOT,Kick Sauber,2.0,,,,,,6.0,jm1261/Fantasy-F1-League,https://github.com/jm1261/Fantasy-F1-League/blob/main/Data/2024/Lineup/Australia_Results.json,MIT,third_party_recorded,False,True,False,third_party_recorded,historical_fantasy_scores_v3_recorded_2023_2026
2024,3,Australian Grand Prix,2024-03-24,driver,gasly,jm1261/Fantasy-F1-League:2024:driver:Gasly,Pierre Gasly,GAS,Alpine,5.0,,,,,,7.5,jm1261/Fantasy-F1-League,https://github.com/jm1261/Fantasy-F1-League/blob/main/Data/2024/Lineup/Australia_Results.json,MIT,third_party_recorded,False,True,False,third_party_recorded,historical_fantasy_scores_v3_recorded_2023_2026
2024,3,Australian Grand Prix,2024-03-24,driver,hamilton,jm1261/Fantasy-F1-League:2024:driver:Hamilton,Lewis Hamilton,HAM,Mercedes,-19.0,,,,,,19.5,jm1261/Fantasy-F1-League,https://github.com/jm1261/Fantasy-F1-League/blob/main/Data/2024/Lineup/Australia_Results.json,MIT,third_party_recorded,False,True,False,third_party_recorded,historical_fantasy_scores_v3_recorded_2023_2026
2024,3,Australian Grand Prix,2024-03-24,driver,hulkenberg,jm1261/Fantasy-F1-League:2024:driver:Hulkenberg,Nico Hülkenberg,HUL,Haas,11.0,,,,,,6.7,jm1261/Fantasy-F1-League,https://github.com/jm1261/Fantasy-F1-League/blob/main/Data/2024/Lineup/Australia_Results.json,MIT,third_party_recorded,False,True,False,third_party_recorded,historical_fantasy_scores_v3_recorded_2023_2026
2024,3,Australian Grand Prix,2024-03-24,driver,kevin_magnussen,jm1261/Fantasy-F1-League:2024:driver:Magnussen,Kevin Magnussen,MAG,Haas,8.0,,,,,,7.2,jm1261/Fantasy-F1-League,https://github.com/jm1261/Fantasy-F1-League/blob/main/Data/2024/Lineup/Australia_Results.json,MIT,third_party_recorded,False,True,False,third_party_recorded,historical_fantasy_scores_v3_recorded_2023_2026
2024,3,Australian Grand Prix,2024-03-24,driver,leclerc,jm1261/Fantasy-F1-League:2024:driver:Leclerc,Charles Leclerc,LEC,Ferrari,38.0,,,,,,20.4,jm1261/Fantasy-F1-League,https://github.com/jm1261/Fantasy-F1-League/blob/main/Data/2024/Lineup/Australia_Results.json,MIT,third_party_recorded,False,True,False,third_party_recorded,historical_fantasy_scores_v3_recorded_2023_2026
2024,3,Australian Grand Prix,2024-03-24,driver,max_verstappen,jm1261/Fantasy-F1-League:2024:driver:Verstappen,Max Verstappen,VER,Red Bull,-10.0,,,,,,30.4,jm1261/Fantasy-F1-League,https://github.com/jm1261/Fantasy-F1-League/blob/main/Data/2024/Lineup/Australia_Results.json,MIT,third_party_recorded,False,True,False,third_party_recorded,historical_fantasy_scores_v3_recorded_2023_2026
2024,3,Australian Grand Prix,2024-03-24,driver,norris,jm1261/Fantasy-F1-League:2024:driver:Norris,Lando Norris,NOR,McLaren,23.0,,,,,,23.2,jm1261/Fantasy-F1-League,https://github.com/jm1261/Fantasy-F1-League/blob/main/Data/2024/Lineup/Australia_Results.json,MIT,third_party_recorded,False,True,False,third_party_recorded,historical_fantasy_scores_v3_recorded_2023_2026
2024,3,Australian Grand Prix,2024-03-24,driver,ocon,jm1261/Fantasy-F1-League:2024:driver:Ocon,Esteban Ocon,OCO,Alpine,0.0,,,,,,8.8,jm1261/Fantasy-F1-League,https://github.com/jm1261/Fantasy-F1-League/blob/main/Data/2024/Lineup/Australia_Results.json,MIT,third_party_recorded,False,True,False,third_party_recorded,historical_fantasy_scores_v3_recorded_2023_2026
2024,3,Australian Grand Prix,2024-03-24,driver,perez,jm1261/Fantasy-F1-League:2024:driver:Perez,Sergio Pérez,PER,Red Bull,22.0,,,,,,22.1,jm1261/Fantasy-F1-League,https://github.com/jm1261/Fantasy-F1-League/blob/main/Data/2024/Lineup/Australia_Results.json,MIT,third_party_recorded,False,True,False,third_party_recorded,historical_fantasy_scores_v3_recorded_2023_2026
2024,3,Australian Grand Prix,2024-03-24,driver,piastri,jm1261/Fantasy-F1-League:2024:driver:Piastri,Oscar Piastri,PIA,McLaren,21.0,,,,,,19.4,jm1261/Fantasy-F1-League,https://github.com/jm1261/Fantasy-F1-League/blob/main/Data/2024/Lineup/Australia_Results.json,MIT,third_party_recorded,False,True,False,third_party_recorded,historical_fantasy_scores_v3_recorded_2023_2026
2024,3,Australian Grand Prix,2024-03-24,driver,ricciardo,jm1261/Fantasy-F1-League:2024:driver:Ricciardo,Daniel Ricciardo,RIC,RB,8.0,,,,,,8.7,jm1261/Fantasy-F1-League,https://github.com/jm1261/Fantasy-F1-League/blob/main/Data/2024/Lineup/Australia_Results.json,MIT,third_party_recorded,False,True,False,third_party_recorded,historical_fantasy_scores_v3_recorded_2023_2026
2024,3,Australian Grand Prix,2024-03-24,driver,russell,jm1261/Fantasy-F1-League:2024:driver:Russell,George Russell,RUS,Mercedes,-3.0,,,,,,19.2,jm1261/Fantasy-F1-League,https://github.com/jm1261/Fantasy-F1-League/blob/main/Data/2024/Lineup/Australia_Results.json,MIT,third_party_recorded,False,True,False,third_party_recorded,historical_fantasy_scores_v3_recorded_2023_2026
2024,3,Australian Grand Prix,2024-03-24,driver,sainz,jm1261/Fantasy-F1-League:2024:driver:Sainz,Carlos Sainz,SAI,Ferrari,46.0,,,,,,19.8,jm1261/Fantasy-F1-League,https://github.com/jm1261/Fantasy-F1-League/blob/main/Data/2024/Lineup/Australia_Results.json,MIT,third_party_recorded,False,True,False,third_party_recorded,historical_fantasy_scores_v3_recorded_2023_2026
2024,3,Australian Grand Prix,2024-03-24,driver,sargeant,jm1261/Fantasy-F1-League:2024:driver:Sargeant,Logan Sargeant,SAR,Williams,0.0,,,,,,5.9,jm1261/Fantasy-F1-League,https://github.com/jm1261/Fantasy-F1-League/blob/main/Data/2024/Lineup/Australia_Results.json,MIT,third_party_recorded,False,True,False,third_party_recorded,historical_fantasy_scores_v3_recorded_2023_2026
2024,3,Australian Grand Prix,2024-03-24,driver,stroll,jm1261/Fantasy-F1-League:2024:driver:Stroll,Lance Stroll,STR,Aston Martin,16.0,,,,,,11.0,jm1261/Fantasy-F1-League,https://github.com/jm1261/Fantasy-F1-League/blob/main/Data/2024/Lineup/Australia_Results.json,MIT,third_party_recorded,False,True,False,third_party_recorded,historical_fantasy_scores_v3_recorded_2023_2026
2024,3,Australian Grand Prix,2024-03-24,driver,tsunoda,jm1261/Fantasy-F1-League:2024:driver:Tsunoda,Yuki Tsunoda,TSU,RB,11.0,,,,,,7.6,jm1261/Fantasy-F1-League,https://github.com/jm1261/Fantasy-F1-League/blob/main/Data/2024/Lineup/Australia_Results.json,MIT,third_party_recorded,False,True,False,third_party_recorded,historical_fantasy_scores_v3_recorded_2023_2026
2024,3,Australian Grand Prix,2024-03-24,driver,zhou,jm1261/Fantasy-F1-League:2024:driver:Guanyu,Guanyu Zhou,ZHO,Kick Sauber,4.0,,,,,,6.9,jm1261/Fantasy-F1-League,https://github.com/jm1261/Fantasy-F1-League/blob/main/Data/2024/Lineup/Australia_Results.json,MIT,third_party_recorded,False,True,False,third_party_recorded,historical_fantasy_scores_v3_recorded_2023_2026
2024,4,Japanese Grand Prix,2024-04-07,constructor,alpine,jm1261/Fantasy-F1-League:2024:constructor:Alpine,Alpine,ALP,,11.0,,,,,,8.0,jm1261/Fantasy-F1-League,https://github.com/jm1261/Fantasy-F1-League/blob/main/Data/2024/Lineup/Japan_Results.json,MIT,third_party_recorded,False,True,False,third_party_recorded,historical_fantasy_scores_v3_recorded_2023_2026
2024,4,Japanese Grand Prix,2024-04-07,constructor,aston_martin,jm1261/Fantasy-F1-League:2024:constructor:Aston Martin,Aston Martin,AMR,,32.0,,,,,,14.5,jm1261/Fantasy-F1-League,https://github.com/jm1261/Fantasy-F1-League/blob/main/Data/2024/Lineup/Japan_Results.json,MIT,third_party_recorded,False,True,False,third_party_recorded,historical_fantasy_scores_v3_recorded_2023_2026
2024,4,Japanese Grand Prix,2024-04-07,constructor,ferrari,jm1261/Fantasy-F1-League:2024:constructor:Ferrari,Ferrari,FER,,59.0,,,,,,20.9,jm1261/Fantasy-F1-League,https://github.com/jm1261/Fantasy-F1-League/blob/main/Data/2024/Lineup/Japan_Results.json,MIT,third_party_recorded,False,True,False,third_party_recorded,historical_fantasy_scores_v3_recorded_2023_2026
2024,4,Japanese Grand Prix,2024-04-07,constructor,haas,jm1261/Fantasy-F1-League:2024:constructor:Haas,Haas,HAS,,20.0,,,,,,7.2,jm1261/Fantasy-F1-League,https://github.com/jm1261/Fantasy-F1-League/blob/main/Data/2024/Lineup/Japan_Results.json,MIT,third_party_recorded,False,True,False,third_party_recorded,historical_fantasy_scores_v3_recorded_2023_2026
2024,4,Japanese Grand Prix,2024-04-07,constructor,mclaren,jm1261/Fantasy-F1-League:2024:constructor:McLaren,McLaren,MCL,,39.0,,,,,,23.9,jm1261/Fantasy-F1-League,https://github.com/jm1261/Fantasy-F1-League/blob/main/Data/2024/Lineup/Japan_Results.json,MIT,third_party_recorded,False,True,False,third_party_recorded,historical_fantasy_scores_v3_recorded_2023_2026
2024,4,Japanese Grand Prix,2024-04-07,constructor,mercedes,jm1261/Fantasy-F1-League:2024:constructor:Mercedes,Mercedes,MER,,28.0,,,,,,19.8,jm1261/Fantasy-F1-League,https://github.com/jm1261/Fantasy-F1-League/blob/main/Data/2024/Lineup/Japan_Results.json,MIT,third_party_recorded,False,True,False,third_party_recorded,historical_fantasy_scores_v3_recorded_2023_2026
2024,4,Japanese Grand Prix,2024-04-07,constructor,rb,jm1261/Fantasy-F1-League:2024:constructor:RB,RB,RB,,-4.0,,,,,,8.8,jm1261/Fantasy-F1-League,https://github.com/jm1261/Fantasy-F1-League/blob/main/Data/2024/Lineup/Japan_Results.json,MIT,third_party_recorded,False,True,False,third_party_recorded,historical_fantasy_scores_v3_recorded_2023_2026
2024,4,Japanese Grand Prix,2024-04-07,constructor,red_bull,jm1261/Fantasy-F1-League:2024:constructor:Red Bull,Red Bull,RBR,,108.0,,,,,,28.2,jm1261/Fantasy-F1-League,https://github.com/jm1261/Fantasy-F1-League/blob/main/Data/2024/Lineup/Japan_Results.json,MIT,third_party_recorded,False,True,False,third_party_recorded,historical_fantasy_scores_v3_recorded_2023_2026
2024,4,Japanese Grand Prix,2024-04-07,constructor,sauber,jm1261/Fantasy-F1-League:2024:constructor:Kick Sauber,Kick Sauber,SAU,,-8.0,,,,,,6.2,jm1261/Fantasy-F1-League,https://github.com/jm1261/Fantasy-F1-League/blob/main/Data/2024/Lineup/Japan_Results.json,MIT,third_party_recorded,False,True,False,third_party_recorded,historical_fantasy_scores_v3_recorded_2023_2026
2024,4,Japanese Grand Prix,2024-04-07,constructor,williams,jm1261/Fantasy-F1-League:2024:constructor:Williams,Williams,WIL,,-10.0,,,,,,6.6,jm1261/Fantasy-F1-League,https://github.com/jm1261/Fantasy-F1-League/blob/main/Data/2024/Lineup/Japan_Results.json,MIT,third_party_recorded,False,True,False,third_party_recorded,historical_fantasy_scores_v3_recorded_2023_2026
2024,4,Japanese Grand Prix,2024-04-07,driver,albon,jm1261/Fantasy-F1-League:2024:driver:Albon,Alexander Albon,ALB,Williams,-20.0,,,,,,7.2,jm1261/Fantasy-F1-League,https://github.com/jm1261/Fantasy-F1-League/blob/main/Data/2024/Lineup/Japan_Results.json,MIT,third_party_recorded,False,True,False,third_party_recorded,historical_fantasy_scores_v3_recorded_2023_2026
2024,4,Japanese Grand Prix,2024-04-07,driver,alonso,jm1261/Fantasy-F1-League:2024:driver:Alonso,Fernando Alonso,ALO,Aston Martin,14.0,,,,,,16.3,jm1261/Fantasy-F1-League,https://github.com/jm1261/Fantasy-F1-League/blob/main/Data/2024/Lineup/Japan_Results.json,MIT,third_party_recorded,False,True,False,third_party_recorded,historical_fantasy_scores_v3_recorded_2023_2026
2024,4,Japanese Grand Prix,2024-04-07,driver,bottas,jm1261/Fantasy-F1-League:2024:driver:Bottas,Valtteri Bottas,BOT,Kick Sauber,8.0,,,,,,5.9,jm1261/Fantasy-F1-League,https://github.com/jm1261/Fantasy-F1-League/blob/main/Data/2024/Lineup/Japan_Results.json,MIT,third_party_recorded,False,True,False,third_party_recorded,historical_fantasy_scores_v3_recorded_2023_2026
2024,4,Japanese Grand Prix,2024-04-07,driver,gasly,jm1261/Fantasy-F1-League:2024:driver:Gasly,Pierre Gasly,GAS,Alpine,5.0,,,,,,7.4,jm1261/Fantasy-F1-League,https://github.com/jm1261/Fantasy-F1-League/blob/main/Data/2024/Lineup/Japan_Results.json,MIT,third_party_recorded,False,True,False,third_party_recorded,historical_fantasy_scores_v3_recorded_2023_2026
2024,4,Japanese Grand Prix,2024-04-07,driver,hamilton,jm1261/Fantasy-F1-League:2024:driver:Hamilton,Lewis Hamilton,HAM,Mercedes,5.0,,,,,,19.0,jm1261/Fantasy-F1-League,https://github.com/jm1261/Fantasy-F1-League/blob/main/Data/2024/Lineup/Japan_Results.json,MIT,third_party_recorded,False,True,False,third_party_recorded,historical_fantasy_scores_v3_recorded_2023_2026
2024,4,Japanese Grand Prix,2024-04-07,driver,hulkenberg,jm1261/Fantasy-F1-League:2024:driver:Hulkenberg,Nico Hülkenberg,HUL,Haas,10.0,,,,,,7.2,jm1261/Fantasy-F1-League,https://github.com/jm1261/Fantasy-F1-League/blob/main/Data/2024/Lineup/Japan_Results.json,MIT,third_party_recorded,False,True,False,third_party_recorded,historical_fantasy_scores_v3_recorded_2023_2026
2024,4,Japanese Grand Prix,2024-04-07,driver,kevin_magnussen,jm1261/Fantasy-F1-League:2024:driver:Magnussen,Kevin Magnussen,MAG,Haas,9.0,,,,,,7.7,jm1261/Fantasy-F1-League,https://github.com/jm1261/Fantasy-F1-League/blob/main/Data/2024/Lineup/Japan_Results.json,MIT,third_party_recorded,False,True,False,third_party_recorded,historical_fantasy_scores_v3_recorded_2023_2026
2024,4,Japanese Grand Prix,2024-04-07,driver,leclerc,jm1261/Fantasy-F1-League:2024:driver:Leclerc,Charles Leclerc,LEC,Ferrari,31.0,,,,,,21.4,jm1261/Fantasy-F1-League,https://github.com/jm1261/Fantasy-F1-League/blob/main/Data/2024/Lineup/Japan_Results.json,MIT,third_party_recorded,False,True,False,third_party_recorded,historical_fantasy_scores_v3_recorded_2023_2026
2024,4,Japanese Grand Prix,2024-04-07,driver,max_verstappen,jm1261/Fantasy-F1-League:2024:driver:Verstappen,Max Verstappen,VER,Red Bull,47.0,,,,,,29.7,jm1261/Fantasy-F1-League,https://github.com/jm1261/Fantasy-F1-League/blob/main/Data/2024/Lineup/Japan_Results.json,MIT,third_party_recorded,False,True,False,third_party_recorded,historical_fantasy_scores_v3_recorded_2023_2026
2024,4,Japanese Grand Prix,2024-04-07,driver,norris,jm1261/Fantasy-F1-League:2024:driver:Norris,Lando Norris,NOR,McLaren,19.0,,,,,,23.5,jm1261/Fantasy-F1-League,https://github.com/jm1261/Fantasy-F1-League/blob/main/Data/2024/Lineup/Japan_Results.json,MIT,third_party_recorded,False,True,False,third_party_recorded,historical_fantasy_scores_v3_recorded_2023_2026
2024,4,Japanese Grand Prix,2024-04-07,driver,ocon,jm1261/Fantasy-F1-League:2024:driver:Ocon,Esteban Ocon,OCO,Alpine,5.0,,,,,,8.6,jm1261/Fantasy-F1-League,https://github.com/jm1261/Fantasy-F1-League/blob/main/Data/2024/Lineup/Japan_Results.json,MIT,third_party_recorded,False,True,False,third_party_recorded,historical_fantasy_scores_v3_recorded_2023_2026
2024,4,Japanese Grand Prix,2024-04-07,driver,perez,jm1261/Fantasy-F1-League:2024:driver:Perez,Sergio Pérez,PER,Red Bull,33.0,,,,,,22.4,jm1261/Fantasy-F1-League,https://github.com/jm1261/Fantasy-F1-League/blob/main/Data/2024/Lineup/Japan_Results.json,MIT,third_party_recorded,False,True,False,third_party_recorded,historical_fantasy_scores_v3_recorded_2023_2026
2024,4,Japanese Grand Prix,2024-04-07,driver,piastri,jm1261/Fantasy-F1-League:2024:driver:Piastri,Oscar Piastri,PIA,McLaren,10.0,,,,,,19.7,jm1261/Fantasy-F1-League,https://github.com/jm1261/Fantasy-F1-League/blob/main/Data/2024/Lineup/Japan_Results.json,MIT,third_party_recorded,False,True,False,third_party_recorded,historical_fantasy_scores_v3_recorded_2023_2026
2024,4,Japanese Grand Prix,2024-04-07,driver,ricciardo,jm1261/Fantasy-F1-League:2024:driver:Ricciardo,Daniel Ricciardo,RIC,RB,-19.0,,,,,,9.2,jm1261/Fantasy-F1-League,https://github.com/jm1261/Fantasy-F1-League/blob/main/Data/2024/Lineup/Japan_Results.json,MIT,third_party_recorded,False,True,False,third_party_recorded,historical_fantasy_scores_v3_recorded_2023_2026
2024,4,Japanese Grand Prix,2024-04-07,driver,russell,jm1261/Fantasy-F1-League:2024:driver:Russell,George Russell,RUS,Mercedes,13.0,,,,,,18.7,jm1261/Fantasy-F1-League,https://github.com/jm1261/Fantasy-F1-League/blob/main/Data/2024/Lineup/Japan_Results.json,MIT,third_party_recorded,False,True,False,third_party_recorded,historical_fantasy_scores_v3_recorded_2023_2026
2024,4,Japanese Grand Prix,2024-04-07,driver,sainz,jm1261/Fantasy-F1-League:2024:driver:Sainz,Carlos Sainz,SAI,Ferrari,28.0,,,,,,19.8,jm1261/Fantasy-F1-League,https://github.com/jm1261/Fantasy-F1-League/blob/main/Data/2024/Lineup/Japan_Results.json,MIT,third_party_recorded,False,True,False,third_party_recorded,historical_fantasy_scores_v3_recorded_2023_2026
2024,4,Japanese Grand Prix,2024-04-07,driver,sargeant,jm1261/Fantasy-F1-League:2024:driver:Sargeant,Logan Sargeant,SAR,Williams,9.0,,,,,,5.9,jm1261/Fantasy-F1-League,https://github.com/jm1261/Fantasy-F1-League/blob/main/Data/2024/Lineup/Japan_Results.json,MIT,third_party_recorded,False,True,False,third_party_recorded,historical_fantasy_scores_v3_recorded_2023_2026
2024,4,Japanese Grand Prix,2024-04-07,driver,stroll,jm1261/Fantasy-F1-League:2024:driver:Stroll,Lance Stroll,STR,Aston Martin,13.0,,,,,,12.0,jm1261/Fantasy-F1-League,https://github.com/jm1261/Fantasy-F1-League/blob/main/Data/2024/Lineup/Japan_Results.json,MIT,third_party_recorded,False,True,False,third_party_recorded,historical_fantasy_scores_v3_recorded_2023_2026
2024,4,Japanese Grand Prix,2024-04-07,driver,tsunoda,jm1261/Fantasy-F1-League:2024:driver:Tsunoda,Yuki Tsunoda,TSU,RB,10.0,,,,,,8.1,jm1261/Fantasy-F1-League,https://github.com/jm1261/Fantasy-F1-League/blob/main/Data/2024/Lineup/Japan_Results.json,MIT,third_party_recorded,False,True,False,third_party_recorded,historical_fantasy_scores_v3_recorded_2023_2026
2024,4,Japanese Grand Prix,2024-04-07,driver,zhou,jm1261/Fantasy-F1-League:2024:driver:Guanyu,Guanyu Zhou,ZHO,Kick Sauber,-17.0,,,,,,6.8,jm1261/Fantasy-F1-League,https://github.com/jm1261/Fantasy-F1-League/blob/main/Data/2024/Lineup/Japan_Results.json,MIT,third_party_recorded,False,True,False,third_party_recorded,historical_fantasy_scores_v3_recorded_2023_2026
2024,5,Chinese Grand Prix,2024-04-21,constructor,alpine,jm1261/Fantasy-F1-League:2024:constructor:Alpine,Alpine,ALP,,28.0,,,,,,7.9,jm1261/Fantasy-F1-League,https://github.com/jm1261/Fantasy-F1-League/blob/main/Data/2024/Lineup/China_Results.json,MIT,third_party_recorded,False,True,False,third_party_recorded,historical_fantasy_scores_v3_recorded_2023_2026
2024,5,Chinese Grand Prix,2024-04-21,constructor,aston_martin,jm1261/Fantasy-F1-League:2024:constructor:Aston Martin,Aston Martin,AMR,,29.0,,,,,,15.0,jm1261/Fantasy-F1-League,https://github.com/jm1261/Fantasy-F1-League/blob/main/Data/2024/Lineup/China_Results.json,MIT,third_party_recorded,False,True,False,third_party_recorded,historical_fantasy_scores_v3_recorded_2023_2026
2024,5,Chinese Grand Prix,2024-04-21,constructor,ferrari,jm1261/Fantasy-F1-League:2024:constructor:Ferrari,Ferrari,FER,,74.0,,,,,,21.2,jm1261/Fantasy-F1-League,https://github.com/jm1261/Fantasy-F1-League/blob/main/Data/2024/Lineup/China_Results.json,MIT,third_party_recorded,False,True,False,third_party_recorded,historical_fantasy_scores_v3_recorded_2023_2026
2024,5,Chinese Grand Prix,2024-04-21,constructor,haas,jm1261/Fantasy-F1-League:2024:constructor:Haas,Haas,HAS,,26.0,,,,,,7.7,jm1261/Fantasy-F1-League,https://github.com/jm1261/Fantasy-F1-League/blob/main/Data/2024/Lineup/China_Results.json,MIT,third_party_recorded,False,True,False,third_party_recorded,historical_fantasy_scores_v3_recorded_2023_2026
2024,5,Chinese Grand Prix,2024-04-21,constructor,mclaren,jm1261/Fantasy-F1-League:2024:constructor:McLaren,McLaren,MCL,,48.0,,,,,,24.0,jm1261/Fantasy-F1-League,https://github.com/jm1261/Fantasy-F1-League/blob/main/Data/2024/Lineup/China_Results.json,MIT,third_party_recorded,False,True,False,third_party_recorded,historical_fantasy_scores_v3_recorded_2023_2026
2024,5,Chinese Grand Prix,2024-04-21,constructor,mercedes,jm1261/Fantasy-F1-League:2024:constructor:Mercedes,Mercedes,MER,,62.0,,,,,,19.9,jm1261/Fantasy-F1-League,https://github.com/jm1261/Fantasy-F1-League/blob/main/Data/2024/Lineup/China_Results.json,MIT,third_party_recorded,False,True,False,third_party_recorded,historical_fantasy_scores_v3_recorded_2023_2026
2024,5,Chinese Grand Prix,2024-04-21,constructor,rb,jm1261/Fantasy-F1-League:2024:constructor:RB,RB,RB,,-14.0,,,,,,8.6,jm1261/Fantasy-F1-League,https://github.com/jm1261/Fantasy-F1-League/blob/main/Data/2024/Lineup/China_Results.json,MIT,third_party_recorded,False,True,False,third_party_recorded,historical_fantasy_scores_v3_recorded_2023_2026
2024,5,Chinese Grand Prix,2024-04-21,constructor,red_bull,jm1261/Fantasy-F1-League:2024:constructor:Red Bull,Red Bull,RBR,,126.0,,,,,,28.4,jm1261/Fantasy-F1-League,https://github.com/jm1261/Fantasy-F1-League/blob/main/Data/2024/Lineup/China_Results.json,MIT,third_party_recorded,False,True,False,third_party_recorded,historical_fantasy_scores_v3_recorded_2023_2026
2024,5,Chinese Grand Prix,2024-04-21,constructor,sauber,jm1261/Fantasy-F1-League:2024:constructor:Kick Sauber,Kick Sauber,SAU,,4.0,,,,,,6.0,jm1261/Fantasy-F1-League,https://github.com/jm1261/Fantasy-F1-League/blob/main/Data/2024/Lineup/China_Results.json,MIT,third_party_recorded,False,True,False,third_party_recorded,historical_fantasy_scores_v3_recorded_2023_2026
2024,5,Chinese Grand Prix,2024-04-21,constructor,williams,jm1261/Fantasy-F1-League:2024:constructor:Williams,Williams,WIL,,20.0,,,,,,6.4,jm1261/Fantasy-F1-League,https://github.com/jm1261/Fantasy-F1-League/blob/main/Data/2024/Lineup/China_Results.json,MIT,third_party_recorded,False,True,False,third_party_recorded,historical_fantasy_scores_v3_recorded_2023_2026
2024,5,Chinese Grand Prix,2024-04-21,driver,albon,jm1261/Fantasy-F1-League:2024:driver:Albon,Alexander Albon,ALB,Williams,11.0,,,,,,7.2,jm1261/Fantasy-F1-League,https://github.com/jm1261/Fantasy-F1-League/blob/main/Data/2024/Lineup/China_Results.json,MIT,third_party_recorded,False,True,False,third_party_recorded,historical_fantasy_scores_v3_recorded_2023_2026
2024,5,Chinese Grand Prix,2024-04-21,driver,alonso,jm1261/Fantasy-F1-League:2024:driver:Alonso,Fernando Alonso,ALO,Aston Martin,15.0,,,,,,16.4,jm1261/Fantasy-F1-League,https://github.com/jm1261/Fantasy-F1-League/blob/main/Data/2024/Lineup/China_Results.json,MIT,third_party_recorded,False,True,False,third_party_recorded,historical_fantasy_scores_v3_recorded_2023_2026
2024,5,Chinese Grand Prix,2024-04-21,driver,bottas,jm1261/Fantasy-F1-League:2024:driver:Bottas,Valtteri Bottas,BOT,Kick Sauber,-14.0,,,,,,6.4,jm1261/Fantasy-F1-League,https://github.com/jm1261/Fantasy-F1-League/blob/main/Data/2024/Lineup/China_Results.json,MIT,third_party_recorded,False,True,False,third_party_recorded,historical_fantasy_scores_v3_recorded_2023_2026
2024,5,Chinese Grand Prix,2024-04-21,driver,gasly,jm1261/Fantasy-F1-League:2024:driver:Gasly,Pierre Gasly,GAS,Alpine,13.0,,,,,,7.3,jm1261/Fantasy-F1-League,https://github.com/jm1261/Fantasy-F1-League/blob/main/Data/2024/Lineup/China_Results.json,MIT,third_party_recorded,False,True,False,third_party_recorded,historical_fantasy_scores_v3_recorded_2023_2026
2024,5,Chinese Grand Prix,2024-04-21,driver,hamilton,jm1261/Fantasy-F1-League:2024:driver:Hamilton,Lewis Hamilton,HAM,Mercedes,30.0,,,,,,18.7,jm1261/Fantasy-F1-League,https://github.com/jm1261/Fantasy-F1-League/blob/main/Data/2024/Lineup/China_Results.json,MIT,third_party_recorded,False,True,False,third_party_recorded,historical_fantasy_scores_v3_recorded_2023_2026
2024,5,Chinese Grand Prix,2024-04-21,driver,hulkenberg,jm1261/Fantasy-F1-League:2024:driver:Hulkenberg,Nico Hülkenberg,HUL,Haas,4.0,,,,,,7.7,jm1261/Fantasy-F1-League,https://github.com/jm1261/Fantasy-F1-League/blob/main/Data/2024/Lineup/China_Results.json,MIT,third_party_recorded,False,True,False,third_party_recorded,historical_fantasy_scores_v3_recorded_2023_2026
2024,5,Chinese Grand Prix,2024-04-21,driver,kevin_magnussen,jm1261/Fantasy-F1-League:2024:driver:Magnussen,Kevin Magnussen,MAG,Haas,17.0,,,,,,8.2,jm1261/Fantasy-F1-League,https://github.com/jm1261/Fantasy-F1-League/blob/main/Data/2024/Lineup/China_Results.json,MIT,third_party_recorded,False,True,False,third_party_recorded,historical_fantasy_scores_v3_recorded_2023_2026
2024,5,Chinese Grand Prix,2024-04-21,driver,leclerc,jm1261/Fantasy-F1-League:2024:driver:Leclerc,Charles Leclerc,LEC,Ferrari,34.0,,,,,,21.7,jm1261/Fantasy-F1-League,https://github.com/jm1261/Fantasy-F1-League/blob/main/Data/2024/Lineup/China_Results.json,MIT,third_party_recorded,False,True,False,third_party_recorded,historical_fantasy_scores_v3_recorded_2023_2026
2024,5,Chinese Grand Prix,2024-04-21,driver,max_verstappen,jm1261/Fantasy-F1-League:2024:driver:Verstappen,Max Verstappen,VER,Red Bull,58.0,,,,,,29.9,jm1261/Fantasy-F1-League,https://github.com/jm1261/Fantasy-F1-League/blob/main/Data/2024/Lineup/China_Results.json,MIT,third_party_recorded,False,True,False,third_party_recorded,historical_fantasy_scores_v3_recorded_2023_2026
2024,5,Chinese Grand Prix,2024-04-21,driver,norris,jm1261/Fantasy-F1-League:2024:driver:Norris,Lando Norris,NOR,McLaren,36.0,,,,,,23.8,jm1261/Fantasy-F1-League,https://github.com/jm1261/Fantasy-F1-League/blob/main/Data/2024/Lineup/China_Results.json,MIT,third_party_recorded,False,True,False,third_party_recorded,historical_fantasy_scores_v3_recorded_2023_2026
2024,5,Chinese Grand Prix,2024-04-21,driver,ocon,jm1261/Fantasy-F1-League:2024:driver:Ocon,Esteban Ocon,OCO,Alpine,12.0,,,,,,8.5,jm1261/Fantasy-F1-League,https://github.com/jm1261/Fantasy-F1-League/blob/main/Data/2024/Lineup/China_Results.json,MIT,third_party_recorded,False,True,False,third_party_recorded,historical_fantasy_scores_v3_recorded_2023_2026
2024,5,Chinese Grand Prix,2024-04-21,driver,perez,jm1261/Fantasy-F1-League:2024:driver:Perez,Sergio Pérez,PER,Red Bull,40.0,,,,,,22.7,jm1261/Fantasy-F1-League,https://github.com/jm1261/Fantasy-F1-League/blob/main/Data/2024/Lineup/China_Results.json,MIT,third_party_recorded,False,True,False,third_party_recorded,historical_fantasy_scores_v3_recorded_2023_2026
2024,5,Chinese Grand Prix,2024-04-21,driver,piastri,jm1261/Fantasy-F1-League:2024:driver:Piastri,Oscar Piastri,PIA,McLaren,12.0,,,,,,19.8,jm1261/Fantasy-F1-League,https://github.com/jm1261/Fantasy-F1-League/blob/main/Data/2024/Lineup/China_Results.json,MIT,third_party_recorded,False,True,False,third_party_recorded,historical_fantasy_scores_v3_recorded_2023_2026
2024,5,Chinese Grand Prix,2024-04-21,driver,ricciardo,jm1261/Fantasy-F1-League:2024:driver:Ricciardo,Daniel Ricciardo,RIC,RB,-9.0,,,,,,9.0,jm1261/Fantasy-F1-League,https://github.com/jm1261/Fantasy-F1-League/blob/main/Data/2024/Lineup/China_Results.json,MIT,third_party_recorded,False,True,False,third_party_recorded,historical_fantasy_scores_v3_recorded_2023_2026
2024,5,Chinese Grand Prix,2024-04-21,driver,russell,jm1261/Fantasy-F1-League:2024:driver:Russell,George Russell,RUS,Mercedes,27.0,,,,,,18.8,jm1261/Fantasy-F1-League,https://github.com/jm1261/Fantasy-F1-League/blob/main/Data/2024/Lineup/China_Results.json,MIT,third_party_recorded,False,True,False,third_party_recorded,historical_fantasy_scores_v3_recorded_2023_2026
2024,5,Chinese Grand Prix,2024-04-21,driver,sainz,jm1261/Fantasy-F1-League:2024:driver:Sainz,Carlos Sainz,SAI,Ferrari,30.0,,,,,,20.1,jm1261/Fantasy-F1-League,https://github.com/jm1261/Fantasy-F1-League/blob/main/Data/2024/Lineup/China_Results.json,MIT,third_party_recorded,False,True,False,third_party_recorded,historical_fantasy_scores_v3_recorded_2023_2026
2024,5,Chinese Grand Prix,2024-04-21,driver,sargeant,jm1261/Fantasy-F1-League:2024:driver:Sargeant,Logan Sargeant,SAR,Williams,8.0,,,,,,6.4,jm1261/Fantasy-F1-League,https://github.com/jm1261/Fantasy-F1-League/blob/main/Data/2024/Lineup/China_Results.json,MIT,third_party_recorded,False,True,False,third_party_recorded,historical_fantasy_scores_v3_recorded_2023_2026
2024,5,Chinese Grand Prix,2024-04-21,driver,stroll,jm1261/Fantasy-F1-League:2024:driver:Stroll,Lance Stroll,STR,Aston Martin,9.0,,,,,,12.5,jm1261/Fantasy-F1-League,https://github.com/jm1261/Fantasy-F1-League/blob/main/Data/2024/Lineup/China_Results.json,MIT,third_party_recorded,False,True,False,third_party_recorded,historical_fantasy_scores_v3_recorded_2023_2026
2024,5,Chinese Grand Prix,2024-04-21,driver,tsunoda,jm1261/Fantasy-F1-League:2024:driver:Tsunoda,Yuki Tsunoda,TSU,RB,-6.0,,,,,,8.6,jm1261/Fantasy-F1-League,https://github.com/jm1261/Fantasy-F1-League/blob/main/Data/2024/Lineup/China_Results.json,MIT,third_party_recorded,False,True,False,third_party_recorded,historical_fantasy_scores_v3_recorded_2023_2026
2024,5,Chinese Grand Prix,2024-04-21,driver,zhou,jm1261/Fantasy-F1-League:2024:driver:Guanyu,Guanyu Zhou,ZHO,Kick Sauber,13.0,,,,,,6.6,jm1261/Fantasy-F1-League,https://github.com/jm1261/Fantasy-F1-League/blob/main/Data/2024/Lineup/China_Results.json,MIT,third_party_recorded,False,True,False,third_party_recorded,historical_fantasy_scores_v3_recorded_2023_2026
2024,6,Miami Grand Prix,2024-05-05,constructor,alpine,jm1261/Fantasy-F1-League:2024:constructor:Alpine,Alpine,ALP,,29.0,,,,,,8.4,jm1261/Fantasy-F1-League,https://github.com/jm1261/Fantasy-F1-League/blob/main/Data/2024/Lineup/Miami_Results.json,MIT,third_party_recorded,False,True,False,third_party_recorded,historical_fantasy_scores_v3_recorded_2023_2026
2024,6,Miami Grand Prix,2024-05-05,constructor,aston_martin,jm1261/Fantasy-F1-League:2024:constructor:Aston Martin,Aston Martin,AMR,,-7.0,,,,,,15.1,jm1261/Fantasy-F1-League,https://github.com/jm1261/Fantasy-F1-League/blob/main/Data/2024/Lineup/Miami_Results.json,MIT,third_party_recorded,False,True,False,third_party_recorded,historical_fantasy_scores_v3_recorded_2023_2026
2024,6,Miami Grand Prix,2024-05-05,constructor,ferrari,jm1261/Fantasy-F1-League:2024:constructor:Ferrari,Ferrari,FER,,79.0,,,,,,21.5,jm1261/Fantasy-F1-League,https://github.com/jm1261/Fantasy-F1-League/blob/main/Data/2024/Lineup/Miami_Results.json,MIT,third_party_recorded,False,True,False,third_party_recorded,historical_fantasy_scores_v3_recorded_2023_2026
2024,6,Miami Grand Prix,2024-05-05,constructor,haas,jm1261/Fantasy-F1-League:2024:constructor:Haas,Haas,HAS,,19.0,,,,,,8.2,jm1261/Fantasy-F1-League,https://github.com/jm1261/Fantasy-F1-League/blob/main/Data/2024/Lineup/Miami_Results.json,MIT,third_party_recorded,False,True,False,third_party_recorded,historical_fantasy_scores_v3_recorded_2023_2026
2024,6,Miami Grand Prix,2024-05-05,constructor,mclaren,jm1261/Fantasy-F1-League:2024:constructor:McLaren,McLaren,MCL,,50.0,,,,,,24.1,jm1261/Fantasy-F1-League,https://github.com/jm1261/Fantasy-F1-League/blob/main/Data/2024/Lineup/Miami_Results.json,MIT,third_party_recorded,False,True,False,third_party_recorded,historical_fantasy_scores_v3_recorded_2023_2026
2024,6,Miami Grand Prix,2024-05-05,constructor,mercedes,jm1261/Fantasy-F1-League:2024:constructor:Mercedes,Mercedes,MER,,40.0,,,,,,20.2,jm1261/Fantasy-F1-League,https://github.com/jm1261/Fantasy-F1-League/blob/main/Data/2024/Lineup/Miami_Results.json,MIT,third_party_recorded,False,True,False,third_party_recorded,historical_fantasy_scores_v3_recorded_2023_2026
2024,6,Miami Grand Prix,2024-05-05,constructor,rb,jm1261/Fantasy-F1-League:2024:constructor:RB,RB,RB,,44.0,,,,,,8.4,jm1261/Fantasy-F1-League,https://github.com/jm1261/Fantasy-F1-League/blob/main/Data/2024/Lineup/Miami_Results.json,MIT,third_party_recorded,False,True,False,third_party_recorded,historical_fantasy_scores_v3_recorded_2023_2026
2024,6,Miami Grand Prix,2024-05-05,constructor,red_bull,jm1261/Fantasy-F1-League:2024:constructor:Red Bull,Red Bull,RBR,,85.0,,,,,,28.6,jm1261/Fantasy-F1-League,https://github.com/jm1261/Fantasy-F1-League/blob/main/Data/2024/Lineup/Miami_Results.json,MIT,third_party_recorded,False,True,False,third_party_recorded,historical_fantasy_scores_v3_recorded_2023_2026
2024,6,Miami Grand Prix,2024-05-05,constructor,sauber,jm1261/Fantasy-F1-League:2024:constructor:Kick Sauber,Kick Sauber,SAU,,29.0,,,,,,5.9,jm1261/Fantasy-F1-League,https://github.com/jm1261/Fantasy-F1-League/blob/main/Data/2024/Lineup/Miami_Results.json,MIT,third_party_recorded,False,True,False,third_party_recorded,historical_fantasy_scores_v3_recorded_2023_2026
2024,6,Miami Grand Prix,2024-05-05,constructor,williams,jm1261/Fantasy-F1-League:2024:constructor:Williams,Williams,WIL,,4.0,,,,,,6.3,jm1261/Fantasy-F1-League,https://github.com/jm1261/Fantasy-F1-League/blob/main/Data/2024/Lineup/Miami_Results.json,MIT,third_party_recorded,False,True,False,third_party_recorded,historical_fantasy_scores_v3_recorded_2023_2026
2024,6,Miami Grand Prix,2024-05-05,driver,albon,jm1261/Fantasy-F1-League:2024:driver:Albon,Alexander Albon,ALB,Williams,10.0,,,,,,7.5,jm1261/Fantasy-F1-League,https://github.com/jm1261/Fantasy-F1-League/blob/main/Data/2024/Lineup/Miami_Results.json,MIT,third_party_recorded,False,True,False,third_party_recorded,historical_fantasy_scores_v3_recorded_2023_2026
2024,6,Miami Grand Prix,2024-05-05,driver,alonso,jm1261/Fantasy-F1-League:2024:driver:Alonso,Fernando Alonso,ALO,Aston Martin,9.0,,,,,,16.5,jm1261/Fantasy-F1-League,https://github.com/jm1261/Fantasy-F1-League/blob/main/Data/2024/Lineup/Miami_Results.json,MIT,third_party_recorded,False,True,False,third_party_recorded,historical_fantasy_scores_v3_recorded_2023_2026
2024,6,Miami Grand Prix,2024-05-05,driver,bottas,jm1261/Fantasy-F1-League:2024:driver:Bottas,Valtteri Bottas,BOT,Kick Sauber,10.0,,,,,,6.2,jm1261/Fantasy-F1-League,https://github.com/jm1261/Fantasy-F1-League/blob/main/Data/2024/Lineup/Miami_Results.json,MIT,third_party_recorded,False,True,False,third_party_recorded,historical_fantasy_scores_v3_recorded_2023_2026
2024,6,Miami Grand Prix,2024-05-05,driver,gasly,jm1261/Fantasy-F1-League:2024:driver:Gasly,Pierre Gasly,GAS,Alpine,15.0,,,,,,8.0,jm1261/Fantasy-F1-League,https://github.com/jm1261/Fantasy-F1-League/blob/main/Data/2024/Lineup/Miami_Results.json,MIT,third_party_recorded,False,True,False,third_party_recorded,historical_fantasy_scores_v3_recorded_2023_2026
2024,6,Miami Grand Prix,2024-05-05,driver,hamilton,jm1261/Fantasy-F1-League:2024:driver:Hamilton,Lewis Hamilton,HAM,Mercedes,20.0,,,,,,19.0,jm1261/Fantasy-F1-League,https://github.com/jm1261/Fantasy-F1-League/blob/main/Data/2024/Lineup/Miami_Results.json,MIT,third_party_recorded,False,True,False,third_party_recorded,historical_fantasy_scores_v3_recorded_2023_2026
2024,6,Miami Grand Prix,2024-05-05,driver,hulkenberg,jm1261/Fantasy-F1-League:2024:driver:Hulkenberg,Nico Hülkenberg,HUL,Haas,13.0,,,,,,7.6,jm1261/Fantasy-F1-League,https://github.com/jm1261/Fantasy-F1-League/blob/main/Data/2024/Lineup/Miami_Results.json,MIT,third_party_recorded,False,True,False,third_party_recorded,historical_fantasy_scores_v3_recorded_2023_2026
2024,6,Miami Grand Prix,2024-05-05,driver,kevin_magnussen,jm1261/Fantasy-F1-League:2024:driver:Magnussen,Kevin Magnussen,MAG,Haas,1.0,,,,,,8.7,jm1261/Fantasy-F1-League,https://github.com/jm1261/Fantasy-F1-League/blob/main/Data/2024/Lineup/Miami_Results.json,MIT,third_party_recorded,False,True,False,third_party_recorded,historical_fantasy_scores_v3_recorded_2023_2026
2024,6,Miami Grand Prix,2024-05-05,driver,leclerc,jm1261/Fantasy-F1-League:2024:driver:Leclerc,Charles Leclerc,LEC,Ferrari,33.0,,,,,,22.0,jm1261/Fantasy-F1-League,https://github.com/jm1261/Fantasy-F1-League/blob/main/Data/2024/Lineup/Miami_Results.json,MIT,third_party_recorded,False,True,False,third_party_recorded,historical_fantasy_scores_v3_recorded_2023_2026
2024,6,Miami Grand Prix,2024-05-05,driver,max_verstappen,jm1261/Fantasy-F1-League:2024:driver:Verstappen,Max Verstappen,VER,Red Bull,40.0,,,,,,30.1,jm1261/Fantasy-F1-League,https://github.com/jm1261/Fantasy-F1-League/blob/main/Data/2024/Lineup/Miami_Results.json,MIT,third_party_recorded,False,True,False,third_party_recorded,historical_fantasy_scores_v3_recorded_2023_2026
2024,6,Miami Grand Prix,2024-05-05,driver,norris,jm1261/Fantasy-F1-League:2024:driver:Norris,Lando Norris,NOR,McLaren,25.0,,,,,,24.1,jm1261/Fantasy-F1-League,https://github.com/jm1261/Fantasy-F1-League/blob/main/Data/2024/Lineup/Miami_Results.json,MIT,third_party_recorded,False,True,False,third_party_recorded,historical_fantasy_scores_v3_recorded_2023_2026
2024,6,Miami Grand Prix,2024-05-05,driver,ocon,jm1261/Fantasy-F1-League:2024:driver:Ocon,Esteban Ocon,OCO,Alpine,11.0,,,,,,9.0,jm1261/Fantasy-F1-League,https://github.com/jm1261/Fantasy-F1-League/blob/main/Data/2024/Lineup/Miami_Results.json,MIT,third_party_recorded,False,True,False,third_party_recorded,historical_fantasy_scores_v3_recorded_2023_2026
2024,6,Miami Grand Prix,2024-05-05,driver,perez,jm1261/Fantasy-F1-League:2024:driver:Perez,Sergio Pérez,PER,Red Bull,30.0,,,,,,23.0,jm1261/Fantasy-F1-League,https://github.com/jm1261/Fantasy-F1-League/blob/main/Data/2024/Lineup/Miami_Results.json,MIT,third_party_recorded,False,True,False,third_party_recorded,historical_fantasy_scores_v3_recorded_2023_2026
2024,6,Miami Grand Prix,2024-05-05,driver,piastri,jm1261/Fantasy-F1-League:2024:driver:Piastri,Oscar Piastri,PIA,McLaren,22.0,,,,,,19.9,jm1261/Fantasy-F1-League,https://github.com/jm1261/Fantasy-F1-League/blob/main/Data/2024/Lineup/Miami_Results.json,MIT,third_party_recorded,False,True,False,third_party_recorded,historical_fantasy_scores_v3_recorded_2023_2026
2024,6,Miami Grand Prix,2024-05-05,driver,ricciardo,jm1261/Fantasy-F1-League:2024:driver:Ricciardo,Daniel Ricciardo,RIC,RB,16.0,,,,,,8.8,jm1261/Fantasy-F1-League,https://github.com/jm1261/Fantasy-F1-League/blob/main/Data/2024/Lineup/Miami_Results.json,MIT,third_party_recorded,False,True,False,third_party_recorded,historical_fantasy_scores_v3_recorded_2023_2026
2024,6,Miami Grand Prix,2024-05-05,driver,russell,jm1261/Fantasy-F1-League:2024:driver:Russell,George Russell,RUS,Mercedes,10.0,,,,,,19.1,jm1261/Fantasy-F1-League,https://github.com/jm1261/Fantasy-F1-League/blob/main/Data/2024/Lineup/Miami_Results.json,MIT,third_party_recorded,False,True,False,third_party_recorded,historical_fantasy_scores_v3_recorded_2023_2026
2024,6,Miami Grand Prix,2024-05-05,driver,sainz,jm1261/Fantasy-F1-League:2024:driver:Sainz,Carlos Sainz,SAI,Ferrari,26.0,,,,,,20.4,jm1261/Fantasy-F1-League,https://github.com/jm1261/Fantasy-F1-League/blob/main/Data/2024/Lineup/Miami_Results.json,MIT,third_party_recorded,False,True,False,third_party_recorded,historical_fantasy_scores_v3_recorded_2023_2026
2024,6,Miami Grand Prix,2024-05-05,driver,sargeant,jm1261/Fantasy-F1-League:2024:driver:Sargeant,Logan Sargeant,SAR,Williams,-7.0,,,,,,5.9,jm1261/Fantasy-F1-League,https://github.com/jm1261/Fantasy-F1-League/blob/main/Data/2024/Lineup/Miami_Results.json,MIT,third_party_recorded,False,True,False,third_party_recorded,historical_fantasy_scores_v3_recorded_2023_2026
2024,6,Miami Grand Prix,2024-05-05,driver,stroll,jm1261/Fantasy-F1-League:2024:driver:Stroll,Lance Stroll,STR,Aston Martin,-19.0,,,,,,13.0,jm1261/Fantasy-F1-League,https://github.com/jm1261/Fantasy-F1-League/blob/main/Data/2024/Lineup/Miami_Results.json,MIT,third_party_recorded,False,True,False,third_party_recorded,historical_fantasy_scores_v3_recorded_2023_2026
2024,6,Miami Grand Prix,2024-05-05,driver,tsunoda,jm1261/Fantasy-F1-League:2024:driver:Tsunoda,Yuki Tsunoda,TSU,RB,23.0,,,,,,8.4,jm1261/Fantasy-F1-League,https://github.com/jm1261/Fantasy-F1-League/blob/main/Data/2024/Lineup/Miami_Results.json,MIT,third_party_recorded,False,True,False,third_party_recorded,historical_fantasy_scores_v3_recorded_2023_2026
2024,6,Miami Grand Prix,2024-05-05,driver,zhou,jm1261/Fantasy-F1-League:2024:driver:Guanyu,Guanyu Zhou,ZHO,Kick Sauber,20.0,,,,,,7.1,jm1261/Fantasy-F1-League,https://github.com/jm1261/Fantasy-F1-League/blob/main/Data/2024/Lineup/Miami_Results.json,MIT,third_party_recorded,False,True,False,third_party_recorded,historical_fantasy_scores_v3_recorded_2023_2026
2024,7,Emilia Romagna Grand Prix,2024-05-19,constructor,alpine,jm1261/Fantasy-F1-League:2024:constructor:Alpine,Alpine,ALP,,5.0,,,,,,8.9,jm1261/Fantasy-F1-League,https://github.com/jm1261/Fantasy-F1-League/blob/main/Data/2024/Lineup/Emilia%20Romagna_Results.json,MIT,third_party_recorded,False,True,False,third_party_recorded,historical_fantasy_scores_v3_recorded_2023_2026
2024,7,Emilia Romagna Grand Prix,2024-05-19,constructor,aston_martin,jm1261/Fantasy-F1-League:2024:constructor:Aston Martin,Aston Martin,AMR,,15.0,,,,,,14.6,jm1261/Fantasy-F1-League,https://github.com/jm1261/Fantasy-F1-League/blob/main/Data/2024/Lineup/Emilia%20Romagna_Results.json,MIT,third_party_recorded,False,True,False,third_party_recorded,historical_fantasy_scores_v3_recorded_2023_2026
2024,7,Emilia Romagna Grand Prix,2024-05-19,constructor,ferrari,jm1261/Fantasy-F1-League:2024:constructor:Ferrari,Ferrari,FER,,51.0,,,,,,21.8,jm1261/Fantasy-F1-League,https://github.com/jm1261/Fantasy-F1-League/blob/main/Data/2024/Lineup/Emilia%20Romagna_Results.json,MIT,third_party_recorded,False,True,False,third_party_recorded,historical_fantasy_scores_v3_recorded_2023_2026
2024,7,Emilia Romagna Grand Prix,2024-05-19,constructor,haas,jm1261/Fantasy-F1-League:2024:constructor:Haas,Haas,HAS,,21.0,,,,,,8.7,jm1261/Fantasy-F1-League,https://github.com/jm1261/Fantasy-F1-League/blob/main/Data/2024/Lineup/Emilia%20Romagna_Results.json,MIT,third_party_recorded,False,True,False,third_party_recorded,historical_fantasy_scores_v3_recorded_2023_2026
2024,7,Emilia Romagna Grand Prix,2024-05-19,constructor,mclaren,jm1261/Fantasy-F1-League:2024:constructor:McLaren,McLaren,MCL,,64.0,,,,,,24.2,jm1261/Fantasy-F1-League,https://github.com/jm1261/Fantasy-F1-League/blob/main/Data/2024/Lineup/Emilia%20Romagna_Results.json,MIT,third_party_recorded,False,True,False,third_party_recorded,historical_fantasy_scores_v3_recorded_2023_2026
2024,7,Emilia Romagna Grand Prix,2024-05-19,constructor,mercedes,jm1261/Fantasy-F1-League:2024:constructor:Mercedes,Mercedes,MER,,54.0,,,,,,20.3,jm1261/Fantasy-F1-League,https://github.com/jm1261/Fantasy-F1-League/blob/main/Data/2024/Lineup/Emilia%20Romagna_Results.json,MIT,third_party_recorded,False,True,False,third_party_recorded,historical_fantasy_scores_v3_recorded_2023_2026
2024,7,Emilia Romagna Grand Prix,2024-05-19,constructor,rb,jm1261/Fantasy-F1-League:2024:constructor:RB,RB,RB,,12.0,,,,,,8.9,jm1261/Fantasy-F1-League,https://github.com/jm1261/Fantasy-F1-League/blob/main/Data/2024/Lineup/Emilia%20Romagna_Results.json,MIT,third_party_recorded,False,True,False,third_party_recorded,historical_fantasy_scores_v3_recorded_2023_2026
2024,7,Emilia Romagna Grand Prix,2024-05-19,constructor,red_bull,jm1261/Fantasy-F1-League:2024:constructor:Red Bull,Red Bull,RBR,,61.0,,,,,,28.7,jm1261/Fantasy-F1-League,https://github.com/jm1261/Fantasy-F1-League/blob/main/Data/2024/Lineup/Emilia%20Romagna_Results.json,MIT,third_party_recorded,False,True,False,third_party_recorded,historical_fantasy_scores_v3_recorded_2023_2026
2024,7,Emilia Romagna Grand Prix,2024-05-19,constructor,sauber,jm1261/Fantasy-F1-League:2024:constructor:Kick Sauber,Kick Sauber,SAU,,2.0,,,,,,6.4,jm1261/Fantasy-F1-League,https://github.com/jm1261/Fantasy-F1-League/blob/main/Data/2024/Lineup/Emilia%20Romagna_Results.json,MIT,third_party_recorded,False,True,False,third_party_recorded,historical_fantasy_scores_v3_recorded_2023_2026
2024,7,Emilia Romagna Grand Prix,2024-05-19,constructor,williams,jm1261/Fantasy-F1-League:2024:constructor:Williams,Williams,WIL,,-21.0,,,,,,6.2,jm1261/Fantasy-F1-League,https://github.com/jm1261/Fantasy-F1-League/blob/main/Data/2024/Lineup/Emilia%20Romagna_Results.json,MIT,third_party_recorded,False,True,False,third_party_recorded,historical_fantasy_scores_v3_recorded_2023_2026
2024,7,Emilia Romagna Grand Prix,2024-05-19,driver,albon,jm1261/Fantasy-F1-League:2024:driver:Albon,Alexander Albon,ALB,Williams,-20.0,,,,,,8.0,jm1261/Fantasy-F1-League,https://github.com/jm1261/Fantasy-F1-League/blob/main/Data/2024/Lineup/Emilia%20Romagna_Results.json,MIT,third_party_recorded,False,True,False,third_party_recorded,historical_fantasy_scores_v3_recorded_2023_2026
2024,7,Emilia Romagna Grand Prix,2024-05-19,driver,alonso,jm1261/Fantasy-F1-League:2024:driver:Alonso,Fernando Alonso,ALO,Aston Martin,2.0,,,,,,16.6,jm1261/Fantasy-F1-League,https://github.com/jm1261/Fantasy-F1-League/blob/main/Data/2024/Lineup/Emilia%20Romagna_Results.json,MIT,third_party_recorded,False,True,False,third_party_recorded,historical_fantasy_scores_v3_recorded_2023_2026
2024,7,Emilia Romagna Grand Prix,2024-05-19,driver,bottas,jm1261/Fantasy-F1-League:2024:driver:Bottas,Valtteri Bottas,BOT,Kick Sauber,-2.0,,,,,,6.7,jm1261/Fantasy-F1-League,https://github.com/jm1261/Fantasy-F1-League/blob/main/Data/2024/Lineup/Emilia%20Romagna_Results.json,MIT,third_party_recorded,False,True,False,third_party_recorded,historical_fantasy_scores_v3_recorded_2023_2026
2024,7,Emilia Romagna Grand Prix,2024-05-19,driver,gasly,jm1261/Fantasy-F1-League:2024:driver:Gasly,Pierre Gasly,GAS,Alpine,1.0,,,,,,8.3,jm1261/Fantasy-F1-League,https://github.com/jm1261/Fantasy-F1-League/blob/main/Data/2024/Lineup/Emilia%20Romagna_Results.json,MIT,third_party_recorded,False,True,False,third_party_recorded,historical_fantasy_scores_v3_recorded_2023_2026
2024,7,Emilia Romagna Grand Prix,2024-05-19,driver,hamilton,jm1261/Fantasy-F1-League:2024:driver:Hamilton,Lewis Hamilton,HAM,Mercedes,16.0,,,,,,19.1,jm1261/Fantasy-F1-League,https://github.com/jm1261/Fantasy-F1-League/blob/main/Data/2024/Lineup/Emilia%20Romagna_Results.json,MIT,third_party_recorded,False,True,False,third_party_recorded,historical_fantasy_scores_v3_recorded_2023_2026
2024,7,Emilia Romagna Grand Prix,2024-05-19,driver,hulkenberg,jm1261/Fantasy-F1-League:2024:driver:Hulkenberg,Nico Hülkenberg,HUL,Haas,3.0,,,,,,8.0,jm1261/Fantasy-F1-League,https://github.com/jm1261/Fantasy-F1-League/blob/main/Data/2024/Lineup/Emilia%20Romagna_Results.json,MIT,third_party_recorded,False,True,False,third_party_recorded,historical_fantasy_scores_v3_recorded_2023_2026
2024,7,Emilia Romagna Grand Prix,2024-05-19,driver,kevin_magnussen,jm1261/Fantasy-F1-League:2024:driver:Magnussen,Kevin Magnussen,MAG,Haas,13.0,,,,,,9.1,jm1261/Fantasy-F1-League,https://github.com/jm1261/Fantasy-F1-League/blob/main/Data/2024/Lineup/Emilia%20Romagna_Results.json,MIT,third_party_recorded,False,True,False,third_party_recorded,historical_fantasy_scores_v3_recorded_2023_2026
2024,7,Emilia Romagna Grand Prix,2024-05-19,driver,leclerc,jm1261/Fantasy-F1-League:2024:driver:Leclerc,Charles Leclerc,LEC,Ferrari,24.0,,,,,,22.3,jm1261/Fantasy-F1-League,https://github.com/jm1261/Fantasy-F1-League/blob/main/Data/2024/Lineup/Emilia%20Romagna_Results.json,MIT,third_party_recorded,False,True,False,third_party_recorded,historical_fantasy_scores_v3_recorded_2023_2026
2024,7,Emilia Romagna Grand Prix,2024-05-19,driver,max_verstappen,jm1261/Fantasy-F1-League:2024:driver:Verstappen,Max Verstappen,VER,Red Bull,35.0,,,,,,30.2,jm1261/Fantasy-F1-League,https://github.com/jm1261/Fantasy-F1-League/blob/main/Data/2024/Lineup/Emilia%20Romagna_Results.json,MIT,third_party_recorded,False,True,False,third_party_recorded,historical_fantasy_scores_v3_recorded_2023_2026
2024,7,Emilia Romagna Grand Prix,2024-05-19,driver,norris,jm1261/Fantasy-F1-League:2024:driver:Norris,Lando Norris,NOR,McLaren,37.0,,,,,,24.4,jm1261/Fantasy-F1-League,https://github.com/jm1261/Fantasy-F1-League/blob/main/Data/2024/Lineup/Emilia%20Romagna_Results.json,MIT,third_party_recorded,False,True,False,third_party_recorded,historical_fantasy_scores_v3_recorded_2023_2026
2024,7,Emilia Romagna Grand Prix,2024-05-19,driver,ocon,jm1261/Fantasy-F1-League:2024:driver:Ocon,Esteban Ocon,OCO,Alpine,1.0,,,,,,9.4,jm1261/Fantasy-F1-League,https://github.com/jm1261/Fantasy-F1-League/blob/main/Data/2024/Lineup/Emilia%20Romagna_Results.json,MIT,third_party_recorded,False,True,False,third_party_recorded,historical_fantasy_scores_v3_recorded_2023_2026
2024,7,Emilia Romagna Grand Prix,2024-05-19,driver,perez,jm1261/Fantasy-F1-League:2024:driver:Perez,Sergio Pérez,PER,Red Bull,11.0,,,,,,23.4,jm1261/Fantasy-F1-League,https://github.com/jm1261/Fantasy-F1-League/blob/main/Data/2024/Lineup/Emilia%20Romagna_Results.json,MIT,third_party_recorded,False,True,False,third_party_recorded,historical_fantasy_scores_v3_recorded_2023_2026
2024,7,Emilia Romagna Grand Prix,2024-05-19,driver,piastri,jm1261/Fantasy-F1-League:2024:driver:Piastri,Oscar Piastri,PIA,McLaren,24.0,,,,,,20.3,jm1261/Fantasy-F1-League,https://github.com/jm1261/Fantasy-F1-League/blob/main/Data/2024/Lineup/Emilia%20Romagna_Results.json,MIT,third_party_recorded,False,True,False,third_party_recorded,historical_fantasy_scores_v3_recorded_2023_2026
2024,7,Emilia Romagna Grand Prix,2024-05-19,driver,ricciardo,jm1261/Fantasy-F1-League:2024:driver:Ricciardo,Daniel Ricciardo,RIC,RB,-2.0,,,,,,9.3,jm1261/Fantasy-F1-League,https://github.com/jm1261/Fantasy-F1-League/blob/main/Data/2024/Lineup/Emilia%20Romagna_Results.json,MIT,third_party_recorded,False,True,False,third_party_recorded,historical_fantasy_scores_v3_recorded_2023_2026
2024,7,Emilia Romagna Grand Prix,2024-05-19,driver,russell,jm1261/Fantasy-F1-League:2024:driver:Russell,George Russell,RUS,Mercedes,23.0,,,,,,19.2,jm1261/Fantasy-F1-League,https://github.com/jm1261/Fantasy-F1-League/blob/main/Data/2024/Lineup/Emilia%20Romagna_Results.json,MIT,third_party_recorded,False,True,False,third_party_recorded,historical_fantasy_scores_v3_recorded_2023_2026
2024,7,Emilia Romagna Grand Prix,2024-05-19,driver,sainz,jm1261/Fantasy-F1-League:2024:driver:Sainz,Carlos Sainz,SAI,Ferrari,17.0,,,,,,20.7,jm1261/Fantasy-F1-League,https://github.com/jm1261/Fantasy-F1-League/blob/main/Data/2024/Lineup/Emilia%20Romagna_Results.json,MIT,third_party_recorded,False,True,False,third_party_recorded,historical_fantasy_scores_v3_recorded_2023_2026
2024,7,Emilia Romagna Grand Prix,2024-05-19,driver,sargeant,jm1261/Fantasy-F1-League:2024:driver:Sargeant,Logan Sargeant,SAR,Williams,-2.0,,,,,,6.1,jm1261/Fantasy-F1-League,https://github.com/jm1261/Fantasy-F1-League/blob/main/Data/2024/Lineup/Emilia%20Romagna_Results.json,MIT,third_party_recorded,False,True,False,third_party_recorded,historical_fantasy_scores_v3_recorded_2023_2026
2024,7,Emilia Romagna Grand Prix,2024-05-19,driver,stroll,jm1261/Fantasy-F1-League:2024:driver:Stroll,Lance Stroll,STR,Aston Martin,12.0,,,,,,12.8,jm1261/Fantasy-F1-League,https://github.com/jm1261/Fantasy-F1-League/blob/main/Data/2024/Lineup/Emilia%20Romagna_Results.json,MIT,third_party_recorded,False,True,False,third_party_recorded,historical_fantasy_scores_v3_recorded_2023_2026
2024,7,Emilia Romagna Grand Prix,2024-05-19,driver,tsunoda,jm1261/Fantasy-F1-League:2024:driver:Tsunoda,Yuki Tsunoda,TSU,RB,4.0,,,,,,9.4,jm1261/Fantasy-F1-League,https://github.com/jm1261/Fantasy-F1-League/blob/main/Data/2024/Lineup/Emilia%20Romagna_Results.json,MIT,third_party_recorded,False,True,False,third_party_recorded,historical_fantasy_scores_v3_recorded_2023_2026
2024,7,Emilia Romagna Grand Prix,2024-05-19,driver,zhou,jm1261/Fantasy-F1-League:2024:driver:Guanyu,Guanyu Zhou,ZHO,Kick Sauber,5.0,,,,,,7.6,jm1261/Fantasy-F1-League,https://github.com/jm1261/Fantasy-F1-League/blob/main/Data/2024/Lineup/Emilia%20Romagna_Results.json,MIT,third_party_recorded,False,True,False,third_party_recorded,historical_fantasy_scores_v3_recorded_2023_2026
2024,8,Monaco Grand Prix,2024-05-26,constructor,alpine,jm1261/Fantasy-F1-League:2024:constructor:Alpine,Alpine,ALP,,-12.0,,,,,,8.8,jm1261/Fantasy-F1-League,https://github.com/jm1261/Fantasy-F1-League/blob/main/Data/2024/Lineup/Monaco_Results.json,MIT,third_party_recorded,False,True,False,third_party_recorded,historical_fantasy_scores_v3_recorded_2023_2026
2024,8,Monaco Grand Prix,2024-05-26,constructor,aston_martin,jm1261/Fantasy-F1-League:2024:constructor:Aston Martin,Aston Martin,AMR,,13.0,,,,,,15.1,jm1261/Fantasy-F1-League,https://github.com/jm1261/Fantasy-F1-League/blob/main/Data/2024/Lineup/Monaco_Results.json,MIT,third_party_recorded,False,True,False,third_party_recorded,historical_fantasy_scores_v3_recorded_2023_2026
2024,8,Monaco Grand Prix,2024-05-26,constructor,ferrari,jm1261/Fantasy-F1-League:2024:constructor:Ferrari,Ferrari,FER,,68.0,,,,,,22.1,jm1261/Fantasy-F1-League,https://github.com/jm1261/Fantasy-F1-League/blob/main/Data/2024/Lineup/Monaco_Results.json,MIT,third_party_recorded,False,True,False,third_party_recorded,historical_fantasy_scores_v3_recorded_2023_2026
2024,8,Monaco Grand Prix,2024-05-26,constructor,haas,jm1261/Fantasy-F1-League:2024:constructor:Haas,Haas,HAS,,-65.0,,,,,,9.2,jm1261/Fantasy-F1-League,https://github.com/jm1261/Fantasy-F1-League/blob/main/Data/2024/Lineup/Monaco_Results.json,MIT,third_party_recorded,False,True,False,third_party_recorded,historical_fantasy_scores_v3_recorded_2023_2026
2024,8,Monaco Grand Prix,2024-05-26,constructor,mclaren,jm1261/Fantasy-F1-League:2024:constructor:McLaren,McLaren,MCL,,56.0,,,,,,24.5,jm1261/Fantasy-F1-League,https://github.com/jm1261/Fantasy-F1-League/blob/main/Data/2024/Lineup/Monaco_Results.json,MIT,third_party_recorded,False,True,False,third_party_recorded,historical_fantasy_scores_v3_recorded_2023_2026
2024,8,Monaco Grand Prix,2024-05-26,constructor,mercedes,jm1261/Fantasy-F1-League:2024:constructor:Mercedes,Mercedes,MER,,46.0,,,,,,20.6,jm1261/Fantasy-F1-League,https://github.com/jm1261/Fantasy-F1-League/blob/main/Data/2024/Lineup/Monaco_Results.json,MIT,third_party_recorded,False,True,False,third_party_recorded,historical_fantasy_scores_v3_recorded_2023_2026
2024,8,Monaco Grand Prix,2024-05-26,constructor,rb,jm1261/Fantasy-F1-League:2024:constructor:RB,RB,RB,,12.0,,,,,,8.8,jm1261/Fantasy-F1-League,https://github.com/jm1261/Fantasy-F1-League/blob/main/Data/2024/Lineup/Monaco_Results.json,MIT,third_party_recorded,False,True,False,third_party_recorded,historical_fantasy_scores_v3_recorded_2023_2026
2024,8,Monaco Grand Prix,2024-05-26,constructor,red_bull,jm1261/Fantasy-F1-League:2024:constructor:Red Bull,Red Bull,RBR,,8.0,,,,,,28.8,jm1261/Fantasy-F1-League,https://github.com/jm1261/Fantasy-F1-League/blob/main/Data/2024/Lineup/Monaco_Results.json,MIT,third_party_recorded,False,True,False,third_party_recorded,historical_fantasy_scores_v3_recorded_2023_2026
2024,8,Monaco Grand Prix,2024-05-26,constructor,sauber,jm1261/Fantasy-F1-League:2024:constructor:Kick Sauber,Kick Sauber,SAU,,12.0,,,,,,6.3,jm1261/Fantasy-F1-League,https://github.com/jm1261/Fantasy-F1-League/blob/main/Data/2024/Lineup/Monaco_Results.json,MIT,third_party_recorded,False,True,False,third_party_recorded,historical_fantasy_scores_v3_recorded_2023_2026
2024,8,Monaco Grand Prix,2024-05-26,constructor,williams,jm1261/Fantasy-F1-League:2024:constructor:Williams,Williams,WIL,,11.0,,,,,,6.0,jm1261/Fantasy-F1-League,https://github.com/jm1261/Fantasy-F1-League/blob/main/Data/2024/Lineup/Monaco_Results.json,MIT,third_party_recorded,False,True,False,third_party_recorded,historical_fantasy_scores_v3_recorded_2023_2026
2024,8,Monaco Grand Prix,2024-05-26,driver,albon,jm1261/Fantasy-F1-League:2024:driver:Albon,Alexander Albon,ALB,Williams,5.0,,,,,,7.8,jm1261/Fantasy-F1-League,https://github.com/jm1261/Fantasy-F1-League/blob/main/Data/2024/Lineup/Monaco_Results.json,MIT,third_party_recorded,False,True,False,third_party_recorded,historical_fantasy_scores_v3_recorded_2023_2026
2024,8,Monaco Grand Prix,2024-05-26,driver,alonso,jm1261/Fantasy-F1-League:2024:driver:Alonso,Fernando Alonso,ALO,Aston Martin,5.0,,,,,,16.3,jm1261/Fantasy-F1-League,https://github.com/jm1261/Fantasy-F1-League/blob/main/Data/2024/Lineup/Monaco_Results.json,MIT,third_party_recorded,False,True,False,third_party_recorded,historical_fantasy_scores_v3_recorded_2023_2026
2024,8,Monaco Grand Prix,2024-05-26,driver,bottas,jm1261/Fantasy-F1-League:2024:driver:Bottas,Valtteri Bottas,BOT,Kick Sauber,8.0,,,,,,6.5,jm1261/Fantasy-F1-League,https://github.com/jm1261/Fantasy-F1-League/blob/main/Data/2024/Lineup/Monaco_Results.json,MIT,third_party_recorded,False,True,False,third_party_recorded,historical_fantasy_scores_v3_recorded_2023_2026
2024,8,Monaco Grand Prix,2024-05-26,driver,gasly,jm1261/Fantasy-F1-League:2024:driver:Gasly,Pierre Gasly,GAS,Alpine,2.0,,,,,,8.2,jm1261/Fantasy-F1-League,https://github.com/jm1261/Fantasy-F1-League/blob/main/Data/2024/Lineup/Monaco_Results.json,MIT,third_party_recorded,False,True,False,third_party_recorded,historical_fantasy_scores_v3_recorded_2023_2026
2024,8,Monaco Grand Prix,2024-05-26,driver,hamilton,jm1261/Fantasy-F1-League:2024:driver:Hamilton,Lewis Hamilton,HAM,Mercedes,20.0,,,,,,19.4,jm1261/Fantasy-F1-League,https://github.com/jm1261/Fantasy-F1-League/blob/main/Data/2024/Lineup/Monaco_Results.json,MIT,third_party_recorded,False,True,False,third_party_recorded,historical_fantasy_scores_v3_recorded_2023_2026
2024,8,Monaco Grand Prix,2024-05-26,driver,hulkenberg,jm1261/Fantasy-F1-League:2024:driver:Hulkenberg,Nico Hülkenberg,HUL,Haas,-32.0,,,,,,8.0,jm1261/Fantasy-F1-League,https://github.com/jm1261/Fantasy-F1-League/blob/main/Data/2024/Lineup/Monaco_Results.json,MIT,third_party_recorded,False,True,False,third_party_recorded,historical_fantasy_scores_v3_recorded_2023_2026
2024,8,Monaco Grand Prix,2024-05-26,driver,kevin_magnussen,jm1261/Fantasy-F1-League:2024:driver:Magnussen,Kevin Magnussen,MAG,Haas,-33.0,,,,,,9.1,jm1261/Fantasy-F1-League,https://github.com/jm1261/Fantasy-F1-League/blob/main/Data/2024/Lineup/Monaco_Results.json,MIT,third_party_recorded,False,True,False,third_party_recorded,historical_fantasy_scores_v3_recorded_2023_2026
2024,8,Monaco Grand Prix,2024-05-26,driver,leclerc,jm1261/Fantasy-F1-League:2024:driver:Leclerc,Charles Leclerc,LEC,Ferrari,45.0,,,,,,22.6,jm1261/Fantasy-F1-League,https://github.com/jm1261/Fantasy-F1-League/blob/main/Data/2024/Lineup/Monaco_Results.json,MIT,third_party_recorded,False,True,False,third_party_recorded,historical_fantasy_scores_v3_recorded_2023_2026
2024,8,Monaco Grand Prix,2024-05-26,driver,max_verstappen,jm1261/Fantasy-F1-League:2024:driver:Verstappen,Max Verstappen,VER,Red Bull,13.0,,,,,,30.4,jm1261/Fantasy-F1-League,https://github.com/jm1261/Fantasy-F1-League/blob/main/Data/2024/Lineup/Monaco_Results.json,MIT,third_party_recorded,False,True,False,third_party_recorded,historical_fantasy_scores_v3_recorded_2023_2026
2024,8,Monaco Grand Prix,2024-05-26,driver,norris,jm1261/Fantasy-F1-League:2024:driver:Norris,Lando Norris,NOR,McLaren,19.0,,,,,,25.4,jm1261/Fantasy-F1-League,https://github.com/jm1261/Fantasy-F1-League/blob/main/Data/2024/Lineup/Monaco_Results.json,MIT,third_party_recorded,False,True,False,third_party_recorded,historical_fantasy_scores_v3_recorded_2023_2026
2024,8,Monaco Grand Prix,2024-05-26,driver,ocon,jm1261/Fantasy-F1-League:2024:driver:Ocon,Esteban Ocon,OCO,Alpine,-19.0,,,,,,9.4,jm1261/Fantasy-F1-League,https://github.com/jm1261/Fantasy-F1-League/blob/main/Data/2024/Lineup/Monaco_Results.json,MIT,third_party_recorded,False,True,False,third_party_recorded,historical_fantasy_scores_v3_recorded_2023_2026
2024,8,Monaco Grand Prix,2024-05-26,driver,perez,jm1261/Fantasy-F1-League:2024:driver:Perez,Sergio Pérez,PER,Red Bull,-20.0,,,,,,23.4,jm1261/Fantasy-F1-League,https://github.com/jm1261/Fantasy-F1-League/blob/main/Data/2024/Lineup/Monaco_Results.json,MIT,third_party_recorded,False,True,False,third_party_recorded,historical_fantasy_scores_v3_recorded_2023_2026
2024,8,Monaco Grand Prix,2024-05-26,driver,piastri,jm1261/Fantasy-F1-League:2024:driver:Piastri,Oscar Piastri,PIA,McLaren,27.0,,,,,,20.3,jm1261/Fantasy-F1-League,https://github.com/jm1261/Fantasy-F1-League/blob/main/Data/2024/Lineup/Monaco_Results.json,MIT,third_party_recorded,False,True,False,third_party_recorded,historical_fantasy_scores_v3_recorded_2023_2026
2024,8,Monaco Grand Prix,2024-05-26,driver,ricciardo,jm1261/Fantasy-F1-League:2024:driver:Ricciardo,Daniel Ricciardo,RIC,RB,0.0,,,,,,9.1,jm1261/Fantasy-F1-League,https://github.com/jm1261/Fantasy-F1-League/blob/main/Data/2024/Lineup/Monaco_Results.json,MIT,third_party_recorded,False,True,False,third_party_recorded,historical_fantasy_scores_v3_recorded_2023_2026
2024,8,Monaco Grand Prix,2024-05-26,driver,russell,jm1261/Fantasy-F1-League:2024:driver:Russell,George Russell,RUS,Mercedes,16.0,,,,,,19.5,jm1261/Fantasy-F1-League,https://github.com/jm1261/Fantasy-F1-League/blob/main/Data/2024/Lineup/Monaco_Results.json,MIT,third_party_recorded,False,True,False,third_party_recorded,historical_fantasy_scores_v3_recorded_2023_2026
2024,8,Monaco Grand Prix,2024-05-26,driver,sainz,jm1261/Fantasy-F1-League:2024:driver:Sainz,Carlos Sainz,SAI,Ferrari,23.0,,,,,,21.0,jm1261/Fantasy-F1-League,https://github.com/jm1261/Fantasy-F1-League/blob/main/Data/2024/Lineup/Monaco_Results.json,MIT,third_party_recorded,False,True,False,third_party_recorded,historical_fantasy_scores_v3_recorded_2023_2026
2024,8,Monaco Grand Prix,2024-05-26,driver,sargeant,jm1261/Fantasy-F1-League:2024:driver:Sargeant,Logan Sargeant,SAR,Williams,1.0,,,,,,5.9,jm1261/Fantasy-F1-League,https://github.com/jm1261/Fantasy-F1-League/blob/main/Data/2024/Lineup/Monaco_Results.json,MIT,third_party_recorded,False,True,False,third_party_recorded,historical_fantasy_scores_v3_recorded_2023_2026
2024,8,Monaco Grand Prix,2024-05-26,driver,stroll,jm1261/Fantasy-F1-League:2024:driver:Stroll,Lance Stroll,STR,Aston Martin,2.0,,,,,,13.3,jm1261/Fantasy-F1-League,https://github.com/jm1261/Fantasy-F1-League/blob/main/Data/2024/Lineup/Monaco_Results.json,MIT,third_party_recorded,False,True,False,third_party_recorded,historical_fantasy_scores_v3_recorded_2023_2026
2024,8,Monaco Grand Prix,2024-05-26,driver,tsunoda,jm1261/Fantasy-F1-League:2024:driver:Tsunoda,Yuki Tsunoda,TSU,RB,7.0,,,,,,9.3,jm1261/Fantasy-F1-League,https://github.com/jm1261/Fantasy-F1-League/blob/main/Data/2024/Lineup/Monaco_Results.json,MIT,third_party_recorded,False,True,False,third_party_recorded,historical_fantasy_scores_v3_recorded_2023_2026
2024,8,Monaco Grand Prix,2024-05-26,driver,zhou,jm1261/Fantasy-F1-League:2024:driver:Guanyu,Guanyu Zhou,ZHO,Kick Sauber,2.0,,,,,,7.5,jm1261/Fantasy-F1-League,https://github.com/jm1261/Fantasy-F1-League/blob/main/Data/2024/Lineup/Monaco_Results.json,MIT,third_party_recorded,False,True,False,third_party_recorded,historical_fantasy_scores_v3_recorded_2023_2026
2024,9,Canadian Grand Prix,2024-06-09,constructor,alpine,jm1261/Fantasy-F1-League:2024:constructor:Alpine,Alpine,ALP,,31.0,,,,,,8.6,jm1261/Fantasy-F1-League,https://github.com/jm1261/Fantasy-F1-League/blob/main/Data/2024/Lineup/Canada_Results.json,MIT,third_party_recorded,False,True,False,third_party_recorded,historical_fantasy_scores_v3_recorded_2023_2026
2024,9,Canadian Grand Prix,2024-06-09,constructor,aston_martin,jm1261/Fantasy-F1-League:2024:constructor:Aston Martin,Aston Martin,AMR,,38.0,,,,,,15.2,jm1261/Fantasy-F1-League,https://github.com/jm1261/Fantasy-F1-League/blob/main/Data/2024/Lineup/Canada_Results.json,MIT,third_party_recorded,False,True,False,third_party_recorded,historical_fantasy_scores_v3_recorded_2023_2026
2024,9,Canadian Grand Prix,2024-06-09,constructor,ferrari,jm1261/Fantasy-F1-League:2024:constructor:Ferrari,Ferrari,FER,,-16.0,,,,,,23.1,jm1261/Fantasy-F1-League,https://github.com/jm1261/Fantasy-F1-League/blob/main/Data/2024/Lineup/Canada_Results.json,MIT,third_party_recorded,False,True,False,third_party_recorded,historical_fantasy_scores_v3_recorded_2023_2026
2024,9,Canadian Grand Prix,2024-06-09,constructor,haas,jm1261/Fantasy-F1-League:2024:constructor:Haas,Haas,HAS,,34.0,,,,,,9.0,jm1261/Fantasy-F1-League,https://github.com/jm1261/Fantasy-F1-League/blob/main/Data/2024/Lineup/Canada_Results.json,MIT,third_party_recorded,False,True,False,third_party_recorded,historical_fantasy_scores_v3_recorded_2023_2026
2024,9,Canadian Grand Prix,2024-06-09,constructor,mclaren,jm1261/Fantasy-F1-League:2024:constructor:McLaren,McLaren,MCL,,57.0,,,,,,25.5,jm1261/Fantasy-F1-League,https://github.com/jm1261/Fantasy-F1-League/blob/main/Data/2024/Lineup/Canada_Results.json,MIT,third_party_recorded,False,True,False,third_party_recorded,historical_fantasy_scores_v3_recorded_2023_2026
2024,9,Canadian Grand Prix,2024-06-09,constructor,mercedes,jm1261/Fantasy-F1-League:2024:constructor:Mercedes,Mercedes,MER,,74.0,,,,,,21.6,jm1261/Fantasy-F1-League,https://github.com/jm1261/Fantasy-F1-League/blob/main/Data/2024/Lineup/Canada_Results.json,MIT,third_party_recorded,False,True,False,third_party_recorded,historical_fantasy_scores_v3_recorded_2023_2026
2024,9,Canadian Grand Prix,2024-06-09,constructor,rb,jm1261/Fantasy-F1-League:2024:constructor:RB,RB,RB,,19.0,,,,,,9.3,jm1261/Fantasy-F1-League,https://github.com/jm1261/Fantasy-F1-League/blob/main/Data/2024/Lineup/Canada_Results.json,MIT,third_party_recorded,False,True,False,third_party_recorded,historical_fantasy_scores_v3_recorded_2023_2026
2024,9,Canadian Grand Prix,2024-06-09,constructor,red_bull,jm1261/Fantasy-F1-League:2024:constructor:Red Bull,Red Bull,RBR,,25.0,,,,,,28.8,jm1261/Fantasy-F1-League,https://github.com/jm1261/Fantasy-F1-League/blob/main/Data/2024/Lineup/Canada_Results.json,MIT,third_party_recorded,False,True,False,third_party_recorded,historical_fantasy_scores_v3_recorded_2023_2026
2024,9,Canadian Grand Prix,2024-06-09,constructor,sauber,jm1261/Fantasy-F1-League:2024:constructor:Kick Sauber,Kick Sauber,SAU,,13.0,,,,,,6.8,jm1261/Fantasy-F1-League,https://github.com/jm1261/Fantasy-F1-League/blob/main/Data/2024/Lineup/Canada_Results.json,MIT,third_party_recorded,False,True,False,third_party_recorded,historical_fantasy_scores_v3_recorded_2023_2026
2024,9,Canadian Grand Prix,2024-06-09,constructor,williams,jm1261/Fantasy-F1-League:2024:constructor:Williams,Williams,WIL,,-26.0,,,,,,6.5,jm1261/Fantasy-F1-League,https://github.com/jm1261/Fantasy-F1-League/blob/main/Data/2024/Lineup/Canada_Results.json,MIT,third_party_recorded,False,True,False,third_party_recorded,historical_fantasy_scores_v3_recorded_2023_2026
2024,9,Canadian Grand Prix,2024-06-09,driver,albon,jm1261/Fantasy-F1-League:2024:driver:Albon,Alexander Albon,ALB,Williams,-12.0,,,,,,8.3,jm1261/Fantasy-F1-League,https://github.com/jm1261/Fantasy-F1-League/blob/main/Data/2024/Lineup/Canada_Results.json,MIT,third_party_recorded,False,True,False,third_party_recorded,historical_fantasy_scores_v3_recorded_2023_2026
2024,9,Canadian Grand Prix,2024-06-09,driver,alonso,jm1261/Fantasy-F1-League:2024:driver:Alonso,Fernando Alonso,ALO,Aston Martin,14.0,,,,,,16.4,jm1261/Fantasy-F1-League,https://github.com/jm1261/Fantasy-F1-League/blob/main/Data/2024/Lineup/Canada_Results.json,MIT,third_party_recorded,False,True,False,third_party_recorded,historical_fantasy_scores_v3_recorded_2023_2026
2024,9,Canadian Grand Prix,2024-06-09,driver,bottas,jm1261/Fantasy-F1-League:2024:driver:Bottas,Valtteri Bottas,BOT,Kick Sauber,8.0,,,,,,7.5,jm1261/Fantasy-F1-League,https://github.com/jm1261/Fantasy-F1-League/blob/main/Data/2024/Lineup/Canada_Results.json,MIT,third_party_recorded,False,True,False,third_party_recorded,historical_fantasy_scores_v3_recorded_2023_2026
2024,9,Canadian Grand Prix,2024-06-09,driver,gasly,jm1261/Fantasy-F1-League:2024:driver:Gasly,Pierre Gasly,GAS,Alpine,14.0,,,,,,8.1,jm1261/Fantasy-F1-League,https://github.com/jm1261/Fantasy-F1-League/blob/main/Data/2024/Lineup/Canada_Results.json,MIT,third_party_recorded,False,True,False,third_party_recorded,historical_fantasy_scores_v3_recorded_2023_2026
2024,9,Canadian Grand Prix,2024-06-09,driver,hamilton,jm1261/Fantasy-F1-League:2024:driver:Hamilton,Lewis Hamilton,HAM,Mercedes,32.0,,,,,,19.4,jm1261/Fantasy-F1-League,https://github.com/jm1261/Fantasy-F1-League/blob/main/Data/2024/Lineup/Canada_Results.json,MIT,third_party_recorded,False,True,False,third_party_recorded,historical_fantasy_scores_v3_recorded_2023_2026
2024,9,Canadian Grand Prix,2024-06-09,driver,hulkenberg,jm1261/Fantasy-F1-League:2024:driver:Hulkenberg,Nico Hülkenberg,HUL,Haas,19.0,,,,,,7.8,jm1261/Fantasy-F1-League,https://github.com/jm1261/Fantasy-F1-League/blob/main/Data/2024/Lineup/Canada_Results.json,MIT,third_party_recorded,False,True,False,third_party_recorded,historical_fantasy_scores_v3_recorded_2023_2026
2024,9,Canadian Grand Prix,2024-06-09,driver,kevin_magnussen,jm1261/Fantasy-F1-League:2024:driver:Magnussen,Kevin Magnussen,MAG,Haas,14.0,,,,,,8.9,jm1261/Fantasy-F1-League,https://github.com/jm1261/Fantasy-F1-League/blob/main/Data/2024/Lineup/Canada_Results.json,MIT,third_party_recorded,False,True,False,third_party_recorded,historical_fantasy_scores_v3_recorded_2023_2026
2024,9,Canadian Grand Prix,2024-06-09,driver,leclerc,jm1261/Fantasy-F1-League:2024:driver:Leclerc,Charles Leclerc,LEC,Ferrari,-16.0,,,,,,23.6,jm1261/Fantasy-F1-League,https://github.com/jm1261/Fantasy-F1-League/blob/main/Data/2024/Lineup/Canada_Results.json,MIT,third_party_recorded,False,True,False,third_party_recorded,historical_fantasy_scores_v3_recorded_2023_2026
2024,9,Canadian Grand Prix,2024-06-09,driver,max_verstappen,jm1261/Fantasy-F1-League:2024:driver:Verstappen,Max Verstappen,VER,Red Bull,37.0,,,,,,30.5,jm1261/Fantasy-F1-League,https://github.com/jm1261/Fantasy-F1-League/blob/main/Data/2024/Lineup/Canada_Results.json,MIT,third_party_recorded,False,True,False,third_party_recorded,historical_fantasy_scores_v3_recorded_2023_2026
2024,9,Canadian Grand Prix,2024-06-09,driver,norris,jm1261/Fantasy-F1-League:2024:driver:Norris,Lando Norris,NOR,McLaren,40.0,,,,,,25.6,jm1261/Fantasy-F1-League,https://github.com/jm1261/Fantasy-F1-League/blob/main/Data/2024/Lineup/Canada_Results.json,MIT,third_party_recorded,False,True,False,third_party_recorded,historical_fantasy_scores_v3_recorded_2023_2026
2024,9,Canadian Grand Prix,2024-06-09,driver,ocon,jm1261/Fantasy-F1-League:2024:driver:Ocon,Esteban Ocon,OCO,Alpine,16.0,,,,,,9.2,jm1261/Fantasy-F1-League,https://github.com/jm1261/Fantasy-F1-League/blob/main/Data/2024/Lineup/Canada_Results.json,MIT,third_party_recorded,False,True,False,third_party_recorded,historical_fantasy_scores_v3_recorded_2023_2026
2024,9,Canadian Grand Prix,2024-06-09,driver,perez,jm1261/Fantasy-F1-League:2024:driver:Perez,Sergio Pérez,PER,Red Bull,-17.0,,,,,,22.9,jm1261/Fantasy-F1-League,https://github.com/jm1261/Fantasy-F1-League/blob/main/Data/2024/Lineup/Canada_Results.json,MIT,third_party_recorded,False,True,False,third_party_recorded,historical_fantasy_scores_v3_recorded_2023_2026
2024,9,Canadian Grand Prix,2024-06-09,driver,piastri,jm1261/Fantasy-F1-League:2024:driver:Piastri,Oscar Piastri,PIA,McLaren,17.0,,,,,,21.3,jm1261/Fantasy-F1-League,https://github.com/jm1261/Fantasy-F1-League/blob/main/Data/2024/Lineup/Canada_Results.json,MIT,third_party_recorded,False,True,False,third_party_recorded,historical_fantasy_scores_v3_recorded_2023_2026
2024,9,Canadian Grand Prix,2024-06-09,driver,ricciardo,jm1261/Fantasy-F1-League:2024:driver:Ricciardo,Daniel Ricciardo,RIC,RB,9.0,,,,,,9.1,jm1261/Fantasy-F1-League,https://github.com/jm1261/Fantasy-F1-League/blob/main/Data/2024/Lineup/Canada_Results.json,MIT,third_party_recorded,False,True,False,third_party_recorded,historical_fantasy_scores_v3_recorded_2023_2026
2024,9,Canadian Grand Prix,2024-06-09,driver,russell,jm1261/Fantasy-F1-League:2024:driver:Russell,George Russell,RUS,Mercedes,27.0,,,,,,20.5,jm1261/Fantasy-F1-League,https://github.com/jm1261/Fantasy-F1-League/blob/main/Data/2024/Lineup/Canada_Results.json,MIT,third_party_recorded,False,True,False,third_party_recorded,historical_fantasy_scores_v3_recorded_2023_2026
2024,9,Canadian Grand Prix,2024-06-09,driver,sainz,jm1261/Fantasy-F1-League:2024:driver:Sainz,Carlos Sainz,SAI,Ferrari,-16.0,,,,,,21.6,jm1261/Fantasy-F1-League,https://github.com/jm1261/Fantasy-F1-League/blob/main/Data/2024/Lineup/Canada_Results.json,MIT,third_party_recorded,False,True,False,third_party_recorded,historical_fantasy_scores_v3_recorded_2023_2026
2024,9,Canadian Grand Prix,2024-06-09,driver,sargeant,jm1261/Fantasy-F1-League:2024:driver:Sargeant,Logan Sargeant,SAR,Williams,-19.0,,,,,,5.8,jm1261/Fantasy-F1-League,https://github.com/jm1261/Fantasy-F1-League/blob/main/Data/2024/Lineup/Canada_Results.json,MIT,third_party_recorded,False,True,False,third_party_recorded,historical_fantasy_scores_v3_recorded_2023_2026
2024,9,Canadian Grand Prix,2024-06-09,driver,stroll,jm1261/Fantasy-F1-League:2024:driver:Stroll,Lance Stroll,STR,Aston Martin,14.0,,,,,,13.2,jm1261/Fantasy-F1-League,https://github.com/jm1261/Fantasy-F1-League/blob/main/Data/2024/Lineup/Canada_Results.json,MIT,third_party_recorded,False,True,False,third_party_recorded,historical_fantasy_scores_v3_recorded_2023_2026
2024,9,Canadian Grand Prix,2024-06-09,driver,tsunoda,jm1261/Fantasy-F1-League:2024:driver:Tsunoda,Yuki Tsunoda,TSU,RB,0.0,,,,,,9.8,jm1261/Fantasy-F1-League,https://github.com/jm1261/Fantasy-F1-League/blob/main/Data/2024/Lineup/Canada_Results.json,MIT,third_party_recorded,False,True,False,third_party_recorded,historical_fantasy_scores_v3_recorded_2023_2026
2024,9,Canadian Grand Prix,2024-06-09,driver,zhou,jm1261/Fantasy-F1-League:2024:driver:Guanyu,Guanyu Zhou,ZHO,Kick Sauber,6.0,,,,,,7.4,jm1261/Fantasy-F1-League,https://github.com/jm1261/Fantasy-F1-League/blob/main/Data/2024/Lineup/Canada_Results.json,MIT,third_party_recorded,False,True,False,third_party_recorded,historical_fantasy_scores_v3_recorded_2023_2026
2024,10,Spanish Grand Prix,2024-06-23,constructor,alpine,jm1261/Fantasy-F1-League:2024:constructor:Alpine,Alpine,ALP,,24.0,,,,,,9.1,jm1261/Fantasy-F1-League,https://github.com/jm1261/Fantasy-F1-League/blob/main/Data/2024/Lineup/Spain_Results.json,MIT,third_party_recorded,False,True,False,third_party_recorded,historical_fantasy_scores_v3_recorded_2023_2026
2024,10,Spanish Grand Prix,2024-06-23,constructor,aston_martin,jm1261/Fantasy-F1-League:2024:constructor:Aston Martin,Aston Martin,AMR,,10.0,,,,,,15.5,jm1261/Fantasy-F1-League,https://github.com/jm1261/Fantasy-F1-League/blob/main/Data/2024/Lineup/Spain_Results.json,MIT,third_party_recorded,False,True,False,third_party_recorded,historical_fantasy_scores_v3_recorded_2023_2026
2024,10,Spanish Grand Prix,2024-06-23,constructor,ferrari,jm1261/Fantasy-F1-League:2024:constructor:Ferrari,Ferrari,FER,,44.0,,,,,,22.6,jm1261/Fantasy-F1-League,https://github.com/jm1261/Fantasy-F1-League/blob/main/Data/2024/Lineup/Spain_Results.json,MIT,third_party_recorded,False,True,False,third_party_recorded,historical_fantasy_scores_v3_recorded_2023_2026
2024,10,Spanish Grand Prix,2024-06-23,constructor,haas,jm1261/Fantasy-F1-League:2024:constructor:Haas,Haas,HAS,,11.0,,,,,,9.5,jm1261/Fantasy-F1-League,https://github.com/jm1261/Fantasy-F1-League/blob/main/Data/2024/Lineup/Spain_Results.json,MIT,third_party_recorded,False,True,False,third_party_recorded,historical_fantasy_scores_v3_recorded_2023_2026
2024,10,Spanish Grand Prix,2024-06-23,constructor,mclaren,jm1261/Fantasy-F1-League:2024:constructor:McLaren,McLaren,MCL,,66.0,,,,,,25.6,jm1261/Fantasy-F1-League,https://github.com/jm1261/Fantasy-F1-League/blob/main/Data/2024/Lineup/Spain_Results.json,MIT,third_party_recorded,False,True,False,third_party_recorded,historical_fantasy_scores_v3_recorded_2023_2026
2024,10,Spanish Grand Prix,2024-06-23,constructor,mercedes,jm1261/Fantasy-F1-League:2024:constructor:Mercedes,Mercedes,MER,,66.0,,,,,,21.9,jm1261/Fantasy-F1-League,https://github.com/jm1261/Fantasy-F1-League/blob/main/Data/2024/Lineup/Spain_Results.json,MIT,third_party_recorded,False,True,False,third_party_recorded,historical_fantasy_scores_v3_recorded_2023_2026
2024,10,Spanish Grand Prix,2024-06-23,constructor,rb,jm1261/Fantasy-F1-League:2024:constructor:RB,RB,RB,,10.0,,,,,,9.8,jm1261/Fantasy-F1-League,https://github.com/jm1261/Fantasy-F1-League/blob/main/Data/2024/Lineup/Spain_Results.json,MIT,third_party_recorded,False,True,False,third_party_recorded,historical_fantasy_scores_v3_recorded_2023_2026
2024,10,Spanish Grand Prix,2024-06-23,constructor,red_bull,jm1261/Fantasy-F1-League:2024:constructor:Red Bull,Red Bull,RBR,,82.0,,,,,,28.8,jm1261/Fantasy-F1-League,https://github.com/jm1261/Fantasy-F1-League/blob/main/Data/2024/Lineup/Spain_Results.json,MIT,third_party_recorded,False,True,False,third_party_recorded,historical_fantasy_scores_v3_recorded_2023_2026
2024,10,Spanish Grand Prix,2024-06-23,constructor,sauber,jm1261/Fantasy-F1-League:2024:constructor:Kick Sauber,Kick Sauber,SAU,,8.0,,,,,,7.3,jm1261/Fantasy-F1-League,https://github.com/jm1261/Fantasy-F1-League/blob/main/Data/2024/Lineup/Spain_Results.json,MIT,third_party_recorded,False,True,False,third_party_recorded,historical_fantasy_scores_v3_recorded_2023_2026
2024,10,Spanish Grand Prix,2024-06-23,constructor,williams,jm1261/Fantasy-F1-League:2024:constructor:Williams,Williams,WIL,,4.0,,,,,,6.3,jm1261/Fantasy-F1-League,https://github.com/jm1261/Fantasy-F1-League/blob/main/Data/2024/Lineup/Spain_Results.json,MIT,third_party_recorded,False,True,False,third_party_recorded,historical_fantasy_scores_v3_recorded_2023_2026
2024,10,Spanish Grand Prix,2024-06-23,driver,albon,jm1261/Fantasy-F1-League:2024:driver:Albon,Alexander Albon,ALB,Williams,4.0,,,,,,8.1,jm1261/Fantasy-F1-League,https://github.com/jm1261/Fantasy-F1-League/blob/main/Data/2024/Lineup/Spain_Results.json,MIT,third_party_recorded,False,True,False,third_party_recorded,historical_fantasy_scores_v3_recorded_2023_2026
2024,10,Spanish Grand Prix,2024-06-23,driver,alonso,jm1261/Fantasy-F1-League:2024:driver:Alonso,Fernando Alonso,ALO,Aston Martin,1.0,,,,,,16.7,jm1261/Fantasy-F1-League,https://github.com/jm1261/Fantasy-F1-League/blob/main/Data/2024/Lineup/Spain_Results.json,MIT,third_party_recorded,False,True,False,third_party_recorded,historical_fantasy_scores_v3_recorded_2023_2026
2024,10,Spanish Grand Prix,2024-06-23,driver,bottas,jm1261/Fantasy-F1-League:2024:driver:Bottas,Valtteri Bottas,BOT,Kick Sauber,1.0,,,,,,8.0,jm1261/Fantasy-F1-League,https://github.com/jm1261/Fantasy-F1-League/blob/main/Data/2024/Lineup/Spain_Results.json,MIT,third_party_recorded,False,True,False,third_party_recorded,historical_fantasy_scores_v3_recorded_2023_2026
2024,10,Spanish Grand Prix,2024-06-23,driver,gasly,jm1261/Fantasy-F1-League:2024:driver:Gasly,Pierre Gasly,GAS,Alpine,7.0,,,,,,9.3,jm1261/Fantasy-F1-League,https://github.com/jm1261/Fantasy-F1-League/blob/main/Data/2024/Lineup/Spain_Results.json,MIT,third_party_recorded,False,True,False,third_party_recorded,historical_fantasy_scores_v3_recorded_2023_2026
2024,10,Spanish Grand Prix,2024-06-23,driver,hamilton,jm1261/Fantasy-F1-League:2024:driver:Hamilton,Lewis Hamilton,HAM,Mercedes,29.0,,,,,,21.4,jm1261/Fantasy-F1-League,https://github.com/jm1261/Fantasy-F1-League/blob/main/Data/2024/Lineup/Spain_Results.json,MIT,third_party_recorded,False,True,False,third_party_recorded,historical_fantasy_scores_v3_recorded_2023_2026
2024,10,Spanish Grand Prix,2024-06-23,driver,hulkenberg,jm1261/Fantasy-F1-League:2024:driver:Hulkenberg,Nico Hülkenberg,HUL,Haas,6.0,,,,,,8.8,jm1261/Fantasy-F1-League,https://github.com/jm1261/Fantasy-F1-League/blob/main/Data/2024/Lineup/Spain_Results.json,MIT,third_party_recorded,False,True,False,third_party_recorded,historical_fantasy_scores_v3_recorded_2023_2026
2024,10,Spanish Grand Prix,2024-06-23,driver,kevin_magnussen,jm1261/Fantasy-F1-League:2024:driver:Magnussen,Kevin Magnussen,MAG,Haas,4.0,,,,,,9.9,jm1261/Fantasy-F1-League,https://github.com/jm1261/Fantasy-F1-League/blob/main/Data/2024/Lineup/Spain_Results.json,MIT,third_party_recorded,False,True,False,third_party_recorded,historical_fantasy_scores_v3_recorded_2023_2026
2024,10,Spanish Grand Prix,2024-06-23,driver,leclerc,jm1261/Fantasy-F1-League:2024:driver:Leclerc,Charles Leclerc,LEC,Ferrari,18.0,,,,,,23.1,jm1261/Fantasy-F1-League,https://github.com/jm1261/Fantasy-F1-League/blob/main/Data/2024/Lineup/Spain_Results.json,MIT,third_party_recorded,False,True,False,third_party_recorded,historical_fantasy_scores_v3_recorded_2023_2026
2024,10,Spanish Grand Prix,2024-06-23,driver,max_verstappen,jm1261/Fantasy-F1-League:2024:driver:Verstappen,Max Verstappen,VER,Red Bull,38.0,,,,,,30.7,jm1261/Fantasy-F1-League,https://github.com/jm1261/Fantasy-F1-League/blob/main/Data/2024/Lineup/Spain_Results.json,MIT,third_party_recorded,False,True,False,third_party_recorded,historical_fantasy_scores_v3_recorded_2023_2026
2024,10,Spanish Grand Prix,2024-06-23,driver,norris,jm1261/Fantasy-F1-League:2024:driver:Norris,Lando Norris,NOR,McLaren,51.0,,,,,,25.8,jm1261/Fantasy-F1-League,https://github.com/jm1261/Fantasy-F1-League/blob/main/Data/2024/Lineup/Spain_Results.json,MIT,third_party_recorded,False,True,False,third_party_recorded,historical_fantasy_scores_v3_recorded_2023_2026
2024,10,Spanish Grand Prix,2024-06-23,driver,ocon,jm1261/Fantasy-F1-League:2024:driver:Ocon,Esteban Ocon,OCO,Alpine,4.0,,,,,,10.2,jm1261/Fantasy-F1-League,https://github.com/jm1261/Fantasy-F1-League/blob/main/Data/2024/Lineup/Spain_Results.json,MIT,third_party_recorded,False,True,False,third_party_recorded,historical_fantasy_scores_v3_recorded_2023_2026
2024,10,Spanish Grand Prix,2024-06-23,driver,perez,jm1261/Fantasy-F1-League:2024:driver:Perez,Sergio Pérez,PER,Red Bull,19.0,,,,,,22.4,jm1261/Fantasy-F1-League,https://github.com/jm1261/Fantasy-F1-League/blob/main/Data/2024/Lineup/Spain_Results.json,MIT,third_party_recorded,False,True,False,third_party_recorded,historical_fantasy_scores_v3_recorded_2023_2026
2024,10,Spanish Grand Prix,2024-06-23,driver,piastri,jm1261/Fantasy-F1-League:2024:driver:Piastri,Oscar Piastri,PIA,McLaren,15.0,,,,,,21.6,jm1261/Fantasy-F1-League,https://github.com/jm1261/Fantasy-F1-League/blob/main/Data/2024/Lineup/Spain_Results.json,MIT,third_party_recorded,False,True,False,third_party_recorded,historical_fantasy_scores_v3_recorded_2023_2026
2024,10,Spanish Grand Prix,2024-06-23,driver,ricciardo,jm1261/Fantasy-F1-League:2024:driver:Ricciardo,Daniel Ricciardo,RIC,RB,7.0,,,,,,9.4,jm1261/Fantasy-F1-League,https://github.com/jm1261/Fantasy-F1-League/blob/main/Data/2024/Lineup/Spain_Results.json,MIT,third_party_recorded,False,True,False,third_party_recorded,historical_fantasy_scores_v3_recorded_2023_2026
2024,10,Spanish Grand Prix,2024-06-23,driver,russell,jm1261/Fantasy-F1-League:2024:driver:Russell,George Russell,RUS,Mercedes,27.0,,,,,,20.8,jm1261/Fantasy-F1-League,https://github.com/jm1261/Fantasy-F1-League/blob/main/Data/2024/Lineup/Spain_Results.json,MIT,third_party_recorded,False,True,False,third_party_recorded,historical_fantasy_scores_v3_recorded_2023_2026
2024,10,Spanish Grand Prix,2024-06-23,driver,sainz,jm1261/Fantasy-F1-League:2024:driver:Sainz,Carlos Sainz,SAI,Ferrari,16.0,,,,,,21.5,jm1261/Fantasy-F1-League,https://github.com/jm1261/Fantasy-F1-League/blob/main/Data/2024/Lineup/Spain_Results.json,MIT,third_party_recorded,False,True,False,third_party_recorded,historical_fantasy_scores_v3_recorded_2023_2026
2024,10,Spanish Grand Prix,2024-06-23,driver,sargeant,jm1261/Fantasy-F1-League:2024:driver:Sargeant,Logan Sargeant,SAR,Williams,1.0,,,,,,5.6,jm1261/Fantasy-F1-League,https://github.com/jm1261/Fantasy-F1-League/blob/main/Data/2024/Lineup/Spain_Results.json,MIT,third_party_recorded,False,True,False,third_party_recorded,historical_fantasy_scores_v3_recorded_2023_2026
2024,10,Spanish Grand Prix,2024-06-23,driver,stroll,jm1261/Fantasy-F1-League:2024:driver:Stroll,Lance Stroll,STR,Aston Martin,6.0,,,,,,14.2,jm1261/Fantasy-F1-League,https://github.com/jm1261/Fantasy-F1-League/blob/main/Data/2024/Lineup/Spain_Results.json,MIT,third_party_recorded,False,True,False,third_party_recorded,historical_fantasy_scores_v3_recorded_2023_2026
2024,10,Spanish Grand Prix,2024-06-23,driver,tsunoda,jm1261/Fantasy-F1-League:2024:driver:Tsunoda,Yuki Tsunoda,TSU,RB,4.0,,,,,,9.6,jm1261/Fantasy-F1-League,https://github.com/jm1261/Fantasy-F1-League/blob/main/Data/2024/Lineup/Spain_Results.json,MIT,third_party_recorded,False,True,False,third_party_recorded,historical_fantasy_scores_v3_recorded_2023_2026
2024,10,Spanish Grand Prix,2024-06-23,driver,zhou,jm1261/Fantasy-F1-League:2024:driver:Guanyu,Guanyu Zhou,ZHO,Kick Sauber,4.0,,,,,,7.9,jm1261/Fantasy-F1-League,https://github.com/jm1261/Fantasy-F1-League/blob/main/Data/2024/Lineup/Spain_Results.json,MIT,third_party_recorded,False,True,False,third_party_recorded,historical_fantasy_scores_v3_recorded_2023_2026
2024,11,Austrian Grand Prix,2024-06-30,constructor,alpine,jm1261/Fantasy-F1-League:2024:constructor:Alpine,Alpine,ALP,,21.0,,,,,,9.6,jm1261/Fantasy-F1-League,https://github.com/jm1261/Fantasy-F1-League/blob/main/Data/2024/Lineup/Austria_Results.json,MIT,third_party_recorded,False,True,False,third_party_recorded,historical_fantasy_scores_v3_recorded_2023_2026
2024,11,Austrian Grand Prix,2024-06-30,constructor,aston_martin,jm1261/Fantasy-F1-League:2024:constructor:Aston Martin,Aston Martin,AMR,,27.0,,,,,,15.2,jm1261/Fantasy-F1-League,https://github.com/jm1261/Fantasy-F1-League/blob/main/Data/2024/Lineup/Austria_Results.json,MIT,third_party_recorded,False,True,False,third_party_recorded,historical_fantasy_scores_v3_recorded_2023_2026
2024,11,Austrian Grand Prix,2024-06-30,constructor,ferrari,jm1261/Fantasy-F1-League:2024:constructor:Ferrari,Ferrari,FER,,69.0,,,,,,22.7,jm1261/Fantasy-F1-League,https://github.com/jm1261/Fantasy-F1-League/blob/main/Data/2024/Lineup/Austria_Results.json,MIT,third_party_recorded,False,True,False,third_party_recorded,historical_fantasy_scores_v3_recorded_2023_2026
2024,11,Austrian Grand Prix,2024-06-30,constructor,haas,jm1261/Fantasy-F1-League:2024:constructor:Haas,Haas,HAS,,41.0,,,,,,9.4,jm1261/Fantasy-F1-League,https://github.com/jm1261/Fantasy-F1-League/blob/main/Data/2024/Lineup/Austria_Results.json,MIT,third_party_recorded,False,True,False,third_party_recorded,historical_fantasy_scores_v3_recorded_2023_2026
2024,11,Austrian Grand Prix,2024-06-30,constructor,mclaren,jm1261/Fantasy-F1-League:2024:constructor:McLaren,McLaren,MCL,,55.0,,,,,,25.7,jm1261/Fantasy-F1-League,https://github.com/jm1261/Fantasy-F1-League/blob/main/Data/2024/Lineup/Austria_Results.json,MIT,third_party_recorded,False,True,False,third_party_recorded,historical_fantasy_scores_v3_recorded_2023_2026
2024,11,Austrian Grand Prix,2024-06-30,constructor,mercedes,jm1261/Fantasy-F1-League:2024:constructor:Mercedes,Mercedes,MER,,76.0,,,,,,22.2,jm1261/Fantasy-F1-League,https://github.com/jm1261/Fantasy-F1-League/blob/main/Data/2024/Lineup/Austria_Results.json,MIT,third_party_recorded,False,True,False,third_party_recorded,historical_fantasy_scores_v3_recorded_2023_2026
2024,11,Austrian Grand Prix,2024-06-30,constructor,rb,jm1261/Fantasy-F1-League:2024:constructor:RB,RB,RB,,23.0,,,,,,9.7,jm1261/Fantasy-F1-League,https://github.com/jm1261/Fantasy-F1-League/blob/main/Data/2024/Lineup/Austria_Results.json,MIT,third_party_recorded,False,True,False,third_party_recorded,historical_fantasy_scores_v3_recorded_2023_2026
2024,11,Austrian Grand Prix,2024-06-30,constructor,red_bull,jm1261/Fantasy-F1-League:2024:constructor:Red Bull,Red Bull,RBR,,56.0,,,,,,28.9,jm1261/Fantasy-F1-League,https://github.com/jm1261/Fantasy-F1-League/blob/main/Data/2024/Lineup/Austria_Results.json,MIT,third_party_recorded,False,True,False,third_party_recorded,historical_fantasy_scores_v3_recorded_2023_2026
2024,11,Austrian Grand Prix,2024-06-30,constructor,sauber,jm1261/Fantasy-F1-League:2024:constructor:Kick Sauber,Kick Sauber,SAU,,9.0,,,,,,7.2,jm1261/Fantasy-F1-League,https://github.com/jm1261/Fantasy-F1-League/blob/main/Data/2024/Lineup/Austria_Results.json,MIT,third_party_recorded,False,True,False,third_party_recorded,historical_fantasy_scores_v3_recorded_2023_2026
2024,11,Austrian Grand Prix,2024-06-30,constructor,williams,jm1261/Fantasy-F1-League:2024:constructor:Williams,Williams,WIL,,11.0,,,,,,6.2,jm1261/Fantasy-F1-League,https://github.com/jm1261/Fantasy-F1-League/blob/main/Data/2024/Lineup/Austria_Results.json,MIT,third_party_recorded,False,True,False,third_party_recorded,historical_fantasy_scores_v3_recorded_2023_2026
2024,11,Austrian Grand Prix,2024-06-30,driver,albon,jm1261/Fantasy-F1-League:2024:driver:Albon,Alexander Albon,ALB,Williams,12.0,,,,,,8.0,jm1261/Fantasy-F1-League,https://github.com/jm1261/Fantasy-F1-League/blob/main/Data/2024/Lineup/Austria_Results.json,MIT,third_party_recorded,False,True,False,third_party_recorded,historical_fantasy_scores_v3_recorded_2023_2026
2024,11,Austrian Grand Prix,2024-06-30,driver,alonso,jm1261/Fantasy-F1-League:2024:driver:Alonso,Fernando Alonso,ALO,Aston Martin,10.0,,,,,,16.4,jm1261/Fantasy-F1-League,https://github.com/jm1261/Fantasy-F1-League/blob/main/Data/2024/Lineup/Austria_Results.json,MIT,third_party_recorded,False,True,False,third_party_recorded,historical_fantasy_scores_v3_recorded_2023_2026
2024,11,Austrian Grand Prix,2024-06-30,driver,bottas,jm1261/Fantasy-F1-League:2024:driver:Bottas,Valtteri Bottas,BOT,Kick Sauber,8.0,,,,,,7.9,jm1261/Fantasy-F1-League,https://github.com/jm1261/Fantasy-F1-League/blob/main/Data/2024/Lineup/Austria_Results.json,MIT,third_party_recorded,False,True,False,third_party_recorded,historical_fantasy_scores_v3_recorded_2023_2026
2024,11,Austrian Grand Prix,2024-06-30,driver,gasly,jm1261/Fantasy-F1-League:2024:driver:Gasly,Pierre Gasly,GAS,Alpine,12.0,,,,,,9.6,jm1261/Fantasy-F1-League,https://github.com/jm1261/Fantasy-F1-League/blob/main/Data/2024/Lineup/Austria_Results.json,MIT,third_party_recorded,False,True,False,third_party_recorded,historical_fantasy_scores_v3_recorded_2023_2026
2024,11,Austrian Grand Prix,2024-06-30,driver,hamilton,jm1261/Fantasy-F1-League:2024:driver:Hamilton,Lewis Hamilton,HAM,Mercedes,23.0,,,,,,21.7,jm1261/Fantasy-F1-League,https://github.com/jm1261/Fantasy-F1-League/blob/main/Data/2024/Lineup/Austria_Results.json,MIT,third_party_recorded,False,True,False,third_party_recorded,historical_fantasy_scores_v3_recorded_2023_2026
2024,11,Austrian Grand Prix,2024-06-30,driver,hulkenberg,jm1261/Fantasy-F1-League:2024:driver:Hulkenberg,Nico Hülkenberg,HUL,Haas,20.0,,,,,,8.7,jm1261/Fantasy-F1-League,https://github.com/jm1261/Fantasy-F1-League/blob/main/Data/2024/Lineup/Austria_Results.json,MIT,third_party_recorded,False,True,False,third_party_recorded,historical_fantasy_scores_v3_recorded_2023_2026
2024,11,Austrian Grand Prix,2024-06-30,driver,kevin_magnussen,jm1261/Fantasy-F1-League:2024:driver:Magnussen,Kevin Magnussen,MAG,Haas,16.0,,,,,,10.0,jm1261/Fantasy-F1-League,https://github.com/jm1261/Fantasy-F1-League/blob/main/Data/2024/Lineup/Austria_Results.json,MIT,third_party_recorded,False,True,False,third_party_recorded,historical_fantasy_scores_v3_recorded_2023_2026
2024,11,Austrian Grand Prix,2024-06-30,driver,leclerc,jm1261/Fantasy-F1-League:2024:driver:Leclerc,Charles Leclerc,LEC,Ferrari,16.0,,,,,,23.2,jm1261/Fantasy-F1-League,https://github.com/jm1261/Fantasy-F1-League/blob/main/Data/2024/Lineup/Austria_Results.json,MIT,third_party_recorded,False,True,False,third_party_recorded,historical_fantasy_scores_v3_recorded_2023_2026
2024,11,Austrian Grand Prix,2024-06-30,driver,max_verstappen,jm1261/Fantasy-F1-League:2024:driver:Verstappen,Max Verstappen,VER,Red Bull,25.0,,,,,,30.8,jm1261/Fantasy-F1-League,https://github.com/jm1261/Fantasy-F1-League/blob/main/Data/2024/Lineup/Austria_Results.json,MIT,third_party_recorded,False,True,False,third_party_recorded,historical_fantasy_scores_v3_recorded_2023_2026
2024,11,Austrian Grand Prix,2024-06-30,driver,norris,jm1261/Fantasy-F1-League:2024:driver:Norris,Lando Norris,NOR,McLaren,13.0,,,,,,26.0,jm1261/Fantasy-F1-League,https://github.com/jm1261/Fantasy-F1-League/blob/main/Data/2024/Lineup/Austria_Results.json,MIT,third_party_recorded,False,True,False,third_party_recorded,historical_fantasy_scores_v3_recorded_2023_2026
2024,11,Austrian Grand Prix,2024-06-30,driver,ocon,jm1261/Fantasy-F1-League:2024:driver:Ocon,Esteban Ocon,OCO,Alpine,4.0,,,,,,10.1,jm1261/Fantasy-F1-League,https://github.com/jm1261/Fantasy-F1-League/blob/main/Data/2024/Lineup/Austria_Results.json,MIT,third_party_recorded,False,True,False,third_party_recorded,historical_fantasy_scores_v3_recorded_2023_2026
2024,11,Austrian Grand Prix,2024-06-30,driver,perez,jm1261/Fantasy-F1-League:2024:driver:Perez,Sergio Pérez,PER,Red Bull,18.0,,,,,,22.5,jm1261/Fantasy-F1-League,https://github.com/jm1261/Fantasy-F1-League/blob/main/Data/2024/Lineup/Austria_Results.json,MIT,third_party_recorded,False,True,False,third_party_recorded,historical_fantasy_scores_v3_recorded_2023_2026
2024,11,Austrian Grand Prix,2024-06-30,driver,piastri,jm1261/Fantasy-F1-League:2024:driver:Piastri,Oscar Piastri,PIA,McLaren,42.0,,,,,,21.7,jm1261/Fantasy-F1-League,https://github.com/jm1261/Fantasy-F1-League/blob/main/Data/2024/Lineup/Austria_Results.json,MIT,third_party_recorded,False,True,False,third_party_recorded,historical_fantasy_scores_v3_recorded_2023_2026
2024,11,Austrian Grand Prix,2024-06-30,driver,ricciardo,jm1261/Fantasy-F1-League:2024:driver:Ricciardo,Daniel Ricciardo,RIC,RB,10.0,,,,,,9.9,jm1261/Fantasy-F1-League,https://github.com/jm1261/Fantasy-F1-League/blob/main/Data/2024/Lineup/Austria_Results.json,MIT,third_party_recorded,False,True,False,third_party_recorded,historical_fantasy_scores_v3_recorded_2023_2026
2024,11,Austrian Grand Prix,2024-06-30,driver,russell,jm1261/Fantasy-F1-League:2024:driver:Russell,George Russell,RUS,Mercedes,43.0,,,,,,21.1,jm1261/Fantasy-F1-League,https://github.com/jm1261/Fantasy-F1-League/blob/main/Data/2024/Lineup/Austria_Results.json,MIT,third_party_recorded,False,True,False,third_party_recorded,historical_fantasy_scores_v3_recorded_2023_2026
2024,11,Austrian Grand Prix,2024-06-30,driver,sainz,jm1261/Fantasy-F1-League:2024:driver:Sainz,Carlos Sainz,SAI,Ferrari,28.0,,,,,,21.6,jm1261/Fantasy-F1-League,https://github.com/jm1261/Fantasy-F1-League/blob/main/Data/2024/Lineup/Austria_Results.json,MIT,third_party_recorded,False,True,False,third_party_recorded,historical_fantasy_scores_v3_recorded_2023_2026
2024,11,Austrian Grand Prix,2024-06-30,driver,sargeant,jm1261/Fantasy-F1-League:2024:driver:Sargeant,Logan Sargeant,SAR,Williams,0.0,,,,,,5.5,jm1261/Fantasy-F1-League,https://github.com/jm1261/Fantasy-F1-League/blob/main/Data/2024/Lineup/Austria_Results.json,MIT,third_party_recorded,False,True,False,third_party_recorded,historical_fantasy_scores_v3_recorded_2023_2026
2024,11,Austrian Grand Prix,2024-06-30,driver,stroll,jm1261/Fantasy-F1-League:2024:driver:Stroll,Lance Stroll,STR,Aston Martin,16.0,,,,,,14.1,jm1261/Fantasy-F1-League,https://github.com/jm1261/Fantasy-F1-League/blob/main/Data/2024/Lineup/Austria_Results.json,MIT,third_party_recorded,False,True,False,third_party_recorded,historical_fantasy_scores_v3_recorded_2023_2026
2024,11,Austrian Grand Prix,2024-06-30,driver,tsunoda,jm1261/Fantasy-F1-League:2024:driver:Tsunoda,Yuki Tsunoda,TSU,RB,10.0,,,,,,9.5,jm1261/Fantasy-F1-League,https://github.com/jm1261/Fantasy-F1-League/blob/main/Data/2024/Lineup/Austria_Results.json,MIT,third_party_recorded,False,True,False,third_party_recorded,historical_fantasy_scores_v3_recorded_2023_2026
2024,11,Austrian Grand Prix,2024-06-30,driver,zhou,jm1261/Fantasy-F1-League:2024:driver:Guanyu,Guanyu Zhou,ZHO,Kick Sauber,2.0,,,,,,7.8,jm1261/Fantasy-F1-League,https://github.com/jm1261/Fantasy-F1-League/blob/main/Data/2024/Lineup/Austria_Results.json,MIT,third_party_recorded,False,True,False,third_party_recorded,historical_fantasy_scores_v3_recorded_2023_2026
2024,12,British Grand Prix,2024-07-07,constructor,alpine,jm1261/Fantasy-F1-League:2024:constructor:Alpine,Alpine,ALP,,-12.0,,,,,,10.1,jm1261/Fantasy-F1-League,https://github.com/jm1261/Fantasy-F1-League/blob/main/Data/2024/Lineup/Great%20Britain_Results.json,MIT,third_party_recorded,False,True,False,third_party_recorded,historical_fantasy_scores_v3_recorded_2023_2026
2024,12,British Grand Prix,2024-07-07,constructor,aston_martin,jm1261/Fantasy-F1-League:2024:constructor:Aston Martin,Aston Martin,AMR,,31.0,,,,,,15.3,jm1261/Fantasy-F1-League,https://github.com/jm1261/Fantasy-F1-League/blob/main/Data/2024/Lineup/Great%20Britain_Results.json,MIT,third_party_recorded,False,True,False,third_party_recorded,historical_fantasy_scores_v3_recorded_2023_2026
2024,12,British Grand Prix,2024-07-07,constructor,ferrari,jm1261/Fantasy-F1-League:2024:constructor:Ferrari,Ferrari,FER,,35.0,,,,,,23.0,jm1261/Fantasy-F1-League,https://github.com/jm1261/Fantasy-F1-League/blob/main/Data/2024/Lineup/Great%20Britain_Results.json,MIT,third_party_recorded,False,True,False,third_party_recorded,historical_fantasy_scores_v3_recorded_2023_2026
2024,12,British Grand Prix,2024-07-07,constructor,haas,jm1261/Fantasy-F1-League:2024:constructor:Haas,Haas,HAS,,30.0,,,,,,9.9,jm1261/Fantasy-F1-League,https://github.com/jm1261/Fantasy-F1-League/blob/main/Data/2024/Lineup/Great%20Britain_Results.json,MIT,third_party_recorded,False,True,False,third_party_recorded,historical_fantasy_scores_v3_recorded_2023_2026
2024,12,British Grand Prix,2024-07-07,constructor,mclaren,jm1261/Fantasy-F1-League:2024:constructor:McLaren,McLaren,MCL,,59.0,,,,,,25.7,jm1261/Fantasy-F1-League,https://github.com/jm1261/Fantasy-F1-League/blob/main/Data/2024/Lineup/Great%20Britain_Results.json,MIT,third_party_recorded,False,True,False,third_party_recorded,historical_fantasy_scores_v3_recorded_2023_2026
2024,12,British Grand Prix,2024-07-07,constructor,mercedes,jm1261/Fantasy-F1-League:2024:constructor:Mercedes,Mercedes,MER,,38.0,,,,,,22.5,jm1261/Fantasy-F1-League,https://github.com/jm1261/Fantasy-F1-League/blob/main/Data/2024/Lineup/Great%20Britain_Results.json,MIT,third_party_recorded,False,True,False,third_party_recorded,historical_fantasy_scores_v3_recorded_2023_2026
2024,12,British Grand Prix,2024-07-07,constructor,rb,jm1261/Fantasy-F1-League:2024:constructor:RB,RB,RB,,16.0,,,,,,10.2,jm1261/Fantasy-F1-League,https://github.com/jm1261/Fantasy-F1-League/blob/main/Data/2024/Lineup/Great%20Britain_Results.json,MIT,third_party_recorded,False,True,False,third_party_recorded,historical_fantasy_scores_v3_recorded_2023_2026
2024,12,British Grand Prix,2024-07-07,constructor,red_bull,jm1261/Fantasy-F1-League:2024:constructor:Red Bull,Red Bull,RBR,,55.0,,,,,,28.9,jm1261/Fantasy-F1-League,https://github.com/jm1261/Fantasy-F1-League/blob/main/Data/2024/Lineup/Great%20Britain_Results.json,MIT,third_party_recorded,False,True,False,third_party_recorded,historical_fantasy_scores_v3_recorded_2023_2026
2024,12,British Grand Prix,2024-07-07,constructor,sauber,jm1261/Fantasy-F1-League:2024:constructor:Kick Sauber,Kick Sauber,SAU,,3.0,,,,,,7.1,jm1261/Fantasy-F1-League,https://github.com/jm1261/Fantasy-F1-League/blob/main/Data/2024/Lineup/Great%20Britain_Results.json,MIT,third_party_recorded,False,True,False,third_party_recorded,historical_fantasy_scores_v3_recorded_2023_2026
2024,12,British Grand Prix,2024-07-07,constructor,williams,jm1261/Fantasy-F1-League:2024:constructor:Williams,Williams,WIL,,15.0,,,,,,6.1,jm1261/Fantasy-F1-League,https://github.com/jm1261/Fantasy-F1-League/blob/main/Data/2024/Lineup/Great%20Britain_Results.json,MIT,third_party_recorded,False,True,False,third_party_recorded,historical_fantasy_scores_v3_recorded_2023_2026
2024,12,British Grand Prix,2024-07-07,driver,albon,jm1261/Fantasy-F1-League:2024:driver:Albon,Alexander Albon,ALB,Williams,6.0,,,,,,8.5,jm1261/Fantasy-F1-League,https://github.com/jm1261/Fantasy-F1-League/blob/main/Data/2024/Lineup/Great%20Britain_Results.json,MIT,third_party_recorded,False,True,False,third_party_recorded,historical_fantasy_scores_v3_recorded_2023_2026
2024,12,British Grand Prix,2024-07-07,driver,alonso,jm1261/Fantasy-F1-League:2024:driver:Alonso,Fernando Alonso,ALO,Aston Martin,9.0,,,,,,16.5,jm1261/Fantasy-F1-League,https://github.com/jm1261/Fantasy-F1-League/blob/main/Data/2024/Lineup/Great%20Britain_Results.json,MIT,third_party_recorded,False,True,False,third_party_recorded,historical_fantasy_scores_v3_recorded_2023_2026
2024,12,British Grand Prix,2024-07-07,driver,bottas,jm1261/Fantasy-F1-League:2024:driver:Bottas,Valtteri Bottas,BOT,Kick Sauber,4.0,,,,,,7.8,jm1261/Fantasy-F1-League,https://github.com/jm1261/Fantasy-F1-League/blob/main/Data/2024/Lineup/Great%20Britain_Results.json,MIT,third_party_recorded,False,True,False,third_party_recorded,historical_fantasy_scores_v3_recorded_2023_2026
2024,12,British Grand Prix,2024-07-07,driver,gasly,jm1261/Fantasy-F1-League:2024:driver:Gasly,Pierre Gasly,GAS,Alpine,-20.0,,,,,,10.1,jm1261/Fantasy-F1-League,https://github.com/jm1261/Fantasy-F1-League/blob/main/Data/2024/Lineup/Great%20Britain_Results.json,MIT,third_party_recorded,False,True,False,third_party_recorded,historical_fantasy_scores_v3_recorded_2023_2026
2024,12,British Grand Prix,2024-07-07,driver,hamilton,jm1261/Fantasy-F1-League:2024:driver:Hamilton,Lewis Hamilton,HAM,Mercedes,47.0,,,,,,21.8,jm1261/Fantasy-F1-League,https://github.com/jm1261/Fantasy-F1-League/blob/main/Data/2024/Lineup/Great%20Britain_Results.json,MIT,third_party_recorded,False,True,False,third_party_recorded,historical_fantasy_scores_v3_recorded_2023_2026
2024,12,British Grand Prix,2024-07-07,driver,hulkenberg,jm1261/Fantasy-F1-League:2024:driver:Hulkenberg,Nico Hülkenberg,HUL,Haas,14.0,,,,,,9.2,jm1261/Fantasy-F1-League,https://github.com/jm1261/Fantasy-F1-League/blob/main/Data/2024/Lineup/Great%20Britain_Results.json,MIT,third_party_recorded,False,True,False,third_party_recorded,historical_fantasy_scores_v3_recorded_2023_2026
2024,12,British Grand Prix,2024-07-07,driver,kevin_magnussen,jm1261/Fantasy-F1-League:2024:driver:Magnussen,Kevin Magnussen,MAG,Haas,11.0,,,,,,10.3,jm1261/Fantasy-F1-League,https://github.com/jm1261/Fantasy-F1-League/blob/main/Data/2024/Lineup/Great%20Britain_Results.json,MIT,third_party_recorded,False,True,False,third_party_recorded,historical_fantasy_scores_v3_recorded_2023_2026
2024,12,British Grand Prix,2024-07-07,driver,leclerc,jm1261/Fantasy-F1-League:2024:driver:Leclerc,Charles Leclerc,LEC,Ferrari,2.0,,,,,,23.3,jm1261/Fantasy-F1-League,https://github.com/jm1261/Fantasy-F1-League/blob/main/Data/2024/Lineup/Great%20Britain_Results.json,MIT,third_party_recorded,False,True,False,third_party_recorded,historical_fantasy_scores_v3_recorded_2023_2026
2024,12,British Grand Prix,2024-07-07,driver,max_verstappen,jm1261/Fantasy-F1-League:2024:driver:Verstappen,Max Verstappen,VER,Red Bull,29.0,,,,,,30.9,jm1261/Fantasy-F1-League,https://github.com/jm1261/Fantasy-F1-League/blob/main/Data/2024/Lineup/Great%20Britain_Results.json,MIT,third_party_recorded,False,True,False,third_party_recorded,historical_fantasy_scores_v3_recorded_2023_2026
2024,12,British Grand Prix,2024-07-07,driver,norris,jm1261/Fantasy-F1-League:2024:driver:Norris,Lando Norris,NOR,McLaren,26.0,,,,,,26.0,jm1261/Fantasy-F1-League,https://github.com/jm1261/Fantasy-F1-League/blob/main/Data/2024/Lineup/Great%20Britain_Results.json,MIT,third_party_recorded,False,True,False,third_party_recorded,historical_fantasy_scores_v3_recorded_2023_2026
2024,12,British Grand Prix,2024-07-07,driver,ocon,jm1261/Fantasy-F1-League:2024:driver:Ocon,Esteban Ocon,OCO,Alpine,6.0,,,,,,10.0,jm1261/Fantasy-F1-League,https://github.com/jm1261/Fantasy-F1-League/blob/main/Data/2024/Lineup/Great%20Britain_Results.json,MIT,third_party_recorded,False,True,False,third_party_recorded,historical_fantasy_scores_v3_recorded_2023_2026
2024,12,British Grand Prix,2024-07-07,driver,perez,jm1261/Fantasy-F1-League:2024:driver:Perez,Sergio Pérez,PER,Red Bull,6.0,,,,,,22.6,jm1261/Fantasy-F1-League,https://github.com/jm1261/Fantasy-F1-League/blob/main/Data/2024/Lineup/Great%20Britain_Results.json,MIT,third_party_recorded,False,True,False,third_party_recorded,historical_fantasy_scores_v3_recorded_2023_2026
2024,12,British Grand Prix,2024-07-07,driver,piastri,jm1261/Fantasy-F1-League:2024:driver:Piastri,Oscar Piastri,PIA,McLaren,23.0,,,,,,22.0,jm1261/Fantasy-F1-League,https://github.com/jm1261/Fantasy-F1-League/blob/main/Data/2024/Lineup/Great%20Britain_Results.json,MIT,third_party_recorded,False,True,False,third_party_recorded,historical_fantasy_scores_v3_recorded_2023_2026
2024,12,British Grand Prix,2024-07-07,driver,ricciardo,jm1261/Fantasy-F1-League:2024:driver:Ricciardo,Daniel Ricciardo,RIC,RB,6.0,,,,,,10.4,jm1261/Fantasy-F1-League,https://github.com/jm1261/Fantasy-F1-League/blob/main/Data/2024/Lineup/Great%20Britain_Results.json,MIT,third_party_recorded,False,True,False,third_party_recorded,historical_fantasy_scores_v3_recorded_2023_2026
2024,12,British Grand Prix,2024-07-07,driver,russell,jm1261/Fantasy-F1-League:2024:driver:Russell,George Russell,RUS,Mercedes,-9.0,,,,,,21.4,jm1261/Fantasy-F1-League,https://github.com/jm1261/Fantasy-F1-League/blob/main/Data/2024/Lineup/Great%20Britain_Results.json,MIT,third_party_recorded,False,True,False,third_party_recorded,historical_fantasy_scores_v3_recorded_2023_2026
2024,12,British Grand Prix,2024-07-07,driver,sainz,jm1261/Fantasy-F1-League:2024:driver:Sainz,Carlos Sainz,SAI,Ferrari,28.0,,,,,,21.9,jm1261/Fantasy-F1-League,https://github.com/jm1261/Fantasy-F1-League/blob/main/Data/2024/Lineup/Great%20Britain_Results.json,MIT,third_party_recorded,False,True,False,third_party_recorded,historical_fantasy_scores_v3_recorded_2023_2026
2024,12,British Grand Prix,2024-07-07,driver,sargeant,jm1261/Fantasy-F1-League:2024:driver:Sargeant,Logan Sargeant,SAR,Williams,4.0,,,,,,5.3,jm1261/Fantasy-F1-League,https://github.com/jm1261/Fantasy-F1-League/blob/main/Data/2024/Lineup/Great%20Britain_Results.json,MIT,third_party_recorded,False,True,False,third_party_recorded,historical_fantasy_scores_v3_recorded_2023_2026
2024,12,British Grand Prix,2024-07-07,driver,stroll,jm1261/Fantasy-F1-League:2024:driver:Stroll,Lance Stroll,STR,Aston Martin,12.0,,,,,,14.6,jm1261/Fantasy-F1-League,https://github.com/jm1261/Fantasy-F1-League/blob/main/Data/2024/Lineup/Great%20Britain_Results.json,MIT,third_party_recorded,False,True,False,third_party_recorded,historical_fantasy_scores_v3_recorded_2023_2026
2024,12,British Grand Prix,2024-07-07,driver,tsunoda,jm1261/Fantasy-F1-League:2024:driver:Tsunoda,Yuki Tsunoda,TSU,RB,7.0,,,,,,10.0,jm1261/Fantasy-F1-League,https://github.com/jm1261/Fantasy-F1-League/blob/main/Data/2024/Lineup/Great%20Britain_Results.json,MIT,third_party_recorded,False,True,False,third_party_recorded,historical_fantasy_scores_v3_recorded_2023_2026
2024,12,British Grand Prix,2024-07-07,driver,zhou,jm1261/Fantasy-F1-League:2024:driver:Guanyu,Guanyu Zhou,ZHO,Kick Sauber,-2.0,,,,,,7.7,jm1261/Fantasy-F1-League,https://github.com/jm1261/Fantasy-F1-League/blob/main/Data/2024/Lineup/Great%20Britain_Results.json,MIT,third_party_recorded,False,True,False,third_party_recorded,historical_fantasy_scores_v3_recorded_2023_2026
2024,13,Hungarian Grand Prix,2024-07-21,constructor,alpine,jm1261/Fantasy-F1-League:2024:constructor:Alpine,Alpine,ALP,,-10.0,,,,,,9.9,jm1261/Fantasy-F1-League,https://github.com/jm1261/Fantasy-F1-League/blob/main/Data/2024/Lineup/Hungary_Results.json,MIT,third_party_recorded,False,True,False,third_party_recorded,historical_fantasy_scores_v3_recorded_2023_2026
2024,13,Hungarian Grand Prix,2024-07-21,constructor,aston_martin,jm1261/Fantasy-F1-League:2024:constructor:Aston Martin,Aston Martin,AMR,,23.0,,,,,,15.4,jm1261/Fantasy-F1-League,https://github.com/jm1261/Fantasy-F1-League/blob/main/Data/2024/Lineup/Hungary_Results.json,MIT,third_party_recorded,False,True,False,third_party_recorded,historical_fantasy_scores_v3_recorded_2023_2026
2024,13,Hungarian Grand Prix,2024-07-21,constructor,ferrari,jm1261/Fantasy-F1-League:2024:constructor:Ferrari,Ferrari,FER,,47.0,,,,,,23.7,jm1261/Fantasy-F1-League,https://github.com/jm1261/Fantasy-F1-League/blob/main/Data/2024/Lineup/Hungary_Results.json,MIT,third_party_recorded,False,True,False,third_party_recorded,historical_fantasy_scores_v3_recorded_2023_2026
2024,13,Hungarian Grand Prix,2024-07-21,constructor,haas,jm1261/Fantasy-F1-League:2024:constructor:Haas,Haas,HAS,,10.0,,,,,,10.4,jm1261/Fantasy-F1-League,https://github.com/jm1261/Fantasy-F1-League/blob/main/Data/2024/Lineup/Hungary_Results.json,MIT,third_party_recorded,False,True,False,third_party_recorded,historical_fantasy_scores_v3_recorded_2023_2026
2024,13,Hungarian Grand Prix,2024-07-21,constructor,mclaren,jm1261/Fantasy-F1-League:2024:constructor:McLaren,McLaren,MCL,,74.0,,,,,,25.8,jm1261/Fantasy-F1-League,https://github.com/jm1261/Fantasy-F1-League/blob/main/Data/2024/Lineup/Hungary_Results.json,MIT,third_party_recorded,False,True,False,third_party_recorded,historical_fantasy_scores_v3_recorded_2023_2026
2024,13,Hungarian Grand Prix,2024-07-21,constructor,mercedes,jm1261/Fantasy-F1-League:2024:constructor:Mercedes,Mercedes,MER,,58.0,,,,,,22.6,jm1261/Fantasy-F1-League,https://github.com/jm1261/Fantasy-F1-League/blob/main/Data/2024/Lineup/Hungary_Results.json,MIT,third_party_recorded,False,True,False,third_party_recorded,historical_fantasy_scores_v3_recorded_2023_2026
2024,13,Hungarian Grand Prix,2024-07-21,constructor,rb,jm1261/Fantasy-F1-League:2024:constructor:RB,RB,RB,,25.0,,,,,,10.7,jm1261/Fantasy-F1-League,https://github.com/jm1261/Fantasy-F1-League/blob/main/Data/2024/Lineup/Hungary_Results.json,MIT,third_party_recorded,False,True,False,third_party_recorded,historical_fantasy_scores_v3_recorded_2023_2026
2024,13,Hungarian Grand Prix,2024-07-21,constructor,red_bull,jm1261/Fantasy-F1-League:2024:constructor:Red Bull,Red Bull,RBR,,47.0,,,,,,29.0,jm1261/Fantasy-F1-League,https://github.com/jm1261/Fantasy-F1-League/blob/main/Data/2024/Lineup/Hungary_Results.json,MIT,third_party_recorded,False,True,False,third_party_recorded,historical_fantasy_scores_v3_recorded_2023_2026
2024,13,Hungarian Grand Prix,2024-07-21,constructor,sauber,jm1261/Fantasy-F1-League:2024:constructor:Kick Sauber,Kick Sauber,SAU,,2.0,,,,,,7.0,jm1261/Fantasy-F1-League,https://github.com/jm1261/Fantasy-F1-League/blob/main/Data/2024/Lineup/Hungary_Results.json,MIT,third_party_recorded,False,True,False,third_party_recorded,historical_fantasy_scores_v3_recorded_2023_2026
2024,13,Hungarian Grand Prix,2024-07-21,constructor,williams,jm1261/Fantasy-F1-League:2024:constructor:Williams,Williams,WIL,,9.0,,,,,,6.6,jm1261/Fantasy-F1-League,https://github.com/jm1261/Fantasy-F1-League/blob/main/Data/2024/Lineup/Hungary_Results.json,MIT,third_party_recorded,False,True,False,third_party_recorded,historical_fantasy_scores_v3_recorded_2023_2026
2024,13,Hungarian Grand Prix,2024-07-21,driver,albon,jm1261/Fantasy-F1-League:2024:driver:Albon,Alexander Albon,ALB,Williams,5.0,,,,,,9.0,jm1261/Fantasy-F1-League,https://github.com/jm1261/Fantasy-F1-League/blob/main/Data/2024/Lineup/Hungary_Results.json,MIT,third_party_recorded,False,True,False,third_party_recorded,historical_fantasy_scores_v3_recorded_2023_2026
2024,13,Hungarian Grand Prix,2024-07-21,driver,alonso,jm1261/Fantasy-F1-League:2024:driver:Alonso,Fernando Alonso,ALO,Aston Martin,4.0,,,,,,16.6,jm1261/Fantasy-F1-League,https://github.com/jm1261/Fantasy-F1-League/blob/main/Data/2024/Lineup/Hungary_Results.json,MIT,third_party_recorded,False,True,False,third_party_recorded,historical_fantasy_scores_v3_recorded_2023_2026
2024,13,Hungarian Grand Prix,2024-07-21,driver,bottas,jm1261/Fantasy-F1-League:2024:driver:Bottas,Valtteri Bottas,BOT,Kick Sauber,1.0,,,,,,7.7,jm1261/Fantasy-F1-League,https://github.com/jm1261/Fantasy-F1-League/blob/main/Data/2024/Lineup/Hungary_Results.json,MIT,third_party_recorded,False,True,False,third_party_recorded,historical_fantasy_scores_v3_recorded_2023_2026
2024,13,Hungarian Grand Prix,2024-07-21,driver,gasly,jm1261/Fantasy-F1-League:2024:driver:Gasly,Pierre Gasly,GAS,Alpine,-19.0,,,,,,9.9,jm1261/Fantasy-F1-League,https://github.com/jm1261/Fantasy-F1-League/blob/main/Data/2024/Lineup/Hungary_Results.json,MIT,third_party_recorded,False,True,False,third_party_recorded,historical_fantasy_scores_v3_recorded_2023_2026
2024,13,Hungarian Grand Prix,2024-07-21,driver,hamilton,jm1261/Fantasy-F1-League:2024:driver:Hamilton,Lewis Hamilton,HAM,Mercedes,26.0,,,,,,22.8,jm1261/Fantasy-F1-League,https://github.com/jm1261/Fantasy-F1-League/blob/main/Data/2024/Lineup/Hungary_Results.json,MIT,third_party_recorded,False,True,False,third_party_recorded,historical_fantasy_scores_v3_recorded_2023_2026
2024,13,Hungarian Grand Prix,2024-07-21,driver,hulkenberg,jm1261/Fantasy-F1-League:2024:driver:Hulkenberg,Nico Hülkenberg,HUL,Haas,0.0,,,,,,9.7,jm1261/Fantasy-F1-League,https://github.com/jm1261/Fantasy-F1-League/blob/main/Data/2024/Lineup/Hungary_Results.json,MIT,third_party_recorded,False,True,False,third_party_recorded,historical_fantasy_scores_v3_recorded_2023_2026
2024,13,Hungarian Grand Prix,2024-07-21,driver,kevin_magnussen,jm1261/Fantasy-F1-League:2024:driver:Magnussen,Kevin Magnussen,MAG,Haas,7.0,,,,,,10.8,jm1261/Fantasy-F1-League,https://github.com/jm1261/Fantasy-F1-League/blob/main/Data/2024/Lineup/Hungary_Results.json,MIT,third_party_recorded,False,True,False,third_party_recorded,historical_fantasy_scores_v3_recorded_2023_2026
2024,13,Hungarian Grand Prix,2024-07-21,driver,leclerc,jm1261/Fantasy-F1-League:2024:driver:Leclerc,Charles Leclerc,LEC,Ferrari,20.0,,,,,,23.0,jm1261/Fantasy-F1-League,https://github.com/jm1261/Fantasy-F1-League/blob/main/Data/2024/Lineup/Hungary_Results.json,MIT,third_party_recorded,False,True,False,third_party_recorded,historical_fantasy_scores_v3_recorded_2023_2026
2024,13,Hungarian Grand Prix,2024-07-21,driver,max_verstappen,jm1261/Fantasy-F1-League:2024:driver:Verstappen,Max Verstappen,VER,Red Bull,17.0,,,,,,31.0,jm1261/Fantasy-F1-League,https://github.com/jm1261/Fantasy-F1-League/blob/main/Data/2024/Lineup/Hungary_Results.json,MIT,third_party_recorded,False,True,False,third_party_recorded,historical_fantasy_scores_v3_recorded_2023_2026
2024,13,Hungarian Grand Prix,2024-07-21,driver,norris,jm1261/Fantasy-F1-League:2024:driver:Norris,Lando Norris,NOR,McLaren,28.0,,,,,,26.1,jm1261/Fantasy-F1-League,https://github.com/jm1261/Fantasy-F1-League/blob/main/Data/2024/Lineup/Hungary_Results.json,MIT,third_party_recorded,False,True,False,third_party_recorded,historical_fantasy_scores_v3_recorded_2023_2026
2024,13,Hungarian Grand Prix,2024-07-21,driver,ocon,jm1261/Fantasy-F1-League:2024:driver:Ocon,Esteban Ocon,OCO,Alpine,7.0,,,,,,10.5,jm1261/Fantasy-F1-League,https://github.com/jm1261/Fantasy-F1-League/blob/main/Data/2024/Lineup/Hungary_Results.json,MIT,third_party_recorded,False,True,False,third_party_recorded,historical_fantasy_scores_v3_recorded_2023_2026
2024,13,Hungarian Grand Prix,2024-07-21,driver,perez,jm1261/Fantasy-F1-League:2024:driver:Perez,Sergio Pérez,PER,Red Bull,20.0,,,,,,22.7,jm1261/Fantasy-F1-League,https://github.com/jm1261/Fantasy-F1-League/blob/main/Data/2024/Lineup/Hungary_Results.json,MIT,third_party_recorded,False,True,False,third_party_recorded,historical_fantasy_scores_v3_recorded_2023_2026
2024,13,Hungarian Grand Prix,2024-07-21,driver,piastri,jm1261/Fantasy-F1-League:2024:driver:Piastri,Oscar Piastri,PIA,McLaren,46.0,,,,,,22.3,jm1261/Fantasy-F1-League,https://github.com/jm1261/Fantasy-F1-League/blob/main/Data/2024/Lineup/Hungary_Results.json,MIT,third_party_recorded,False,True,False,third_party_recorded,historical_fantasy_scores_v3_recorded_2023_2026
2024,13,Hungarian Grand Prix,2024-07-21,driver,ricciardo,jm1261/Fantasy-F1-League:2024:driver:Ricciardo,Daniel Ricciardo,RIC,RB,1.0,,,,,,10.9,jm1261/Fantasy-F1-League,https://github.com/jm1261/Fantasy-F1-League/blob/main/Data/2024/Lineup/Hungary_Results.json,MIT,third_party_recorded,False,True,False,third_party_recorded,historical_fantasy_scores_v3_recorded_2023_2026
2024,13,Hungarian Grand Prix,2024-07-21,driver,russell,jm1261/Fantasy-F1-League:2024:driver:Russell,George Russell,RUS,Mercedes,27.0,,,,,,20.9,jm1261/Fantasy-F1-League,https://github.com/jm1261/Fantasy-F1-League/blob/main/Data/2024/Lineup/Hungary_Results.json,MIT,third_party_recorded,False,True,False,third_party_recorded,historical_fantasy_scores_v3_recorded_2023_2026
2024,13,Hungarian Grand Prix,2024-07-21,driver,sainz,jm1261/Fantasy-F1-League:2024:driver:Sainz,Carlos Sainz,SAI,Ferrari,17.0,,,,,,22.2,jm1261/Fantasy-F1-League,https://github.com/jm1261/Fantasy-F1-League/blob/main/Data/2024/Lineup/Hungary_Results.json,MIT,third_party_recorded,False,True,False,third_party_recorded,historical_fantasy_scores_v3_recorded_2023_2026
2024,13,Hungarian Grand Prix,2024-07-21,driver,sargeant,jm1261/Fantasy-F1-League:2024:driver:Sargeant,Logan Sargeant,SAR,Williams,1.0,,,,,,5.2,jm1261/Fantasy-F1-League,https://github.com/jm1261/Fantasy-F1-League/blob/main/Data/2024/Lineup/Hungary_Results.json,MIT,third_party_recorded,False,True,False,third_party_recorded,historical_fantasy_scores_v3_recorded_2023_2026
2024,13,Hungarian Grand Prix,2024-07-21,driver,stroll,jm1261/Fantasy-F1-League:2024:driver:Stroll,Lance Stroll,STR,Aston Martin,9.0,,,,,,15.1,jm1261/Fantasy-F1-League,https://github.com/jm1261/Fantasy-F1-League/blob/main/Data/2024/Lineup/Hungary_Results.json,MIT,third_party_recorded,False,True,False,third_party_recorded,historical_fantasy_scores_v3_recorded_2023_2026
2024,13,Hungarian Grand Prix,2024-07-21,driver,tsunoda,jm1261/Fantasy-F1-League:2024:driver:Tsunoda,Yuki Tsunoda,TSU,RB,4.0,,,,,,10.5,jm1261/Fantasy-F1-League,https://github.com/jm1261/Fantasy-F1-League/blob/main/Data/2024/Lineup/Hungary_Results.json,MIT,third_party_recorded,False,True,False,third_party_recorded,historical_fantasy_scores_v3_recorded_2023_2026
2024,13,Hungarian Grand Prix,2024-07-21,driver,zhou,jm1261/Fantasy-F1-League:2024:driver:Guanyu,Guanyu Zhou,ZHO,Kick Sauber,0.0,,,,,,7.5,jm1261/Fantasy-F1-League,https://github.com/jm1261/Fantasy-F1-League/blob/main/Data/2024/Lineup/Hungary_Results.json,MIT,third_party_recorded,False,True,False,third_party_recorded,historical_fantasy_scores_v3_recorded_2023_2026
2024,14,Belgian Grand Prix,2024-07-28,constructor,alpine,jm1261/Fantasy-F1-League:2024:constructor:Alpine,Alpine,ALP,,18.0,,,,,,9.7,jm1261/Fantasy-F1-League,https://github.com/jm1261/Fantasy-F1-League/blob/main/Data/2024/Lineup/Belgium_Results.json,MIT,third_party_recorded,False,True,False,third_party_recorded,historical_fantasy_scores_v3_recorded_2023_2026
2024,14,Belgian Grand Prix,2024-07-28,constructor,aston_martin,jm1261/Fantasy-F1-League:2024:constructor:Aston Martin,Aston Martin,AMR,,21.0,,,,,,15.5,jm1261/Fantasy-F1-League,https://github.com/jm1261/Fantasy-F1-League/blob/main/Data/2024/Lineup/Belgium_Results.json,MIT,third_party_recorded,False,True,False,third_party_recorded,historical_fantasy_scores_v3_recorded_2023_2026
2024,14,Belgian Grand Prix,2024-07-28,constructor,ferrari,jm1261/Fantasy-F1-League:2024:constructor:Ferrari,Ferrari,FER,,47.0,,,,,,23.4,jm1261/Fantasy-F1-League,https://github.com/jm1261/Fantasy-F1-League/blob/main/Data/2024/Lineup/Belgium_Results.json,MIT,third_party_recorded,False,True,False,third_party_recorded,historical_fantasy_scores_v3_recorded_2023_2026
2024,14,Belgian Grand Prix,2024-07-28,constructor,haas,jm1261/Fantasy-F1-League:2024:constructor:Haas,Haas,HAS,,7.0,,,,,,10.3,jm1261/Fantasy-F1-League,https://github.com/jm1261/Fantasy-F1-League/blob/main/Data/2024/Lineup/Belgium_Results.json,MIT,third_party_recorded,False,True,False,third_party_recorded,historical_fantasy_scores_v3_recorded_2023_2026
2024,14,Belgian Grand Prix,2024-07-28,constructor,mclaren,jm1261/Fantasy-F1-League:2024:constructor:McLaren,McLaren,MCL,,67.0,,,,,,25.9,jm1261/Fantasy-F1-League,https://github.com/jm1261/Fantasy-F1-League/blob/main/Data/2024/Lineup/Belgium_Results.json,MIT,third_party_recorded,False,True,False,third_party_recorded,historical_fantasy_scores_v3_recorded_2023_2026
2024,14,Belgian Grand Prix,2024-07-28,constructor,mercedes,jm1261/Fantasy-F1-League:2024:constructor:Mercedes,Mercedes,MER,,25.0,,,,,,22.9,jm1261/Fantasy-F1-League,https://github.com/jm1261/Fantasy-F1-League/blob/main/Data/2024/Lineup/Belgium_Results.json,MIT,third_party_recorded,False,True,False,third_party_recorded,historical_fantasy_scores_v3_recorded_2023_2026
2024,14,Belgian Grand Prix,2024-07-28,constructor,rb,jm1261/Fantasy-F1-League:2024:constructor:RB,RB,RB,,18.0,,,,,,11.2,jm1261/Fantasy-F1-League,https://github.com/jm1261/Fantasy-F1-League/blob/main/Data/2024/Lineup/Belgium_Results.json,MIT,third_party_recorded,False,True,False,third_party_recorded,historical_fantasy_scores_v3_recorded_2023_2026
2024,14,Belgian Grand Prix,2024-07-28,constructor,red_bull,jm1261/Fantasy-F1-League:2024:constructor:Red Bull,Red Bull,RBR,,69.0,,,,,,29.0,jm1261/Fantasy-F1-League,https://github.com/jm1261/Fantasy-F1-League/blob/main/Data/2024/Lineup/Belgium_Results.json,MIT,third_party_recorded,False,True,False,third_party_recorded,historical_fantasy_scores_v3_recorded_2023_2026
2024,14,Belgian Grand Prix,2024-07-28,constructor,sauber,jm1261/Fantasy-F1-League:2024:constructor:Kick Sauber,Kick Sauber,SAU,,-14.0,,,,,,6.9,jm1261/Fantasy-F1-League,https://github.com/jm1261/Fantasy-F1-League/blob/main/Data/2024/Lineup/Belgium_Results.json,MIT,third_party_recorded,False,True,False,third_party_recorded,historical_fantasy_scores_v3_recorded_2023_2026
2024,14,Belgian Grand Prix,2024-07-28,constructor,williams,jm1261/Fantasy-F1-League:2024:constructor:Williams,Williams,WIL,,5.0,,,,,,6.5,jm1261/Fantasy-F1-League,https://github.com/jm1261/Fantasy-F1-League/blob/main/Data/2024/Lineup/Belgium_Results.json,MIT,third_party_recorded,False,True,False,third_party_recorded,historical_fantasy_scores_v3_recorded_2023_2026
2024,14,Belgian Grand Prix,2024-07-28,driver,albon,jm1261/Fantasy-F1-League:2024:driver:Albon,Alexander Albon,ALB,Williams,2.0,,,,,,8.9,jm1261/Fantasy-F1-League,https://github.com/jm1261/Fantasy-F1-League/blob/main/Data/2024/Lineup/Belgium_Results.json,MIT,third_party_recorded,False,True,False,third_party_recorded,historical_fantasy_scores_v3_recorded_2023_2026
2024,14,Belgian Grand Prix,2024-07-28,driver,alonso,jm1261/Fantasy-F1-League:2024:driver:Alonso,Fernando Alonso,ALO,Aston Martin,9.0,,,,,,16.3,jm1261/Fantasy-F1-League,https://github.com/jm1261/Fantasy-F1-League/blob/main/Data/2024/Lineup/Belgium_Results.json,MIT,third_party_recorded,False,True,False,third_party_recorded,historical_fantasy_scores_v3_recorded_2023_2026
2024,14,Belgian Grand Prix,2024-07-28,driver,bottas,jm1261/Fantasy-F1-League:2024:driver:Bottas,Valtteri Bottas,BOT,Kick Sauber,3.0,,,,,,7.6,jm1261/Fantasy-F1-League,https://github.com/jm1261/Fantasy-F1-League/blob/main/Data/2024/Lineup/Belgium_Results.json,MIT,third_party_recorded,False,True,False,third_party_recorded,historical_fantasy_scores_v3_recorded_2023_2026
2024,14,Belgian Grand Prix,2024-07-28,driver,gasly,jm1261/Fantasy-F1-League:2024:driver:Gasly,Pierre Gasly,GAS,Alpine,3.0,,,,,,9.7,jm1261/Fantasy-F1-League,https://github.com/jm1261/Fantasy-F1-League/blob/main/Data/2024/Lineup/Belgium_Results.json,MIT,third_party_recorded,False,True,False,third_party_recorded,historical_fantasy_scores_v3_recorded_2023_2026
2024,14,Belgian Grand Prix,2024-07-28,driver,hamilton,jm1261/Fantasy-F1-League:2024:driver:Hamilton,Lewis Hamilton,HAM,Mercedes,46.0,,,,,,23.1,jm1261/Fantasy-F1-League,https://github.com/jm1261/Fantasy-F1-League/blob/main/Data/2024/Lineup/Belgium_Results.json,MIT,third_party_recorded,False,True,False,third_party_recorded,historical_fantasy_scores_v3_recorded_2023_2026
2024,14,Belgian Grand Prix,2024-07-28,driver,hulkenberg,jm1261/Fantasy-F1-League:2024:driver:Hulkenberg,Nico Hülkenberg,HUL,Haas,2.0,,,,,,9.5,jm1261/Fantasy-F1-League,https://github.com/jm1261/Fantasy-F1-League/blob/main/Data/2024/Lineup/Belgium_Results.json,MIT,third_party_recorded,False,True,False,third_party_recorded,historical_fantasy_scores_v3_recorded_2023_2026
2024,14,Belgian Grand Prix,2024-07-28,driver,kevin_magnussen,jm1261/Fantasy-F1-League:2024:driver:Magnussen,Kevin Magnussen,MAG,Haas,6.0,,,,,,11.3,jm1261/Fantasy-F1-League,https://github.com/jm1261/Fantasy-F1-League/blob/main/Data/2024/Lineup/Belgium_Results.json,MIT,third_party_recorded,False,True,False,third_party_recorded,historical_fantasy_scores_v3_recorded_2023_2026
2024,14,Belgian Grand Prix,2024-07-28,driver,leclerc,jm1261/Fantasy-F1-League:2024:driver:Leclerc,Charles Leclerc,LEC,Ferrari,22.0,,,,,,23.3,jm1261/Fantasy-F1-League,https://github.com/jm1261/Fantasy-F1-League/blob/main/Data/2024/Lineup/Belgium_Results.json,MIT,third_party_recorded,False,True,False,third_party_recorded,historical_fantasy_scores_v3_recorded_2023_2026
2024,14,Belgian Grand Prix,2024-07-28,driver,max_verstappen,jm1261/Fantasy-F1-League:2024:driver:Verstappen,Max Verstappen,VER,Red Bull,35.0,,,,,,31.1,jm1261/Fantasy-F1-League,https://github.com/jm1261/Fantasy-F1-League/blob/main/Data/2024/Lineup/Belgium_Results.json,MIT,third_party_recorded,False,True,False,third_party_recorded,historical_fantasy_scores_v3_recorded_2023_2026
2024,14,Belgian Grand Prix,2024-07-28,driver,norris,jm1261/Fantasy-F1-League:2024:driver:Norris,Lando Norris,NOR,McLaren,17.0,,,,,,26.2,jm1261/Fantasy-F1-League,https://github.com/jm1261/Fantasy-F1-League/blob/main/Data/2024/Lineup/Belgium_Results.json,MIT,third_party_recorded,False,True,False,third_party_recorded,historical_fantasy_scores_v3_recorded_2023_2026
2024,14,Belgian Grand Prix,2024-07-28,driver,ocon,jm1261/Fantasy-F1-League:2024:driver:Ocon,Esteban Ocon,OCO,Alpine,10.0,,,,,,11.0,jm1261/Fantasy-F1-League,https://github.com/jm1261/Fantasy-F1-League/blob/main/Data/2024/Lineup/Belgium_Results.json,MIT,third_party_recorded,False,True,False,third_party_recorded,historical_fantasy_scores_v3_recorded_2023_2026
2024,14,Belgian Grand Prix,2024-07-28,driver,perez,jm1261/Fantasy-F1-League:2024:driver:Perez,Sergio Pérez,PER,Red Bull,19.0,,,,,,23.0,jm1261/Fantasy-F1-League,https://github.com/jm1261/Fantasy-F1-League/blob/main/Data/2024/Lineup/Belgium_Results.json,MIT,third_party_recorded,False,True,False,third_party_recorded,historical_fantasy_scores_v3_recorded_2023_2026
2024,14,Belgian Grand Prix,2024-07-28,driver,piastri,jm1261/Fantasy-F1-League:2024:driver:Piastri,Oscar Piastri,PIA,McLaren,30.0,,,,,,23.3,jm1261/Fantasy-F1-League,https://github.com/jm1261/Fantasy-F1-League/blob/main/Data/2024/Lineup/Belgium_Results.json,MIT,third_party_recorded,False,True,False,third_party_recorded,historical_fantasy_scores_v3_recorded_2023_2026
2024,14,Belgian Grand Prix,2024-07-28,driver,ricciardo,jm1261/Fantasy-F1-League:2024:driver:Ricciardo,Daniel Ricciardo,RIC,RB,8.0,,,,,,10.8,jm1261/Fantasy-F1-League,https://github.com/jm1261/Fantasy-F1-League/blob/main/Data/2024/Lineup/Belgium_Results.json,MIT,third_party_recorded,False,True,False,third_party_recorded,historical_fantasy_scores_v3_recorded_2023_2026
2024,14,Belgian Grand Prix,2024-07-28,driver,russell,jm1261/Fantasy-F1-League:2024:driver:Russell,George Russell,RUS,Mercedes,-21.0,,,,,,21.2,jm1261/Fantasy-F1-League,https://github.com/jm1261/Fantasy-F1-League/blob/main/Data/2024/Lineup/Belgium_Results.json,MIT,third_party_recorded,False,True,False,third_party_recorded,historical_fantasy_scores_v3_recorded_2023_2026
2024,14,Belgian Grand Prix,2024-07-28,driver,sainz,jm1261/Fantasy-F1-League:2024:driver:Sainz,Carlos Sainz,SAI,Ferrari,15.0,,,,,,22.5,jm1261/Fantasy-F1-League,https://github.com/jm1261/Fantasy-F1-League/blob/main/Data/2024/Lineup/Belgium_Results.json,MIT,third_party_recorded,False,True,False,third_party_recorded,historical_fantasy_scores_v3_recorded_2023_2026
2024,14,Belgian Grand Prix,2024-07-28,driver,sargeant,jm1261/Fantasy-F1-League:2024:driver:Sargeant,Logan Sargeant,SAR,Williams,2.0,,,,,,5.1,jm1261/Fantasy-F1-League,https://github.com/jm1261/Fantasy-F1-League/blob/main/Data/2024/Lineup/Belgium_Results.json,MIT,third_party_recorded,False,True,False,third_party_recorded,historical_fantasy_scores_v3_recorded_2023_2026
2024,14,Belgian Grand Prix,2024-07-28,driver,stroll,jm1261/Fantasy-F1-League:2024:driver:Stroll,Lance Stroll,STR,Aston Martin,7.0,,,,,,15.2,jm1261/Fantasy-F1-League,https://github.com/jm1261/Fantasy-F1-League/blob/main/Data/2024/Lineup/Belgium_Results.json,MIT,third_party_recorded,False,True,False,third_party_recorded,historical_fantasy_scores_v3_recorded_2023_2026
2024,14,Belgian Grand Prix,2024-07-28,driver,tsunoda,jm1261/Fantasy-F1-League:2024:driver:Tsunoda,Yuki Tsunoda,TSU,RB,6.0,,,,,,10.4,jm1261/Fantasy-F1-League,https://github.com/jm1261/Fantasy-F1-League/blob/main/Data/2024/Lineup/Belgium_Results.json,MIT,third_party_recorded,False,True,False,third_party_recorded,historical_fantasy_scores_v3_recorded_2023_2026
2024,14,Belgian Grand Prix,2024-07-28,driver,zhou,jm1261/Fantasy-F1-League:2024:driver:Guanyu,Guanyu Zhou,ZHO,Kick Sauber,-18.0,,,,,,7.3,jm1261/Fantasy-F1-League,https://github.com/jm1261/Fantasy-F1-League/blob/main/Data/2024/Lineup/Belgium_Results.json,MIT,third_party_recorded,False,True,False,third_party_recorded,historical_fantasy_scores_v3_recorded_2023_2026
2024,15,Dutch Grand Prix,2024-08-25,constructor,alpine,jm1261/Fantasy-F1-League:2024:constructor:Alpine,Alpine,ALP,,17.0,,,,,,10.2,jm1261/Fantasy-F1-League,https://github.com/jm1261/Fantasy-F1-League/blob/main/Data/2024/Lineup/Netherlands_Results.json,MIT,third_party_recorded,False,True,False,third_party_recorded,historical_fantasy_scores_v3_recorded_2023_2026
2024,15,Dutch Grand Prix,2024-08-25,constructor,aston_martin,jm1261/Fantasy-F1-League:2024:constructor:Aston Martin,Aston Martin,AMR,,17.0,,,,,,15.6,jm1261/Fantasy-F1-League,https://github.com/jm1261/Fantasy-F1-League/blob/main/Data/2024/Lineup/Netherlands_Results.json,MIT,third_party_recorded,False,True,False,third_party_recorded,historical_fantasy_scores_v3_recorded_2023_2026
2024,15,Dutch Grand Prix,2024-08-25,constructor,ferrari,jm1261/Fantasy-F1-League:2024:constructor:Ferrari,Ferrari,FER,,59.0,,,,,,23.7,jm1261/Fantasy-F1-League,https://github.com/jm1261/Fantasy-F1-League/blob/main/Data/2024/Lineup/Netherlands_Results.json,MIT,third_party_recorded,False,True,False,third_party_recorded,historical_fantasy_scores_v3_recorded_2023_2026
2024,15,Dutch Grand Prix,2024-08-25,constructor,haas,jm1261/Fantasy-F1-League:2024:constructor:Haas,Haas,HAS,,16.0,,,,,,10.2,jm1261/Fantasy-F1-League,https://github.com/jm1261/Fantasy-F1-League/blob/main/Data/2024/Lineup/Netherlands_Results.json,MIT,third_party_recorded,False,True,False,third_party_recorded,historical_fantasy_scores_v3_recorded_2023_2026
2024,15,Dutch Grand Prix,2024-08-25,constructor,mclaren,jm1261/Fantasy-F1-League:2024:constructor:McLaren,McLaren,MCL,,81.0,,,,,,26.0,jm1261/Fantasy-F1-League,https://github.com/jm1261/Fantasy-F1-League/blob/main/Data/2024/Lineup/Netherlands_Results.json,MIT,third_party_recorded,False,True,False,third_party_recorded,historical_fantasy_scores_v3_recorded_2023_2026
2024,15,Dutch Grand Prix,2024-08-25,constructor,mercedes,jm1261/Fantasy-F1-League:2024:constructor:Mercedes,Mercedes,MER,,39.0,,,,,,23.0,jm1261/Fantasy-F1-League,https://github.com/jm1261/Fantasy-F1-League/blob/main/Data/2024/Lineup/Netherlands_Results.json,MIT,third_party_recorded,False,True,False,third_party_recorded,historical_fantasy_scores_v3_recorded_2023_2026
2024,15,Dutch Grand Prix,2024-08-25,constructor,rb,jm1261/Fantasy-F1-League:2024:constructor:RB,RB,RB,,15.0,,,,,,11.7,jm1261/Fantasy-F1-League,https://github.com/jm1261/Fantasy-F1-League/blob/main/Data/2024/Lineup/Netherlands_Results.json,MIT,third_party_recorded,False,True,False,third_party_recorded,historical_fantasy_scores_v3_recorded_2023_2026
2024,15,Dutch Grand Prix,2024-08-25,constructor,red_bull,jm1261/Fantasy-F1-League:2024:constructor:Red Bull,Red Bull,RBR,,52.0,,,,,,29.1,jm1261/Fantasy-F1-League,https://github.com/jm1261/Fantasy-F1-League/blob/main/Data/2024/Lineup/Netherlands_Results.json,MIT,third_party_recorded,False,True,False,third_party_recorded,historical_fantasy_scores_v3_recorded_2023_2026
2024,15,Dutch Grand Prix,2024-08-25,constructor,sauber,jm1261/Fantasy-F1-League:2024:constructor:Kick Sauber,Kick Sauber,SAU,,-2.0,,,,,,6.7,jm1261/Fantasy-F1-League,https://github.com/jm1261/Fantasy-F1-League/blob/main/Data/2024/Lineup/Netherlands_Results.json,MIT,third_party_recorded,False,True,False,third_party_recorded,historical_fantasy_scores_v3_recorded_2023_2026
2024,15,Dutch Grand Prix,2024-08-25,constructor,williams,jm1261/Fantasy-F1-League:2024:constructor:Williams,Williams,WIL,,-2.0,,,,,,6.4,jm1261/Fantasy-F1-League,https://github.com/jm1261/Fantasy-F1-League/blob/main/Data/2024/Lineup/Netherlands_Results.json,MIT,third_party_recorded,False,True,False,third_party_recorded,historical_fantasy_scores_v3_recorded_2023_2026
2024,15,Dutch Grand Prix,2024-08-25,driver,albon,jm1261/Fantasy-F1-League:2024:driver:Albon,Alexander Albon,ALB,Williams,-2.0,,,,,,8.7,jm1261/Fantasy-F1-League,https://github.com/jm1261/Fantasy-F1-League/blob/main/Data/2024/Lineup/Netherlands_Results.json,MIT,third_party_recorded,False,True,False,third_party_recorded,historical_fantasy_scores_v3_recorded_2023_2026
2024,15,Dutch Grand Prix,2024-08-25,driver,alonso,jm1261/Fantasy-F1-League:2024:driver:Alonso,Fernando Alonso,ALO,Aston Martin,6.0,,,,,,16.4,jm1261/Fantasy-F1-League,https://github.com/jm1261/Fantasy-F1-League/blob/main/Data/2024/Lineup/Netherlands_Results.json,MIT,third_party_recorded,False,True,False,third_party_recorded,historical_fantasy_scores_v3_recorded_2023_2026
2024,15,Dutch Grand Prix,2024-08-25,driver,bottas,jm1261/Fantasy-F1-League:2024:driver:Bottas,Valtteri Bottas,BOT,Kick Sauber,1.0,,,,,,7.5,jm1261/Fantasy-F1-League,https://github.com/jm1261/Fantasy-F1-League/blob/main/Data/2024/Lineup/Netherlands_Results.json,MIT,third_party_recorded,False,True,False,third_party_recorded,historical_fantasy_scores_v3_recorded_2023_2026
2024,15,Dutch Grand Prix,2024-08-25,driver,gasly,jm1261/Fantasy-F1-League:2024:driver:Gasly,Pierre Gasly,GAS,Alpine,9.0,,,,,,9.6,jm1261/Fantasy-F1-League,https://github.com/jm1261/Fantasy-F1-League/blob/main/Data/2024/Lineup/Netherlands_Results.json,MIT,third_party_recorded,False,True,False,third_party_recorded,historical_fantasy_scores_v3_recorded_2023_2026
2024,15,Dutch Grand Prix,2024-08-25,driver,hamilton,jm1261/Fantasy-F1-League:2024:driver:Hamilton,Lewis Hamilton,HAM,Mercedes,21.0,,,,,,24.1,jm1261/Fantasy-F1-League,https://github.com/jm1261/Fantasy-F1-League/blob/main/Data/2024/Lineup/Netherlands_Results.json,MIT,third_party_recorded,False,True,False,third_party_recorded,historical_fantasy_scores_v3_recorded_2023_2026
2024,15,Dutch Grand Prix,2024-08-25,driver,hulkenberg,jm1261/Fantasy-F1-League:2024:driver:Hulkenberg,Nico Hülkenberg,HUL,Haas,6.0,,,,,,9.4,jm1261/Fantasy-F1-League,https://github.com/jm1261/Fantasy-F1-League/blob/main/Data/2024/Lineup/Netherlands_Results.json,MIT,third_party_recorded,False,True,False,third_party_recorded,historical_fantasy_scores_v3_recorded_2023_2026
2024,15,Dutch Grand Prix,2024-08-25,driver,kevin_magnussen,jm1261/Fantasy-F1-League:2024:driver:Magnussen,Kevin Magnussen,MAG,Haas,7.0,,,,,,11.8,jm1261/Fantasy-F1-League,https://github.com/jm1261/Fantasy-F1-League/blob/main/Data/2024/Lineup/Netherlands_Results.json,MIT,third_party_recorded,False,True,False,third_party_recorded,historical_fantasy_scores_v3_recorded_2023_2026
2024,15,Dutch Grand Prix,2024-08-25,driver,leclerc,jm1261/Fantasy-F1-League:2024:driver:Leclerc,Charles Leclerc,LEC,Ferrari,26.0,,,,,,23.6,jm1261/Fantasy-F1-League,https://github.com/jm1261/Fantasy-F1-League/blob/main/Data/2024/Lineup/Netherlands_Results.json,MIT,third_party_recorded,False,True,False,third_party_recorded,historical_fantasy_scores_v3_recorded_2023_2026
2024,15,Dutch Grand Prix,2024-08-25,driver,max_verstappen,jm1261/Fantasy-F1-League:2024:driver:Verstappen,Max Verstappen,VER,Red Bull,28.0,,,,,,31.3,jm1261/Fantasy-F1-League,https://github.com/jm1261/Fantasy-F1-League/blob/main/Data/2024/Lineup/Netherlands_Results.json,MIT,third_party_recorded,False,True,False,third_party_recorded,historical_fantasy_scores_v3_recorded_2023_2026
2024,15,Dutch Grand Prix,2024-08-25,driver,norris,jm1261/Fantasy-F1-League:2024:driver:Norris,Lando Norris,NOR,McLaren,56.0,,,,,,26.3,jm1261/Fantasy-F1-League,https://github.com/jm1261/Fantasy-F1-League/blob/main/Data/2024/Lineup/Netherlands_Results.json,MIT,third_party_recorded,False,True,False,third_party_recorded,historical_fantasy_scores_v3_recorded_2023_2026
2024,15,Dutch Grand Prix,2024-08-25,driver,ocon,jm1261/Fantasy-F1-League:2024:driver:Ocon,Esteban Ocon,OCO,Alpine,3.0,,,,,,11.5,jm1261/Fantasy-F1-League,https://github.com/jm1261/Fantasy-F1-League/blob/main/Data/2024/Lineup/Netherlands_Results.json,MIT,third_party_recorded,False,True,False,third_party_recorded,historical_fantasy_scores_v3_recorded_2023_2026
2024,15,Dutch Grand Prix,2024-08-25,driver,perez,jm1261/Fantasy-F1-League:2024:driver:Perez,Sergio Pérez,PER,Red Bull,14.0,,,,,,23.3,jm1261/Fantasy-F1-League,https://github.com/jm1261/Fantasy-F1-League/blob/main/Data/2024/Lineup/Netherlands_Results.json,MIT,third_party_recorded,False,True,False,third_party_recorded,historical_fantasy_scores_v3_recorded_2023_2026
2024,15,Dutch Grand Prix,2024-08-25,driver,piastri,jm1261/Fantasy-F1-League:2024:driver:Piastri,Oscar Piastri,PIA,McLaren,20.0,,,,,,23.6,jm1261/Fantasy-F1-League,https://github.com/jm1261/Fantasy-F1-League/blob/main/Data/2024/Lineup/Netherlands_Results.json,MIT,third_party_recorded,False,True,False,third_party_recorded,historical_fantasy_scores_v3_recorded_2023_2026
2024,15,Dutch Grand Prix,2024-08-25,driver,ricciardo,jm1261/Fantasy-F1-League:2024:driver:Ricciardo,Daniel Ricciardo,RIC,RB,5.0,,,,,,11.3,jm1261/Fantasy-F1-League,https://github.com/jm1261/Fantasy-F1-League/blob/main/Data/2024/Lineup/Netherlands_Results.json,MIT,third_party_recorded,False,True,False,third_party_recorded,historical_fantasy_scores_v3_recorded_2023_2026
2024,15,Dutch Grand Prix,2024-08-25,driver,russell,jm1261/Fantasy-F1-League:2024:driver:Russell,George Russell,RUS,Mercedes,13.0,,,,,,20.7,jm1261/Fantasy-F1-League,https://github.com/jm1261/Fantasy-F1-League/blob/main/Data/2024/Lineup/Netherlands_Results.json,MIT,third_party_recorded,False,True,False,third_party_recorded,historical_fantasy_scores_v3_recorded_2023_2026
2024,15,Dutch Grand Prix,2024-08-25,driver,sainz,jm1261/Fantasy-F1-League:2024:driver:Sainz,Carlos Sainz,SAI,Ferrari,20.0,,,,,,22.6,jm1261/Fantasy-F1-League,https://github.com/jm1261/Fantasy-F1-League/blob/main/Data/2024/Lineup/Netherlands_Results.json,MIT,third_party_recorded,False,True,False,third_party_recorded,historical_fantasy_scores_v3_recorded_2023_2026
2024,15,Dutch Grand Prix,2024-08-25,driver,sargeant,jm1261/Fantasy-F1-League:2024:driver:Sargeant,Logan Sargeant,SAR,Williams,0.0,,,,,,5.0,jm1261/Fantasy-F1-League,https://github.com/jm1261/Fantasy-F1-League/blob/main/Data/2024/Lineup/Netherlands_Results.json,MIT,third_party_recorded,False,True,False,third_party_recorded,historical_fantasy_scores_v3_recorded_2023_2026
2024,15,Dutch Grand Prix,2024-08-25,driver,stroll,jm1261/Fantasy-F1-League:2024:driver:Stroll,Lance Stroll,STR,Aston Martin,1.0,,,,,,15.2,jm1261/Fantasy-F1-League,https://github.com/jm1261/Fantasy-F1-League/blob/main/Data/2024/Lineup/Netherlands_Results.json,MIT,third_party_recorded,False,True,False,third_party_recorded,historical_fantasy_scores_v3_recorded_2023_2026
2024,15,Dutch Grand Prix,2024-08-25,driver,tsunoda,jm1261/Fantasy-F1-League:2024:driver:Tsunoda,Yuki Tsunoda,TSU,RB,-3.0,,,,,,10.9,jm1261/Fantasy-F1-League,https://github.com/jm1261/Fantasy-F1-League/blob/main/Data/2024/Lineup/Netherlands_Results.json,MIT,third_party_recorded,False,True,False,third_party_recorded,historical_fantasy_scores_v3_recorded_2023_2026
2024,15,Dutch Grand Prix,2024-08-25,driver,zhou,jm1261/Fantasy-F1-League:2024:driver:Guanyu,Guanyu Zhou,ZHO,Kick Sauber,-2.0,,,,,,7.1,jm1261/Fantasy-F1-League,https://github.com/jm1261/Fantasy-F1-League/blob/main/Data/2024/Lineup/Netherlands_Results.json,MIT,third_party_recorded,False,True,False,third_party_recorded,historical_fantasy_scores_v3_recorded_2023_2026
2024,16,Italian Grand Prix,2024-09-01,constructor,alpine,jm1261/Fantasy-F1-League:2024:constructor:Alpine,Alpine,ALP,,18.0,,,,,,10.7,jm1261/Fantasy-F1-League,https://github.com/jm1261/Fantasy-F1-League/blob/main/Data/2024/Lineup/Italy_Results.json,MIT,third_party_recorded,False,True,False,third_party_recorded,historical_fantasy_scores_v3_recorded_2023_2026
2024,16,Italian Grand Prix,2024-09-01,constructor,aston_martin,jm1261/Fantasy-F1-League:2024:constructor:Aston Martin,Aston Martin,AMR,,11.0,,,,,,15.7,jm1261/Fantasy-F1-League,https://github.com/jm1261/Fantasy-F1-League/blob/main/Data/2024/Lineup/Italy_Results.json,MIT,third_party_recorded,False,True,False,third_party_recorded,historical_fantasy_scores_v3_recorded_2023_2026
2024,16,Italian Grand Prix,2024-09-01,constructor,ferrari,jm1261/Fantasy-F1-League:2024:constructor:Ferrari,Ferrari,FER,,65.0,,,,,,24.0,jm1261/Fantasy-F1-League,https://github.com/jm1261/Fantasy-F1-League/blob/main/Data/2024/Lineup/Italy_Results.json,MIT,third_party_recorded,False,True,False,third_party_recorded,historical_fantasy_scores_v3_recorded_2023_2026
2024,16,Italian Grand Prix,2024-09-01,constructor,haas,jm1261/Fantasy-F1-League:2024:constructor:Haas,Haas,HAS,,11.0,,,,,,10.7,jm1261/Fantasy-F1-League,https://github.com/jm1261/Fantasy-F1-League/blob/main/Data/2024/Lineup/Italy_Results.json,MIT,third_party_recorded,False,True,False,third_party_recorded,historical_fantasy_scores_v3_recorded_2023_2026
2024,16,Italian Grand Prix,2024-09-01,constructor,mclaren,jm1261/Fantasy-F1-League:2024:constructor:McLaren,McLaren,MCL,,83.0,,,,,,26.1,jm1261/Fantasy-F1-League,https://github.com/jm1261/Fantasy-F1-League/blob/main/Data/2024/Lineup/Italy_Results.json,MIT,third_party_recorded,False,True,False,third_party_recorded,historical_fantasy_scores_v3_recorded_2023_2026
2024,16,Italian Grand Prix,2024-09-01,constructor,mercedes,jm1261/Fantasy-F1-League:2024:constructor:Mercedes,Mercedes,MER,,49.0,,,,,,23.1,jm1261/Fantasy-F1-League,https://github.com/jm1261/Fantasy-F1-League/blob/main/Data/2024/Lineup/Italy_Results.json,MIT,third_party_recorded,False,True,False,third_party_recorded,historical_fantasy_scores_v3_recorded_2023_2026
2024,16,Italian Grand Prix,2024-09-01,constructor,rb,jm1261/Fantasy-F1-League:2024:constructor:RB,RB,RB,,-15.0,,,,,,12.2,jm1261/Fantasy-F1-League,https://github.com/jm1261/Fantasy-F1-League/blob/main/Data/2024/Lineup/Italy_Results.json,MIT,third_party_recorded,False,True,False,third_party_recorded,historical_fantasy_scores_v3_recorded_2023_2026
2024,16,Italian Grand Prix,2024-09-01,constructor,red_bull,jm1261/Fantasy-F1-League:2024:constructor:Red Bull,Red Bull,RBR,,40.0,,,,,,29.2,jm1261/Fantasy-F1-League,https://github.com/jm1261/Fantasy-F1-League/blob/main/Data/2024/Lineup/Italy_Results.json,MIT,third_party_recorded,False,True,False,third_party_recorded,historical_fantasy_scores_v3_recorded_2023_2026
2024,16,Italian Grand Prix,2024-09-01,constructor,sauber,jm1261/Fantasy-F1-League:2024:constructor:Kick Sauber,Kick Sauber,SAU,,9.0,,,,,,6.5,jm1261/Fantasy-F1-League,https://github.com/jm1261/Fantasy-F1-League/blob/main/Data/2024/Lineup/Italy_Results.json,MIT,third_party_recorded,False,True,False,third_party_recorded,historical_fantasy_scores_v3_recorded_2023_2026
2024,16,Italian Grand Prix,2024-09-01,constructor,williams,jm1261/Fantasy-F1-League:2024:constructor:Williams,Williams,WIL,,22.0,,,,,,6.2,jm1261/Fantasy-F1-League,https://github.com/jm1261/Fantasy-F1-League/blob/main/Data/2024/Lineup/Italy_Results.json,MIT,third_party_recorded,False,True,False,third_party_recorded,historical_fantasy_scores_v3_recorded_2023_2026
2024,16,Italian Grand Prix,2024-09-01,driver,albon,jm1261/Fantasy-F1-League:2024:driver:Albon,Alexander Albon,ALB,Williams,6.0,,,,,,8.6,jm1261/Fantasy-F1-League,https://github.com/jm1261/Fantasy-F1-League/blob/main/Data/2024/Lineup/Italy_Results.json,MIT,third_party_recorded,False,True,False,third_party_recorded,historical_fantasy_scores_v3_recorded_2023_2026
2024,16,Italian Grand Prix,2024-09-01,driver,alonso,jm1261/Fantasy-F1-League:2024:driver:Alonso,Fernando Alonso,ALO,Aston Martin,6.0,,,,,,16.5,jm1261/Fantasy-F1-League,https://github.com/jm1261/Fantasy-F1-League/blob/main/Data/2024/Lineup/Italy_Results.json,MIT,third_party_recorded,False,True,False,third_party_recorded,historical_fantasy_scores_v3_recorded_2023_2026
2024,16,Italian Grand Prix,2024-09-01,driver,bottas,jm1261/Fantasy-F1-League:2024:driver:Bottas,Valtteri Bottas,BOT,Kick Sauber,6.0,,,,,,7.4,jm1261/Fantasy-F1-League,https://github.com/jm1261/Fantasy-F1-League/blob/main/Data/2024/Lineup/Italy_Results.json,MIT,third_party_recorded,False,True,False,third_party_recorded,historical_fantasy_scores_v3_recorded_2023_2026
2024,16,Italian Grand Prix,2024-09-01,driver,colapinto,jm1261/Fantasy-F1-League:2024:driver:Colapinto,Franco Colapinto,COL,Williams,11.0,,,,,,4.8,jm1261/Fantasy-F1-League,https://github.com/jm1261/Fantasy-F1-League/blob/main/Data/2024/Lineup/Italy_Results.json,MIT,third_party_recorded,False,True,False,third_party_recorded,historical_fantasy_scores_v3_recorded_2023_2026
2024,16,Italian Grand Prix,2024-09-01,driver,gasly,jm1261/Fantasy-F1-League:2024:driver:Gasly,Pierre Gasly,GAS,Alpine,1.0,,,,,,10.1,jm1261/Fantasy-F1-League,https://github.com/jm1261/Fantasy-F1-League/blob/main/Data/2024/Lineup/Italy_Results.json,MIT,third_party_recorded,False,True,False,third_party_recorded,historical_fantasy_scores_v3_recorded_2023_2026
2024,16,Italian Grand Prix,2024-09-01,driver,hamilton,jm1261/Fantasy-F1-League:2024:driver:Hamilton,Lewis Hamilton,HAM,Mercedes,18.0,,,,,,24.4,jm1261/Fantasy-F1-League,https://github.com/jm1261/Fantasy-F1-League/blob/main/Data/2024/Lineup/Italy_Results.json,MIT,third_party_recorded,False,True,False,third_party_recorded,historical_fantasy_scores_v3_recorded_2023_2026
2024,16,Italian Grand Prix,2024-09-01,driver,hulkenberg,jm1261/Fantasy-F1-League:2024:driver:Hulkenberg,Nico Hülkenberg,HUL,Haas,-3.0,,,,,,9.9,jm1261/Fantasy-F1-League,https://github.com/jm1261/Fantasy-F1-League/blob/main/Data/2024/Lineup/Italy_Results.json,MIT,third_party_recorded,False,True,False,third_party_recorded,historical_fantasy_scores_v3_recorded_2023_2026
2024,16,Italian Grand Prix,2024-09-01,driver,kevin_magnussen,jm1261/Fantasy-F1-League:2024:driver:Magnussen,Kevin Magnussen,MAG,Haas,9.0,,,,,,11.8,jm1261/Fantasy-F1-League,https://github.com/jm1261/Fantasy-F1-League/blob/main/Data/2024/Lineup/Italy_Results.json,MIT,third_party_recorded,False,True,False,third_party_recorded,historical_fantasy_scores_v3_recorded_2023_2026
2024,16,Italian Grand Prix,2024-09-01,driver,leclerc,jm1261/Fantasy-F1-League:2024:driver:Leclerc,Charles Leclerc,LEC,Ferrari,46.0,,,,,,23.9,jm1261/Fantasy-F1-League,https://github.com/jm1261/Fantasy-F1-League/blob/main/Data/2024/Lineup/Italy_Results.json,MIT,third_party_recorded,False,True,False,third_party_recorded,historical_fantasy_scores_v3_recorded_2023_2026
2024,16,Italian Grand Prix,2024-09-01,driver,max_verstappen,jm1261/Fantasy-F1-League:2024:driver:Verstappen,Max Verstappen,VER,Red Bull,15.0,,,,,,31.4,jm1261/Fantasy-F1-League,https://github.com/jm1261/Fantasy-F1-League/blob/main/Data/2024/Lineup/Italy_Results.json,MIT,third_party_recorded,False,True,False,third_party_recorded,historical_fantasy_scores_v3_recorded_2023_2026
2024,16,Italian Grand Prix,2024-09-01,driver,norris,jm1261/Fantasy-F1-League:2024:driver:Norris,Lando Norris,NOR,McLaren,36.0,,,,,,26.5,jm1261/Fantasy-F1-League,https://github.com/jm1261/Fantasy-F1-League/blob/main/Data/2024/Lineup/Italy_Results.json,MIT,third_party_recorded,False,True,False,third_party_recorded,historical_fantasy_scores_v3_recorded_2023_2026
2024,16,Italian Grand Prix,2024-09-01,driver,ocon,jm1261/Fantasy-F1-League:2024:driver:Ocon,Esteban Ocon,OCO,Alpine,4.0,,,,,,11.4,jm1261/Fantasy-F1-League,https://github.com/jm1261/Fantasy-F1-League/blob/main/Data/2024/Lineup/Italy_Results.json,MIT,third_party_recorded,False,True,False,third_party_recorded,historical_fantasy_scores_v3_recorded_2023_2026
2024,16,Italian Grand Prix,2024-09-01,driver,perez,jm1261/Fantasy-F1-League:2024:driver:Perez,Sergio Pérez,PER,Red Bull,15.0,,,,,,23.4,jm1261/Fantasy-F1-League,https://github.com/jm1261/Fantasy-F1-League/blob/main/Data/2024/Lineup/Italy_Results.json,MIT,third_party_recorded,False,True,False,third_party_recorded,historical_fantasy_scores_v3_recorded_2023_2026
2024,16,Italian Grand Prix,2024-09-01,driver,piastri,jm1261/Fantasy-F1-League:2024:driver:Piastri,Oscar Piastri,PIA,McLaren,29.0,,,,,,23.9,jm1261/Fantasy-F1-League,https://github.com/jm1261/Fantasy-F1-League/blob/main/Data/2024/Lineup/Italy_Results.json,MIT,third_party_recorded,False,True,False,third_party_recorded,historical_fantasy_scores_v3_recorded_2023_2026
2024,16,Italian Grand Prix,2024-09-01,driver,ricciardo,jm1261/Fantasy-F1-League:2024:driver:Ricciardo,Daniel Ricciardo,RIC,RB,1.0,,,,,,11.2,jm1261/Fantasy-F1-League,https://github.com/jm1261/Fantasy-F1-League/blob/main/Data/2024/Lineup/Italy_Results.json,MIT,third_party_recorded,False,True,False,third_party_recorded,historical_fantasy_scores_v3_recorded_2023_2026
2024,16,Italian Grand Prix,2024-09-01,driver,russell,jm1261/Fantasy-F1-League:2024:driver:Russell,George Russell,RUS,Mercedes,21.0,,,,,,20.8,jm1261/Fantasy-F1-League,https://github.com/jm1261/Fantasy-F1-League/blob/main/Data/2024/Lineup/Italy_Results.json,MIT,third_party_recorded,False,True,False,third_party_recorded,historical_fantasy_scores_v3_recorded_2023_2026
2024,16,Italian Grand Prix,2024-09-01,driver,sainz,jm1261/Fantasy-F1-League:2024:driver:Sainz,Carlos Sainz,SAI,Ferrari,19.0,,,,,,22.9,jm1261/Fantasy-F1-League,https://github.com/jm1261/Fantasy-F1-League/blob/main/Data/2024/Lineup/Italy_Results.json,MIT,third_party_recorded,False,True,False,third_party_recorded,historical_fantasy_scores_v3_recorded_2023_2026
2024,16,Italian Grand Prix,2024-09-01,driver,stroll,jm1261/Fantasy-F1-League:2024:driver:Stroll,Lance Stroll,STR,Aston Martin,4.0,,,,,,15.0,jm1261/Fantasy-F1-League,https://github.com/jm1261/Fantasy-F1-League/blob/main/Data/2024/Lineup/Italy_Results.json,MIT,third_party_recorded,False,True,False,third_party_recorded,historical_fantasy_scores_v3_recorded_2023_2026
2024,16,Italian Grand Prix,2024-09-01,driver,tsunoda,jm1261/Fantasy-F1-League:2024:driver:Tsunoda,Yuki Tsunoda,TSU,RB,-17.0,,,,,,10.7,jm1261/Fantasy-F1-League,https://github.com/jm1261/Fantasy-F1-League/blob/main/Data/2024/Lineup/Italy_Results.json,MIT,third_party_recorded,False,True,False,third_party_recorded,historical_fantasy_scores_v3_recorded_2023_2026
2024,16,Italian Grand Prix,2024-09-01,driver,zhou,jm1261/Fantasy-F1-League:2024:driver:Guanyu,Guanyu Zhou,ZHO,Kick Sauber,4.0,,,,,,6.9,jm1261/Fantasy-F1-League,https://github.com/jm1261/Fantasy-F1-League/blob/main/Data/2024/Lineup/Italy_Results.json,MIT,third_party_recorded,False,True,False,third_party_recorded,historical_fantasy_scores_v3_recorded_2023_2026
2024,17,Azerbaijan Grand Prix,2024-09-15,constructor,alpine,jm1261/Fantasy-F1-League:2024:constructor:Alpine,Alpine,ALP,,2.0,,,,,,11.2,jm1261/Fantasy-F1-League,https://github.com/jm1261/Fantasy-F1-League/blob/main/Data/2024/Lineup/Azerbaijan_Results.json,MIT,third_party_recorded,False,True,False,third_party_recorded,historical_fantasy_scores_v3_recorded_2023_2026
2024,17,Azerbaijan Grand Prix,2024-09-15,constructor,aston_martin,jm1261/Fantasy-F1-League:2024:constructor:Aston Martin,Aston Martin,AMR,,16.0,,,,,,15.4,jm1261/Fantasy-F1-League,https://github.com/jm1261/Fantasy-F1-League/blob/main/Data/2024/Lineup/Azerbaijan_Results.json,MIT,third_party_recorded,False,True,False,third_party_recorded,historical_fantasy_scores_v3_recorded_2023_2026
2024,17,Azerbaijan Grand Prix,2024-09-15,constructor,ferrari,jm1261/Fantasy-F1-League:2024:constructor:Ferrari,Ferrari,FER,,34.0,,,,,,24.4,jm1261/Fantasy-F1-League,https://github.com/jm1261/Fantasy-F1-League/blob/main/Data/2024/Lineup/Azerbaijan_Results.json,MIT,third_party_recorded,False,True,False,third_party_recorded,historical_fantasy_scores_v3_recorded_2023_2026
2024,17,Azerbaijan Grand Prix,2024-09-15,constructor,haas,jm1261/Fantasy-F1-League:2024:constructor:Haas,Haas,HAS,,16.0,,,,,,11.2,jm1261/Fantasy-F1-League,https://github.com/jm1261/Fantasy-F1-League/blob/main/Data/2024/Lineup/Azerbaijan_Results.json,MIT,third_party_recorded,False,True,False,third_party_recorded,historical_fantasy_scores_v3_recorded_2023_2026
2024,17,Azerbaijan Grand Prix,2024-09-15,constructor,mclaren,jm1261/Fantasy-F1-League:2024:constructor:McLaren,McLaren,MCL,,85.0,,,,,,26.3,jm1261/Fantasy-F1-League,https://github.com/jm1261/Fantasy-F1-League/blob/main/Data/2024/Lineup/Azerbaijan_Results.json,MIT,third_party_recorded,False,True,False,third_party_recorded,historical_fantasy_scores_v3_recorded_2023_2026
2024,17,Azerbaijan Grand Prix,2024-09-15,constructor,mercedes,jm1261/Fantasy-F1-League:2024:constructor:Mercedes,Mercedes,MER,,65.0,,,,,,23.5,jm1261/Fantasy-F1-League,https://github.com/jm1261/Fantasy-F1-League/blob/main/Data/2024/Lineup/Azerbaijan_Results.json,MIT,third_party_recorded,False,True,False,third_party_recorded,historical_fantasy_scores_v3_recorded_2023_2026
2024,17,Azerbaijan Grand Prix,2024-09-15,constructor,rb,jm1261/Fantasy-F1-League:2024:constructor:RB,RB,RB,,-14.0,,,,,,12.0,jm1261/Fantasy-F1-League,https://github.com/jm1261/Fantasy-F1-League/blob/main/Data/2024/Lineup/Azerbaijan_Results.json,MIT,third_party_recorded,False,True,False,third_party_recorded,historical_fantasy_scores_v3_recorded_2023_2026
2024,17,Azerbaijan Grand Prix,2024-09-15,constructor,red_bull,jm1261/Fantasy-F1-League:2024:constructor:Red Bull,Red Bull,RBR,,26.0,,,,,,29.2,jm1261/Fantasy-F1-League,https://github.com/jm1261/Fantasy-F1-League/blob/main/Data/2024/Lineup/Azerbaijan_Results.json,MIT,third_party_recorded,False,True,False,third_party_recorded,historical_fantasy_scores_v3_recorded_2023_2026
2024,17,Azerbaijan Grand Prix,2024-09-15,constructor,sauber,jm1261/Fantasy-F1-League:2024:constructor:Kick Sauber,Kick Sauber,SAU,,17.0,,,,,,6.9,jm1261/Fantasy-F1-League,https://github.com/jm1261/Fantasy-F1-League/blob/main/Data/2024/Lineup/Azerbaijan_Results.json,MIT,third_party_recorded,False,True,False,third_party_recorded,historical_fantasy_scores_v3_recorded_2023_2026
2024,17,Azerbaijan Grand Prix,2024-09-15,constructor,williams,jm1261/Fantasy-F1-League:2024:constructor:Williams,Williams,WIL,,31.0,,,,,,7.4,jm1261/Fantasy-F1-League,https://github.com/jm1261/Fantasy-F1-League/blob/main/Data/2024/Lineup/Azerbaijan_Results.json,MIT,third_party_recorded,False,True,False,third_party_recorded,historical_fantasy_scores_v3_recorded_2023_2026
2024,17,Azerbaijan Grand Prix,2024-09-15,driver,albon,jm1261/Fantasy-F1-League:2024:driver:Albon,Alexander Albon,ALB,Williams,12.0,,,,,,9.0,jm1261/Fantasy-F1-League,https://github.com/jm1261/Fantasy-F1-League/blob/main/Data/2024/Lineup/Azerbaijan_Results.json,MIT,third_party_recorded,False,True,False,third_party_recorded,historical_fantasy_scores_v3_recorded_2023_2026
2024,17,Azerbaijan Grand Prix,2024-09-15,driver,alonso,jm1261/Fantasy-F1-League:2024:driver:Alonso,Fernando Alonso,ALO,Aston Martin,14.0,,,,,,16.0,jm1261/Fantasy-F1-League,https://github.com/jm1261/Fantasy-F1-League/blob/main/Data/2024/Lineup/Azerbaijan_Results.json,MIT,third_party_recorded,False,True,False,third_party_recorded,historical_fantasy_scores_v3_recorded_2023_2026
2024,17,Azerbaijan Grand Prix,2024-09-15,driver,bearman,jm1261/Fantasy-F1-League:2024:driver:Bearman,Oliver Bearman,BEA,Haas,7.0,,,,,,13.3,jm1261/Fantasy-F1-League,https://github.com/jm1261/Fantasy-F1-League/blob/main/Data/2024/Lineup/Azerbaijan_Results.json,MIT,third_party_recorded,False,True,False,third_party_recorded,historical_fantasy_scores_v3_recorded_2023_2026
2024,17,Azerbaijan Grand Prix,2024-09-15,driver,bottas,jm1261/Fantasy-F1-League:2024:driver:Bottas,Valtteri Bottas,BOT,Kick Sauber,1.0,,,,,,7.3,jm1261/Fantasy-F1-League,https://github.com/jm1261/Fantasy-F1-League/blob/main/Data/2024/Lineup/Azerbaijan_Results.json,MIT,third_party_recorded,False,True,False,third_party_recorded,historical_fantasy_scores_v3_recorded_2023_2026
2024,17,Azerbaijan Grand Prix,2024-09-15,driver,colapinto,jm1261/Fantasy-F1-League:2024:driver:Colapinto,Franco Colapinto,COL,Williams,9.0,,,,,,5.5,jm1261/Fantasy-F1-League,https://github.com/jm1261/Fantasy-F1-League/blob/main/Data/2024/Lineup/Azerbaijan_Results.json,MIT,third_party_recorded,False,True,False,third_party_recorded,historical_fantasy_scores_v3_recorded_2023_2026
2024,17,Azerbaijan Grand Prix,2024-09-15,driver,gasly,jm1261/Fantasy-F1-League:2024:driver:Gasly,Pierre Gasly,GAS,Alpine,-4.0,,,,,,10.0,jm1261/Fantasy-F1-League,https://github.com/jm1261/Fantasy-F1-League/blob/main/Data/2024/Lineup/Azerbaijan_Results.json,MIT,third_party_recorded,False,True,False,third_party_recorded,historical_fantasy_scores_v3_recorded_2023_2026
2024,17,Azerbaijan Grand Prix,2024-09-15,driver,hamilton,jm1261/Fantasy-F1-League:2024:driver:Hamilton,Lewis Hamilton,HAM,Mercedes,26.0,,,,,,24.6,jm1261/Fantasy-F1-League,https://github.com/jm1261/Fantasy-F1-League/blob/main/Data/2024/Lineup/Azerbaijan_Results.json,MIT,third_party_recorded,False,True,False,third_party_recorded,historical_fantasy_scores_v3_recorded_2023_2026
2024,17,Azerbaijan Grand Prix,2024-09-15,driver,hulkenberg,jm1261/Fantasy-F1-League:2024:driver:Hulkenberg,Nico Hülkenberg,HUL,Haas,6.0,,,,,,10.0,jm1261/Fantasy-F1-League,https://github.com/jm1261/Fantasy-F1-League/blob/main/Data/2024/Lineup/Azerbaijan_Results.json,MIT,third_party_recorded,False,True,False,third_party_recorded,historical_fantasy_scores_v3_recorded_2023_2026
2024,17,Azerbaijan Grand Prix,2024-09-15,driver,leclerc,jm1261/Fantasy-F1-League:2024:driver:Leclerc,Charles Leclerc,LEC,Ferrari,28.0,,,,,,24.5,jm1261/Fantasy-F1-League,https://github.com/jm1261/Fantasy-F1-League/blob/main/Data/2024/Lineup/Azerbaijan_Results.json,MIT,third_party_recorded,False,True,False,third_party_recorded,historical_fantasy_scores_v3_recorded_2023_2026
2024,17,Azerbaijan Grand Prix,2024-09-15,driver,max_verstappen,jm1261/Fantasy-F1-League:2024:driver:Verstappen,Max Verstappen,VER,Red Bull,18.0,,,,,,31.4,jm1261/Fantasy-F1-League,https://github.com/jm1261/Fantasy-F1-League/blob/main/Data/2024/Lineup/Azerbaijan_Results.json,MIT,third_party_recorded,False,True,False,third_party_recorded,historical_fantasy_scores_v3_recorded_2023_2026
2024,17,Azerbaijan Grand Prix,2024-09-15,driver,norris,jm1261/Fantasy-F1-League:2024:driver:Norris,Lando Norris,NOR,McLaren,38.0,,,,,,26.7,jm1261/Fantasy-F1-League,https://github.com/jm1261/Fantasy-F1-League/blob/main/Data/2024/Lineup/Azerbaijan_Results.json,MIT,third_party_recorded,False,True,False,third_party_recorded,historical_fantasy_scores_v3_recorded_2023_2026
2024,17,Azerbaijan Grand Prix,2024-09-15,driver,ocon,jm1261/Fantasy-F1-League:2024:driver:Ocon,Esteban Ocon,OCO,Alpine,7.0,,,,,,11.6,jm1261/Fantasy-F1-League,https://github.com/jm1261/Fantasy-F1-League/blob/main/Data/2024/Lineup/Azerbaijan_Results.json,MIT,third_party_recorded,False,True,False,third_party_recorded,historical_fantasy_scores_v3_recorded_2023_2026
2024,17,Azerbaijan Grand Prix,2024-09-15,driver,perez,jm1261/Fantasy-F1-League:2024:driver:Perez,Sergio Pérez,PER,Red Bull,-2.0,,,,,,22.6,jm1261/Fantasy-F1-League,https://github.com/jm1261/Fantasy-F1-League/blob/main/Data/2024/Lineup/Azerbaijan_Results.json,MIT,third_party_recorded,False,True,False,third_party_recorded,historical_fantasy_scores_v3_recorded_2023_2026
2024,17,Azerbaijan Grand Prix,2024-09-15,driver,piastri,jm1261/Fantasy-F1-League:2024:driver:Piastri,Oscar Piastri,PIA,McLaren,47.0,,,,,,24.5,jm1261/Fantasy-F1-League,https://github.com/jm1261/Fantasy-F1-League/blob/main/Data/2024/Lineup/Azerbaijan_Results.json,MIT,third_party_recorded,False,True,False,third_party_recorded,historical_fantasy_scores_v3_recorded_2023_2026
2024,17,Azerbaijan Grand Prix,2024-09-15,driver,ricciardo,jm1261/Fantasy-F1-League:2024:driver:Ricciardo,Daniel Ricciardo,RIC,RB,2.0,,,,,,11.0,jm1261/Fantasy-F1-League,https://github.com/jm1261/Fantasy-F1-League/blob/main/Data/2024/Lineup/Azerbaijan_Results.json,MIT,third_party_recorded,False,True,False,third_party_recorded,historical_fantasy_scores_v3_recorded_2023_2026
2024,17,Azerbaijan Grand Prix,2024-09-15,driver,russell,jm1261/Fantasy-F1-League:2024:driver:Russell,George Russell,RUS,Mercedes,26.0,,,,,,21.0,jm1261/Fantasy-F1-League,https://github.com/jm1261/Fantasy-F1-League/blob/main/Data/2024/Lineup/Azerbaijan_Results.json,MIT,third_party_recorded,False,True,False,third_party_recorded,historical_fantasy_scores_v3_recorded_2023_2026
2024,17,Azerbaijan Grand Prix,2024-09-15,driver,sainz,jm1261/Fantasy-F1-League:2024:driver:Sainz,Carlos Sainz,SAI,Ferrari,-4.0,,,,,,22.9,jm1261/Fantasy-F1-League,https://github.com/jm1261/Fantasy-F1-League/blob/main/Data/2024/Lineup/Azerbaijan_Results.json,MIT,third_party_recorded,False,True,False,third_party_recorded,historical_fantasy_scores_v3_recorded_2023_2026
2024,17,Azerbaijan Grand Prix,2024-09-15,driver,stroll,jm1261/Fantasy-F1-League:2024:driver:Stroll,Lance Stroll,STR,Aston Martin,-3.0,,,,,,14.8,jm1261/Fantasy-F1-League,https://github.com/jm1261/Fantasy-F1-League/blob/main/Data/2024/Lineup/Azerbaijan_Results.json,MIT,third_party_recorded,False,True,False,third_party_recorded,historical_fantasy_scores_v3_recorded_2023_2026
2024,17,Azerbaijan Grand Prix,2024-09-15,driver,tsunoda,jm1261/Fantasy-F1-League:2024:driver:Tsunoda,Yuki Tsunoda,TSU,RB,-19.0,,,,,,10.5,jm1261/Fantasy-F1-League,https://github.com/jm1261/Fantasy-F1-League/blob/main/Data/2024/Lineup/Azerbaijan_Results.json,MIT,third_party_recorded,False,True,False,third_party_recorded,historical_fantasy_scores_v3_recorded_2023_2026
2024,17,Azerbaijan Grand Prix,2024-09-15,driver,zhou,jm1261/Fantasy-F1-League:2024:driver:Guanyu,Guanyu Zhou,ZHO,Kick Sauber,7.0,,,,,,7.1,jm1261/Fantasy-F1-League,https://github.com/jm1261/Fantasy-F1-League/blob/main/Data/2024/Lineup/Azerbaijan_Results.json,MIT,third_party_recorded,False,True,False,third_party_recorded,historical_fantasy_scores_v3_recorded_2023_2026
2024,18,Singapore Grand Prix,2024-09-22,constructor,alpine,jm1261/Fantasy-F1-League:2024:constructor:Alpine,Alpine,ALP,,11.0,,,,,,11.1,jm1261/Fantasy-F1-League,https://github.com/jm1261/Fantasy-F1-League/blob/main/Data/2024/Lineup/Singapore_Results.json,MIT,third_party_recorded,False,True,False,third_party_recorded,historical_fantasy_scores_v3_recorded_2023_2026
2024,18,Singapore Grand Prix,2024-09-22,constructor,aston_martin,jm1261/Fantasy-F1-League:2024:constructor:Aston Martin,Aston Martin,AMR,,18.0,,,,,,15.5,jm1261/Fantasy-F1-League,https://github.com/jm1261/Fantasy-F1-League/blob/main/Data/2024/Lineup/Singapore_Results.json,MIT,third_party_recorded,False,True,False,third_party_recorded,historical_fantasy_scores_v3_recorded_2023_2026
2024,18,Singapore Grand Prix,2024-09-22,constructor,ferrari,jm1261/Fantasy-F1-League:2024:constructor:Ferrari,Ferrari,FER,,49.0,,,,,,24.4,jm1261/Fantasy-F1-League,https://github.com/jm1261/Fantasy-F1-League/blob/main/Data/2024/Lineup/Singapore_Results.json,MIT,third_party_recorded,False,True,False,third_party_recorded,historical_fantasy_scores_v3_recorded_2023_2026
2024,18,Singapore Grand Prix,2024-09-22,constructor,haas,jm1261/Fantasy-F1-League:2024:constructor:Haas,Haas,HAS,,10.0,,,,,,11.1,jm1261/Fantasy-F1-League,https://github.com/jm1261/Fantasy-F1-League/blob/main/Data/2024/Lineup/Singapore_Results.json,MIT,third_party_recorded,False,True,False,third_party_recorded,historical_fantasy_scores_v3_recorded_2023_2026
2024,18,Singapore Grand Prix,2024-09-22,constructor,mclaren,jm1261/Fantasy-F1-League:2024:constructor:McLaren,McLaren,MCL,,81.0,,,,,,26.4,jm1261/Fantasy-F1-League,https://github.com/jm1261/Fantasy-F1-League/blob/main/Data/2024/Lineup/Singapore_Results.json,MIT,third_party_recorded,False,True,False,third_party_recorded,historical_fantasy_scores_v3_recorded_2023_2026
2024,18,Singapore Grand Prix,2024-09-22,constructor,mercedes,jm1261/Fantasy-F1-League:2024:constructor:Mercedes,Mercedes,MER,,49.0,,,,,,23.7,jm1261/Fantasy-F1-League,https://github.com/jm1261/Fantasy-F1-League/blob/main/Data/2024/Lineup/Singapore_Results.json,MIT,third_party_recorded,False,True,False,third_party_recorded,historical_fantasy_scores_v3_recorded_2023_2026
2024,18,Singapore Grand Prix,2024-09-22,constructor,rb,jm1261/Fantasy-F1-League:2024:constructor:RB,RB,RB,,22.0,,,,,,11.8,jm1261/Fantasy-F1-League,https://github.com/jm1261/Fantasy-F1-League/blob/main/Data/2024/Lineup/Singapore_Results.json,MIT,third_party_recorded,False,True,False,third_party_recorded,historical_fantasy_scores_v3_recorded_2023_2026
2024,18,Singapore Grand Prix,2024-09-22,constructor,red_bull,jm1261/Fantasy-F1-League:2024:constructor:Red Bull,Red Bull,RBR,,47.0,,,,,,29.2,jm1261/Fantasy-F1-League,https://github.com/jm1261/Fantasy-F1-League/blob/main/Data/2024/Lineup/Singapore_Results.json,MIT,third_party_recorded,False,True,False,third_party_recorded,historical_fantasy_scores_v3_recorded_2023_2026
2024,18,Singapore Grand Prix,2024-09-22,constructor,sauber,jm1261/Fantasy-F1-League:2024:constructor:Kick Sauber,Kick Sauber,SAU,,8.0,,,,,,6.9,jm1261/Fantasy-F1-League,https://github.com/jm1261/Fantasy-F1-League/blob/main/Data/2024/Lineup/Singapore_Results.json,MIT,third_party_recorded,False,True,False,third_party_recorded,historical_fantasy_scores_v3_recorded_2023_2026
2024,18,Singapore Grand Prix,2024-09-22,constructor,williams,jm1261/Fantasy-F1-League:2024:constructor:Williams,Williams,WIL,,-7.0,,,,,,7.2,jm1261/Fantasy-F1-League,https://github.com/jm1261/Fantasy-F1-League/blob/main/Data/2024/Lineup/Singapore_Results.json,MIT,third_party_recorded,False,True,False,third_party_recorded,historical_fantasy_scores_v3_recorded_2023_2026
2024,18,Singapore Grand Prix,2024-09-22,driver,albon,jm1261/Fantasy-F1-League:2024:driver:Albon,Alexander Albon,ALB,Williams,-16.0,,,,,,9.0,jm1261/Fantasy-F1-League,https://github.com/jm1261/Fantasy-F1-League/blob/main/Data/2024/Lineup/Singapore_Results.json,MIT,third_party_recorded,False,True,False,third_party_recorded,historical_fantasy_scores_v3_recorded_2023_2026
2024,18,Singapore Grand Prix,2024-09-22,driver,alonso,jm1261/Fantasy-F1-League:2024:driver:Alonso,Fernando Alonso,ALO,Aston Martin,9.0,,,,,,16.3,jm1261/Fantasy-F1-League,https://github.com/jm1261/Fantasy-F1-League/blob/main/Data/2024/Lineup/Singapore_Results.json,MIT,third_party_recorded,False,True,False,third_party_recorded,historical_fantasy_scores_v3_recorded_2023_2026
2024,18,Singapore Grand Prix,2024-09-22,driver,bottas,jm1261/Fantasy-F1-League:2024:driver:Bottas,Valtteri Bottas,BOT,Kick Sauber,3.0,,,,,,7.2,jm1261/Fantasy-F1-League,https://github.com/jm1261/Fantasy-F1-League/blob/main/Data/2024/Lineup/Singapore_Results.json,MIT,third_party_recorded,False,True,False,third_party_recorded,historical_fantasy_scores_v3_recorded_2023_2026
2024,18,Singapore Grand Prix,2024-09-22,driver,colapinto,jm1261/Fantasy-F1-League:2024:driver:Colapinto,Franco Colapinto,COL,Williams,6.0,,,,,,5.8,jm1261/Fantasy-F1-League,https://github.com/jm1261/Fantasy-F1-League/blob/main/Data/2024/Lineup/Singapore_Results.json,MIT,third_party_recorded,False,True,False,third_party_recorded,historical_fantasy_scores_v3_recorded_2023_2026
2024,18,Singapore Grand Prix,2024-09-22,driver,gasly,jm1261/Fantasy-F1-League:2024:driver:Gasly,Pierre Gasly,GAS,Alpine,4.0,,,,,,9.8,jm1261/Fantasy-F1-League,https://github.com/jm1261/Fantasy-F1-League/blob/main/Data/2024/Lineup/Singapore_Results.json,MIT,third_party_recorded,False,True,False,third_party_recorded,historical_fantasy_scores_v3_recorded_2023_2026
2024,18,Singapore Grand Prix,2024-09-22,driver,hamilton,jm1261/Fantasy-F1-League:2024:driver:Hamilton,Lewis Hamilton,HAM,Mercedes,17.0,,,,,,24.8,jm1261/Fantasy-F1-League,https://github.com/jm1261/Fantasy-F1-League/blob/main/Data/2024/Lineup/Singapore_Results.json,MIT,third_party_recorded,False,True,False,third_party_recorded,historical_fantasy_scores_v3_recorded_2023_2026
2024,18,Singapore Grand Prix,2024-09-22,driver,hulkenberg,jm1261/Fantasy-F1-League:2024:driver:Hulkenberg,Nico Hülkenberg,HUL,Haas,6.0,,,,,,10.2,jm1261/Fantasy-F1-League,https://github.com/jm1261/Fantasy-F1-League/blob/main/Data/2024/Lineup/Singapore_Results.json,MIT,third_party_recorded,False,True,False,third_party_recorded,historical_fantasy_scores_v3_recorded_2023_2026
2024,18,Singapore Grand Prix,2024-09-22,driver,kevin_magnussen,jm1261/Fantasy-F1-League:2024:driver:Magnussen,Kevin Magnussen,MAG,Haas,-1.0,,,,,,12.4,jm1261/Fantasy-F1-League,https://github.com/jm1261/Fantasy-F1-League/blob/main/Data/2024/Lineup/Singapore_Results.json,MIT,third_party_recorded,False,True,False,third_party_recorded,historical_fantasy_scores_v3_recorded_2023_2026
2024,18,Singapore Grand Prix,2024-09-22,driver,leclerc,jm1261/Fantasy-F1-League:2024:driver:Leclerc,Charles Leclerc,LEC,Ferrari,21.0,,,,,,25.2,jm1261/Fantasy-F1-League,https://github.com/jm1261/Fantasy-F1-League/blob/main/Data/2024/Lineup/Singapore_Results.json,MIT,third_party_recorded,False,True,False,third_party_recorded,historical_fantasy_scores_v3_recorded_2023_2026
2024,18,Singapore Grand Prix,2024-09-22,driver,max_verstappen,jm1261/Fantasy-F1-League:2024:driver:Verstappen,Max Verstappen,VER,Red Bull,28.0,,,,,,31.5,jm1261/Fantasy-F1-League,https://github.com/jm1261/Fantasy-F1-League/blob/main/Data/2024/Lineup/Singapore_Results.json,MIT,third_party_recorded,False,True,False,third_party_recorded,historical_fantasy_scores_v3_recorded_2023_2026
2024,18,Singapore Grand Prix,2024-09-22,driver,norris,jm1261/Fantasy-F1-League:2024:driver:Norris,Lando Norris,NOR,McLaren,35.0,,,,,,26.8,jm1261/Fantasy-F1-League,https://github.com/jm1261/Fantasy-F1-League/blob/main/Data/2024/Lineup/Singapore_Results.json,MIT,third_party_recorded,False,True,False,third_party_recorded,historical_fantasy_scores_v3_recorded_2023_2026
2024,18,Singapore Grand Prix,2024-09-22,driver,ocon,jm1261/Fantasy-F1-League:2024:driver:Ocon,Esteban Ocon,OCO,Alpine,6.0,,,,,,11.8,jm1261/Fantasy-F1-League,https://github.com/jm1261/Fantasy-F1-League/blob/main/Data/2024/Lineup/Singapore_Results.json,MIT,third_party_recorded,False,True,False,third_party_recorded,historical_fantasy_scores_v3_recorded_2023_2026
2024,18,Singapore Grand Prix,2024-09-22,driver,perez,jm1261/Fantasy-F1-League:2024:driver:Perez,Sergio Pérez,PER,Red Bull,9.0,,,,,,23.0,jm1261/Fantasy-F1-League,https://github.com/jm1261/Fantasy-F1-League/blob/main/Data/2024/Lineup/Singapore_Results.json,MIT,third_party_recorded,False,True,False,third_party_recorded,historical_fantasy_scores_v3_recorded_2023_2026
2024,18,Singapore Grand Prix,2024-09-22,driver,piastri,jm1261/Fantasy-F1-League:2024:driver:Piastri,Oscar Piastri,PIA,McLaren,26.0,,,,,,25.2,jm1261/Fantasy-F1-League,https://github.com/jm1261/Fantasy-F1-League/blob/main/Data/2024/Lineup/Singapore_Results.json,MIT,third_party_recorded,False,True,False,third_party_recorded,historical_fantasy_scores_v3_recorded_2023_2026
2024,18,Singapore Grand Prix,2024-09-22,driver,ricciardo,jm1261/Fantasy-F1-League:2024:driver:Ricciardo,Daniel Ricciardo,RIC,RB,23.0,,,,,,11.0,jm1261/Fantasy-F1-League,https://github.com/jm1261/Fantasy-F1-League/blob/main/Data/2024/Lineup/Singapore_Results.json,MIT,third_party_recorded,False,True,False,third_party_recorded,historical_fantasy_scores_v3_recorded_2023_2026
2024,18,Singapore Grand Prix,2024-09-22,driver,russell,jm1261/Fantasy-F1-League:2024:driver:Russell,George Russell,RUS,Mercedes,19.0,,,,,,21.4,jm1261/Fantasy-F1-League,https://github.com/jm1261/Fantasy-F1-League/blob/main/Data/2024/Lineup/Singapore_Results.json,MIT,third_party_recorded,False,True,False,third_party_recorded,historical_fantasy_scores_v3_recorded_2023_2026
2024,18,Singapore Grand Prix,2024-09-22,driver,sainz,jm1261/Fantasy-F1-League:2024:driver:Sainz,Carlos Sainz,SAI,Ferrari,18.0,,,,,,22.7,jm1261/Fantasy-F1-League,https://github.com/jm1261/Fantasy-F1-League/blob/main/Data/2024/Lineup/Singapore_Results.json,MIT,third_party_recorded,False,True,False,third_party_recorded,historical_fantasy_scores_v3_recorded_2023_2026
2024,18,Singapore Grand Prix,2024-09-22,driver,stroll,jm1261/Fantasy-F1-League:2024:driver:Stroll,Lance Stroll,STR,Aston Martin,4.0,,,,,,14.5,jm1261/Fantasy-F1-League,https://github.com/jm1261/Fantasy-F1-League/blob/main/Data/2024/Lineup/Singapore_Results.json,MIT,third_party_recorded,False,True,False,third_party_recorded,historical_fantasy_scores_v3_recorded_2023_2026
2024,18,Singapore Grand Prix,2024-09-22,driver,tsunoda,jm1261/Fantasy-F1-League:2024:driver:Tsunoda,Yuki Tsunoda,TSU,RB,4.0,,,,,,10.3,jm1261/Fantasy-F1-League,https://github.com/jm1261/Fantasy-F1-League/blob/main/Data/2024/Lineup/Singapore_Results.json,MIT,third_party_recorded,False,True,False,third_party_recorded,historical_fantasy_scores_v3_recorded_2023_2026
2024,18,Singapore Grand Prix,2024-09-22,driver,zhou,jm1261/Fantasy-F1-League:2024:driver:Guanyu,Guanyu Zhou,ZHO,Kick Sauber,6.0,,,,,,7.3,jm1261/Fantasy-F1-League,https://github.com/jm1261/Fantasy-F1-League/blob/main/Data/2024/Lineup/Singapore_Results.json,MIT,third_party_recorded,False,True,False,third_party_recorded,historical_fantasy_scores_v3_recorded_2023_2026
2024,19,United States Grand Prix,2024-10-20,constructor,alpine,jm1261/Fantasy-F1-League:2024:constructor:Alpine,Alpine,ALP,,14.0,,,,,,11.0,jm1261/Fantasy-F1-League,https://github.com/jm1261/Fantasy-F1-League/blob/main/Data/2024/Lineup/United%20States_Results.json,MIT,third_party_recorded,False,True,False,third_party_recorded,historical_fantasy_scores_v3_recorded_2023_2026
2024,19,United States Grand Prix,2024-10-20,constructor,aston_martin,jm1261/Fantasy-F1-League:2024:constructor:Aston Martin,Aston Martin,AMR,,5.0,,,,,,15.6,jm1261/Fantasy-F1-League,https://github.com/jm1261/Fantasy-F1-League/blob/main/Data/2024/Lineup/United%20States_Results.json,MIT,third_party_recorded,False,True,False,third_party_recorded,historical_fantasy_scores_v3_recorded_2023_2026
2024,19,United States Grand Prix,2024-10-20,constructor,ferrari,jm1261/Fantasy-F1-League:2024:constructor:Ferrari,Ferrari,FER,,97.0,,,,,,24.7,jm1261/Fantasy-F1-League,https://github.com/jm1261/Fantasy-F1-League/blob/main/Data/2024/Lineup/United%20States_Results.json,MIT,third_party_recorded,False,True,False,third_party_recorded,historical_fantasy_scores_v3_recorded_2023_2026
2024,19,United States Grand Prix,2024-10-20,constructor,haas,jm1261/Fantasy-F1-League:2024:constructor:Haas,Haas,HAS,,25.0,,,,,,11.0,jm1261/Fantasy-F1-League,https://github.com/jm1261/Fantasy-F1-League/blob/main/Data/2024/Lineup/United%20States_Results.json,MIT,third_party_recorded,False,True,False,third_party_recorded,historical_fantasy_scores_v3_recorded_2023_2026
2024,19,United States Grand Prix,2024-10-20,constructor,mclaren,jm1261/Fantasy-F1-League:2024:constructor:McLaren,McLaren,MCL,,80.0,,,,,,26.5,jm1261/Fantasy-F1-League,https://github.com/jm1261/Fantasy-F1-League/blob/main/Data/2024/Lineup/United%20States_Results.json,MIT,third_party_recorded,False,True,False,third_party_recorded,historical_fantasy_scores_v3_recorded_2023_2026
2024,19,United States Grand Prix,2024-10-20,constructor,mercedes,jm1261/Fantasy-F1-League:2024:constructor:Mercedes,Mercedes,MER,,33.0,,,,,,24.0,jm1261/Fantasy-F1-League,https://github.com/jm1261/Fantasy-F1-League/blob/main/Data/2024/Lineup/United%20States_Results.json,MIT,third_party_recorded,False,True,False,third_party_recorded,historical_fantasy_scores_v3_recorded_2023_2026
2024,19,United States Grand Prix,2024-10-20,constructor,rb,jm1261/Fantasy-F1-League:2024:constructor:RB,RB,RB,,28.0,,,,,,12.3,jm1261/Fantasy-F1-League,https://github.com/jm1261/Fantasy-F1-League/blob/main/Data/2024/Lineup/United%20States_Results.json,MIT,third_party_recorded,False,True,False,third_party_recorded,historical_fantasy_scores_v3_recorded_2023_2026
2024,19,United States Grand Prix,2024-10-20,constructor,red_bull,jm1261/Fantasy-F1-League:2024:constructor:Red Bull,Red Bull,RBR,,72.0,,,,,,29.3,jm1261/Fantasy-F1-League,https://github.com/jm1261/Fantasy-F1-League/blob/main/Data/2024/Lineup/United%20States_Results.json,MIT,third_party_recorded,False,True,False,third_party_recorded,historical_fantasy_scores_v3_recorded_2023_2026
2024,19,United States Grand Prix,2024-10-20,constructor,sauber,jm1261/Fantasy-F1-League:2024:constructor:Kick Sauber,Kick Sauber,SAU,,6.0,,,,,,6.8,jm1261/Fantasy-F1-League,https://github.com/jm1261/Fantasy-F1-League/blob/main/Data/2024/Lineup/United%20States_Results.json,MIT,third_party_recorded,False,True,False,third_party_recorded,historical_fantasy_scores_v3_recorded_2023_2026
2024,19,United States Grand Prix,2024-10-20,constructor,williams,jm1261/Fantasy-F1-League:2024:constructor:Williams,Williams,WIL,,19.0,,,,,,7.0,jm1261/Fantasy-F1-League,https://github.com/jm1261/Fantasy-F1-League/blob/main/Data/2024/Lineup/United%20States_Results.json,MIT,third_party_recorded,False,True,False,third_party_recorded,historical_fantasy_scores_v3_recorded_2023_2026
2024,19,United States Grand Prix,2024-10-20,driver,albon,jm1261/Fantasy-F1-League:2024:driver:Albon,Alexander Albon,ALB,Williams,11.0,,,,,,8.8,jm1261/Fantasy-F1-League,https://github.com/jm1261/Fantasy-F1-League/blob/main/Data/2024/Lineup/United%20States_Results.json,MIT,third_party_recorded,False,True,False,third_party_recorded,historical_fantasy_scores_v3_recorded_2023_2026
2024,19,United States Grand Prix,2024-10-20,driver,alonso,jm1261/Fantasy-F1-League:2024:driver:Alonso,Fernando Alonso,ALO,Aston Martin,-4.0,,,,,,16.4,jm1261/Fantasy-F1-League,https://github.com/jm1261/Fantasy-F1-League/blob/main/Data/2024/Lineup/United%20States_Results.json,MIT,third_party_recorded,False,True,False,third_party_recorded,historical_fantasy_scores_v3_recorded_2023_2026
2024,19,United States Grand Prix,2024-10-20,driver,bottas,jm1261/Fantasy-F1-League:2024:driver:Bottas,Valtteri Bottas,BOT,Kick Sauber,1.0,,,,,,7.1,jm1261/Fantasy-F1-League,https://github.com/jm1261/Fantasy-F1-League/blob/main/Data/2024/Lineup/United%20States_Results.json,MIT,third_party_recorded,False,True,False,third_party_recorded,historical_fantasy_scores_v3_recorded_2023_2026
2024,19,United States Grand Prix,2024-10-20,driver,colapinto,jm1261/Fantasy-F1-League:2024:driver:Colapinto,Franco Colapinto,COL,Williams,9.0,,,,,,6.8,jm1261/Fantasy-F1-League,https://github.com/jm1261/Fantasy-F1-League/blob/main/Data/2024/Lineup/United%20States_Results.json,MIT,third_party_recorded,False,True,False,third_party_recorded,historical_fantasy_scores_v3_recorded_2023_2026
2024,19,United States Grand Prix,2024-10-20,driver,gasly,jm1261/Fantasy-F1-League:2024:driver:Gasly,Pierre Gasly,GAS,Alpine,-1.0,,,,,,9.7,jm1261/Fantasy-F1-League,https://github.com/jm1261/Fantasy-F1-League/blob/main/Data/2024/Lineup/United%20States_Results.json,MIT,third_party_recorded,False,True,False,third_party_recorded,historical_fantasy_scores_v3_recorded_2023_2026
2024,19,United States Grand Prix,2024-10-20,driver,hamilton,jm1261/Fantasy-F1-League:2024:driver:Hamilton,Lewis Hamilton,HAM,Mercedes,-10.0,,,,,,25.1,jm1261/Fantasy-F1-League,https://github.com/jm1261/Fantasy-F1-League/blob/main/Data/2024/Lineup/United%20States_Results.json,MIT,third_party_recorded,False,True,False,third_party_recorded,historical_fantasy_scores_v3_recorded_2023_2026
2024,19,United States Grand Prix,2024-10-20,driver,hulkenberg,jm1261/Fantasy-F1-League:2024:driver:Hulkenberg,Nico Hülkenberg,HUL,Haas,11.0,,,,,,10.7,jm1261/Fantasy-F1-League,https://github.com/jm1261/Fantasy-F1-League/blob/main/Data/2024/Lineup/United%20States_Results.json,MIT,third_party_recorded,False,True,False,third_party_recorded,historical_fantasy_scores_v3_recorded_2023_2026
2024,19,United States Grand Prix,2024-10-20,driver,kevin_magnussen,jm1261/Fantasy-F1-League:2024:driver:Magnussen,Kevin Magnussen,MAG,Haas,9.0,,,,,,12.4,jm1261/Fantasy-F1-League,https://github.com/jm1261/Fantasy-F1-League/blob/main/Data/2024/Lineup/United%20States_Results.json,MIT,third_party_recorded,False,True,False,third_party_recorded,historical_fantasy_scores_v3_recorded_2023_2026
2024,19,United States Grand Prix,2024-10-20,driver,lawson,jm1261/Fantasy-F1-League:2024:driver:Lawson,Liam Lawson,LAW,RB,20.0,,,,,,10.2,jm1261/Fantasy-F1-League,https://github.com/jm1261/Fantasy-F1-League/blob/main/Data/2024/Lineup/United%20States_Results.json,MIT,third_party_recorded,False,True,False,third_party_recorded,historical_fantasy_scores_v3_recorded_2023_2026
2024,19,United States Grand Prix,2024-10-20,driver,leclerc,jm1261/Fantasy-F1-League:2024:driver:Leclerc,Charles Leclerc,LEC,Ferrari,55.0,,,,,,25.3,jm1261/Fantasy-F1-League,https://github.com/jm1261/Fantasy-F1-League/blob/main/Data/2024/Lineup/United%20States_Results.json,MIT,third_party_recorded,False,True,False,third_party_recorded,historical_fantasy_scores_v3_recorded_2023_2026
2024,19,United States Grand Prix,2024-10-20,driver,max_verstappen,jm1261/Fantasy-F1-League:2024:driver:Verstappen,Max Verstappen,VER,Red Bull,38.0,,,,,,31.6,jm1261/Fantasy-F1-League,https://github.com/jm1261/Fantasy-F1-League/blob/main/Data/2024/Lineup/United%20States_Results.json,MIT,third_party_recorded,False,True,False,third_party_recorded,historical_fantasy_scores_v3_recorded_2023_2026
2024,19,United States Grand Prix,2024-10-20,driver,norris,jm1261/Fantasy-F1-League:2024:driver:Norris,Lando Norris,NOR,McLaren,30.0,,,,,,27.0,jm1261/Fantasy-F1-League,https://github.com/jm1261/Fantasy-F1-League/blob/main/Data/2024/Lineup/United%20States_Results.json,MIT,third_party_recorded,False,True,False,third_party_recorded,historical_fantasy_scores_v3_recorded_2023_2026
2024,19,United States Grand Prix,2024-10-20,driver,ocon,jm1261/Fantasy-F1-League:2024:driver:Ocon,Esteban Ocon,OCO,Alpine,10.0,,,,,,12.3,jm1261/Fantasy-F1-League,https://github.com/jm1261/Fantasy-F1-League/blob/main/Data/2024/Lineup/United%20States_Results.json,MIT,third_party_recorded,False,True,False,third_party_recorded,historical_fantasy_scores_v3_recorded_2023_2026
2024,19,United States Grand Prix,2024-10-20,driver,perez,jm1261/Fantasy-F1-League:2024:driver:Perez,Sergio Pérez,PER,Red Bull,19.0,,,,,,23.1,jm1261/Fantasy-F1-League,https://github.com/jm1261/Fantasy-F1-League/blob/main/Data/2024/Lineup/United%20States_Results.json,MIT,third_party_recorded,False,True,False,third_party_recorded,historical_fantasy_scores_v3_recorded_2023_2026
2024,19,United States Grand Prix,2024-10-20,driver,piastri,jm1261/Fantasy-F1-League:2024:driver:Piastri,Oscar Piastri,PIA,McLaren,30.0,,,,,,25.3,jm1261/Fantasy-F1-League,https://github.com/jm1261/Fantasy-F1-League/blob/main/Data/2024/Lineup/United%20States_Results.json,MIT,third_party_recorded,False,True,False,third_party_recorded,historical_fantasy_scores_v3_recorded_2023_2026
2024,19,United States Grand Prix,2024-10-20,driver,russell,jm1261/Fantasy-F1-League:2024:driver:Russell,George Russell,RUS,Mercedes,38.0,,,,,,21.7,jm1261/Fantasy-F1-League,https://github.com/jm1261/Fantasy-F1-League/blob/main/Data/2024/Lineup/United%20States_Results.json,MIT,third_party_recorded,False,True,False,third_party_recorded,historical_fantasy_scores_v3_recorded_2023_2026
2024,19,United States Grand Prix,2024-10-20,driver,sainz,jm1261/Fantasy-F1-League:2024:driver:Sainz,Carlos Sainz,SAI,Ferrari,42.0,,,,,,23.0,jm1261/Fantasy-F1-League,https://github.com/jm1261/Fantasy-F1-League/blob/main/Data/2024/Lineup/United%20States_Results.json,MIT,third_party_recorded,False,True,False,third_party_recorded,historical_fantasy_scores_v3_recorded_2023_2026
2024,19,United States Grand Prix,2024-10-20,driver,stroll,jm1261/Fantasy-F1-League:2024:driver:Stroll,Lance Stroll,STR,Aston Martin,4.0,,,,,,14.4,jm1261/Fantasy-F1-League,https://github.com/jm1261/Fantasy-F1-League/blob/main/Data/2024/Lineup/United%20States_Results.json,MIT,third_party_recorded,False,True,False,third_party_recorded,historical_fantasy_scores_v3_recorded_2023_2026
2024,19,United States Grand Prix,2024-10-20,driver,tsunoda,jm1261/Fantasy-F1-League:2024:driver:Tsunoda,Yuki Tsunoda,TSU,RB,2.0,,,,,,10.2,jm1261/Fantasy-F1-League,https://github.com/jm1261/Fantasy-F1-League/blob/main/Data/2024/Lineup/United%20States_Results.json,MIT,third_party_recorded,False,True,False,third_party_recorded,historical_fantasy_scores_v3_recorded_2023_2026
2024,19,United States Grand Prix,2024-10-20,driver,zhou,jm1261/Fantasy-F1-League:2024:driver:Guanyu,Guanyu Zhou,ZHO,Kick Sauber,6.0,,,,,,7.8,jm1261/Fantasy-F1-League,https://github.com/jm1261/Fantasy-F1-League/blob/main/Data/2024/Lineup/United%20States_Results.json,MIT,third_party_recorded,False,True,False,third_party_recorded,historical_fantasy_scores_v3_recorded_2023_2026
2024,20,Mexico City Grand Prix,2024-10-27,constructor,alpine,jm1261/Fantasy-F1-League:2024:constructor:Alpine,Alpine,ALP,,21.0,,,,,,10.9,jm1261/Fantasy-F1-League,https://github.com/jm1261/Fantasy-F1-League/blob/main/Data/2024/Lineup/Mexico_Results.json,MIT,third_party_recorded,False,True,False,third_party_recorded,historical_fantasy_scores_v3_recorded_2023_2026
2024,20,Mexico City Grand Prix,2024-10-27,constructor,aston_martin,jm1261/Fantasy-F1-League:2024:constructor:Aston Martin,Aston Martin,AMR,,-5.0,,,,,,15.3,jm1261/Fantasy-F1-League,https://github.com/jm1261/Fantasy-F1-League/blob/main/Data/2024/Lineup/Mexico_Results.json,MIT,third_party_recorded,False,True,False,third_party_recorded,historical_fantasy_scores_v3_recorded_2023_2026
2024,20,Mexico City Grand Prix,2024-10-27,constructor,ferrari,jm1261/Fantasy-F1-League:2024:constructor:Ferrari,Ferrari,FER,,82.0,,,,,,25.0,jm1261/Fantasy-F1-League,https://github.com/jm1261/Fantasy-F1-League/blob/main/Data/2024/Lineup/Mexico_Results.json,MIT,third_party_recorded,False,True,False,third_party_recorded,historical_fantasy_scores_v3_recorded_2023_2026
2024,20,Mexico City Grand Prix,2024-10-27,constructor,haas,jm1261/Fantasy-F1-League:2024:constructor:Haas,Haas,HAS,,34.0,,,,,,11.5,jm1261/Fantasy-F1-League,https://github.com/jm1261/Fantasy-F1-League/blob/main/Data/2024/Lineup/Mexico_Results.json,MIT,third_party_recorded,False,True,False,third_party_recorded,historical_fantasy_scores_v3_recorded_2023_2026
2024,20,Mexico City Grand Prix,2024-10-27,constructor,mclaren,jm1261/Fantasy-F1-League:2024:constructor:McLaren,McLaren,MCL,,73.0,,,,,,26.6,jm1261/Fantasy-F1-League,https://github.com/jm1261/Fantasy-F1-League/blob/main/Data/2024/Lineup/Mexico_Results.json,MIT,third_party_recorded,False,True,False,third_party_recorded,historical_fantasy_scores_v3_recorded_2023_2026
2024,20,Mexico City Grand Prix,2024-10-27,constructor,mercedes,jm1261/Fantasy-F1-League:2024:constructor:Mercedes,Mercedes,MER,,54.0,,,,,,24.1,jm1261/Fantasy-F1-League,https://github.com/jm1261/Fantasy-F1-League/blob/main/Data/2024/Lineup/Mexico_Results.json,MIT,third_party_recorded,False,True,False,third_party_recorded,historical_fantasy_scores_v3_recorded_2023_2026
2024,20,Mexico City Grand Prix,2024-10-27,constructor,rb,jm1261/Fantasy-F1-League:2024:constructor:RB,RB,RB,,-13.0,,,,,,12.8,jm1261/Fantasy-F1-League,https://github.com/jm1261/Fantasy-F1-League/blob/main/Data/2024/Lineup/Mexico_Results.json,MIT,third_party_recorded,False,True,False,third_party_recorded,historical_fantasy_scores_v3_recorded_2023_2026
2024,20,Mexico City Grand Prix,2024-10-27,constructor,red_bull,jm1261/Fantasy-F1-League:2024:constructor:Red Bull,Red Bull,RBR,,41.0,,,,,,29.4,jm1261/Fantasy-F1-League,https://github.com/jm1261/Fantasy-F1-League/blob/main/Data/2024/Lineup/Mexico_Results.json,MIT,third_party_recorded,False,True,False,third_party_recorded,historical_fantasy_scores_v3_recorded_2023_2026
2024,20,Mexico City Grand Prix,2024-10-27,constructor,sauber,jm1261/Fantasy-F1-League:2024:constructor:Kick Sauber,Kick Sauber,SAU,,10.0,,,,,,6.7,jm1261/Fantasy-F1-League,https://github.com/jm1261/Fantasy-F1-League/blob/main/Data/2024/Lineup/Mexico_Results.json,MIT,third_party_recorded,False,True,False,third_party_recorded,historical_fantasy_scores_v3_recorded_2023_2026
2024,20,Mexico City Grand Prix,2024-10-27,constructor,williams,jm1261/Fantasy-F1-League:2024:constructor:Williams,Williams,WIL,,-5.0,,,,,,6.9,jm1261/Fantasy-F1-League,https://github.com/jm1261/Fantasy-F1-League/blob/main/Data/2024/Lineup/Mexico_Results.json,MIT,third_party_recorded,False,True,False,third_party_recorded,historical_fantasy_scores_v3_recorded_2023_2026
2024,20,Mexico City Grand Prix,2024-10-27,driver,albon,jm1261/Fantasy-F1-League:2024:driver:Albon,Alexander Albon,ALB,Williams,-18.0,,,,,,9.3,jm1261/Fantasy-F1-League,https://github.com/jm1261/Fantasy-F1-League/blob/main/Data/2024/Lineup/Mexico_Results.json,MIT,third_party_recorded,False,True,False,third_party_recorded,historical_fantasy_scores_v3_recorded_2023_2026
2024,20,Mexico City Grand Prix,2024-10-27,driver,alonso,jm1261/Fantasy-F1-League:2024:driver:Alonso,Fernando Alonso,ALO,Aston Martin,-19.0,,,,,,15.9,jm1261/Fantasy-F1-League,https://github.com/jm1261/Fantasy-F1-League/blob/main/Data/2024/Lineup/Mexico_Results.json,MIT,third_party_recorded,False,True,False,third_party_recorded,historical_fantasy_scores_v3_recorded_2023_2026
2024,20,Mexico City Grand Prix,2024-10-27,driver,bottas,jm1261/Fantasy-F1-League:2024:driver:Bottas,Valtteri Bottas,BOT,Kick Sauber,2.0,,,,,,7.0,jm1261/Fantasy-F1-League,https://github.com/jm1261/Fantasy-F1-League/blob/main/Data/2024/Lineup/Mexico_Results.json,MIT,third_party_recorded,False,True,False,third_party_recorded,historical_fantasy_scores_v3_recorded_2023_2026
2024,20,Mexico City Grand Prix,2024-10-27,driver,colapinto,jm1261/Fantasy-F1-League:2024:driver:Colapinto,Franco Colapinto,COL,Williams,8.0,,,,,,6.8,jm1261/Fantasy-F1-League,https://github.com/jm1261/Fantasy-F1-League/blob/main/Data/2024/Lineup/Mexico_Results.json,MIT,third_party_recorded,False,True,False,third_party_recorded,historical_fantasy_scores_v3_recorded_2023_2026
2024,20,Mexico City Grand Prix,2024-10-27,driver,gasly,jm1261/Fantasy-F1-League:2024:driver:Gasly,Pierre Gasly,GAS,Alpine,6.0,,,,,,9.5,jm1261/Fantasy-F1-League,https://github.com/jm1261/Fantasy-F1-League/blob/main/Data/2024/Lineup/Mexico_Results.json,MIT,third_party_recorded,False,True,False,third_party_recorded,historical_fantasy_scores_v3_recorded_2023_2026
2024,20,Mexico City Grand Prix,2024-10-27,driver,hamilton,jm1261/Fantasy-F1-League:2024:driver:Hamilton,Lewis Hamilton,HAM,Mercedes,24.0,,,,,,24.4,jm1261/Fantasy-F1-League,https://github.com/jm1261/Fantasy-F1-League/blob/main/Data/2024/Lineup/Mexico_Results.json,MIT,third_party_recorded,False,True,False,third_party_recorded,historical_fantasy_scores_v3_recorded_2023_2026
2024,20,Mexico City Grand Prix,2024-10-27,driver,hulkenberg,jm1261/Fantasy-F1-League:2024:driver:Hulkenberg,Nico Hülkenberg,HUL,Haas,9.0,,,,,,11.2,jm1261/Fantasy-F1-League,https://github.com/jm1261/Fantasy-F1-League/blob/main/Data/2024/Lineup/Mexico_Results.json,MIT,third_party_recorded,False,True,False,third_party_recorded,historical_fantasy_scores_v3_recorded_2023_2026
2024,20,Mexico City Grand Prix,2024-10-27,driver,kevin_magnussen,jm1261/Fantasy-F1-League:2024:driver:Magnussen,Kevin Magnussen,MAG,Haas,15.0,,,,,,12.9,jm1261/Fantasy-F1-League,https://github.com/jm1261/Fantasy-F1-League/blob/main/Data/2024/Lineup/Mexico_Results.json,MIT,third_party_recorded,False,True,False,third_party_recorded,historical_fantasy_scores_v3_recorded_2023_2026
2024,20,Mexico City Grand Prix,2024-10-27,driver,lawson,jm1261/Fantasy-F1-League:2024:driver:Lawson,Liam Lawson,LAW,RB,4.0,,,,,,10.7,jm1261/Fantasy-F1-League,https://github.com/jm1261/Fantasy-F1-League/blob/main/Data/2024/Lineup/Mexico_Results.json,MIT,third_party_recorded,False,True,False,third_party_recorded,historical_fantasy_scores_v3_recorded_2023_2026
2024,20,Mexico City Grand Prix,2024-10-27,driver,leclerc,jm1261/Fantasy-F1-League:2024:driver:Leclerc,Charles Leclerc,LEC,Ferrari,35.0,,,,,,25.5,jm1261/Fantasy-F1-League,https://github.com/jm1261/Fantasy-F1-League/blob/main/Data/2024/Lineup/Mexico_Results.json,MIT,third_party_recorded,False,True,False,third_party_recorded,historical_fantasy_scores_v3_recorded_2023_2026
2024,20,Mexico City Grand Prix,2024-10-27,driver,max_verstappen,jm1261/Fantasy-F1-League:2024:driver:Verstappen,Max Verstappen,VER,Red Bull,21.0,,,,,,31.7,jm1261/Fantasy-F1-League,https://github.com/jm1261/Fantasy-F1-League/blob/main/Data/2024/Lineup/Mexico_Results.json,MIT,third_party_recorded,False,True,False,third_party_recorded,historical_fantasy_scores_v3_recorded_2023_2026
2024,20,Mexico City Grand Prix,2024-10-27,driver,norris,jm1261/Fantasy-F1-League:2024:driver:Norris,Lando Norris,NOR,McLaren,29.0,,,,,,27.2,jm1261/Fantasy-F1-League,https://github.com/jm1261/Fantasy-F1-League/blob/main/Data/2024/Lineup/Mexico_Results.json,MIT,third_party_recorded,False,True,False,third_party_recorded,historical_fantasy_scores_v3_recorded_2023_2026
2024,20,Mexico City Grand Prix,2024-10-27,driver,ocon,jm1261/Fantasy-F1-League:2024:driver:Ocon,Esteban Ocon,OCO,Alpine,10.0,,,,,,12.8,jm1261/Fantasy-F1-League,https://github.com/jm1261/Fantasy-F1-League/blob/main/Data/2024/Lineup/Mexico_Results.json,MIT,third_party_recorded,False,True,False,third_party_recorded,historical_fantasy_scores_v3_recorded_2023_2026
2024,20,Mexico City Grand Prix,2024-10-27,driver,perez,jm1261/Fantasy-F1-League:2024:driver:Perez,Sergio Pérez,PER,Red Bull,10.0,,,,,,23.2,jm1261/Fantasy-F1-League,https://github.com/jm1261/Fantasy-F1-League/blob/main/Data/2024/Lineup/Mexico_Results.json,MIT,third_party_recorded,False,True,False,third_party_recorded,historical_fantasy_scores_v3_recorded_2023_2026
2024,20,Mexico City Grand Prix,2024-10-27,driver,piastri,jm1261/Fantasy-F1-League:2024:driver:Piastri,Oscar Piastri,PIA,McLaren,26.0,,,,,,25.4,jm1261/Fantasy-F1-League,https://github.com/jm1261/Fantasy-F1-League/blob/main/Data/2024/Lineup/Mexico_Results.json,MIT,third_party_recorded,False,True,False,third_party_recorded,historical_fantasy_scores_v3_recorded_2023_2026
2024,20,Mexico City Grand Prix,2024-10-27,driver,russell,jm1261/Fantasy-F1-League:2024:driver:Russell,George Russell,RUS,Mercedes,20.0,,,,,,22.0,jm1261/Fantasy-F1-League,https://github.com/jm1261/Fantasy-F1-League/blob/main/Data/2024/Lineup/Mexico_Results.json,MIT,third_party_recorded,False,True,False,third_party_recorded,historical_fantasy_scores_v3_recorded_2023_2026
2024,20,Mexico City Grand Prix,2024-10-27,driver,sainz,jm1261/Fantasy-F1-League:2024:driver:Sainz,Carlos Sainz,SAI,Ferrari,47.0,,,,,,23.3,jm1261/Fantasy-F1-League,https://github.com/jm1261/Fantasy-F1-League/blob/main/Data/2024/Lineup/Mexico_Results.json,MIT,third_party_recorded,False,True,False,third_party_recorded,historical_fantasy_scores_v3_recorded_2023_2026
2024,20,Mexico City Grand Prix,2024-10-27,driver,stroll,jm1261/Fantasy-F1-League:2024:driver:Stroll,Lance Stroll,STR,Aston Martin,11.0,,,,,,14.3,jm1261/Fantasy-F1-League,https://github.com/jm1261/Fantasy-F1-League/blob/main/Data/2024/Lineup/Mexico_Results.json,MIT,third_party_recorded,False,True,False,third_party_recorded,historical_fantasy_scores_v3_recorded_2023_2026
2024,20,Mexico City Grand Prix,2024-10-27,driver,tsunoda,jm1261/Fantasy-F1-League:2024:driver:Tsunoda,Yuki Tsunoda,TSU,RB,-20.0,,,,,,10.1,jm1261/Fantasy-F1-League,https://github.com/jm1261/Fantasy-F1-League/blob/main/Data/2024/Lineup/Mexico_Results.json,MIT,third_party_recorded,False,True,False,third_party_recorded,historical_fantasy_scores_v3_recorded_2023_2026
2024,20,Mexico City Grand Prix,2024-10-27,driver,zhou,jm1261/Fantasy-F1-League:2024:driver:Guanyu,Guanyu Zhou,ZHO,Kick Sauber,7.0,,,,,,7.7,jm1261/Fantasy-F1-League,https://github.com/jm1261/Fantasy-F1-League/blob/main/Data/2024/Lineup/Mexico_Results.json,MIT,third_party_recorded,False,True,False,third_party_recorded,historical_fantasy_scores_v3_recorded_2023_2026
2024,21,São Paulo Grand Prix,2024-11-03,constructor,alpine,jm1261/Fantasy-F1-League:2024:constructor:Alpine,Alpine,ALP,,71.0,,,,,,11.4,jm1261/Fantasy-F1-League,https://github.com/jm1261/Fantasy-F1-League/blob/main/Data/2024/Lineup/Brazil_Results.json,MIT,third_party_recorded,False,True,False,third_party_recorded,historical_fantasy_scores_v3_recorded_2023_2026
2024,21,São Paulo Grand Prix,2024-11-03,constructor,aston_martin,jm1261/Fantasy-F1-League:2024:constructor:Aston Martin,Aston Martin,AMR,,-4.0,,,,,,14.8,jm1261/Fantasy-F1-League,https://github.com/jm1261/Fantasy-F1-League/blob/main/Data/2024/Lineup/Brazil_Results.json,MIT,third_party_recorded,False,True,False,third_party_recorded,historical_fantasy_scores_v3_recorded_2023_2026
2024,21,São Paulo Grand Prix,2024-11-03,constructor,ferrari,jm1261/Fantasy-F1-League:2024:constructor:Ferrari,Ferrari,FER,,24.0,,,,,,25.1,jm1261/Fantasy-F1-League,https://github.com/jm1261/Fantasy-F1-League/blob/main/Data/2024/Lineup/Brazil_Results.json,MIT,third_party_recorded,False,True,False,third_party_recorded,historical_fantasy_scores_v3_recorded_2023_2026
2024,21,São Paulo Grand Prix,2024-11-03,constructor,haas,jm1261/Fantasy-F1-League:2024:constructor:Haas,Haas,HAS,,-29.0,,,,,,12.0,jm1261/Fantasy-F1-League,https://github.com/jm1261/Fantasy-F1-League/blob/main/Data/2024/Lineup/Brazil_Results.json,MIT,third_party_recorded,False,True,False,third_party_recorded,historical_fantasy_scores_v3_recorded_2023_2026
2024,21,São Paulo Grand Prix,2024-11-03,constructor,mclaren,jm1261/Fantasy-F1-League:2024:constructor:McLaren,McLaren,MCL,,50.0,,,,,,26.7,jm1261/Fantasy-F1-League,https://github.com/jm1261/Fantasy-F1-League/blob/main/Data/2024/Lineup/Brazil_Results.json,MIT,third_party_recorded,False,True,False,third_party_recorded,historical_fantasy_scores_v3_recorded_2023_2026
2024,21,São Paulo Grand Prix,2024-11-03,constructor,mercedes,jm1261/Fantasy-F1-League:2024:constructor:Mercedes,Mercedes,MER,,45.0,,,,,,24.4,jm1261/Fantasy-F1-League,https://github.com/jm1261/Fantasy-F1-League/blob/main/Data/2024/Lineup/Brazil_Results.json,MIT,third_party_recorded,False,True,False,third_party_recorded,historical_fantasy_scores_v3_recorded_2023_2026
2024,21,São Paulo Grand Prix,2024-11-03,constructor,rb,jm1261/Fantasy-F1-League:2024:constructor:RB,RB,RB,,36.0,,,,,,12.6,jm1261/Fantasy-F1-League,https://github.com/jm1261/Fantasy-F1-League/blob/main/Data/2024/Lineup/Brazil_Results.json,MIT,third_party_recorded,False,True,False,third_party_recorded,historical_fantasy_scores_v3_recorded_2023_2026
2024,21,São Paulo Grand Prix,2024-11-03,constructor,red_bull,jm1261/Fantasy-F1-League:2024:constructor:Red Bull,Red Bull,RBR,,96.0,,,,,,29.4,jm1261/Fantasy-F1-League,https://github.com/jm1261/Fantasy-F1-League/blob/main/Data/2024/Lineup/Brazil_Results.json,MIT,third_party_recorded,False,True,False,third_party_recorded,historical_fantasy_scores_v3_recorded_2023_2026
2024,21,São Paulo Grand Prix,2024-11-03,constructor,sauber,jm1261/Fantasy-F1-League:2024:constructor:Kick Sauber,Kick Sauber,SAU,,18.0,,,,,,6.6,jm1261/Fantasy-F1-League,https://github.com/jm1261/Fantasy-F1-League/blob/main/Data/2024/Lineup/Brazil_Results.json,MIT,third_party_recorded,False,True,False,third_party_recorded,historical_fantasy_scores_v3_recorded_2023_2026
2024,21,São Paulo Grand Prix,2024-11-03,constructor,williams,jm1261/Fantasy-F1-League:2024:constructor:Williams,Williams,WIL,,-20.0,,,,,,6.7,jm1261/Fantasy-F1-League,https://github.com/jm1261/Fantasy-F1-League/blob/main/Data/2024/Lineup/Brazil_Results.json,MIT,third_party_recorded,False,True,False,third_party_recorded,historical_fantasy_scores_v3_recorded_2023_2026
2024,21,São Paulo Grand Prix,2024-11-03,driver,albon,jm1261/Fantasy-F1-League:2024:driver:Albon,Alexander Albon,ALB,Williams,-15.0,,,,,,9.1,jm1261/Fantasy-F1-League,https://github.com/jm1261/Fantasy-F1-League/blob/main/Data/2024/Lineup/Brazil_Results.json,MIT,third_party_recorded,False,True,False,third_party_recorded,historical_fantasy_scores_v3_recorded_2023_2026
2024,21,São Paulo Grand Prix,2024-11-03,driver,alonso,jm1261/Fantasy-F1-League:2024:driver:Alonso,Fernando Alonso,ALO,Aston Martin,1.0,,,,,,15.4,jm1261/Fantasy-F1-League,https://github.com/jm1261/Fantasy-F1-League/blob/main/Data/2024/Lineup/Brazil_Results.json,MIT,third_party_recorded,False,True,False,third_party_recorded,historical_fantasy_scores_v3_recorded_2023_2026
2024,21,São Paulo Grand Prix,2024-11-03,driver,bearman,jm1261/Fantasy-F1-League:2024:driver:Bearman,Oliver Bearman,BEA,Haas,14.0,,,,,,13.3,jm1261/Fantasy-F1-League,https://github.com/jm1261/Fantasy-F1-League/blob/main/Data/2024/Lineup/Brazil_Results.json,MIT,third_party_recorded,False,True,False,third_party_recorded,historical_fantasy_scores_v3_recorded_2023_2026
2024,21,São Paulo Grand Prix,2024-11-03,driver,bottas,jm1261/Fantasy-F1-League:2024:driver:Bottas,Valtteri Bottas,BOT,Kick Sauber,-2.0,,,,,,6.9,jm1261/Fantasy-F1-League,https://github.com/jm1261/Fantasy-F1-League/blob/main/Data/2024/Lineup/Brazil_Results.json,MIT,third_party_recorded,False,True,False,third_party_recorded,historical_fantasy_scores_v3_recorded_2023_2026
2024,21,São Paulo Grand Prix,2024-11-03,driver,colapinto,jm1261/Fantasy-F1-League:2024:driver:Colapinto,Franco Colapinto,COL,Williams,-10.0,,,,,,7.3,jm1261/Fantasy-F1-League,https://github.com/jm1261/Fantasy-F1-League/blob/main/Data/2024/Lineup/Brazil_Results.json,MIT,third_party_recorded,False,True,False,third_party_recorded,historical_fantasy_scores_v3_recorded_2023_2026
2024,21,São Paulo Grand Prix,2024-11-03,driver,gasly,jm1261/Fantasy-F1-League:2024:driver:Gasly,Pierre Gasly,GAS,Alpine,30.0,,,,,,10.0,jm1261/Fantasy-F1-League,https://github.com/jm1261/Fantasy-F1-League/blob/main/Data/2024/Lineup/Brazil_Results.json,MIT,third_party_recorded,False,True,False,third_party_recorded,historical_fantasy_scores_v3_recorded_2023_2026
2024,21,São Paulo Grand Prix,2024-11-03,driver,hamilton,jm1261/Fantasy-F1-League:2024:driver:Hamilton,Lewis Hamilton,HAM,Mercedes,15.0,,,,,,24.7,jm1261/Fantasy-F1-League,https://github.com/jm1261/Fantasy-F1-League/blob/main/Data/2024/Lineup/Brazil_Results.json,MIT,third_party_recorded,False,True,False,third_party_recorded,historical_fantasy_scores_v3_recorded_2023_2026
2024,21,São Paulo Grand Prix,2024-11-03,driver,hulkenberg,jm1261/Fantasy-F1-League:2024:driver:Hulkenberg,Nico Hülkenberg,HUL,Haas,-42.0,,,,,,11.7,jm1261/Fantasy-F1-League,https://github.com/jm1261/Fantasy-F1-League/blob/main/Data/2024/Lineup/Brazil_Results.json,MIT,third_party_recorded,False,True,False,third_party_recorded,historical_fantasy_scores_v3_recorded_2023_2026
2024,21,São Paulo Grand Prix,2024-11-03,driver,lawson,jm1261/Fantasy-F1-League:2024:driver:Lawson,Liam Lawson,LAW,RB,9.0,,,,,,10.7,jm1261/Fantasy-F1-League,https://github.com/jm1261/Fantasy-F1-League/blob/main/Data/2024/Lineup/Brazil_Results.json,MIT,third_party_recorded,False,True,False,third_party_recorded,historical_fantasy_scores_v3_recorded_2023_2026
2024,21,São Paulo Grand Prix,2024-11-03,driver,leclerc,jm1261/Fantasy-F1-League:2024:driver:Leclerc,Charles Leclerc,LEC,Ferrari,26.0,,,,,,25.7,jm1261/Fantasy-F1-League,https://github.com/jm1261/Fantasy-F1-League/blob/main/Data/2024/Lineup/Brazil_Results.json,MIT,third_party_recorded,False,True,False,third_party_recorded,historical_fantasy_scores_v3_recorded_2023_2026
2024,21,São Paulo Grand Prix,2024-11-03,driver,max_verstappen,jm1261/Fantasy-F1-League:2024:driver:Verstappen,Max Verstappen,VER,Red Bull,77.0,,,,,,31.8,jm1261/Fantasy-F1-League,https://github.com/jm1261/Fantasy-F1-League/blob/main/Data/2024/Lineup/Brazil_Results.json,MIT,third_party_recorded,False,True,False,third_party_recorded,historical_fantasy_scores_v3_recorded_2023_2026
2024,21,São Paulo Grand Prix,2024-11-03,driver,norris,jm1261/Fantasy-F1-League:2024:driver:Norris,Lando Norris,NOR,McLaren,24.0,,,,,,27.2,jm1261/Fantasy-F1-League,https://github.com/jm1261/Fantasy-F1-League/blob/main/Data/2024/Lineup/Brazil_Results.json,MIT,third_party_recorded,False,True,False,third_party_recorded,historical_fantasy_scores_v3_recorded_2023_2026
2024,21,São Paulo Grand Prix,2024-11-03,driver,ocon,jm1261/Fantasy-F1-League:2024:driver:Ocon,Esteban Ocon,OCO,Alpine,36.0,,,,,,13.3,jm1261/Fantasy-F1-League,https://github.com/jm1261/Fantasy-F1-League/blob/main/Data/2024/Lineup/Brazil_Results.json,MIT,third_party_recorded,False,True,False,third_party_recorded,historical_fantasy_scores_v3_recorded_2023_2026
2024,21,São Paulo Grand Prix,2024-11-03,driver,perez,jm1261/Fantasy-F1-League:2024:driver:Perez,Sergio Pérez,PER,Red Bull,26.0,,,,,,23.3,jm1261/Fantasy-F1-League,https://github.com/jm1261/Fantasy-F1-League/blob/main/Data/2024/Lineup/Brazil_Results.json,MIT,third_party_recorded,False,True,False,third_party_recorded,historical_fantasy_scores_v3_recorded_2023_2026
2024,21,São Paulo Grand Prix,2024-11-03,driver,piastri,jm1261/Fantasy-F1-League:2024:driver:Piastri,Oscar Piastri,PIA,McLaren,16.0,,,,,,25.5,jm1261/Fantasy-F1-League,https://github.com/jm1261/Fantasy-F1-League/blob/main/Data/2024/Lineup/Brazil_Results.json,MIT,third_party_recorded,False,True,False,third_party_recorded,historical_fantasy_scores_v3_recorded_2023_2026
2024,21,São Paulo Grand Prix,2024-11-03,driver,russell,jm1261/Fantasy-F1-League:2024:driver:Russell,George Russell,RUS,Mercedes,25.0,,,,,,22.3,jm1261/Fantasy-F1-League,https://github.com/jm1261/Fantasy-F1-League/blob/main/Data/2024/Lineup/Brazil_Results.json,MIT,third_party_recorded,False,True,False,third_party_recorded,historical_fantasy_scores_v3_recorded_2023_2026
2024,21,São Paulo Grand Prix,2024-11-03,driver,sainz,jm1261/Fantasy-F1-League:2024:driver:Sainz,Carlos Sainz,SAI,Ferrari,-12.0,,,,,,24.3,jm1261/Fantasy-F1-League,https://github.com/jm1261/Fantasy-F1-League/blob/main/Data/2024/Lineup/Brazil_Results.json,MIT,third_party_recorded,False,True,False,third_party_recorded,historical_fantasy_scores_v3_recorded_2023_2026
2024,21,São Paulo Grand Prix,2024-11-03,driver,stroll,jm1261/Fantasy-F1-League:2024:driver:Stroll,Lance Stroll,STR,Aston Martin,-18.0,,,,,,14.8,jm1261/Fantasy-F1-League,https://github.com/jm1261/Fantasy-F1-League/blob/main/Data/2024/Lineup/Brazil_Results.json,MIT,third_party_recorded,False,True,False,third_party_recorded,historical_fantasy_scores_v3_recorded_2023_2026
2024,21,São Paulo Grand Prix,2024-11-03,driver,tsunoda,jm1261/Fantasy-F1-League:2024:driver:Tsunoda,Yuki Tsunoda,TSU,RB,17.0,,,,,,9.9,jm1261/Fantasy-F1-League,https://github.com/jm1261/Fantasy-F1-League/blob/main/Data/2024/Lineup/Brazil_Results.json,MIT,third_party_recorded,False,True,False,third_party_recorded,historical_fantasy_scores_v3_recorded_2023_2026
2024,21,São Paulo Grand Prix,2024-11-03,driver,zhou,jm1261/Fantasy-F1-League:2024:driver:Guanyu,Guanyu Zhou,ZHO,Kick Sauber,9.0,,,,,,8.2,jm1261/Fantasy-F1-League,https://github.com/jm1261/Fantasy-F1-League/blob/main/Data/2024/Lineup/Brazil_Results.json,MIT,third_party_recorded,False,True,False,third_party_recorded,historical_fantasy_scores_v3_recorded_2023_2026
2024,22,Las Vegas Grand Prix,2024-11-23,constructor,alpine,jm1261/Fantasy-F1-League:2024:constructor:Alpine,Alpine,ALP,,-12.0,,,,,,12.4,jm1261/Fantasy-F1-League,https://github.com/jm1261/Fantasy-F1-League/blob/main/Data/2024/Lineup/Las%20Vegas_Results.json,MIT,third_party_recorded,False,True,False,third_party_recorded,historical_fantasy_scores_v3_recorded_2023_2026
2024,22,Las Vegas Grand Prix,2024-11-23,constructor,aston_martin,jm1261/Fantasy-F1-League:2024:constructor:Aston Martin,Aston Martin,AMR,,14.0,,,,,,14.6,jm1261/Fantasy-F1-League,https://github.com/jm1261/Fantasy-F1-League/blob/main/Data/2024/Lineup/Las%20Vegas_Results.json,MIT,third_party_recorded,False,True,False,third_party_recorded,historical_fantasy_scores_v3_recorded_2023_2026
2024,22,Las Vegas Grand Prix,2024-11-23,constructor,ferrari,jm1261/Fantasy-F1-League:2024:constructor:Ferrari,Ferrari,FER,,72.0,,,,,,25.1,jm1261/Fantasy-F1-League,https://github.com/jm1261/Fantasy-F1-League/blob/main/Data/2024/Lineup/Las%20Vegas_Results.json,MIT,third_party_recorded,False,True,False,third_party_recorded,historical_fantasy_scores_v3_recorded_2023_2026
2024,22,Las Vegas Grand Prix,2024-11-23,constructor,haas,jm1261/Fantasy-F1-League:2024:constructor:Haas,Haas,HAS,,27.0,,,,,,11.8,jm1261/Fantasy-F1-League,https://github.com/jm1261/Fantasy-F1-League/blob/main/Data/2024/Lineup/Las%20Vegas_Results.json,MIT,third_party_recorded,False,True,False,third_party_recorded,historical_fantasy_scores_v3_recorded_2023_2026
2024,22,Las Vegas Grand Prix,2024-11-23,constructor,mclaren,jm1261/Fantasy-F1-League:2024:constructor:McLaren,McLaren,MCL,,66.0,,,,,,26.8,jm1261/Fantasy-F1-League,https://github.com/jm1261/Fantasy-F1-League/blob/main/Data/2024/Lineup/Las%20Vegas_Results.json,MIT,third_party_recorded,False,True,False,third_party_recorded,historical_fantasy_scores_v3_recorded_2023_2026
2024,22,Las Vegas Grand Prix,2024-11-23,constructor,mercedes,jm1261/Fantasy-F1-League:2024:constructor:Mercedes,Mercedes,MER,,82.0,,,,,,24.7,jm1261/Fantasy-F1-League,https://github.com/jm1261/Fantasy-F1-League/blob/main/Data/2024/Lineup/Las%20Vegas_Results.json,MIT,third_party_recorded,False,True,False,third_party_recorded,historical_fantasy_scores_v3_recorded_2023_2026
2024,22,Las Vegas Grand Prix,2024-11-23,constructor,rb,jm1261/Fantasy-F1-League:2024:constructor:RB,RB,RB,,16.0,,,,,,13.1,jm1261/Fantasy-F1-League,https://github.com/jm1261/Fantasy-F1-League/blob/main/Data/2024/Lineup/Las%20Vegas_Results.json,MIT,third_party_recorded,False,True,False,third_party_recorded,historical_fantasy_scores_v3_recorded_2023_2026
2024,22,Las Vegas Grand Prix,2024-11-23,constructor,red_bull,jm1261/Fantasy-F1-League:2024:constructor:Red Bull,Red Bull,RBR,,55.0,,,,,,29.6,jm1261/Fantasy-F1-League,https://github.com/jm1261/Fantasy-F1-League/blob/main/Data/2024/Lineup/Las%20Vegas_Results.json,MIT,third_party_recorded,False,True,False,third_party_recorded,historical_fantasy_scores_v3_recorded_2023_2026
2024,22,Las Vegas Grand Prix,2024-11-23,constructor,sauber,jm1261/Fantasy-F1-League:2024:constructor:Kick Sauber,Kick Sauber,SAU,,8.0,,,,,,7.1,jm1261/Fantasy-F1-League,https://github.com/jm1261/Fantasy-F1-League/blob/main/Data/2024/Lineup/Las%20Vegas_Results.json,MIT,third_party_recorded,False,True,False,third_party_recorded,historical_fantasy_scores_v3_recorded_2023_2026
2024,22,Las Vegas Grand Prix,2024-11-23,constructor,williams,jm1261/Fantasy-F1-League:2024:constructor:Williams,Williams,WIL,,-5.0,,,,,,6.5,jm1261/Fantasy-F1-League,https://github.com/jm1261/Fantasy-F1-League/blob/main/Data/2024/Lineup/Las%20Vegas_Results.json,MIT,third_party_recorded,False,True,False,third_party_recorded,historical_fantasy_scores_v3_recorded_2023_2026
2024,22,Las Vegas Grand Prix,2024-11-23,driver,albon,jm1261/Fantasy-F1-League:2024:driver:Albon,Alexander Albon,ALB,Williams,-16.0,,,,,,8.9,jm1261/Fantasy-F1-League,https://github.com/jm1261/Fantasy-F1-League/blob/main/Data/2024/Lineup/Las%20Vegas_Results.json,MIT,third_party_recorded,False,True,False,third_party_recorded,historical_fantasy_scores_v3_recorded_2023_2026
2024,22,Las Vegas Grand Prix,2024-11-23,driver,alonso,jm1261/Fantasy-F1-League:2024:driver:Alonso,Fernando Alonso,ALO,Aston Martin,11.0,,,,,,15.1,jm1261/Fantasy-F1-League,https://github.com/jm1261/Fantasy-F1-League/blob/main/Data/2024/Lineup/Las%20Vegas_Results.json,MIT,third_party_recorded,False,True,False,third_party_recorded,historical_fantasy_scores_v3_recorded_2023_2026
2024,22,Las Vegas Grand Prix,2024-11-23,driver,bottas,jm1261/Fantasy-F1-League:2024:driver:Bottas,Valtteri Bottas,BOT,Kick Sauber,2.0,,,,,,6.7,jm1261/Fantasy-F1-League,https://github.com/jm1261/Fantasy-F1-League/blob/main/Data/2024/Lineup/Las%20Vegas_Results.json,MIT,third_party_recorded,False,True,False,third_party_recorded,historical_fantasy_scores_v3_recorded_2023_2026
2024,22,Las Vegas Grand Prix,2024-11-23,driver,colapinto,jm1261/Fantasy-F1-League:2024:driver:Colapinto,Franco Colapinto,COL,Williams,10.0,,,,,,7.1,jm1261/Fantasy-F1-League,https://github.com/jm1261/Fantasy-F1-League/blob/main/Data/2024/Lineup/Las%20Vegas_Results.json,MIT,third_party_recorded,False,True,False,third_party_recorded,historical_fantasy_scores_v3_recorded_2023_2026
2024,22,Las Vegas Grand Prix,2024-11-23,driver,gasly,jm1261/Fantasy-F1-League:2024:driver:Gasly,Pierre Gasly,GAS,Alpine,-12.0,,,,,,11.0,jm1261/Fantasy-F1-League,https://github.com/jm1261/Fantasy-F1-League/blob/main/Data/2024/Lineup/Las%20Vegas_Results.json,MIT,third_party_recorded,False,True,False,third_party_recorded,historical_fantasy_scores_v3_recorded_2023_2026
2024,22,Las Vegas Grand Prix,2024-11-23,driver,hamilton,jm1261/Fantasy-F1-League:2024:driver:Hamilton,Lewis Hamilton,HAM,Mercedes,46.0,,,,,,24.8,jm1261/Fantasy-F1-League,https://github.com/jm1261/Fantasy-F1-League/blob/main/Data/2024/Lineup/Las%20Vegas_Results.json,MIT,third_party_recorded,False,True,False,third_party_recorded,historical_fantasy_scores_v3_recorded_2023_2026
2024,22,Las Vegas Grand Prix,2024-11-23,driver,hulkenberg,jm1261/Fantasy-F1-League:2024:driver:Hulkenberg,Nico Hülkenberg,HUL,Haas,17.0,,,,,,11.5,jm1261/Fantasy-F1-League,https://github.com/jm1261/Fantasy-F1-League/blob/main/Data/2024/Lineup/Las%20Vegas_Results.json,MIT,third_party_recorded,False,True,False,third_party_recorded,historical_fantasy_scores_v3_recorded_2023_2026
2024,22,Las Vegas Grand Prix,2024-11-23,driver,kevin_magnussen,jm1261/Fantasy-F1-League:2024:driver:Magnussen,Kevin Magnussen,MAG,Haas,5.0,,,,,,13.4,jm1261/Fantasy-F1-League,https://github.com/jm1261/Fantasy-F1-League/blob/main/Data/2024/Lineup/Las%20Vegas_Results.json,MIT,third_party_recorded,False,True,False,third_party_recorded,historical_fantasy_scores_v3_recorded_2023_2026
2024,22,Las Vegas Grand Prix,2024-11-23,driver,lawson,jm1261/Fantasy-F1-League:2024:driver:Lawson,Liam Lawson,LAW,RB,2.0,,,,,,11.1,jm1261/Fantasy-F1-League,https://github.com/jm1261/Fantasy-F1-League/blob/main/Data/2024/Lineup/Las%20Vegas_Results.json,MIT,third_party_recorded,False,True,False,third_party_recorded,historical_fantasy_scores_v3_recorded_2023_2026
2024,22,Las Vegas Grand Prix,2024-11-23,driver,leclerc,jm1261/Fantasy-F1-League:2024:driver:Leclerc,Charles Leclerc,LEC,Ferrari,28.0,,,,,,25.8,jm1261/Fantasy-F1-League,https://github.com/jm1261/Fantasy-F1-League/blob/main/Data/2024/Lineup/Las%20Vegas_Results.json,MIT,third_party_recorded,False,True,False,third_party_recorded,historical_fantasy_scores_v3_recorded_2023_2026
2024,22,Las Vegas Grand Prix,2024-11-23,driver,max_verstappen,jm1261/Fantasy-F1-League:2024:driver:Verstappen,Max Verstappen,VER,Red Bull,22.0,,,,,,32.0,jm1261/Fantasy-F1-League,https://github.com/jm1261/Fantasy-F1-League/blob/main/Data/2024/Lineup/Las%20Vegas_Results.json,MIT,third_party_recorded,False,True,False,third_party_recorded,historical_fantasy_scores_v3_recorded_2023_2026
2024,22,Las Vegas Grand Prix,2024-11-23,driver,norris,jm1261/Fantasy-F1-League:2024:driver:Norris,Lando Norris,NOR,McLaren,29.0,,,,,,27.3,jm1261/Fantasy-F1-League,https://github.com/jm1261/Fantasy-F1-League/blob/main/Data/2024/Lineup/Las%20Vegas_Results.json,MIT,third_party_recorded,False,True,False,third_party_recorded,historical_fantasy_scores_v3_recorded_2023_2026
2024,22,Las Vegas Grand Prix,2024-11-23,driver,ocon,jm1261/Fantasy-F1-League:2024:driver:Ocon,Esteban Ocon,OCO,Alpine,-5.0,,,,,,14.8,jm1261/Fantasy-F1-League,https://github.com/jm1261/Fantasy-F1-League/blob/main/Data/2024/Lineup/Las%20Vegas_Results.json,MIT,third_party_recorded,False,True,False,third_party_recorded,historical_fantasy_scores_v3_recorded_2023_2026
2024,22,Las Vegas Grand Prix,2024-11-23,driver,perez,jm1261/Fantasy-F1-League:2024:driver:Perez,Sergio Pérez,PER,Red Bull,18.0,,,,,,23.6,jm1261/Fantasy-F1-League,https://github.com/jm1261/Fantasy-F1-League/blob/main/Data/2024/Lineup/Las%20Vegas_Results.json,MIT,third_party_recorded,False,True,False,third_party_recorded,historical_fantasy_scores_v3_recorded_2023_2026
2024,22,Las Vegas Grand Prix,2024-11-23,driver,piastri,jm1261/Fantasy-F1-League:2024:driver:Piastri,Oscar Piastri,PIA,McLaren,22.0,,,,,,25.5,jm1261/Fantasy-F1-League,https://github.com/jm1261/Fantasy-F1-League/blob/main/Data/2024/Lineup/Las%20Vegas_Results.json,MIT,third_party_recorded,False,True,False,third_party_recorded,historical_fantasy_scores_v3_recorded_2023_2026
2024,22,Las Vegas Grand Prix,2024-11-23,driver,russell,jm1261/Fantasy-F1-League:2024:driver:Russell,George Russell,RUS,Mercedes,36.0,,,,,,22.6,jm1261/Fantasy-F1-League,https://github.com/jm1261/Fantasy-F1-League/blob/main/Data/2024/Lineup/Las%20Vegas_Results.json,MIT,third_party_recorded,False,True,False,third_party_recorded,historical_fantasy_scores_v3_recorded_2023_2026
2024,22,Las Vegas Grand Prix,2024-11-23,driver,sainz,jm1261/Fantasy-F1-League:2024:driver:Sainz,Carlos Sainz,SAI,Ferrari,31.0,,,,,,23.8,jm1261/Fantasy-F1-League,https://github.com/jm1261/Fantasy-F1-League/blob/main/Data/2024/Lineup/Las%20Vegas_Results.json,MIT,third_party_recorded,False,True,False,third_party_recorded,historical_fantasy_scores_v3_recorded_2023_2026
2024,22,Las Vegas Grand Prix,2024-11-23,driver,stroll,jm1261/Fantasy-F1-League:2024:driver:Stroll,Lance Stroll,STR,Aston Martin,4.0,,,,,,14.6,jm1261/Fantasy-F1-League,https://github.com/jm1261/Fantasy-F1-League/blob/main/Data/2024/Lineup/Las%20Vegas_Results.json,MIT,third_party_recorded,False,True,False,third_party_recorded,historical_fantasy_scores_v3_recorded_2023_2026
2024,22,Las Vegas Grand Prix,2024-11-23,driver,tsunoda,jm1261/Fantasy-F1-League:2024:driver:Tsunoda,Yuki Tsunoda,TSU,RB,9.0,,,,,,10.9,jm1261/Fantasy-F1-League,https://github.com/jm1261/Fantasy-F1-League/blob/main/Data/2024/Lineup/Las%20Vegas_Results.json,MIT,third_party_recorded,False,True,False,third_party_recorded,historical_fantasy_scores_v3_recorded_2023_2026
2024,22,Las Vegas Grand Prix,2024-11-23,driver,zhou,jm1261/Fantasy-F1-League:2024:driver:Guanyu,Guanyu Zhou,ZHO,Kick Sauber,5.0,,,,,,8.7,jm1261/Fantasy-F1-League,https://github.com/jm1261/Fantasy-F1-League/blob/main/Data/2024/Lineup/Las%20Vegas_Results.json,MIT,third_party_recorded,False,True,False,third_party_recorded,historical_fantasy_scores_v3_recorded_2023_2026
2024,23,Qatar Grand Prix,2024-12-01,constructor,alpine,jm1261/Fantasy-F1-League:2024:constructor:Alpine,Alpine,ALP,,9.0,,,,,,12.2,jm1261/Fantasy-F1-League,https://github.com/jm1261/Fantasy-F1-League/blob/main/Data/2024/Lineup/Qatar_Results.json,MIT,third_party_recorded,False,True,False,third_party_recorded,historical_fantasy_scores_v3_recorded_2023_2026
2024,23,Qatar Grand Prix,2024-12-01,constructor,aston_martin,jm1261/Fantasy-F1-League:2024:constructor:Aston Martin,Aston Martin,AMR,,9.0,,,,,,14.5,jm1261/Fantasy-F1-League,https://github.com/jm1261/Fantasy-F1-League/blob/main/Data/2024/Lineup/Qatar_Results.json,MIT,third_party_recorded,False,True,False,third_party_recorded,historical_fantasy_scores_v3_recorded_2023_2026
2024,23,Qatar Grand Prix,2024-12-01,constructor,ferrari,jm1261/Fantasy-F1-League:2024:constructor:Ferrari,Ferrari,FER,,70.0,,,,,,25.2,jm1261/Fantasy-F1-League,https://github.com/jm1261/Fantasy-F1-League/blob/main/Data/2024/Lineup/Qatar_Results.json,MIT,third_party_recorded,False,True,False,third_party_recorded,historical_fantasy_scores_v3_recorded_2023_2026
2024,23,Qatar Grand Prix,2024-12-01,constructor,haas,jm1261/Fantasy-F1-League:2024:constructor:Haas,Haas,HAS,,14.0,,,,,,12.3,jm1261/Fantasy-F1-League,https://github.com/jm1261/Fantasy-F1-League/blob/main/Data/2024/Lineup/Qatar_Results.json,MIT,third_party_recorded,False,True,False,third_party_recorded,historical_fantasy_scores_v3_recorded_2023_2026
2024,23,Qatar Grand Prix,2024-12-01,constructor,mclaren,jm1261/Fantasy-F1-League:2024:constructor:McLaren,McLaren,MCL,,76.0,,,,,,26.9,jm1261/Fantasy-F1-League,https://github.com/jm1261/Fantasy-F1-League/blob/main/Data/2024/Lineup/Qatar_Results.json,MIT,third_party_recorded,False,True,False,third_party_recorded,historical_fantasy_scores_v3_recorded_2023_2026
2024,23,Qatar Grand Prix,2024-12-01,constructor,mercedes,jm1261/Fantasy-F1-League:2024:constructor:Mercedes,Mercedes,MER,,47.0,,,,,,25.0,jm1261/Fantasy-F1-League,https://github.com/jm1261/Fantasy-F1-League/blob/main/Data/2024/Lineup/Qatar_Results.json,MIT,third_party_recorded,False,True,False,third_party_recorded,historical_fantasy_scores_v3_recorded_2023_2026
2024,23,Qatar Grand Prix,2024-12-01,constructor,rb,jm1261/Fantasy-F1-League:2024:constructor:RB,RB,RB,,14.0,,,,,,13.0,jm1261/Fantasy-F1-League,https://github.com/jm1261/Fantasy-F1-League/blob/main/Data/2024/Lineup/Qatar_Results.json,MIT,third_party_recorded,False,True,False,third_party_recorded,historical_fantasy_scores_v3_recorded_2023_2026
2024,23,Qatar Grand Prix,2024-12-01,constructor,red_bull,jm1261/Fantasy-F1-League:2024:constructor:Red Bull,Red Bull,RBR,,44.0,,,,,,29.7,jm1261/Fantasy-F1-League,https://github.com/jm1261/Fantasy-F1-League/blob/main/Data/2024/Lineup/Qatar_Results.json,MIT,third_party_recorded,False,True,False,third_party_recorded,historical_fantasy_scores_v3_recorded_2023_2026
2024,23,Qatar Grand Prix,2024-12-01,constructor,sauber,jm1261/Fantasy-F1-League:2024:constructor:Kick Sauber,Kick Sauber,SAU,,35.0,,,,,,7.0,jm1261/Fantasy-F1-League,https://github.com/jm1261/Fantasy-F1-League/blob/main/Data/2024/Lineup/Qatar_Results.json,MIT,third_party_recorded,False,True,False,third_party_recorded,historical_fantasy_scores_v3_recorded_2023_2026
2024,23,Qatar Grand Prix,2024-12-01,constructor,williams,jm1261/Fantasy-F1-League:2024:constructor:Williams,Williams,WIL,,-12.0,,,,,,6.3,jm1261/Fantasy-F1-League,https://github.com/jm1261/Fantasy-F1-League/blob/main/Data/2024/Lineup/Qatar_Results.json,MIT,third_party_recorded,False,True,False,third_party_recorded,historical_fantasy_scores_v3_recorded_2023_2026
2024,23,Qatar Grand Prix,2024-12-01,driver,albon,jm1261/Fantasy-F1-League:2024:driver:Albon,Alexander Albon,ALB,Williams,5.0,,,,,,8.7,jm1261/Fantasy-F1-League,https://github.com/jm1261/Fantasy-F1-League/blob/main/Data/2024/Lineup/Qatar_Results.json,MIT,third_party_recorded,False,True,False,third_party_recorded,historical_fantasy_scores_v3_recorded_2023_2026
2024,23,Qatar Grand Prix,2024-12-01,driver,alonso,jm1261/Fantasy-F1-League:2024:driver:Alonso,Fernando Alonso,ALO,Aston Martin,18.0,,,,,,15.2,jm1261/Fantasy-F1-League,https://github.com/jm1261/Fantasy-F1-League/blob/main/Data/2024/Lineup/Qatar_Results.json,MIT,third_party_recorded,False,True,False,third_party_recorded,historical_fantasy_scores_v3_recorded_2023_2026
2024,23,Qatar Grand Prix,2024-12-01,driver,bottas,jm1261/Fantasy-F1-League:2024:driver:Bottas,Valtteri Bottas,BOT,Kick Sauber,12.0,,,,,,6.6,jm1261/Fantasy-F1-League,https://github.com/jm1261/Fantasy-F1-League/blob/main/Data/2024/Lineup/Qatar_Results.json,MIT,third_party_recorded,False,True,False,third_party_recorded,historical_fantasy_scores_v3_recorded_2023_2026
2024,23,Qatar Grand Prix,2024-12-01,driver,colapinto,jm1261/Fantasy-F1-League:2024:driver:Colapinto,Franco Colapinto,COL,Williams,-16.0,,,,,,7.6,jm1261/Fantasy-F1-League,https://github.com/jm1261/Fantasy-F1-League/blob/main/Data/2024/Lineup/Qatar_Results.json,MIT,third_party_recorded,False,True,False,third_party_recorded,historical_fantasy_scores_v3_recorded_2023_2026
2024,23,Qatar Grand Prix,2024-12-01,driver,gasly,jm1261/Fantasy-F1-League:2024:driver:Gasly,Pierre Gasly,GAS,Alpine,21.0,,,,,,10.8,jm1261/Fantasy-F1-League,https://github.com/jm1261/Fantasy-F1-League/blob/main/Data/2024/Lineup/Qatar_Results.json,MIT,third_party_recorded,False,True,False,third_party_recorded,historical_fantasy_scores_v3_recorded_2023_2026
2024,23,Qatar Grand Prix,2024-12-01,driver,hamilton,jm1261/Fantasy-F1-League:2024:driver:Hamilton,Lewis Hamilton,HAM,Mercedes,12.0,,,,,,25.8,jm1261/Fantasy-F1-League,https://github.com/jm1261/Fantasy-F1-League/blob/main/Data/2024/Lineup/Qatar_Results.json,MIT,third_party_recorded,False,True,False,third_party_recorded,historical_fantasy_scores_v3_recorded_2023_2026
2024,23,Qatar Grand Prix,2024-12-01,driver,hulkenberg,jm1261/Fantasy-F1-League:2024:driver:Hulkenberg,Nico Hülkenberg,HUL,Haas,-12.0,,,,,,12.0,jm1261/Fantasy-F1-League,https://github.com/jm1261/Fantasy-F1-League/blob/main/Data/2024/Lineup/Qatar_Results.json,MIT,third_party_recorded,False,True,False,third_party_recorded,historical_fantasy_scores_v3_recorded_2023_2026
2024,23,Qatar Grand Prix,2024-12-01,driver,kevin_magnussen,jm1261/Fantasy-F1-League:2024:driver:Magnussen,Kevin Magnussen,MAG,Haas,21.0,,,,,,13.3,jm1261/Fantasy-F1-League,https://github.com/jm1261/Fantasy-F1-League/blob/main/Data/2024/Lineup/Qatar_Results.json,MIT,third_party_recorded,False,True,False,third_party_recorded,historical_fantasy_scores_v3_recorded_2023_2026
2024,23,Qatar Grand Prix,2024-12-01,driver,lawson,jm1261/Fantasy-F1-League:2024:driver:Lawson,Liam Lawson,LAW,RB,3.0,,,,,,11.0,jm1261/Fantasy-F1-League,https://github.com/jm1261/Fantasy-F1-League/blob/main/Data/2024/Lineup/Qatar_Results.json,MIT,third_party_recorded,False,True,False,third_party_recorded,historical_fantasy_scores_v3_recorded_2023_2026
2024,23,Qatar Grand Prix,2024-12-01,driver,leclerc,jm1261/Fantasy-F1-League:2024:driver:Leclerc,Charles Leclerc,LEC,Ferrari,38.0,,,,,,25.9,jm1261/Fantasy-F1-League,https://github.com/jm1261/Fantasy-F1-League/blob/main/Data/2024/Lineup/Qatar_Results.json,MIT,third_party_recorded,False,True,False,third_party_recorded,historical_fantasy_scores_v3_recorded_2023_2026
2024,23,Qatar Grand Prix,2024-12-01,driver,max_verstappen,jm1261/Fantasy-F1-League:2024:driver:Verstappen,Max Verstappen,VER,Red Bull,39.0,,,,,,32.1,jm1261/Fantasy-F1-League,https://github.com/jm1261/Fantasy-F1-League/blob/main/Data/2024/Lineup/Qatar_Results.json,MIT,third_party_recorded,False,True,False,third_party_recorded,historical_fantasy_scores_v3_recorded_2023_2026
2024,23,Qatar Grand Prix,2024-12-01,driver,norris,jm1261/Fantasy-F1-League:2024:driver:Norris,Lando Norris,NOR,McLaren,25.0,,,,,,27.4,jm1261/Fantasy-F1-League,https://github.com/jm1261/Fantasy-F1-League/blob/main/Data/2024/Lineup/Qatar_Results.json,MIT,third_party_recorded,False,True,False,third_party_recorded,historical_fantasy_scores_v3_recorded_2023_2026
2024,23,Qatar Grand Prix,2024-12-01,driver,ocon,jm1261/Fantasy-F1-League:2024:driver:Ocon,Esteban Ocon,OCO,Alpine,-13.0,,,,,,14.8,jm1261/Fantasy-F1-League,https://github.com/jm1261/Fantasy-F1-League/blob/main/Data/2024/Lineup/Qatar_Results.json,MIT,third_party_recorded,False,True,False,third_party_recorded,historical_fantasy_scores_v3_recorded_2023_2026
2024,23,Qatar Grand Prix,2024-12-01,driver,perez,jm1261/Fantasy-F1-League:2024:driver:Perez,Sergio Pérez,PER,Red Bull,-15.0,,,,,,23.7,jm1261/Fantasy-F1-League,https://github.com/jm1261/Fantasy-F1-League/blob/main/Data/2024/Lineup/Qatar_Results.json,MIT,third_party_recorded,False,True,False,third_party_recorded,historical_fantasy_scores_v3_recorded_2023_2026
2024,23,Qatar Grand Prix,2024-12-01,driver,piastri,jm1261/Fantasy-F1-League:2024:driver:Piastri,Oscar Piastri,PIA,McLaren,36.0,,,,,,25.6,jm1261/Fantasy-F1-League,https://github.com/jm1261/Fantasy-F1-League/blob/main/Data/2024/Lineup/Qatar_Results.json,MIT,third_party_recorded,False,True,False,third_party_recorded,historical_fantasy_scores_v3_recorded_2023_2026
2024,23,Qatar Grand Prix,2024-12-01,driver,russell,jm1261/Fantasy-F1-League:2024:driver:Russell,George Russell,RUS,Mercedes,25.0,,,,,,22.9,jm1261/Fantasy-F1-League,https://github.com/jm1261/Fantasy-F1-League/blob/main/Data/2024/Lineup/Qatar_Results.json,MIT,third_party_recorded,False,True,False,third_party_recorded,historical_fantasy_scores_v3_recorded_2023_2026
2024,23,Qatar Grand Prix,2024-12-01,driver,sainz,jm1261/Fantasy-F1-League:2024:driver:Sainz,Carlos Sainz,SAI,Ferrari,22.0,,,,,,24.1,jm1261/Fantasy-F1-League,https://github.com/jm1261/Fantasy-F1-League/blob/main/Data/2024/Lineup/Qatar_Results.json,MIT,third_party_recorded,False,True,False,third_party_recorded,historical_fantasy_scores_v3_recorded_2023_2026
2024,23,Qatar Grand Prix,2024-12-01,driver,stroll,jm1261/Fantasy-F1-League:2024:driver:Stroll,Lance Stroll,STR,Aston Martin,-14.0,,,,,,14.5,jm1261/Fantasy-F1-League,https://github.com/jm1261/Fantasy-F1-League/blob/main/Data/2024/Lineup/Qatar_Results.json,MIT,third_party_recorded,False,True,False,third_party_recorded,historical_fantasy_scores_v3_recorded_2023_2026
2024,23,Qatar Grand Prix,2024-12-01,driver,tsunoda,jm1261/Fantasy-F1-League:2024:driver:Tsunoda,Yuki Tsunoda,TSU,RB,10.0,,,,,,11.4,jm1261/Fantasy-F1-League,https://github.com/jm1261/Fantasy-F1-League/blob/main/Data/2024/Lineup/Qatar_Results.json,MIT,third_party_recorded,False,True,False,third_party_recorded,historical_fantasy_scores_v3_recorded_2023_2026
2024,23,Qatar Grand Prix,2024-12-01,driver,zhou,jm1261/Fantasy-F1-League:2024:driver:Guanyu,Guanyu Zhou,ZHO,Kick Sauber,27.0,,,,,,8.6,jm1261/Fantasy-F1-League,https://github.com/jm1261/Fantasy-F1-League/blob/main/Data/2024/Lineup/Qatar_Results.json,MIT,third_party_recorded,False,True,False,third_party_recorded,historical_fantasy_scores_v3_recorded_2023_2026
2024,24,Abu Dhabi Grand Prix,2024-12-08,constructor,alpine,jm1261/Fantasy-F1-League:2024:constructor:Alpine,Alpine,ALP,,27.0,,,,,,12.1,jm1261/Fantasy-F1-League,https://github.com/jm1261/Fantasy-F1-League/blob/main/Data/2024/Lineup/Abu%20Dhabi_Results.json,MIT,third_party_recorded,False,True,False,third_party_recorded,historical_fantasy_scores_v3_recorded_2023_2026
2024,24,Abu Dhabi Grand Prix,2024-12-08,constructor,aston_martin,jm1261/Fantasy-F1-League:2024:constructor:Aston Martin,Aston Martin,AMR,,18.0,,,,,,14.4,jm1261/Fantasy-F1-League,https://github.com/jm1261/Fantasy-F1-League/blob/main/Data/2024/Lineup/Abu%20Dhabi_Results.json,MIT,third_party_recorded,False,True,False,third_party_recorded,historical_fantasy_scores_v3_recorded_2023_2026
2024,24,Abu Dhabi Grand Prix,2024-12-08,constructor,ferrari,jm1261/Fantasy-F1-League:2024:constructor:Ferrari,Ferrari,FER,,82.0,,,,,,25.3,jm1261/Fantasy-F1-League,https://github.com/jm1261/Fantasy-F1-League/blob/main/Data/2024/Lineup/Abu%20Dhabi_Results.json,MIT,third_party_recorded,False,True,False,third_party_recorded,historical_fantasy_scores_v3_recorded_2023_2026
2024,24,Abu Dhabi Grand Prix,2024-12-08,constructor,haas,jm1261/Fantasy-F1-League:2024:constructor:Haas,Haas,HAS,,30.0,,,,,,12.2,jm1261/Fantasy-F1-League,https://github.com/jm1261/Fantasy-F1-League/blob/main/Data/2024/Lineup/Abu%20Dhabi_Results.json,MIT,third_party_recorded,False,True,False,third_party_recorded,historical_fantasy_scores_v3_recorded_2023_2026
2024,24,Abu Dhabi Grand Prix,2024-12-08,constructor,mclaren,jm1261/Fantasy-F1-League:2024:constructor:McLaren,McLaren,MCL,,65.0,,,,,,27.0,jm1261/Fantasy-F1-League,https://github.com/jm1261/Fantasy-F1-League/blob/main/Data/2024/Lineup/Abu%20Dhabi_Results.json,MIT,third_party_recorded,False,True,False,third_party_recorded,historical_fantasy_scores_v3_recorded_2023_2026
2024,24,Abu Dhabi Grand Prix,2024-12-08,constructor,mercedes,jm1261/Fantasy-F1-League:2024:constructor:Mercedes,Mercedes,MER,,55.0,,,,,,25.1,jm1261/Fantasy-F1-League,https://github.com/jm1261/Fantasy-F1-League/blob/main/Data/2024/Lineup/Abu%20Dhabi_Results.json,MIT,third_party_recorded,False,True,False,third_party_recorded,historical_fantasy_scores_v3_recorded_2023_2026
2024,24,Abu Dhabi Grand Prix,2024-12-08,constructor,rb,jm1261/Fantasy-F1-League:2024:constructor:RB,RB,RB,,11.0,,,,,,12.9,jm1261/Fantasy-F1-League,https://github.com/jm1261/Fantasy-F1-League/blob/main/Data/2024/Lineup/Abu%20Dhabi_Results.json,MIT,third_party_recorded,False,True,False,third_party_recorded,historical_fantasy_scores_v3_recorded_2023_2026
2024,24,Abu Dhabi Grand Prix,2024-12-08,constructor,red_bull,jm1261/Fantasy-F1-League:2024:constructor:Red Bull,Red Bull,RBR,,15.0,,,,,,29.7,jm1261/Fantasy-F1-League,https://github.com/jm1261/Fantasy-F1-League/blob/main/Data/2024/Lineup/Abu%20Dhabi_Results.json,MIT,third_party_recorded,False,True,False,third_party_recorded,historical_fantasy_scores_v3_recorded_2023_2026
2024,24,Abu Dhabi Grand Prix,2024-12-08,constructor,sauber,jm1261/Fantasy-F1-League:2024:constructor:Kick Sauber,Kick Sauber,SAU,,-3.0,,,,,,7.5,jm1261/Fantasy-F1-League,https://github.com/jm1261/Fantasy-F1-League/blob/main/Data/2024/Lineup/Abu%20Dhabi_Results.json,MIT,third_party_recorded,False,True,False,third_party_recorded,historical_fantasy_scores_v3_recorded_2023_2026
2024,24,Abu Dhabi Grand Prix,2024-12-08,constructor,williams,jm1261/Fantasy-F1-League:2024:constructor:Williams,Williams,WIL,,-10.0,,,,,,6.1,jm1261/Fantasy-F1-League,https://github.com/jm1261/Fantasy-F1-League/blob/main/Data/2024/Lineup/Abu%20Dhabi_Results.json,MIT,third_party_recorded,False,True,False,third_party_recorded,historical_fantasy_scores_v3_recorded_2023_2026
2024,24,Abu Dhabi Grand Prix,2024-12-08,driver,albon,jm1261/Fantasy-F1-League:2024:driver:Albon,Alexander Albon,ALB,Williams,11.0,,,,,,8.6,jm1261/Fantasy-F1-League,https://github.com/jm1261/Fantasy-F1-League/blob/main/Data/2024/Lineup/Abu%20Dhabi_Results.json,MIT,third_party_recorded,False,True,False,third_party_recorded,historical_fantasy_scores_v3_recorded_2023_2026
2024,24,Abu Dhabi Grand Prix,2024-12-08,driver,alonso,jm1261/Fantasy-F1-League:2024:driver:Alonso,Fernando Alonso,ALO,Aston Martin,7.0,,,,,,15.3,jm1261/Fantasy-F1-League,https://github.com/jm1261/Fantasy-F1-League/blob/main/Data/2024/Lineup/Abu%20Dhabi_Results.json,MIT,third_party_recorded,False,True,False,third_party_recorded,historical_fantasy_scores_v3_recorded_2023_2026
2024,24,Abu Dhabi Grand Prix,2024-12-08,driver,bottas,jm1261/Fantasy-F1-League:2024:driver:Bottas,Valtteri Bottas,BOT,Kick Sauber,-16.0,,,,,,7.1,jm1261/Fantasy-F1-League,https://github.com/jm1261/Fantasy-F1-League/blob/main/Data/2024/Lineup/Abu%20Dhabi_Results.json,MIT,third_party_recorded,False,True,False,third_party_recorded,historical_fantasy_scores_v3_recorded_2023_2026
2024,24,Abu Dhabi Grand Prix,2024-12-08,driver,colapinto,jm1261/Fantasy-F1-League:2024:driver:Colapinto,Franco Colapinto,COL,Williams,-20.0,,,,,,7.4,jm1261/Fantasy-F1-League,https://github.com/jm1261/Fantasy-F1-League/blob/main/Data/2024/Lineup/Abu%20Dhabi_Results.json,MIT,third_party_recorded,False,True,False,third_party_recorded,historical_fantasy_scores_v3_recorded_2023_2026
2024,24,Abu Dhabi Grand Prix,2024-12-08,driver,doohan,jm1261/Fantasy-F1-League:2024:driver:Doohan,Jack Doohan,DOO,Alpine,8.0,,,,,,10.9,jm1261/Fantasy-F1-League,https://github.com/jm1261/Fantasy-F1-League/blob/main/Data/2024/Lineup/Abu%20Dhabi_Results.json,MIT,third_party_recorded,False,True,False,third_party_recorded,historical_fantasy_scores_v3_recorded_2023_2026
2024,24,Abu Dhabi Grand Prix,2024-12-08,driver,gasly,jm1261/Fantasy-F1-League:2024:driver:Gasly,Pierre Gasly,GAS,Alpine,14.0,,,,,,11.8,jm1261/Fantasy-F1-League,https://github.com/jm1261/Fantasy-F1-League/blob/main/Data/2024/Lineup/Abu%20Dhabi_Results.json,MIT,third_party_recorded,False,True,False,third_party_recorded,historical_fantasy_scores_v3_recorded_2023_2026
2024,24,Abu Dhabi Grand Prix,2024-12-08,driver,hamilton,jm1261/Fantasy-F1-League:2024:driver:Hamilton,Lewis Hamilton,HAM,Mercedes,33.0,,,,,,25.8,jm1261/Fantasy-F1-League,https://github.com/jm1261/Fantasy-F1-League/blob/main/Data/2024/Lineup/Abu%20Dhabi_Results.json,MIT,third_party_recorded,False,True,False,third_party_recorded,historical_fantasy_scores_v3_recorded_2023_2026
2024,24,Abu Dhabi Grand Prix,2024-12-08,driver,hulkenberg,jm1261/Fantasy-F1-League:2024:driver:Hulkenberg,Nico Hülkenberg,HUL,Haas,12.0,,,,,,11.8,jm1261/Fantasy-F1-League,https://github.com/jm1261/Fantasy-F1-League/blob/main/Data/2024/Lineup/Abu%20Dhabi_Results.json,MIT,third_party_recorded,False,True,False,third_party_recorded,historical_fantasy_scores_v3_recorded_2023_2026
2024,24,Abu Dhabi Grand Prix,2024-12-08,driver,kevin_magnussen,jm1261/Fantasy-F1-League:2024:driver:Magnussen,Kevin Magnussen,MAG,Haas,13.0,,,,,,14.3,jm1261/Fantasy-F1-League,https://github.com/jm1261/Fantasy-F1-League/blob/main/Data/2024/Lineup/Abu%20Dhabi_Results.json,MIT,third_party_recorded,False,True,False,third_party_recorded,historical_fantasy_scores_v3_recorded_2023_2026
2024,24,Abu Dhabi Grand Prix,2024-12-08,driver,lawson,jm1261/Fantasy-F1-League:2024:driver:Lawson,Liam Lawson,LAW,RB,-3.0,,,,,,10.9,jm1261/Fantasy-F1-League,https://github.com/jm1261/Fantasy-F1-League/blob/main/Data/2024/Lineup/Abu%20Dhabi_Results.json,MIT,third_party_recorded,False,True,False,third_party_recorded,historical_fantasy_scores_v3_recorded_2023_2026
2024,24,Abu Dhabi Grand Prix,2024-12-08,driver,leclerc,jm1261/Fantasy-F1-League:2024:driver:Leclerc,Charles Leclerc,LEC,Ferrari,55.0,,,,,,26.1,jm1261/Fantasy-F1-League,https://github.com/jm1261/Fantasy-F1-League/blob/main/Data/2024/Lineup/Abu%20Dhabi_Results.json,MIT,third_party_recorded,False,True,False,third_party_recorded,historical_fantasy_scores_v3_recorded_2023_2026
2024,24,Abu Dhabi Grand Prix,2024-12-08,driver,max_verstappen,jm1261/Fantasy-F1-League:2024:driver:Verstappen,Max Verstappen,VER,Red Bull,23.0,,,,,,32.3,jm1261/Fantasy-F1-League,https://github.com/jm1261/Fantasy-F1-League/blob/main/Data/2024/Lineup/Abu%20Dhabi_Results.json,MIT,third_party_recorded,False,True,False,third_party_recorded,historical_fantasy_scores_v3_recorded_2023_2026
2024,24,Abu Dhabi Grand Prix,2024-12-08,driver,norris,jm1261/Fantasy-F1-League:2024:driver:Norris,Lando Norris,NOR,McLaren,35.0,,,,,,27.5,jm1261/Fantasy-F1-League,https://github.com/jm1261/Fantasy-F1-League/blob/main/Data/2024/Lineup/Abu%20Dhabi_Results.json,MIT,third_party_recorded,False,True,False,third_party_recorded,historical_fantasy_scores_v3_recorded_2023_2026
2024,24,Abu Dhabi Grand Prix,2024-12-08,driver,perez,jm1261/Fantasy-F1-League:2024:driver:Perez,Sergio Pérez,PER,Red Bull,-18.0,,,,,,23.2,jm1261/Fantasy-F1-League,https://github.com/jm1261/Fantasy-F1-League/blob/main/Data/2024/Lineup/Abu%20Dhabi_Results.json,MIT,third_party_recorded,False,True,False,third_party_recorded,historical_fantasy_scores_v3_recorded_2023_2026
2024,24,Abu Dhabi Grand Prix,2024-12-08,driver,piastri,jm1261/Fantasy-F1-League:2024:driver:Piastri,Oscar Piastri,PIA,McLaren,10.0,,,,,,25.7,jm1261/Fantasy-F1-League,https://github.com/jm1261/Fantasy-F1-League/blob/main/Data/2024/Lineup/Abu%20Dhabi_Results.json,MIT,third_party_recorded,False,True,False,third_party_recorded,historical_fantasy_scores_v3_recorded_2023_2026
2024,24,Abu Dhabi Grand Prix,2024-12-08,driver,russell,jm1261/Fantasy-F1-League:2024:driver:Russell,George Russell,RUS,Mercedes,17.0,,,,,,23.2,jm1261/Fantasy-F1-League,https://github.com/jm1261/Fantasy-F1-League/blob/main/Data/2024/Lineup/Abu%20Dhabi_Results.json,MIT,third_party_recorded,False,True,False,third_party_recorded,historical_fantasy_scores_v3_recorded_2023_2026
2024,24,Abu Dhabi Grand Prix,2024-12-08,driver,sainz,jm1261/Fantasy-F1-League:2024:driver:Sainz,Carlos Sainz,SAI,Ferrari,27.0,,,,,,24.4,jm1261/Fantasy-F1-League,https://github.com/jm1261/Fantasy-F1-League/blob/main/Data/2024/Lineup/Abu%20Dhabi_Results.json,MIT,third_party_recorded,False,True,False,third_party_recorded,historical_fantasy_scores_v3_recorded_2023_2026
2024,24,Abu Dhabi Grand Prix,2024-12-08,driver,stroll,jm1261/Fantasy-F1-League:2024:driver:Stroll,Lance Stroll,STR,Aston Martin,6.0,,,,,,14.3,jm1261/Fantasy-F1-League,https://github.com/jm1261/Fantasy-F1-League/blob/main/Data/2024/Lineup/Abu%20Dhabi_Results.json,MIT,third_party_recorded,False,True,False,third_party_recorded,historical_fantasy_scores_v3_recorded_2023_2026
2024,24,Abu Dhabi Grand Prix,2024-12-08,driver,tsunoda,jm1261/Fantasy-F1-League:2024:driver:Tsunoda,Yuki Tsunoda,TSU,RB,8.0,,,,,,11.9,jm1261/Fantasy-F1-League,https://github.com/jm1261/Fantasy-F1-League/blob/main/Data/2024/Lineup/Abu%20Dhabi_Results.json,MIT,third_party_recorded,False,True,False,third_party_recorded,historical_fantasy_scores_v3_recorded_2023_2026
2024,24,Abu Dhabi Grand Prix,2024-12-08,driver,zhou,jm1261/Fantasy-F1-League:2024:driver:Guanyu,Guanyu Zhou,ZHO,Kick Sauber,8.0,,,,,,9.6,jm1261/Fantasy-F1-League,https://github.com/jm1261/Fantasy-F1-League/blob/main/Data/2024/Lineup/Abu%20Dhabi_Results.json,MIT,third_party_recorded,False,True,False,third_party_recorded,historical_fantasy_scores_v3_recorded_2023_2026
2025,1,Australian Grand Prix,2025-03-16,constructor,alpine,jm1261/Fantasy-F1-League:2025:constructor:Alpine,Alpine,ALP,,-14.0,,,,,,9.5,jm1261/Fantasy-F1-League,https://github.com/jm1261/Fantasy-F1-League/blob/main/Data/2025/Lineup/Australia_Results.json,MIT,third_party_recorded,False,True,False,third_party_recorded,historical_fantasy_scores_v3_recorded_2023_2026
2025,1,Australian Grand Prix,2025-03-16,constructor,aston_martin,jm1261/Fantasy-F1-League:2025:constructor:Aston Martin,Aston Martin,AMR,,1.0,,,,,,8.5,jm1261/Fantasy-F1-League,https://github.com/jm1261/Fantasy-F1-League/blob/main/Data/2025/Lineup/Australia_Results.json,MIT,third_party_recorded,False,True,False,third_party_recorded,historical_fantasy_scores_v3_recorded_2023_2026
2025,1,Australian Grand Prix,2025-03-16,constructor,ferrari,jm1261/Fantasy-F1-League:2025:constructor:Ferrari,Ferrari,FER,,36.0,,,,,,27.4,jm1261/Fantasy-F1-League,https://github.com/jm1261/Fantasy-F1-League/blob/main/Data/2025/Lineup/Australia_Results.json,MIT,third_party_recorded,False,True,False,third_party_recorded,historical_fantasy_scores_v3_recorded_2023_2026
2025,1,Australian Grand Prix,2025-03-16,constructor,haas,jm1261/Fantasy-F1-League:2025:constructor:Haas,Haas,HAS,,14.0,,,,,,7.0,jm1261/Fantasy-F1-League,https://github.com/jm1261/Fantasy-F1-League/blob/main/Data/2025/Lineup/Australia_Results.json,MIT,third_party_recorded,False,True,False,third_party_recorded,historical_fantasy_scores_v3_recorded_2023_2026
2025,1,Australian Grand Prix,2025-03-16,constructor,mclaren,jm1261/Fantasy-F1-League:2025:constructor:McLaren,McLaren,MCL,,71.0,,,,,,30.0,jm1261/Fantasy-F1-League,https://github.com/jm1261/Fantasy-F1-League/blob/main/Data/2025/Lineup/Australia_Results.json,MIT,third_party_recorded,False,True,False,third_party_recorded,historical_fantasy_scores_v3_recorded_2023_2026
2025,1,Australian Grand Prix,2025-03-16,constructor,mercedes,jm1261/Fantasy-F1-League:2025:constructor:Mercedes,Mercedes,MER,,67.0,,,,,,26.7,jm1261/Fantasy-F1-League,https://github.com/jm1261/Fantasy-F1-League/blob/main/Data/2025/Lineup/Australia_Results.json,MIT,third_party_recorded,False,True,False,third_party_recorded,historical_fantasy_scores_v3_recorded_2023_2026
2025,1,Australian Grand Prix,2025-03-16,constructor,rb,jm1261/Fantasy-F1-League:2025:constructor:Racing Bulls,Racing Bulls,RB,,-10.0,,,,,,8.0,jm1261/Fantasy-F1-League,https://github.com/jm1261/Fantasy-F1-League/blob/main/Data/2025/Lineup/Australia_Results.json,MIT,third_party_recorded,False,True,False,third_party_recorded,historical_fantasy_scores_v3_recorded_2023_2026
2025,1,Australian Grand Prix,2025-03-16,constructor,red_bull,jm1261/Fantasy-F1-League:2025:constructor:Red Bull,Red Bull,RBR,,19.0,,,,,,25.2,jm1261/Fantasy-F1-League,https://github.com/jm1261/Fantasy-F1-League/blob/main/Data/2025/Lineup/Australia_Results.json,MIT,third_party_recorded,False,True,False,third_party_recorded,historical_fantasy_scores_v3_recorded_2023_2026
2025,1,Australian Grand Prix,2025-03-16,constructor,sauber,jm1261/Fantasy-F1-League:2025:constructor:Kick Sauber,Kick Sauber,SAU,,3.0,,,,,,6.2,jm1261/Fantasy-F1-League,https://github.com/jm1261/Fantasy-F1-League/blob/main/Data/2025/Lineup/Australia_Results.json,MIT,third_party_recorded,False,True,False,third_party_recorded,historical_fantasy_scores_v3_recorded_2023_2026
2025,1,Australian Grand Prix,2025-03-16,constructor,williams,jm1261/Fantasy-F1-League:2025:constructor:Williams,Williams,WIL,,10.0,,,,,,13.1,jm1261/Fantasy-F1-League,https://github.com/jm1261/Fantasy-F1-League/blob/main/Data/2025/Lineup/Australia_Results.json,MIT,third_party_recorded,False,True,False,third_party_recorded,historical_fantasy_scores_v3_recorded_2023_2026
2025,1,Australian Grand Prix,2025-03-16,driver,albon,jm1261/Fantasy-F1-League:2025:driver:Albon,Alexander Albon,ALB,Williams,17.0,,,,,,12.0,jm1261/Fantasy-F1-League,https://github.com/jm1261/Fantasy-F1-League/blob/main/Data/2025/Lineup/Australia_Results.json,MIT,third_party_recorded,False,True,False,third_party_recorded,historical_fantasy_scores_v3_recorded_2023_2026
2025,1,Australian Grand Prix,2025-03-16,driver,alonso,jm1261/Fantasy-F1-League:2025:driver:Alonso,Fernando Alonso,ALO,Aston Martin,-20.0,,,,,,8.8,jm1261/Fantasy-F1-League,https://github.com/jm1261/Fantasy-F1-League/blob/main/Data/2025/Lineup/Australia_Results.json,MIT,third_party_recorded,False,True,False,third_party_recorded,historical_fantasy_scores_v3_recorded_2023_2026
2025,1,Australian Grand Prix,2025-03-16,driver,antonelli,jm1261/Fantasy-F1-League:2025:driver:Antonelli,Andrea Kimi Antonelli,ANT,Mercedes,32.0,,,,,,18.4,jm1261/Fantasy-F1-League,https://github.com/jm1261/Fantasy-F1-League/blob/main/Data/2025/Lineup/Australia_Results.json,MIT,third_party_recorded,False,True,False,third_party_recorded,historical_fantasy_scores_v3_recorded_2023_2026
2025,1,Australian Grand Prix,2025-03-16,driver,bearman,jm1261/Fantasy-F1-League:2025:driver:Bearman,Oliver Bearman,BEA,Haas,2.0,,,,,,6.7,jm1261/Fantasy-F1-League,https://github.com/jm1261/Fantasy-F1-League/blob/main/Data/2025/Lineup/Australia_Results.json,MIT,third_party_recorded,False,True,False,third_party_recorded,historical_fantasy_scores_v3_recorded_2023_2026
2025,1,Australian Grand Prix,2025-03-16,driver,bortoleto,jm1261/Fantasy-F1-League:2025:driver:Bortoleto,Gabriel Bortoleto,BOR,Kick Sauber,-18.0,,,,,,6.0,jm1261/Fantasy-F1-League,https://github.com/jm1261/Fantasy-F1-League/blob/main/Data/2025/Lineup/Australia_Results.json,MIT,third_party_recorded,False,True,False,third_party_recorded,historical_fantasy_scores_v3_recorded_2023_2026
2025,1,Australian Grand Prix,2025-03-16,driver,doohan,jm1261/Fantasy-F1-League:2025:driver:Doohan,Jack Doohan,DOO,Alpine,-20.0,,,,,,7.2,jm1261/Fantasy-F1-League,https://github.com/jm1261/Fantasy-F1-League/blob/main/Data/2025/Lineup/Australia_Results.json,MIT,third_party_recorded,False,True,False,third_party_recorded,historical_fantasy_scores_v3_recorded_2023_2026
2025,1,Australian Grand Prix,2025-03-16,driver,gasly,jm1261/Fantasy-F1-League:2025:driver:Gasly,Pierre Gasly,GAS,Alpine,1.0,,,,,,11.8,jm1261/Fantasy-F1-League,https://github.com/jm1261/Fantasy-F1-League/blob/main/Data/2025/Lineup/Australia_Results.json,MIT,third_party_recorded,False,True,False,third_party_recorded,historical_fantasy_scores_v3_recorded_2023_2026
2025,1,Australian Grand Prix,2025-03-16,driver,hadjar,jm1261/Fantasy-F1-League:2025:driver:Hadjar,Isack Hadjar,HAD,Racing Bulls,-20.0,,,,,,6.2,jm1261/Fantasy-F1-League,https://github.com/jm1261/Fantasy-F1-League/blob/main/Data/2025/Lineup/Australia_Results.json,MIT,third_party_recorded,False,True,False,third_party_recorded,historical_fantasy_scores_v3_recorded_2023_2026
2025,1,Australian Grand Prix,2025-03-16,driver,hamilton,jm1261/Fantasy-F1-League:2025:driver:Hamilton,Lewis Hamilton,HAM,Ferrari,4.0,,,,,,24.2,jm1261/Fantasy-F1-League,https://github.com/jm1261/Fantasy-F1-League/blob/main/Data/2025/Lineup/Australia_Results.json,MIT,third_party_recorded,False,True,False,third_party_recorded,historical_fantasy_scores_v3_recorded_2023_2026
2025,1,Australian Grand Prix,2025-03-16,driver,hulkenberg,jm1261/Fantasy-F1-League:2025:driver:Hulkenberg,Nico Hülkenberg,HUL,Kick Sauber,20.0,,,,,,6.4,jm1261/Fantasy-F1-League,https://github.com/jm1261/Fantasy-F1-League/blob/main/Data/2025/Lineup/Australia_Results.json,MIT,third_party_recorded,False,True,False,third_party_recorded,historical_fantasy_scores_v3_recorded_2023_2026
2025,1,Australian Grand Prix,2025-03-16,driver,lawson,jm1261/Fantasy-F1-League:2025:driver:Lawson RBR,Liam Lawson,LAW,Red Bull,-17.0,,,,,,18.0,jm1261/Fantasy-F1-League,https://github.com/jm1261/Fantasy-F1-League/blob/main/Data/2025/Lineup/Australia_Results.json,MIT,third_party_recorded,False,True,False,third_party_recorded,historical_fantasy_scores_v3_recorded_2023_2026
2025,1,Australian Grand Prix,2025-03-16,driver,leclerc,jm1261/Fantasy-F1-League:2025:driver:Leclerc,Charles Leclerc,LEC,Ferrari,12.0,,,,,,25.9,jm1261/Fantasy-F1-League,https://github.com/jm1261/Fantasy-F1-League/blob/main/Data/2025/Lineup/Australia_Results.json,MIT,third_party_recorded,False,True,False,third_party_recorded,historical_fantasy_scores_v3_recorded_2023_2026
2025,1,Australian Grand Prix,2025-03-16,driver,max_verstappen,jm1261/Fantasy-F1-League:2025:driver:Verstappen,Max Verstappen,VER,Red Bull,29.0,,,,,,28.4,jm1261/Fantasy-F1-League,https://github.com/jm1261/Fantasy-F1-League/blob/main/Data/2025/Lineup/Australia_Results.json,MIT,third_party_recorded,False,True,False,third_party_recorded,historical_fantasy_scores_v3_recorded_2023_2026
2025,1,Australian Grand Prix,2025-03-16,driver,norris,jm1261/Fantasy-F1-League:2025:driver:Norris,Lando Norris,NOR,McLaren,59.0,,,,,,29.6,jm1261/Fantasy-F1-League,https://github.com/jm1261/Fantasy-F1-League/blob/main/Data/2025/Lineup/Australia_Results.json,MIT,third_party_recorded,False,True,False,third_party_recorded,historical_fantasy_scores_v3_recorded_2023_2026
2025,1,Australian Grand Prix,2025-03-16,driver,ocon,jm1261/Fantasy-F1-League:2025:driver:Ocon,Esteban Ocon,OCO,Haas,8.0,,,,,,7.3,jm1261/Fantasy-F1-League,https://github.com/jm1261/Fantasy-F1-League/blob/main/Data/2025/Lineup/Australia_Results.json,MIT,third_party_recorded,False,True,False,third_party_recorded,historical_fantasy_scores_v3_recorded_2023_2026
2025,1,Australian Grand Prix,2025-03-16,driver,piastri,jm1261/Fantasy-F1-League:2025:driver:Piastri,Oscar Piastri,PIA,McLaren,10.0,,,,,,23.0,jm1261/Fantasy-F1-League,https://github.com/jm1261/Fantasy-F1-League/blob/main/Data/2025/Lineup/Australia_Results.json,MIT,third_party_recorded,False,True,False,third_party_recorded,historical_fantasy_scores_v3_recorded_2023_2026
2025,1,Australian Grand Prix,2025-03-16,driver,russell,jm1261/Fantasy-F1-League:2025:driver:Russell,George Russell,RUS,Mercedes,25.0,,,,,,21.0,jm1261/Fantasy-F1-League,https://github.com/jm1261/Fantasy-F1-League/blob/main/Data/2025/Lineup/Australia_Results.json,MIT,third_party_recorded,False,True,False,third_party_recorded,historical_fantasy_scores_v3_recorded_2023_2026
2025,1,Australian Grand Prix,2025-03-16,driver,sainz,jm1261/Fantasy-F1-League:2025:driver:Sainz,Carlos Sainz,SAI,Williams,-19.0,,,,,,13.1,jm1261/Fantasy-F1-League,https://github.com/jm1261/Fantasy-F1-League/blob/main/Data/2025/Lineup/Australia_Results.json,MIT,third_party_recorded,False,True,False,third_party_recorded,historical_fantasy_scores_v3_recorded_2023_2026
2025,1,Australian Grand Prix,2025-03-16,driver,stroll,jm1261/Fantasy-F1-League:2025:driver:Stroll,Lance Stroll,STR,Aston Martin,16.0,,,,,,8.1,jm1261/Fantasy-F1-League,https://github.com/jm1261/Fantasy-F1-League/blob/main/Data/2025/Lineup/Australia_Results.json,MIT,third_party_recorded,False,True,False,third_party_recorded,historical_fantasy_scores_v3_recorded_2023_2026
2025,1,Australian Grand Prix,2025-03-16,driver,tsunoda,jm1261/Fantasy-F1-League:2025:driver:Tsunoda RB,Yuki Tsunoda,TSU,Racing Bulls,0.0,,,,,,9.6,jm1261/Fantasy-F1-League,https://github.com/jm1261/Fantasy-F1-League/blob/main/Data/2025/Lineup/Australia_Results.json,MIT,third_party_recorded,False,True,False,third_party_recorded,historical_fantasy_scores_v3_recorded_2023_2026
2025,2,Chinese Grand Prix,2025-03-23,constructor,alpine,jm1261/Fantasy-F1-League:2025:constructor:Alpine,Alpine,ALP,,-6.0,,,,,,8.9,jm1261/Fantasy-F1-League,https://github.com/jm1261/Fantasy-F1-League/blob/main/Data/2025/Lineup/China_Results.json,MIT,third_party_recorded,False,True,False,third_party_recorded,historical_fantasy_scores_v3_recorded_2023_2026
2025,2,Chinese Grand Prix,2025-03-23,constructor,aston_martin,jm1261/Fantasy-F1-League:2025:constructor:Aston Martin,Aston Martin,AMR,,4.0,,,,,,7.9,jm1261/Fantasy-F1-League,https://github.com/jm1261/Fantasy-F1-League/blob/main/Data/2025/Lineup/China_Results.json,MIT,third_party_recorded,False,True,False,third_party_recorded,historical_fantasy_scores_v3_recorded_2023_2026
2025,2,Chinese Grand Prix,2025-03-23,constructor,ferrari,jm1261/Fantasy-F1-League:2025:constructor:Ferrari,Ferrari,FER,,-23.0,,,,,,27.4,jm1261/Fantasy-F1-League,https://github.com/jm1261/Fantasy-F1-League/blob/main/Data/2025/Lineup/China_Results.json,MIT,third_party_recorded,False,True,False,third_party_recorded,historical_fantasy_scores_v3_recorded_2023_2026
2025,2,Chinese Grand Prix,2025-03-23,constructor,haas,jm1261/Fantasy-F1-League:2025:constructor:Haas,Haas,HAS,,47.0,,,,,,7.6,jm1261/Fantasy-F1-League,https://github.com/jm1261/Fantasy-F1-League/blob/main/Data/2025/Lineup/China_Results.json,MIT,third_party_recorded,False,True,False,third_party_recorded,historical_fantasy_scores_v3_recorded_2023_2026
2025,2,Chinese Grand Prix,2025-03-23,constructor,mclaren,jm1261/Fantasy-F1-League:2025:constructor:McLaren,McLaren,MCL,,101.0,,,,,,30.3,jm1261/Fantasy-F1-League,https://github.com/jm1261/Fantasy-F1-League/blob/main/Data/2025/Lineup/China_Results.json,MIT,third_party_recorded,False,True,False,third_party_recorded,historical_fantasy_scores_v3_recorded_2023_2026
2025,2,Chinese Grand Prix,2025-03-23,constructor,mercedes,jm1261/Fantasy-F1-League:2025:constructor:Mercedes,Mercedes,MER,,69.0,,,,,,23.0,jm1261/Fantasy-F1-League,https://github.com/jm1261/Fantasy-F1-League/blob/main/Data/2025/Lineup/China_Results.json,MIT,third_party_recorded,False,True,False,third_party_recorded,historical_fantasy_scores_v3_recorded_2023_2026
2025,2,Chinese Grand Prix,2025-03-23,constructor,rb,jm1261/Fantasy-F1-League:2025:constructor:Racing Bulls,Racing Bulls,RB,,42.0,,,,,,7.4,jm1261/Fantasy-F1-League,https://github.com/jm1261/Fantasy-F1-League/blob/main/Data/2025/Lineup/China_Results.json,MIT,third_party_recorded,False,True,False,third_party_recorded,historical_fantasy_scores_v3_recorded_2023_2026
2025,2,Chinese Grand Prix,2025-03-23,constructor,red_bull,jm1261/Fantasy-F1-League:2025:constructor:Red Bull,Red Bull,RBR,,67.0,,,,,,25.1,jm1261/Fantasy-F1-League,https://github.com/jm1261/Fantasy-F1-League/blob/main/Data/2025/Lineup/China_Results.json,MIT,third_party_recorded,False,True,False,third_party_recorded,historical_fantasy_scores_v3_recorded_2023_2026
2025,2,Chinese Grand Prix,2025-03-23,constructor,sauber,jm1261/Fantasy-F1-League:2025:constructor:Kick Sauber,Kick Sauber,SAU,,12.0,,,,,,5.6,jm1261/Fantasy-F1-League,https://github.com/jm1261/Fantasy-F1-League/blob/main/Data/2025/Lineup/China_Results.json,MIT,third_party_recorded,False,True,False,third_party_recorded,historical_fantasy_scores_v3_recorded_2023_2026
2025,2,Chinese Grand Prix,2025-03-23,constructor,williams,jm1261/Fantasy-F1-League:2025:constructor:Williams,Williams,WIL,,26.0,,,,,,12.9,jm1261/Fantasy-F1-League,https://github.com/jm1261/Fantasy-F1-League/blob/main/Data/2025/Lineup/China_Results.json,MIT,third_party_recorded,False,True,False,third_party_recorded,historical_fantasy_scores_v3_recorded_2023_2026
2025,2,Chinese Grand Prix,2025-03-23,driver,albon,jm1261/Fantasy-F1-League:2025:driver:Albon,Alexander Albon,ALB,Williams,11.0,,,,,,12.6,jm1261/Fantasy-F1-League,https://github.com/jm1261/Fantasy-F1-League/blob/main/Data/2025/Lineup/China_Results.json,MIT,third_party_recorded,False,True,False,third_party_recorded,historical_fantasy_scores_v3_recorded_2023_2026
2025,2,Chinese Grand Prix,2025-03-23,driver,alonso,jm1261/Fantasy-F1-League:2025:driver:Alonso,Fernando Alonso,ALO,Aston Martin,-16.0,,,,,,8.2,jm1261/Fantasy-F1-League,https://github.com/jm1261/Fantasy-F1-League/blob/main/Data/2025/Lineup/China_Results.json,MIT,third_party_recorded,False,True,False,third_party_recorded,historical_fantasy_scores_v3_recorded_2023_2026
2025,2,Chinese Grand Prix,2025-03-23,driver,antonelli,jm1261/Fantasy-F1-League:2025:driver:Antonelli,Andrea Kimi Antonelli,ANT,Mercedes,29.0,,,,,,19.0,jm1261/Fantasy-F1-League,https://github.com/jm1261/Fantasy-F1-League/blob/main/Data/2025/Lineup/China_Results.json,MIT,third_party_recorded,False,True,False,third_party_recorded,historical_fantasy_scores_v3_recorded_2023_2026
2025,2,Chinese Grand Prix,2025-03-23,driver,bearman,jm1261/Fantasy-F1-League:2025:driver:Bearman,Oliver Bearman,BEA,Haas,20.0,,,,,,6.1,jm1261/Fantasy-F1-League,https://github.com/jm1261/Fantasy-F1-League/blob/main/Data/2025/Lineup/China_Results.json,MIT,third_party_recorded,False,True,False,third_party_recorded,historical_fantasy_scores_v3_recorded_2023_2026
2025,2,Chinese Grand Prix,2025-03-23,driver,bortoleto,jm1261/Fantasy-F1-League:2025:driver:Bortoleto,Gabriel Bortoleto,BOR,Kick Sauber,7.0,,,,,,5.4,jm1261/Fantasy-F1-League,https://github.com/jm1261/Fantasy-F1-League/blob/main/Data/2025/Lineup/China_Results.json,MIT,third_party_recorded,False,True,False,third_party_recorded,historical_fantasy_scores_v3_recorded_2023_2026
2025,2,Chinese Grand Prix,2025-03-23,driver,doohan,jm1261/Fantasy-F1-League:2025:driver:Doohan,Jack Doohan,DOO,Alpine,11.0,,,,,,6.6,jm1261/Fantasy-F1-League,https://github.com/jm1261/Fantasy-F1-League/blob/main/Data/2025/Lineup/China_Results.json,MIT,third_party_recorded,False,True,False,third_party_recorded,historical_fantasy_scores_v3_recorded_2023_2026
2025,2,Chinese Grand Prix,2025-03-23,driver,gasly,jm1261/Fantasy-F1-League:2025:driver:Gasly,Pierre Gasly,GAS,Alpine,-8.0,,,,,,11.4,jm1261/Fantasy-F1-League,https://github.com/jm1261/Fantasy-F1-League/blob/main/Data/2025/Lineup/China_Results.json,MIT,third_party_recorded,False,True,False,third_party_recorded,historical_fantasy_scores_v3_recorded_2023_2026
2025,2,Chinese Grand Prix,2025-03-23,driver,hadjar,jm1261/Fantasy-F1-League:2025:driver:Hadjar,Isack Hadjar,HAD,Racing Bulls,11.0,,,,,,5.6,jm1261/Fantasy-F1-League,https://github.com/jm1261/Fantasy-F1-League/blob/main/Data/2025/Lineup/China_Results.json,MIT,third_party_recorded,False,True,False,third_party_recorded,historical_fantasy_scores_v3_recorded_2023_2026
2025,2,Chinese Grand Prix,2025-03-23,driver,hamilton,jm1261/Fantasy-F1-League:2025:driver:Hamilton,Lewis Hamilton,HAM,Ferrari,-1.0,,,,,,23.9,jm1261/Fantasy-F1-League,https://github.com/jm1261/Fantasy-F1-League/blob/main/Data/2025/Lineup/China_Results.json,MIT,third_party_recorded,False,True,False,third_party_recorded,historical_fantasy_scores_v3_recorded_2023_2026
2025,2,Chinese Grand Prix,2025-03-23,driver,hulkenberg,jm1261/Fantasy-F1-League:2025:driver:Hulkenberg,Nico Hülkenberg,HUL,Kick Sauber,2.0,,,,,,7.0,jm1261/Fantasy-F1-League,https://github.com/jm1261/Fantasy-F1-League/blob/main/Data/2025/Lineup/China_Results.json,MIT,third_party_recorded,False,True,False,third_party_recorded,historical_fantasy_scores_v3_recorded_2023_2026
2025,2,Chinese Grand Prix,2025-03-23,driver,lawson,jm1261/Fantasy-F1-League:2025:driver:Lawson RBR,Liam Lawson,LAW,Red Bull,22.0,,,,,,17.4,jm1261/Fantasy-F1-League,https://github.com/jm1261/Fantasy-F1-League/blob/main/Data/2025/Lineup/China_Results.json,MIT,third_party_recorded,False,True,False,third_party_recorded,historical_fantasy_scores_v3_recorded_2023_2026
2025,2,Chinese Grand Prix,2025-03-23,driver,leclerc,jm1261/Fantasy-F1-League:2025:driver:Leclerc,Charles Leclerc,LEC,Ferrari,-12.0,,,,,,25.6,jm1261/Fantasy-F1-League,https://github.com/jm1261/Fantasy-F1-League/blob/main/Data/2025/Lineup/China_Results.json,MIT,third_party_recorded,False,True,False,third_party_recorded,historical_fantasy_scores_v3_recorded_2023_2026
2025,2,Chinese Grand Prix,2025-03-23,driver,max_verstappen,jm1261/Fantasy-F1-League:2025:driver:Verstappen,Max Verstappen,VER,Red Bull,30.0,,,,,,28.5,jm1261/Fantasy-F1-League,https://github.com/jm1261/Fantasy-F1-League/blob/main/Data/2025/Lineup/China_Results.json,MIT,third_party_recorded,False,True,False,third_party_recorded,historical_fantasy_scores_v3_recorded_2023_2026
2025,2,Chinese Grand Prix,2025-03-23,driver,norris,jm1261/Fantasy-F1-League:2025:driver:Norris,Lando Norris,NOR,McLaren,41.0,,,,,,29.3,jm1261/Fantasy-F1-League,https://github.com/jm1261/Fantasy-F1-League/blob/main/Data/2025/Lineup/China_Results.json,MIT,third_party_recorded,False,True,False,third_party_recorded,historical_fantasy_scores_v3_recorded_2023_2026
2025,2,Chinese Grand Prix,2025-03-23,driver,ocon,jm1261/Fantasy-F1-League:2025:driver:Ocon,Esteban Ocon,OCO,Haas,24.0,,,,,,7.5,jm1261/Fantasy-F1-League,https://github.com/jm1261/Fantasy-F1-League/blob/main/Data/2025/Lineup/China_Results.json,MIT,third_party_recorded,False,True,False,third_party_recorded,historical_fantasy_scores_v3_recorded_2023_2026
2025,2,Chinese Grand Prix,2025-03-23,driver,piastri,jm1261/Fantasy-F1-League:2025:driver:Piastri,Oscar Piastri,PIA,McLaren,45.0,,,,,,22.7,jm1261/Fantasy-F1-League,https://github.com/jm1261/Fantasy-F1-League/blob/main/Data/2025/Lineup/China_Results.json,MIT,third_party_recorded,False,True,False,third_party_recorded,historical_fantasy_scores_v3_recorded_2023_2026
2025,2,Chinese Grand Prix,2025-03-23,driver,russell,jm1261/Fantasy-F1-League:2025:driver:Russell,George Russell,RUS,Mercedes,35.0,,,,,,21.1,jm1261/Fantasy-F1-League,https://github.com/jm1261/Fantasy-F1-League/blob/main/Data/2025/Lineup/China_Results.json,MIT,third_party_recorded,False,True,False,third_party_recorded,historical_fantasy_scores_v3_recorded_2023_2026
2025,2,Chinese Grand Prix,2025-03-23,driver,sainz,jm1261/Fantasy-F1-League:2025:driver:Sainz,Carlos Sainz,SAI,Williams,8.0,,,,,,12.5,jm1261/Fantasy-F1-League,https://github.com/jm1261/Fantasy-F1-League/blob/main/Data/2025/Lineup/China_Results.json,MIT,third_party_recorded,False,True,False,third_party_recorded,historical_fantasy_scores_v3_recorded_2023_2026
2025,2,Chinese Grand Prix,2025-03-23,driver,stroll,jm1261/Fantasy-F1-League:2025:driver:Stroll,Lance Stroll,STR,Aston Martin,17.0,,,,,,8.7,jm1261/Fantasy-F1-League,https://github.com/jm1261/Fantasy-F1-League/blob/main/Data/2025/Lineup/China_Results.json,MIT,third_party_recorded,False,True,False,third_party_recorded,historical_fantasy_scores_v3_recorded_2023_2026
2025,2,Chinese Grand Prix,2025-03-23,driver,tsunoda,jm1261/Fantasy-F1-League:2025:driver:Tsunoda RB,Yuki Tsunoda,TSU,Racing Bulls,6.0,,,,,,9.0,jm1261/Fantasy-F1-League,https://github.com/jm1261/Fantasy-F1-League/blob/main/Data/2025/Lineup/China_Results.json,MIT,third_party_recorded,False,True,False,third_party_recorded,historical_fantasy_scores_v3_recorded_2023_2026
2025,3,Japanese Grand Prix,2025-04-06,constructor,alpine,jm1261/Fantasy-F1-League:2025:constructor:Alpine,Alpine,ALP,,9.0,,,,,,8.3,jm1261/Fantasy-F1-League,https://github.com/jm1261/Fantasy-F1-League/blob/main/Data/2025/Lineup/Japan_Results.json,MIT,third_party_recorded,False,True,False,third_party_recorded,historical_fantasy_scores_v3_recorded_2023_2026
2025,3,Japanese Grand Prix,2025-04-06,constructor,aston_martin,jm1261/Fantasy-F1-League:2025:constructor:Aston Martin,Aston Martin,AMR,,9.0,,,,,,7.3,jm1261/Fantasy-F1-League,https://github.com/jm1261/Fantasy-F1-League/blob/main/Data/2025/Lineup/Japan_Results.json,MIT,third_party_recorded,False,True,False,third_party_recorded,historical_fantasy_scores_v3_recorded_2023_2026
2025,3,Japanese Grand Prix,2025-04-06,constructor,ferrari,jm1261/Fantasy-F1-League:2025:constructor:Ferrari,Ferrari,FER,,56.0,,,,,,27.1,jm1261/Fantasy-F1-League,https://github.com/jm1261/Fantasy-F1-League/blob/main/Data/2025/Lineup/Japan_Results.json,MIT,third_party_recorded,False,True,False,third_party_recorded,historical_fantasy_scores_v3_recorded_2023_2026
2025,3,Japanese Grand Prix,2025-04-06,constructor,haas,jm1261/Fantasy-F1-League:2025:constructor:Haas,Haas,HAS,,10.0,,,,,,8.2,jm1261/Fantasy-F1-League,https://github.com/jm1261/Fantasy-F1-League/blob/main/Data/2025/Lineup/Japan_Results.json,MIT,third_party_recorded,False,True,False,third_party_recorded,historical_fantasy_scores_v3_recorded_2023_2026
2025,3,Japanese Grand Prix,2025-04-06,constructor,mclaren,jm1261/Fantasy-F1-League:2025:constructor:McLaren,McLaren,MCL,,71.0,,,,,,30.6,jm1261/Fantasy-F1-League,https://github.com/jm1261/Fantasy-F1-League/blob/main/Data/2025/Lineup/Japan_Results.json,MIT,third_party_recorded,False,True,False,third_party_recorded,historical_fantasy_scores_v3_recorded_2023_2026
2025,3,Japanese Grand Prix,2025-04-06,constructor,mercedes,jm1261/Fantasy-F1-League:2025:constructor:Mercedes,Mercedes,MER,,56.0,,,,,,23.3,jm1261/Fantasy-F1-League,https://github.com/jm1261/Fantasy-F1-League/blob/main/Data/2025/Lineup/Japan_Results.json,MIT,third_party_recorded,False,True,False,third_party_recorded,historical_fantasy_scores_v3_recorded_2023_2026
2025,3,Japanese Grand Prix,2025-04-06,constructor,rb,jm1261/Fantasy-F1-League:2025:constructor:Racing Bulls,Racing Bulls,RB,,14.0,,,,,,8.0,jm1261/Fantasy-F1-League,https://github.com/jm1261/Fantasy-F1-League/blob/main/Data/2025/Lineup/Japan_Results.json,MIT,third_party_recorded,False,True,False,third_party_recorded,historical_fantasy_scores_v3_recorded_2023_2026
2025,3,Japanese Grand Prix,2025-04-06,constructor,red_bull,jm1261/Fantasy-F1-League:2025:constructor:Red Bull,Red Bull,RBR,,46.0,,,,,,25.4,jm1261/Fantasy-F1-League,https://github.com/jm1261/Fantasy-F1-League/blob/main/Data/2025/Lineup/Japan_Results.json,MIT,third_party_recorded,False,True,False,third_party_recorded,historical_fantasy_scores_v3_recorded_2023_2026
2025,3,Japanese Grand Prix,2025-04-06,constructor,sauber,jm1261/Fantasy-F1-League:2025:constructor:Kick Sauber,Kick Sauber,SAU,,0.0,,,,,,6.2,jm1261/Fantasy-F1-League,https://github.com/jm1261/Fantasy-F1-League/blob/main/Data/2025/Lineup/Japan_Results.json,MIT,third_party_recorded,False,True,False,third_party_recorded,historical_fantasy_scores_v3_recorded_2023_2026
2025,3,Japanese Grand Prix,2025-04-06,constructor,williams,jm1261/Fantasy-F1-League:2025:constructor:Williams,Williams,WIL,,19.0,,,,,,13.5,jm1261/Fantasy-F1-League,https://github.com/jm1261/Fantasy-F1-League/blob/main/Data/2025/Lineup/Japan_Results.json,MIT,third_party_recorded,False,True,False,third_party_recorded,historical_fantasy_scores_v3_recorded_2023_2026
2025,3,Japanese Grand Prix,2025-04-06,driver,albon,jm1261/Fantasy-F1-League:2025:driver:Albon,Alexander Albon,ALB,Williams,8.0,,,,,,12.8,jm1261/Fantasy-F1-League,https://github.com/jm1261/Fantasy-F1-League/blob/main/Data/2025/Lineup/Japan_Results.json,MIT,third_party_recorded,False,True,False,third_party_recorded,historical_fantasy_scores_v3_recorded_2023_2026
2025,3,Japanese Grand Prix,2025-04-06,driver,alonso,jm1261/Fantasy-F1-League:2025:driver:Alonso,Fernando Alonso,ALO,Aston Martin,4.0,,,,,,7.6,jm1261/Fantasy-F1-League,https://github.com/jm1261/Fantasy-F1-League/blob/main/Data/2025/Lineup/Japan_Results.json,MIT,third_party_recorded,False,True,False,third_party_recorded,historical_fantasy_scores_v3_recorded_2023_2026
2025,3,Japanese Grand Prix,2025-04-06,driver,antonelli,jm1261/Fantasy-F1-League:2025:driver:Antonelli,Andrea Kimi Antonelli,ANT,Mercedes,23.0,,,,,,19.3,jm1261/Fantasy-F1-League,https://github.com/jm1261/Fantasy-F1-League/blob/main/Data/2025/Lineup/Japan_Results.json,MIT,third_party_recorded,False,True,False,third_party_recorded,historical_fantasy_scores_v3_recorded_2023_2026
2025,3,Japanese Grand Prix,2025-04-06,driver,bearman,jm1261/Fantasy-F1-League:2025:driver:Bearman,Oliver Bearman,BEA,Haas,4.0,,,,,,6.7,jm1261/Fantasy-F1-League,https://github.com/jm1261/Fantasy-F1-League/blob/main/Data/2025/Lineup/Japan_Results.json,MIT,third_party_recorded,False,True,False,third_party_recorded,historical_fantasy_scores_v3_recorded_2023_2026
2025,3,Japanese Grand Prix,2025-04-06,driver,bortoleto,jm1261/Fantasy-F1-League:2025:driver:Bortoleto,Gabriel Bortoleto,BOR,Kick Sauber,-2.0,,,,,,4.8,jm1261/Fantasy-F1-League,https://github.com/jm1261/Fantasy-F1-League/blob/main/Data/2025/Lineup/Japan_Results.json,MIT,third_party_recorded,False,True,False,third_party_recorded,historical_fantasy_scores_v3_recorded_2023_2026
2025,3,Japanese Grand Prix,2025-04-06,driver,doohan,jm1261/Fantasy-F1-League:2025:driver:Doohan,Jack Doohan,DOO,Alpine,6.0,,,,,,6.0,jm1261/Fantasy-F1-League,https://github.com/jm1261/Fantasy-F1-League/blob/main/Data/2025/Lineup/Japan_Results.json,MIT,third_party_recorded,False,True,False,third_party_recorded,historical_fantasy_scores_v3_recorded_2023_2026
2025,3,Japanese Grand Prix,2025-04-06,driver,gasly,jm1261/Fantasy-F1-League:2025:driver:Gasly,Pierre Gasly,GAS,Alpine,0.0,,,,,,10.6,jm1261/Fantasy-F1-League,https://github.com/jm1261/Fantasy-F1-League/blob/main/Data/2025/Lineup/Japan_Results.json,MIT,third_party_recorded,False,True,False,third_party_recorded,historical_fantasy_scores_v3_recorded_2023_2026
2025,3,Japanese Grand Prix,2025-04-06,driver,hadjar,jm1261/Fantasy-F1-League:2025:driver:Hadjar,Isack Hadjar,HAD,Racing Bulls,8.0,,,,,,5.0,jm1261/Fantasy-F1-League,https://github.com/jm1261/Fantasy-F1-League/blob/main/Data/2025/Lineup/Japan_Results.json,MIT,third_party_recorded,False,True,False,third_party_recorded,historical_fantasy_scores_v3_recorded_2023_2026
2025,3,Japanese Grand Prix,2025-04-06,driver,hamilton,jm1261/Fantasy-F1-League:2025:driver:Hamilton,Lewis Hamilton,HAM,Ferrari,11.0,,,,,,23.6,jm1261/Fantasy-F1-League,https://github.com/jm1261/Fantasy-F1-League/blob/main/Data/2025/Lineup/Japan_Results.json,MIT,third_party_recorded,False,True,False,third_party_recorded,historical_fantasy_scores_v3_recorded_2023_2026
2025,3,Japanese Grand Prix,2025-04-06,driver,hulkenberg,jm1261/Fantasy-F1-League:2025:driver:Hulkenberg,Nico Hülkenberg,HUL,Kick Sauber,1.0,,,,,,7.6,jm1261/Fantasy-F1-League,https://github.com/jm1261/Fantasy-F1-League/blob/main/Data/2025/Lineup/Japan_Results.json,MIT,third_party_recorded,False,True,False,third_party_recorded,historical_fantasy_scores_v3_recorded_2023_2026
2025,3,Japanese Grand Prix,2025-04-06,driver,lawson,jm1261/Fantasy-F1-League:2025:driver:Lawson,Liam Lawson,LAW,Racing Bulls,-4.0,,,,,,8.4,jm1261/Fantasy-F1-League,https://github.com/jm1261/Fantasy-F1-League/blob/main/Data/2025/Lineup/Japan_Results.json,MIT,third_party_recorded,False,True,False,third_party_recorded,historical_fantasy_scores_v3_recorded_2023_2026
2025,3,Japanese Grand Prix,2025-04-06,driver,leclerc,jm1261/Fantasy-F1-League:2025:driver:Leclerc,Charles Leclerc,LEC,Ferrari,20.0,,,,,,25.3,jm1261/Fantasy-F1-League,https://github.com/jm1261/Fantasy-F1-League/blob/main/Data/2025/Lineup/Japan_Results.json,MIT,third_party_recorded,False,True,False,third_party_recorded,historical_fantasy_scores_v3_recorded_2023_2026
2025,3,Japanese Grand Prix,2025-04-06,driver,max_verstappen,jm1261/Fantasy-F1-League:2025:driver:Verstappen,Max Verstappen,VER,Red Bull,36.0,,,,,,28.6,jm1261/Fantasy-F1-League,https://github.com/jm1261/Fantasy-F1-League/blob/main/Data/2025/Lineup/Japan_Results.json,MIT,third_party_recorded,False,True,False,third_party_recorded,historical_fantasy_scores_v3_recorded_2023_2026
2025,3,Japanese Grand Prix,2025-04-06,driver,norris,jm1261/Fantasy-F1-League:2025:driver:Norris,Lando Norris,NOR,McLaren,27.0,,,,,,29.6,jm1261/Fantasy-F1-League,https://github.com/jm1261/Fantasy-F1-League/blob/main/Data/2025/Lineup/Japan_Results.json,MIT,third_party_recorded,False,True,False,third_party_recorded,historical_fantasy_scores_v3_recorded_2023_2026
2025,3,Japanese Grand Prix,2025-04-06,driver,ocon,jm1261/Fantasy-F1-League:2025:driver:Ocon,Esteban Ocon,OCO,Haas,1.0,,,,,,8.1,jm1261/Fantasy-F1-League,https://github.com/jm1261/Fantasy-F1-League/blob/main/Data/2025/Lineup/Japan_Results.json,MIT,third_party_recorded,False,True,False,third_party_recorded,historical_fantasy_scores_v3_recorded_2023_2026
2025,3,Japanese Grand Prix,2025-04-06,driver,piastri,jm1261/Fantasy-F1-League:2025:driver:Piastri,Oscar Piastri,PIA,McLaren,24.0,,,,,,23.0,jm1261/Fantasy-F1-League,https://github.com/jm1261/Fantasy-F1-League/blob/main/Data/2025/Lineup/Japan_Results.json,MIT,third_party_recorded,False,True,False,third_party_recorded,historical_fantasy_scores_v3_recorded_2023_2026
2025,3,Japanese Grand Prix,2025-04-06,driver,russell,jm1261/Fantasy-F1-League:2025:driver:Russell,George Russell,RUS,Mercedes,18.0,,,,,,21.4,jm1261/Fantasy-F1-League,https://github.com/jm1261/Fantasy-F1-League/blob/main/Data/2025/Lineup/Japan_Results.json,MIT,third_party_recorded,False,True,False,third_party_recorded,historical_fantasy_scores_v3_recorded_2023_2026
2025,3,Japanese Grand Prix,2025-04-06,driver,sainz,jm1261/Fantasy-F1-League:2025:driver:Sainz,Carlos Sainz,SAI,Williams,4.0,,,,,,12.3,jm1261/Fantasy-F1-League,https://github.com/jm1261/Fantasy-F1-League/blob/main/Data/2025/Lineup/Japan_Results.json,MIT,third_party_recorded,False,True,False,third_party_recorded,historical_fantasy_scores_v3_recorded_2023_2026
2025,3,Japanese Grand Prix,2025-04-06,driver,stroll,jm1261/Fantasy-F1-League:2025:driver:Stroll,Lance Stroll,STR,Aston Martin,2.0,,,,,,9.3,jm1261/Fantasy-F1-League,https://github.com/jm1261/Fantasy-F1-League/blob/main/Data/2025/Lineup/Japan_Results.json,MIT,third_party_recorded,False,True,False,third_party_recorded,historical_fantasy_scores_v3_recorded_2023_2026
2025,3,Japanese Grand Prix,2025-04-06,driver,tsunoda,jm1261/Fantasy-F1-League:2025:driver:Tsunoda,Yuki Tsunoda,TSU,Red Bull,13.0,,,,,,16.8,jm1261/Fantasy-F1-League,https://github.com/jm1261/Fantasy-F1-League/blob/main/Data/2025/Lineup/Japan_Results.json,MIT,third_party_recorded,False,True,False,third_party_recorded,historical_fantasy_scores_v3_recorded_2023_2026
2025,4,Bahrain Grand Prix,2025-04-13,constructor,alpine,jm1261/Fantasy-F1-League:2025:constructor:Alpine,Alpine,ALP,,22.0,,,,,,8.3,jm1261/Fantasy-F1-League,https://github.com/jm1261/Fantasy-F1-League/blob/main/Data/2025/Lineup/Bahrain_Results.json,MIT,third_party_recorded,False,True,False,third_party_recorded,historical_fantasy_scores_v3_recorded_2023_2026
2025,4,Bahrain Grand Prix,2025-04-13,constructor,aston_martin,jm1261/Fantasy-F1-League:2025:constructor:Aston Martin,Aston Martin,AMR,,18.0,,,,,,7.1,jm1261/Fantasy-F1-League,https://github.com/jm1261/Fantasy-F1-League/blob/main/Data/2025/Lineup/Bahrain_Results.json,MIT,third_party_recorded,False,True,False,third_party_recorded,historical_fantasy_scores_v3_recorded_2023_2026
2025,4,Bahrain Grand Prix,2025-04-13,constructor,ferrari,jm1261/Fantasy-F1-League:2025:constructor:Ferrari,Ferrari,FER,,73.0,,,,,,27.0,jm1261/Fantasy-F1-League,https://github.com/jm1261/Fantasy-F1-League/blob/main/Data/2025/Lineup/Bahrain_Results.json,MIT,third_party_recorded,False,True,False,third_party_recorded,historical_fantasy_scores_v3_recorded_2023_2026
2025,4,Bahrain Grand Prix,2025-04-13,constructor,haas,jm1261/Fantasy-F1-League:2025:constructor:Haas,Haas,HAS,,40.0,,,,,,8.8,jm1261/Fantasy-F1-League,https://github.com/jm1261/Fantasy-F1-League/blob/main/Data/2025/Lineup/Bahrain_Results.json,MIT,third_party_recorded,False,True,False,third_party_recorded,historical_fantasy_scores_v3_recorded_2023_2026
2025,4,Bahrain Grand Prix,2025-04-13,constructor,mclaren,jm1261/Fantasy-F1-League:2025:constructor:McLaren,McLaren,MCL,,92.0,,,,,,30.9,jm1261/Fantasy-F1-League,https://github.com/jm1261/Fantasy-F1-League/blob/main/Data/2025/Lineup/Bahrain_Results.json,MIT,third_party_recorded,False,True,False,third_party_recorded,historical_fantasy_scores_v3_recorded_2023_2026
2025,4,Bahrain Grand Prix,2025-04-13,constructor,mercedes,jm1261/Fantasy-F1-League:2025:constructor:Mercedes,Mercedes,MER,,60.0,,,,,,23.6,jm1261/Fantasy-F1-League,https://github.com/jm1261/Fantasy-F1-League/blob/main/Data/2025/Lineup/Bahrain_Results.json,MIT,third_party_recorded,False,True,False,third_party_recorded,historical_fantasy_scores_v3_recorded_2023_2026
2025,4,Bahrain Grand Prix,2025-04-13,constructor,rb,jm1261/Fantasy-F1-League:2025:constructor:Racing Bulls,Racing Bulls,RB,,22.0,,,,,,8.6,jm1261/Fantasy-F1-League,https://github.com/jm1261/Fantasy-F1-League/blob/main/Data/2025/Lineup/Bahrain_Results.json,MIT,third_party_recorded,False,True,False,third_party_recorded,historical_fantasy_scores_v3_recorded_2023_2026
2025,4,Bahrain Grand Prix,2025-04-13,constructor,red_bull,jm1261/Fantasy-F1-League:2025:constructor:Red Bull,Red Bull,RBR,,46.0,,,,,,25.7,jm1261/Fantasy-F1-League,https://github.com/jm1261/Fantasy-F1-League/blob/main/Data/2025/Lineup/Bahrain_Results.json,MIT,third_party_recorded,False,True,False,third_party_recorded,historical_fantasy_scores_v3_recorded_2023_2026
2025,4,Bahrain Grand Prix,2025-04-13,constructor,sauber,jm1261/Fantasy-F1-League:2025:constructor:Kick Sauber,Kick Sauber,SAU,,-22.0,,,,,,6.2,jm1261/Fantasy-F1-League,https://github.com/jm1261/Fantasy-F1-League/blob/main/Data/2025/Lineup/Bahrain_Results.json,MIT,third_party_recorded,False,True,False,third_party_recorded,historical_fantasy_scores_v3_recorded_2023_2026
2025,4,Bahrain Grand Prix,2025-04-13,constructor,williams,jm1261/Fantasy-F1-League:2025:constructor:Williams,Williams,WIL,,13.0,,,,,,14.1,jm1261/Fantasy-F1-League,https://github.com/jm1261/Fantasy-F1-League/blob/main/Data/2025/Lineup/Bahrain_Results.json,MIT,third_party_recorded,False,True,False,third_party_recorded,historical_fantasy_scores_v3_recorded_2023_2026
2025,4,Bahrain Grand Prix,2025-04-13,driver,albon,jm1261/Fantasy-F1-League:2025:driver:Albon,Alexander Albon,ALB,Williams,15.0,,,,,,13.0,jm1261/Fantasy-F1-League,https://github.com/jm1261/Fantasy-F1-League/blob/main/Data/2025/Lineup/Bahrain_Results.json,MIT,third_party_recorded,False,True,False,third_party_recorded,historical_fantasy_scores_v3_recorded_2023_2026
2025,4,Bahrain Grand Prix,2025-04-13,driver,alonso,jm1261/Fantasy-F1-League:2025:driver:Alonso,Fernando Alonso,ALO,Aston Martin,5.0,,,,,,7.0,jm1261/Fantasy-F1-League,https://github.com/jm1261/Fantasy-F1-League/blob/main/Data/2025/Lineup/Bahrain_Results.json,MIT,third_party_recorded,False,True,False,third_party_recorded,historical_fantasy_scores_v3_recorded_2023_2026
2025,4,Bahrain Grand Prix,2025-04-13,driver,antonelli,jm1261/Fantasy-F1-League:2025:driver:Antonelli,Andrea Kimi Antonelli,ANT,Mercedes,14.0,,,,,,19.6,jm1261/Fantasy-F1-League,https://github.com/jm1261/Fantasy-F1-League/blob/main/Data/2025/Lineup/Bahrain_Results.json,MIT,third_party_recorded,False,True,False,third_party_recorded,historical_fantasy_scores_v3_recorded_2023_2026
2025,4,Bahrain Grand Prix,2025-04-13,driver,bearman,jm1261/Fantasy-F1-League:2025:driver:Bearman,Oliver Bearman,BEA,Haas,22.0,,,,,,7.3,jm1261/Fantasy-F1-League,https://github.com/jm1261/Fantasy-F1-League/blob/main/Data/2025/Lineup/Bahrain_Results.json,MIT,third_party_recorded,False,True,False,third_party_recorded,historical_fantasy_scores_v3_recorded_2023_2026
2025,4,Bahrain Grand Prix,2025-04-13,driver,bortoleto,jm1261/Fantasy-F1-League:2025:driver:Bortoleto,Gabriel Bortoleto,BOR,Kick Sauber,4.0,,,,,,4.5,jm1261/Fantasy-F1-League,https://github.com/jm1261/Fantasy-F1-League/blob/main/Data/2025/Lineup/Bahrain_Results.json,MIT,third_party_recorded,False,True,False,third_party_recorded,historical_fantasy_scores_v3_recorded_2023_2026
2025,4,Bahrain Grand Prix,2025-04-13,driver,doohan,jm1261/Fantasy-F1-League:2025:driver:Doohan,Jack Doohan,DOO,Alpine,2.0,,,,,,5.4,jm1261/Fantasy-F1-League,https://github.com/jm1261/Fantasy-F1-League/blob/main/Data/2025/Lineup/Bahrain_Results.json,MIT,third_party_recorded,False,True,False,third_party_recorded,historical_fantasy_scores_v3_recorded_2023_2026
2025,4,Bahrain Grand Prix,2025-04-13,driver,gasly,jm1261/Fantasy-F1-League:2025:driver:Gasly,Pierre Gasly,GAS,Alpine,13.0,,,,,,10.0,jm1261/Fantasy-F1-League,https://github.com/jm1261/Fantasy-F1-League/blob/main/Data/2025/Lineup/Bahrain_Results.json,MIT,third_party_recorded,False,True,False,third_party_recorded,historical_fantasy_scores_v3_recorded_2023_2026
2025,4,Bahrain Grand Prix,2025-04-13,driver,hadjar,jm1261/Fantasy-F1-League:2025:driver:Hadjar,Isack Hadjar,HAD,Racing Bulls,5.0,,,,,,4.6,jm1261/Fantasy-F1-League,https://github.com/jm1261/Fantasy-F1-League/blob/main/Data/2025/Lineup/Bahrain_Results.json,MIT,third_party_recorded,False,True,False,third_party_recorded,historical_fantasy_scores_v3_recorded_2023_2026
2025,4,Bahrain Grand Prix,2025-04-13,driver,hamilton,jm1261/Fantasy-F1-League:2025:driver:Hamilton,Lewis Hamilton,HAM,Ferrari,38.0,,,,,,23.3,jm1261/Fantasy-F1-League,https://github.com/jm1261/Fantasy-F1-League/blob/main/Data/2025/Lineup/Bahrain_Results.json,MIT,third_party_recorded,False,True,False,third_party_recorded,historical_fantasy_scores_v3_recorded_2023_2026
2025,4,Bahrain Grand Prix,2025-04-13,driver,hulkenberg,jm1261/Fantasy-F1-League:2025:driver:Hulkenberg,Nico Hülkenberg,HUL,Kick Sauber,-20.0,,,,,,7.8,jm1261/Fantasy-F1-League,https://github.com/jm1261/Fantasy-F1-League/blob/main/Data/2025/Lineup/Bahrain_Results.json,MIT,third_party_recorded,False,True,False,third_party_recorded,historical_fantasy_scores_v3_recorded_2023_2026
2025,4,Bahrain Grand Prix,2025-04-13,driver,lawson,jm1261/Fantasy-F1-League:2025:driver:Lawson,Liam Lawson,LAW,Racing Bulls,11.0,,,,,,7.8,jm1261/Fantasy-F1-League,https://github.com/jm1261/Fantasy-F1-League/blob/main/Data/2025/Lineup/Bahrain_Results.json,MIT,third_party_recorded,False,True,False,third_party_recorded,historical_fantasy_scores_v3_recorded_2023_2026
2025,4,Bahrain Grand Prix,2025-04-13,driver,leclerc,jm1261/Fantasy-F1-League:2025:driver:Leclerc,Charles Leclerc,LEC,Ferrari,20.0,,,,,,25.0,jm1261/Fantasy-F1-League,https://github.com/jm1261/Fantasy-F1-League/blob/main/Data/2025/Lineup/Bahrain_Results.json,MIT,third_party_recorded,False,True,False,third_party_recorded,historical_fantasy_scores_v3_recorded_2023_2026
2025,4,Bahrain Grand Prix,2025-04-13,driver,max_verstappen,jm1261/Fantasy-F1-League:2025:driver:Verstappen,Max Verstappen,VER,Red Bull,22.0,,,,,,28.7,jm1261/Fantasy-F1-League,https://github.com/jm1261/Fantasy-F1-League/blob/main/Data/2025/Lineup/Bahrain_Results.json,MIT,third_party_recorded,False,True,False,third_party_recorded,historical_fantasy_scores_v3_recorded_2023_2026
2025,4,Bahrain Grand Prix,2025-04-13,driver,norris,jm1261/Fantasy-F1-League:2025:driver:Norris,Lando Norris,NOR,McLaren,32.0,,,,,,29.9,jm1261/Fantasy-F1-League,https://github.com/jm1261/Fantasy-F1-League/blob/main/Data/2025/Lineup/Bahrain_Results.json,MIT,third_party_recorded,False,True,False,third_party_recorded,historical_fantasy_scores_v3_recorded_2023_2026
2025,4,Bahrain Grand Prix,2025-04-13,driver,ocon,jm1261/Fantasy-F1-League:2025:driver:Ocon,Esteban Ocon,OCO,Haas,15.0,,,,,,8.7,jm1261/Fantasy-F1-League,https://github.com/jm1261/Fantasy-F1-League/blob/main/Data/2025/Lineup/Bahrain_Results.json,MIT,third_party_recorded,False,True,False,third_party_recorded,historical_fantasy_scores_v3_recorded_2023_2026
2025,4,Bahrain Grand Prix,2025-04-13,driver,piastri,jm1261/Fantasy-F1-League:2025:driver:Piastri,Oscar Piastri,PIA,McLaren,45.0,,,,,,23.1,jm1261/Fantasy-F1-League,https://github.com/jm1261/Fantasy-F1-League/blob/main/Data/2025/Lineup/Bahrain_Results.json,MIT,third_party_recorded,False,True,False,third_party_recorded,historical_fantasy_scores_v3_recorded_2023_2026
2025,4,Bahrain Grand Prix,2025-04-13,driver,russell,jm1261/Fantasy-F1-League:2025:driver:Russell,George Russell,RUS,Mercedes,31.0,,,,,,21.7,jm1261/Fantasy-F1-League,https://github.com/jm1261/Fantasy-F1-League/blob/main/Data/2025/Lineup/Bahrain_Results.json,MIT,third_party_recorded,False,True,False,third_party_recorded,historical_fantasy_scores_v3_recorded_2023_2026
2025,4,Bahrain Grand Prix,2025-04-13,driver,sainz,jm1261/Fantasy-F1-League:2025:driver:Sainz,Carlos Sainz,SAI,Williams,-9.0,,,,,,11.3,jm1261/Fantasy-F1-League,https://github.com/jm1261/Fantasy-F1-League/blob/main/Data/2025/Lineup/Bahrain_Results.json,MIT,third_party_recorded,False,True,False,third_party_recorded,historical_fantasy_scores_v3_recorded_2023_2026
2025,4,Bahrain Grand Prix,2025-04-13,driver,stroll,jm1261/Fantasy-F1-League:2025:driver:Stroll,Lance Stroll,STR,Aston Martin,7.0,,,,,,9.9,jm1261/Fantasy-F1-League,https://github.com/jm1261/Fantasy-F1-League/blob/main/Data/2025/Lineup/Bahrain_Results.json,MIT,third_party_recorded,False,True,False,third_party_recorded,historical_fantasy_scores_v3_recorded_2023_2026
2025,4,Bahrain Grand Prix,2025-04-13,driver,tsunoda,jm1261/Fantasy-F1-League:2025:driver:Tsunoda,Yuki Tsunoda,TSU,Red Bull,9.0,,,,,,16.6,jm1261/Fantasy-F1-League,https://github.com/jm1261/Fantasy-F1-League/blob/main/Data/2025/Lineup/Bahrain_Results.json,MIT,third_party_recorded,False,True,False,third_party_recorded,historical_fantasy_scores_v3_recorded_2023_2026
2025,5,Saudi Arabian Grand Prix,2025-04-20,constructor,alpine,jm1261/Fantasy-F1-League:2025:constructor:Alpine,Alpine,ALP,,-6.0,,,,,,7.9,jm1261/Fantasy-F1-League,https://github.com/jm1261/Fantasy-F1-League/blob/main/Data/2025/Lineup/Saudi%20Arabia_Results.json,MIT,third_party_recorded,False,True,False,third_party_recorded,historical_fantasy_scores_v3_recorded_2023_2026
2025,5,Saudi Arabian Grand Prix,2025-04-20,constructor,aston_martin,jm1261/Fantasy-F1-League:2025:constructor:Aston Martin,Aston Martin,AMR,,11.0,,,,,,7.7,jm1261/Fantasy-F1-League,https://github.com/jm1261/Fantasy-F1-League/blob/main/Data/2025/Lineup/Saudi%20Arabia_Results.json,MIT,third_party_recorded,False,True,False,third_party_recorded,historical_fantasy_scores_v3_recorded_2023_2026
2025,5,Saudi Arabian Grand Prix,2025-04-20,constructor,ferrari,jm1261/Fantasy-F1-League:2025:constructor:Ferrari,Ferrari,FER,,64.0,,,,,,27.3,jm1261/Fantasy-F1-League,https://github.com/jm1261/Fantasy-F1-League/blob/main/Data/2025/Lineup/Saudi%20Arabia_Results.json,MIT,third_party_recorded,False,True,False,third_party_recorded,historical_fantasy_scores_v3_recorded_2023_2026
2025,5,Saudi Arabian Grand Prix,2025-04-20,constructor,haas,jm1261/Fantasy-F1-League:2025:constructor:Haas,Haas,HAS,,12.0,,,,,,9.4,jm1261/Fantasy-F1-League,https://github.com/jm1261/Fantasy-F1-League/blob/main/Data/2025/Lineup/Saudi%20Arabia_Results.json,MIT,third_party_recorded,False,True,False,third_party_recorded,historical_fantasy_scores_v3_recorded_2023_2026
2025,5,Saudi Arabian Grand Prix,2025-04-20,constructor,mclaren,jm1261/Fantasy-F1-League:2025:constructor:McLaren,McLaren,MCL,,86.0,,,,,,31.2,jm1261/Fantasy-F1-League,https://github.com/jm1261/Fantasy-F1-League/blob/main/Data/2025/Lineup/Saudi%20Arabia_Results.json,MIT,third_party_recorded,False,True,False,third_party_recorded,historical_fantasy_scores_v3_recorded_2023_2026
2025,5,Saudi Arabian Grand Prix,2025-04-20,constructor,mercedes,jm1261/Fantasy-F1-League:2025:constructor:Mercedes,Mercedes,MER,,46.0,,,,,,23.9,jm1261/Fantasy-F1-League,https://github.com/jm1261/Fantasy-F1-League/blob/main/Data/2025/Lineup/Saudi%20Arabia_Results.json,MIT,third_party_recorded,False,True,False,third_party_recorded,historical_fantasy_scores_v3_recorded_2023_2026
2025,5,Saudi Arabian Grand Prix,2025-04-20,constructor,rb,jm1261/Fantasy-F1-League:2025:constructor:Racing Bulls,Racing Bulls,RB,,18.0,,,,,,9.2,jm1261/Fantasy-F1-League,https://github.com/jm1261/Fantasy-F1-League/blob/main/Data/2025/Lineup/Saudi%20Arabia_Results.json,MIT,third_party_recorded,False,True,False,third_party_recorded,historical_fantasy_scores_v3_recorded_2023_2026
2025,5,Saudi Arabian Grand Prix,2025-04-20,constructor,red_bull,jm1261/Fantasy-F1-League:2025:constructor:Red Bull,Red Bull,RBR,,21.0,,,,,,26.0,jm1261/Fantasy-F1-League,https://github.com/jm1261/Fantasy-F1-League/blob/main/Data/2025/Lineup/Saudi%20Arabia_Results.json,MIT,third_party_recorded,False,True,False,third_party_recorded,historical_fantasy_scores_v3_recorded_2023_2026
2025,5,Saudi Arabian Grand Prix,2025-04-20,constructor,sauber,jm1261/Fantasy-F1-League:2025:constructor:Kick Sauber,Kick Sauber,SAU,,10.0,,,,,,5.4,jm1261/Fantasy-F1-League,https://github.com/jm1261/Fantasy-F1-League/blob/main/Data/2025/Lineup/Saudi%20Arabia_Results.json,MIT,third_party_recorded,False,True,False,third_party_recorded,historical_fantasy_scores_v3_recorded_2023_2026
2025,5,Saudi Arabian Grand Prix,2025-04-20,constructor,williams,jm1261/Fantasy-F1-League:2025:constructor:Williams,Williams,WIL,,27.0,,,,,,14.7,jm1261/Fantasy-F1-League,https://github.com/jm1261/Fantasy-F1-League/blob/main/Data/2025/Lineup/Saudi%20Arabia_Results.json,MIT,third_party_recorded,False,True,False,third_party_recorded,historical_fantasy_scores_v3_recorded_2023_2026
2025,5,Saudi Arabian Grand Prix,2025-04-20,driver,albon,jm1261/Fantasy-F1-League:2025:driver:Albon,Alexander Albon,ALB,Williams,10.0,,,,,,12.8,jm1261/Fantasy-F1-League,https://github.com/jm1261/Fantasy-F1-League/blob/main/Data/2025/Lineup/Saudi%20Arabia_Results.json,MIT,third_party_recorded,False,True,False,third_party_recorded,historical_fantasy_scores_v3_recorded_2023_2026
2025,5,Saudi Arabian Grand Prix,2025-04-20,driver,alonso,jm1261/Fantasy-F1-League:2025:driver:Alonso,Fernando Alonso,ALO,Aston Martin,7.0,,,,,,6.8,jm1261/Fantasy-F1-League,https://github.com/jm1261/Fantasy-F1-League/blob/main/Data/2025/Lineup/Saudi%20Arabia_Results.json,MIT,third_party_recorded,False,True,False,third_party_recorded,historical_fantasy_scores_v3_recorded_2023_2026
2025,5,Saudi Arabian Grand Prix,2025-04-20,driver,antonelli,jm1261/Fantasy-F1-League:2025:driver:Antonelli,Andrea Kimi Antonelli,ANT,Mercedes,15.0,,,,,,19.7,jm1261/Fantasy-F1-League,https://github.com/jm1261/Fantasy-F1-League/blob/main/Data/2025/Lineup/Saudi%20Arabia_Results.json,MIT,third_party_recorded,False,True,False,third_party_recorded,historical_fantasy_scores_v3_recorded_2023_2026
2025,5,Saudi Arabian Grand Prix,2025-04-20,driver,bearman,jm1261/Fantasy-F1-League:2025:driver:Bearman,Oliver Bearman,BEA,Haas,5.0,,,,,,7.9,jm1261/Fantasy-F1-League,https://github.com/jm1261/Fantasy-F1-League/blob/main/Data/2025/Lineup/Saudi%20Arabia_Results.json,MIT,third_party_recorded,False,True,False,third_party_recorded,historical_fantasy_scores_v3_recorded_2023_2026
2025,5,Saudi Arabian Grand Prix,2025-04-20,driver,bortoleto,jm1261/Fantasy-F1-League:2025:driver:Bortoleto,Gabriel Bortoleto,BOR,Kick Sauber,3.0,,,,,,4.5,jm1261/Fantasy-F1-League,https://github.com/jm1261/Fantasy-F1-League/blob/main/Data/2025/Lineup/Saudi%20Arabia_Results.json,MIT,third_party_recorded,False,True,False,third_party_recorded,historical_fantasy_scores_v3_recorded_2023_2026
2025,5,Saudi Arabian Grand Prix,2025-04-20,driver,doohan,jm1261/Fantasy-F1-League:2025:driver:Doohan,Jack Doohan,DOO,Alpine,1.0,,,,,,5.6,jm1261/Fantasy-F1-League,https://github.com/jm1261/Fantasy-F1-League/blob/main/Data/2025/Lineup/Saudi%20Arabia_Results.json,MIT,third_party_recorded,False,True,False,third_party_recorded,historical_fantasy_scores_v3_recorded_2023_2026
2025,5,Saudi Arabian Grand Prix,2025-04-20,driver,gasly,jm1261/Fantasy-F1-League:2025:driver:Gasly,Pierre Gasly,GAS,Alpine,-17.0,,,,,,9.4,jm1261/Fantasy-F1-League,https://github.com/jm1261/Fantasy-F1-League/blob/main/Data/2025/Lineup/Saudi%20Arabia_Results.json,MIT,third_party_recorded,False,True,False,third_party_recorded,historical_fantasy_scores_v3_recorded_2023_2026
2025,5,Saudi Arabian Grand Prix,2025-04-20,driver,hadjar,jm1261/Fantasy-F1-League:2025:driver:Hadjar,Isack Hadjar,HAD,Racing Bulls,8.0,,,,,,5.1,jm1261/Fantasy-F1-League,https://github.com/jm1261/Fantasy-F1-League/blob/main/Data/2025/Lineup/Saudi%20Arabia_Results.json,MIT,third_party_recorded,False,True,False,third_party_recorded,historical_fantasy_scores_v3_recorded_2023_2026
2025,5,Saudi Arabian Grand Prix,2025-04-20,driver,hamilton,jm1261/Fantasy-F1-League:2025:driver:Hamilton,Lewis Hamilton,HAM,Ferrari,14.0,,,,,,23.2,jm1261/Fantasy-F1-League,https://github.com/jm1261/Fantasy-F1-League/blob/main/Data/2025/Lineup/Saudi%20Arabia_Results.json,MIT,third_party_recorded,False,True,False,third_party_recorded,historical_fantasy_scores_v3_recorded_2023_2026
2025,5,Saudi Arabian Grand Prix,2025-04-20,driver,hulkenberg,jm1261/Fantasy-F1-League:2025:driver:Hulkenberg,Nico Hülkenberg,HUL,Kick Sauber,3.0,,,,,,7.2,jm1261/Fantasy-F1-League,https://github.com/jm1261/Fantasy-F1-League/blob/main/Data/2025/Lineup/Saudi%20Arabia_Results.json,MIT,third_party_recorded,False,True,False,third_party_recorded,historical_fantasy_scores_v3_recorded_2023_2026
2025,5,Saudi Arabian Grand Prix,2025-04-20,driver,lawson,jm1261/Fantasy-F1-League:2025:driver:Lawson,Liam Lawson,LAW,Racing Bulls,5.0,,,,,,7.2,jm1261/Fantasy-F1-League,https://github.com/jm1261/Fantasy-F1-League/blob/main/Data/2025/Lineup/Saudi%20Arabia_Results.json,MIT,third_party_recorded,False,True,False,third_party_recorded,historical_fantasy_scores_v3_recorded_2023_2026
2025,5,Saudi Arabian Grand Prix,2025-04-20,driver,leclerc,jm1261/Fantasy-F1-League:2025:driver:Leclerc,Charles Leclerc,LEC,Ferrari,25.0,,,,,,24.7,jm1261/Fantasy-F1-League,https://github.com/jm1261/Fantasy-F1-League/blob/main/Data/2025/Lineup/Saudi%20Arabia_Results.json,MIT,third_party_recorded,False,True,False,third_party_recorded,historical_fantasy_scores_v3_recorded_2023_2026
2025,5,Saudi Arabian Grand Prix,2025-04-20,driver,max_verstappen,jm1261/Fantasy-F1-League:2025:driver:Verstappen,Max Verstappen,VER,Red Bull,38.0,,,,,,28.8,jm1261/Fantasy-F1-League,https://github.com/jm1261/Fantasy-F1-League/blob/main/Data/2025/Lineup/Saudi%20Arabia_Results.json,MIT,third_party_recorded,False,True,False,third_party_recorded,historical_fantasy_scores_v3_recorded_2023_2026
2025,5,Saudi Arabian Grand Prix,2025-04-20,driver,norris,jm1261/Fantasy-F1-League:2025:driver:Norris,Lando Norris,NOR,McLaren,36.0,,,,,,30.0,jm1261/Fantasy-F1-League,https://github.com/jm1261/Fantasy-F1-League/blob/main/Data/2025/Lineup/Saudi%20Arabia_Results.json,MIT,third_party_recorded,False,True,False,third_party_recorded,historical_fantasy_scores_v3_recorded_2023_2026
2025,5,Saudi Arabian Grand Prix,2025-04-20,driver,ocon,jm1261/Fantasy-F1-League:2025:driver:Ocon,Esteban Ocon,OCO,Haas,6.0,,,,,,9.3,jm1261/Fantasy-F1-League,https://github.com/jm1261/Fantasy-F1-League/blob/main/Data/2025/Lineup/Saudi%20Arabia_Results.json,MIT,third_party_recorded,False,True,False,third_party_recorded,historical_fantasy_scores_v3_recorded_2023_2026
2025,5,Saudi Arabian Grand Prix,2025-04-20,driver,piastri,jm1261/Fantasy-F1-League:2025:driver:Piastri,Oscar Piastri,PIA,McLaren,38.0,,,,,,23.4,jm1261/Fantasy-F1-League,https://github.com/jm1261/Fantasy-F1-League/blob/main/Data/2025/Lineup/Saudi%20Arabia_Results.json,MIT,third_party_recorded,False,True,False,third_party_recorded,historical_fantasy_scores_v3_recorded_2023_2026
2025,5,Saudi Arabian Grand Prix,2025-04-20,driver,russell,jm1261/Fantasy-F1-League:2025:driver:Russell,George Russell,RUS,Mercedes,16.0,,,,,,22.0,jm1261/Fantasy-F1-League,https://github.com/jm1261/Fantasy-F1-League/blob/main/Data/2025/Lineup/Saudi%20Arabia_Results.json,MIT,third_party_recorded,False,True,False,third_party_recorded,historical_fantasy_scores_v3_recorded_2023_2026
2025,5,Saudi Arabian Grand Prix,2025-04-20,driver,sainz,jm1261/Fantasy-F1-League:2025:driver:Sainz,Carlos Sainz,SAI,Williams,12.0,,,,,,10.7,jm1261/Fantasy-F1-League,https://github.com/jm1261/Fantasy-F1-League/blob/main/Data/2025/Lineup/Saudi%20Arabia_Results.json,MIT,third_party_recorded,False,True,False,third_party_recorded,historical_fantasy_scores_v3_recorded_2023_2026
2025,5,Saudi Arabian Grand Prix,2025-04-20,driver,stroll,jm1261/Fantasy-F1-League:2025:driver:Stroll,Lance Stroll,STR,Aston Martin,1.0,,,,,,9.7,jm1261/Fantasy-F1-League,https://github.com/jm1261/Fantasy-F1-League/blob/main/Data/2025/Lineup/Saudi%20Arabia_Results.json,MIT,third_party_recorded,False,True,False,third_party_recorded,historical_fantasy_scores_v3_recorded_2023_2026
2025,5,Saudi Arabian Grand Prix,2025-04-20,driver,tsunoda,jm1261/Fantasy-F1-League:2025:driver:Tsunoda,Yuki Tsunoda,TSU,Red Bull,-17.0,,,,,,16.4,jm1261/Fantasy-F1-League,https://github.com/jm1261/Fantasy-F1-League/blob/main/Data/2025/Lineup/Saudi%20Arabia_Results.json,MIT,third_party_recorded,False,True,False,third_party_recorded,historical_fantasy_scores_v3_recorded_2023_2026
2025,6,Miami Grand Prix,2025-05-04,constructor,alpine,jm1261/Fantasy-F1-League:2025:constructor:Alpine,Alpine,ALP,,10.0,,,,,,8.1,jm1261/Fantasy-F1-League,https://github.com/jm1261/Fantasy-F1-League/blob/main/Data/2025/Lineup/Miami_Results.json,MIT,third_party_recorded,False,True,False,third_party_recorded,historical_fantasy_scores_v3_recorded_2023_2026
2025,6,Miami Grand Prix,2025-05-04,constructor,aston_martin,jm1261/Fantasy-F1-League:2025:constructor:Aston Martin,Aston Martin,AMR,,13.0,,,,,,8.3,jm1261/Fantasy-F1-League,https://github.com/jm1261/Fantasy-F1-League/blob/main/Data/2025/Lineup/Miami_Results.json,MIT,third_party_recorded,False,True,False,third_party_recorded,historical_fantasy_scores_v3_recorded_2023_2026
2025,6,Miami Grand Prix,2025-05-04,constructor,ferrari,jm1261/Fantasy-F1-League:2025:constructor:Ferrari,Ferrari,FER,,34.0,,,,,,27.6,jm1261/Fantasy-F1-League,https://github.com/jm1261/Fantasy-F1-League/blob/main/Data/2025/Lineup/Miami_Results.json,MIT,third_party_recorded,False,True,False,third_party_recorded,historical_fantasy_scores_v3_recorded_2023_2026
2025,6,Miami Grand Prix,2025-05-04,constructor,haas,jm1261/Fantasy-F1-League:2025:constructor:Haas,Haas,HAS,,8.0,,,,,,10.0,jm1261/Fantasy-F1-League,https://github.com/jm1261/Fantasy-F1-League/blob/main/Data/2025/Lineup/Miami_Results.json,MIT,third_party_recorded,False,True,False,third_party_recorded,historical_fantasy_scores_v3_recorded_2023_2026
2025,6,Miami Grand Prix,2025-05-04,constructor,mclaren,jm1261/Fantasy-F1-League:2025:constructor:McLaren,McLaren,MCL,,118.0,,,,,,31.5,jm1261/Fantasy-F1-League,https://github.com/jm1261/Fantasy-F1-League/blob/main/Data/2025/Lineup/Miami_Results.json,MIT,third_party_recorded,False,True,False,third_party_recorded,historical_fantasy_scores_v3_recorded_2023_2026
2025,6,Miami Grand Prix,2025-05-04,constructor,mercedes,jm1261/Fantasy-F1-League:2025:constructor:Mercedes,Mercedes,MER,,51.0,,,,,,24.2,jm1261/Fantasy-F1-League,https://github.com/jm1261/Fantasy-F1-League/blob/main/Data/2025/Lineup/Miami_Results.json,MIT,third_party_recorded,False,True,False,third_party_recorded,historical_fantasy_scores_v3_recorded_2023_2026
2025,6,Miami Grand Prix,2025-05-04,constructor,rb,jm1261/Fantasy-F1-League:2025:constructor:Racing Bulls,Racing Bulls,RB,,-6.0,,,,,,9.8,jm1261/Fantasy-F1-League,https://github.com/jm1261/Fantasy-F1-League/blob/main/Data/2025/Lineup/Miami_Results.json,MIT,third_party_recorded,False,True,False,third_party_recorded,historical_fantasy_scores_v3_recorded_2023_2026
2025,6,Miami Grand Prix,2025-05-04,constructor,red_bull,jm1261/Fantasy-F1-League:2025:constructor:Red Bull,Red Bull,RBR,,60.0,,,,,,26.3,jm1261/Fantasy-F1-League,https://github.com/jm1261/Fantasy-F1-League/blob/main/Data/2025/Lineup/Miami_Results.json,MIT,third_party_recorded,False,True,False,third_party_recorded,historical_fantasy_scores_v3_recorded_2023_2026
2025,6,Miami Grand Prix,2025-05-04,constructor,sauber,jm1261/Fantasy-F1-League:2025:constructor:Kick Sauber,Kick Sauber,SAU,,9.0,,,,,,4.8,jm1261/Fantasy-F1-League,https://github.com/jm1261/Fantasy-F1-League/blob/main/Data/2025/Lineup/Miami_Results.json,MIT,third_party_recorded,False,True,False,third_party_recorded,historical_fantasy_scores_v3_recorded_2023_2026
2025,6,Miami Grand Prix,2025-05-04,constructor,williams,jm1261/Fantasy-F1-League:2025:constructor:Williams,Williams,WIL,,31.0,,,,,,15.3,jm1261/Fantasy-F1-League,https://github.com/jm1261/Fantasy-F1-League/blob/main/Data/2025/Lineup/Miami_Results.json,MIT,third_party_recorded,False,True,False,third_party_recorded,historical_fantasy_scores_v3_recorded_2023_2026
2025,6,Miami Grand Prix,2025-05-04,driver,albon,jm1261/Fantasy-F1-League:2025:driver:Albon,Alexander Albon,ALB,Williams,19.0,,,,,,12.6,jm1261/Fantasy-F1-League,https://github.com/jm1261/Fantasy-F1-League/blob/main/Data/2025/Lineup/Miami_Results.json,MIT,third_party_recorded,False,True,False,third_party_recorded,historical_fantasy_scores_v3_recorded_2023_2026
2025,6,Miami Grand Prix,2025-05-04,driver,alonso,jm1261/Fantasy-F1-League:2025:driver:Alonso,Fernando Alonso,ALO,Aston Martin,-13.0,,,,,,6.1,jm1261/Fantasy-F1-League,https://github.com/jm1261/Fantasy-F1-League/blob/main/Data/2025/Lineup/Miami_Results.json,MIT,third_party_recorded,False,True,False,third_party_recorded,historical_fantasy_scores_v3_recorded_2023_2026
2025,6,Miami Grand Prix,2025-05-04,driver,antonelli,jm1261/Fantasy-F1-League:2025:driver:Antonelli,Andrea Kimi Antonelli,ANT,Mercedes,11.0,,,,,,19.6,jm1261/Fantasy-F1-League,https://github.com/jm1261/Fantasy-F1-League/blob/main/Data/2025/Lineup/Miami_Results.json,MIT,third_party_recorded,False,True,False,third_party_recorded,historical_fantasy_scores_v3_recorded_2023_2026
2025,6,Miami Grand Prix,2025-05-04,driver,bearman,jm1261/Fantasy-F1-League:2025:driver:Bearman,Oliver Bearman,BEA,Haas,-4.0,,,,,,8.5,jm1261/Fantasy-F1-League,https://github.com/jm1261/Fantasy-F1-League/blob/main/Data/2025/Lineup/Miami_Results.json,MIT,third_party_recorded,False,True,False,third_party_recorded,historical_fantasy_scores_v3_recorded_2023_2026
2025,6,Miami Grand Prix,2025-05-04,driver,bortoleto,jm1261/Fantasy-F1-League:2025:driver:Bortoleto,Gabriel Bortoleto,BOR,Kick Sauber,-11.0,,,,,,4.5,jm1261/Fantasy-F1-League,https://github.com/jm1261/Fantasy-F1-League/blob/main/Data/2025/Lineup/Miami_Results.json,MIT,third_party_recorded,False,True,False,third_party_recorded,historical_fantasy_scores_v3_recorded_2023_2026
2025,6,Miami Grand Prix,2025-05-04,driver,doohan,jm1261/Fantasy-F1-League:2025:driver:Doohan,Jack Doohan,DOO,Alpine,-14.0,,,,,,5.0,jm1261/Fantasy-F1-League,https://github.com/jm1261/Fantasy-F1-League/blob/main/Data/2025/Lineup/Miami_Results.json,MIT,third_party_recorded,False,True,False,third_party_recorded,historical_fantasy_scores_v3_recorded_2023_2026
2025,6,Miami Grand Prix,2025-05-04,driver,gasly,jm1261/Fantasy-F1-League:2025:driver:Gasly,Pierre Gasly,GAS,Alpine,18.0,,,,,,8.8,jm1261/Fantasy-F1-League,https://github.com/jm1261/Fantasy-F1-League/blob/main/Data/2025/Lineup/Miami_Results.json,MIT,third_party_recorded,False,True,False,third_party_recorded,historical_fantasy_scores_v3_recorded_2023_2026
2025,6,Miami Grand Prix,2025-05-04,driver,hadjar,jm1261/Fantasy-F1-League:2025:driver:Hadjar,Isack Hadjar,HAD,Racing Bulls,0.0,,,,,,5.7,jm1261/Fantasy-F1-League,https://github.com/jm1261/Fantasy-F1-League/blob/main/Data/2025/Lineup/Miami_Results.json,MIT,third_party_recorded,False,True,False,third_party_recorded,historical_fantasy_scores_v3_recorded_2023_2026
2025,6,Miami Grand Prix,2025-05-04,driver,hamilton,jm1261/Fantasy-F1-League:2025:driver:Hamilton,Lewis Hamilton,HAM,Ferrari,32.0,,,,,,23.3,jm1261/Fantasy-F1-League,https://github.com/jm1261/Fantasy-F1-League/blob/main/Data/2025/Lineup/Miami_Results.json,MIT,third_party_recorded,False,True,False,third_party_recorded,historical_fantasy_scores_v3_recorded_2023_2026
2025,6,Miami Grand Prix,2025-05-04,driver,hulkenberg,jm1261/Fantasy-F1-League:2025:driver:Hulkenberg,Nico Hülkenberg,HUL,Kick Sauber,9.0,,,,,,6.6,jm1261/Fantasy-F1-League,https://github.com/jm1261/Fantasy-F1-League/blob/main/Data/2025/Lineup/Miami_Results.json,MIT,third_party_recorded,False,True,False,third_party_recorded,historical_fantasy_scores_v3_recorded_2023_2026
2025,6,Miami Grand Prix,2025-05-04,driver,lawson,jm1261/Fantasy-F1-League:2025:driver:Lawson,Liam Lawson,LAW,Racing Bulls,-14.0,,,,,,6.6,jm1261/Fantasy-F1-League,https://github.com/jm1261/Fantasy-F1-League/blob/main/Data/2025/Lineup/Miami_Results.json,MIT,third_party_recorded,False,True,False,third_party_recorded,historical_fantasy_scores_v3_recorded_2023_2026
2025,6,Miami Grand Prix,2025-05-04,driver,leclerc,jm1261/Fantasy-F1-League:2025:driver:Leclerc,Charles Leclerc,LEC,Ferrari,-8.0,,,,,,24.6,jm1261/Fantasy-F1-League,https://github.com/jm1261/Fantasy-F1-League/blob/main/Data/2025/Lineup/Miami_Results.json,MIT,third_party_recorded,False,True,False,third_party_recorded,historical_fantasy_scores_v3_recorded_2023_2026
2025,6,Miami Grand Prix,2025-05-04,driver,max_verstappen,jm1261/Fantasy-F1-League:2025:driver:Verstappen,Max Verstappen,VER,Red Bull,12.0,,,,,,28.9,jm1261/Fantasy-F1-League,https://github.com/jm1261/Fantasy-F1-League/blob/main/Data/2025/Lineup/Miami_Results.json,MIT,third_party_recorded,False,True,False,third_party_recorded,historical_fantasy_scores_v3_recorded_2023_2026
2025,6,Miami Grand Prix,2025-05-04,driver,norris,jm1261/Fantasy-F1-League:2025:driver:Norris,Lando Norris,NOR,McLaren,55.0,,,,,,30.1,jm1261/Fantasy-F1-League,https://github.com/jm1261/Fantasy-F1-League/blob/main/Data/2025/Lineup/Miami_Results.json,MIT,third_party_recorded,False,True,False,third_party_recorded,historical_fantasy_scores_v3_recorded_2023_2026
2025,6,Miami Grand Prix,2025-05-04,driver,ocon,jm1261/Fantasy-F1-League:2025:driver:Ocon,Esteban Ocon,OCO,Haas,7.0,,,,,,9.1,jm1261/Fantasy-F1-League,https://github.com/jm1261/Fantasy-F1-League/blob/main/Data/2025/Lineup/Miami_Results.json,MIT,third_party_recorded,False,True,False,third_party_recorded,historical_fantasy_scores_v3_recorded_2023_2026
2025,6,Miami Grand Prix,2025-05-04,driver,piastri,jm1261/Fantasy-F1-League:2025:driver:Piastri,Oscar Piastri,PIA,McLaren,58.0,,,,,,23.7,jm1261/Fantasy-F1-League,https://github.com/jm1261/Fantasy-F1-League/blob/main/Data/2025/Lineup/Miami_Results.json,MIT,third_party_recorded,False,True,False,third_party_recorded,historical_fantasy_scores_v3_recorded_2023_2026
2025,6,Miami Grand Prix,2025-05-04,driver,russell,jm1261/Fantasy-F1-League:2025:driver:Russell,George Russell,RUS,Mercedes,30.0,,,,,,22.1,jm1261/Fantasy-F1-League,https://github.com/jm1261/Fantasy-F1-League/blob/main/Data/2025/Lineup/Miami_Results.json,MIT,third_party_recorded,False,True,False,third_party_recorded,historical_fantasy_scores_v3_recorded_2023_2026
2025,6,Miami Grand Prix,2025-05-04,driver,sainz,jm1261/Fantasy-F1-League:2025:driver:Sainz,Carlos Sainz,SAI,Williams,0.0,,,,,,10.1,jm1261/Fantasy-F1-League,https://github.com/jm1261/Fantasy-F1-League/blob/main/Data/2025/Lineup/Miami_Results.json,MIT,third_party_recorded,False,True,False,third_party_recorded,historical_fantasy_scores_v3_recorded_2023_2026
2025,6,Miami Grand Prix,2025-05-04,driver,stroll,jm1261/Fantasy-F1-League:2025:driver:Stroll,Lance Stroll,STR,Aston Martin,25.0,,,,,,9.1,jm1261/Fantasy-F1-League,https://github.com/jm1261/Fantasy-F1-League/blob/main/Data/2025/Lineup/Miami_Results.json,MIT,third_party_recorded,False,True,False,third_party_recorded,historical_fantasy_scores_v3_recorded_2023_2026
2025,6,Miami Grand Prix,2025-05-04,driver,tsunoda,jm1261/Fantasy-F1-League:2025:driver:Tsunoda,Yuki Tsunoda,TSU,Red Bull,33.0,,,,,,15.8,jm1261/Fantasy-F1-League,https://github.com/jm1261/Fantasy-F1-League/blob/main/Data/2025/Lineup/Miami_Results.json,MIT,third_party_recorded,False,True,False,third_party_recorded,historical_fantasy_scores_v3_recorded_2023_2026
2025,7,Emilia Romagna Grand Prix,2025-05-18,constructor,alpine,jm1261/Fantasy-F1-League:2025:constructor:Alpine,Alpine,ALP,,10.0,,,,,,8.3,jm1261/Fantasy-F1-League,https://github.com/jm1261/Fantasy-F1-League/blob/main/Data/2025/Lineup/Emilia%20Romagna_Results.json,MIT,third_party_recorded,False,True,False,third_party_recorded,historical_fantasy_scores_v3_recorded_2023_2026
2025,7,Emilia Romagna Grand Prix,2025-05-18,constructor,aston_martin,jm1261/Fantasy-F1-League:2025:constructor:Aston Martin,Aston Martin,AMR,,14.0,,,,,,8.9,jm1261/Fantasy-F1-League,https://github.com/jm1261/Fantasy-F1-League/blob/main/Data/2025/Lineup/Emilia%20Romagna_Results.json,MIT,third_party_recorded,False,True,False,third_party_recorded,historical_fantasy_scores_v3_recorded_2023_2026
2025,7,Emilia Romagna Grand Prix,2025-05-18,constructor,ferrari,jm1261/Fantasy-F1-League:2025:constructor:Ferrari,Ferrari,FER,,67.0,,,,,,27.9,jm1261/Fantasy-F1-League,https://github.com/jm1261/Fantasy-F1-League/blob/main/Data/2025/Lineup/Emilia%20Romagna_Results.json,MIT,third_party_recorded,False,True,False,third_party_recorded,historical_fantasy_scores_v3_recorded_2023_2026
2025,7,Emilia Romagna Grand Prix,2025-05-18,constructor,haas,jm1261/Fantasy-F1-League:2025:constructor:Haas,Haas,HAS,,-13.0,,,,,,10.6,jm1261/Fantasy-F1-League,https://github.com/jm1261/Fantasy-F1-League/blob/main/Data/2025/Lineup/Emilia%20Romagna_Results.json,MIT,third_party_recorded,False,True,False,third_party_recorded,historical_fantasy_scores_v3_recorded_2023_2026
2025,7,Emilia Romagna Grand Prix,2025-05-18,constructor,mclaren,jm1261/Fantasy-F1-League:2025:constructor:McLaren,McLaren,MCL,,82.0,,,,,,31.8,jm1261/Fantasy-F1-League,https://github.com/jm1261/Fantasy-F1-League/blob/main/Data/2025/Lineup/Emilia%20Romagna_Results.json,MIT,third_party_recorded,False,True,False,third_party_recorded,historical_fantasy_scores_v3_recorded_2023_2026
2025,7,Emilia Romagna Grand Prix,2025-05-18,constructor,mercedes,jm1261/Fantasy-F1-League:2025:constructor:Mercedes,Mercedes,MER,,6.0,,,,,,24.5,jm1261/Fantasy-F1-League,https://github.com/jm1261/Fantasy-F1-League/blob/main/Data/2025/Lineup/Emilia%20Romagna_Results.json,MIT,third_party_recorded,False,True,False,third_party_recorded,historical_fantasy_scores_v3_recorded_2023_2026
2025,7,Emilia Romagna Grand Prix,2025-05-18,constructor,rb,jm1261/Fantasy-F1-League:2025:constructor:Racing Bulls,Racing Bulls,RB,,24.0,,,,,,10.0,jm1261/Fantasy-F1-League,https://github.com/jm1261/Fantasy-F1-League/blob/main/Data/2025/Lineup/Emilia%20Romagna_Results.json,MIT,third_party_recorded,False,True,False,third_party_recorded,historical_fantasy_scores_v3_recorded_2023_2026
2025,7,Emilia Romagna Grand Prix,2025-05-18,constructor,red_bull,jm1261/Fantasy-F1-League:2025:constructor:Red Bull,Red Bull,RBR,,71.0,,,,,,26.6,jm1261/Fantasy-F1-League,https://github.com/jm1261/Fantasy-F1-League/blob/main/Data/2025/Lineup/Emilia%20Romagna_Results.json,MIT,third_party_recorded,False,True,False,third_party_recorded,historical_fantasy_scores_v3_recorded_2023_2026
2025,7,Emilia Romagna Grand Prix,2025-05-18,constructor,sauber,jm1261/Fantasy-F1-League:2025:constructor:Kick Sauber,Kick Sauber,SAU,,13.0,,,,,,4.5,jm1261/Fantasy-F1-League,https://github.com/jm1261/Fantasy-F1-League/blob/main/Data/2025/Lineup/Emilia%20Romagna_Results.json,MIT,third_party_recorded,False,True,False,third_party_recorded,historical_fantasy_scores_v3_recorded_2023_2026
2025,7,Emilia Romagna Grand Prix,2025-05-18,constructor,williams,jm1261/Fantasy-F1-League:2025:constructor:Williams,Williams,WIL,,42.0,,,,,,15.9,jm1261/Fantasy-F1-League,https://github.com/jm1261/Fantasy-F1-League/blob/main/Data/2025/Lineup/Emilia%20Romagna_Results.json,MIT,third_party_recorded,False,True,False,third_party_recorded,historical_fantasy_scores_v3_recorded_2023_2026
2025,7,Emilia Romagna Grand Prix,2025-05-18,driver,albon,jm1261/Fantasy-F1-League:2025:driver:Albon,Alexander Albon,ALB,Williams,18.0,,,,,,12.8,jm1261/Fantasy-F1-League,https://github.com/jm1261/Fantasy-F1-League/blob/main/Data/2025/Lineup/Emilia%20Romagna_Results.json,MIT,third_party_recorded,False,True,False,third_party_recorded,historical_fantasy_scores_v3_recorded_2023_2026
2025,7,Emilia Romagna Grand Prix,2025-05-18,driver,alonso,jm1261/Fantasy-F1-League:2025:driver:Alonso,Fernando Alonso,ALO,Aston Martin,4.0,,,,,,5.6,jm1261/Fantasy-F1-League,https://github.com/jm1261/Fantasy-F1-League/blob/main/Data/2025/Lineup/Emilia%20Romagna_Results.json,MIT,third_party_recorded,False,True,False,third_party_recorded,historical_fantasy_scores_v3_recorded_2023_2026
2025,7,Emilia Romagna Grand Prix,2025-05-18,driver,antonelli,jm1261/Fantasy-F1-League:2025:driver:Antonelli,Andrea Kimi Antonelli,ANT,Mercedes,-19.0,,,,,,19.5,jm1261/Fantasy-F1-League,https://github.com/jm1261/Fantasy-F1-League/blob/main/Data/2025/Lineup/Emilia%20Romagna_Results.json,MIT,third_party_recorded,False,True,False,third_party_recorded,historical_fantasy_scores_v3_recorded_2023_2026
2025,7,Emilia Romagna Grand Prix,2025-05-18,driver,bearman,jm1261/Fantasy-F1-League:2025:driver:Bearman,Oliver Bearman,BEA,Haas,4.0,,,,,,8.7,jm1261/Fantasy-F1-League,https://github.com/jm1261/Fantasy-F1-League/blob/main/Data/2025/Lineup/Emilia%20Romagna_Results.json,MIT,third_party_recorded,False,True,False,third_party_recorded,historical_fantasy_scores_v3_recorded_2023_2026
2025,7,Emilia Romagna Grand Prix,2025-05-18,driver,bortoleto,jm1261/Fantasy-F1-League:2025:driver:Bortoleto,Gabriel Bortoleto,BOR,Kick Sauber,-2.0,,,,,,4.5,jm1261/Fantasy-F1-League,https://github.com/jm1261/Fantasy-F1-League/blob/main/Data/2025/Lineup/Emilia%20Romagna_Results.json,MIT,third_party_recorded,False,True,False,third_party_recorded,historical_fantasy_scores_v3_recorded_2023_2026
2025,7,Emilia Romagna Grand Prix,2025-05-18,driver,colapinto,jm1261/Fantasy-F1-League:2025:driver:Colapinto,Franco Colapinto,COL,Alpine,0.0,,,,,,4.5,jm1261/Fantasy-F1-League,https://github.com/jm1261/Fantasy-F1-League/blob/main/Data/2025/Lineup/Emilia%20Romagna_Results.json,MIT,third_party_recorded,False,True,False,third_party_recorded,historical_fantasy_scores_v3_recorded_2023_2026
2025,7,Emilia Romagna Grand Prix,2025-05-18,driver,gasly,jm1261/Fantasy-F1-League:2025:driver:Gasly,Pierre Gasly,GAS,Alpine,3.0,,,,,,8.2,jm1261/Fantasy-F1-League,https://github.com/jm1261/Fantasy-F1-League/blob/main/Data/2025/Lineup/Emilia%20Romagna_Results.json,MIT,third_party_recorded,False,True,False,third_party_recorded,historical_fantasy_scores_v3_recorded_2023_2026
2025,7,Emilia Romagna Grand Prix,2025-05-18,driver,hadjar,jm1261/Fantasy-F1-League:2025:driver:Hadjar,Isack Hadjar,HAD,Racing Bulls,6.0,,,,,,5.5,jm1261/Fantasy-F1-League,https://github.com/jm1261/Fantasy-F1-League/blob/main/Data/2025/Lineup/Emilia%20Romagna_Results.json,MIT,third_party_recorded,False,True,False,third_party_recorded,historical_fantasy_scores_v3_recorded_2023_2026
2025,7,Emilia Romagna Grand Prix,2025-05-18,driver,hamilton,jm1261/Fantasy-F1-League:2025:driver:Hamilton,Lewis Hamilton,HAM,Ferrari,25.0,,,,,,23.6,jm1261/Fantasy-F1-League,https://github.com/jm1261/Fantasy-F1-League/blob/main/Data/2025/Lineup/Emilia%20Romagna_Results.json,MIT,third_party_recorded,False,True,False,third_party_recorded,historical_fantasy_scores_v3_recorded_2023_2026
2025,7,Emilia Romagna Grand Prix,2025-05-18,driver,hulkenberg,jm1261/Fantasy-F1-League:2025:driver:Hulkenberg,Nico Hülkenberg,HUL,Kick Sauber,9.0,,,,,,6.0,jm1261/Fantasy-F1-League,https://github.com/jm1261/Fantasy-F1-League/blob/main/Data/2025/Lineup/Emilia%20Romagna_Results.json,MIT,third_party_recorded,False,True,False,third_party_recorded,historical_fantasy_scores_v3_recorded_2023_2026
2025,7,Emilia Romagna Grand Prix,2025-05-18,driver,lawson,jm1261/Fantasy-F1-League:2025:driver:Lawson,Liam Lawson,LAW,Racing Bulls,3.0,,,,,,6.0,jm1261/Fantasy-F1-League,https://github.com/jm1261/Fantasy-F1-League/blob/main/Data/2025/Lineup/Emilia%20Romagna_Results.json,MIT,third_party_recorded,False,True,False,third_party_recorded,historical_fantasy_scores_v3_recorded_2023_2026
2025,7,Emilia Romagna Grand Prix,2025-05-18,driver,leclerc,jm1261/Fantasy-F1-League:2025:driver:Leclerc,Charles Leclerc,LEC,Ferrari,24.0,,,,,,24.3,jm1261/Fantasy-F1-League,https://github.com/jm1261/Fantasy-F1-League/blob/main/Data/2025/Lineup/Emilia%20Romagna_Results.json,MIT,third_party_recorded,False,True,False,third_party_recorded,historical_fantasy_scores_v3_recorded_2023_2026
2025,7,Emilia Romagna Grand Prix,2025-05-18,driver,max_verstappen,jm1261/Fantasy-F1-League:2025:driver:Verstappen,Max Verstappen,VER,Red Bull,57.0,,,,,,28.8,jm1261/Fantasy-F1-League,https://github.com/jm1261/Fantasy-F1-League/blob/main/Data/2025/Lineup/Emilia%20Romagna_Results.json,MIT,third_party_recorded,False,True,False,third_party_recorded,historical_fantasy_scores_v3_recorded_2023_2026
2025,7,Emilia Romagna Grand Prix,2025-05-18,driver,norris,jm1261/Fantasy-F1-League:2025:driver:Norris,Lando Norris,NOR,McLaren,31.0,,,,,,30.4,jm1261/Fantasy-F1-League,https://github.com/jm1261/Fantasy-F1-League/blob/main/Data/2025/Lineup/Emilia%20Romagna_Results.json,MIT,third_party_recorded,False,True,False,third_party_recorded,historical_fantasy_scores_v3_recorded_2023_2026
2025,7,Emilia Romagna Grand Prix,2025-05-18,driver,ocon,jm1261/Fantasy-F1-League:2025:driver:Ocon,Esteban Ocon,OCO,Haas,-18.0,,,,,,9.3,jm1261/Fantasy-F1-League,https://github.com/jm1261/Fantasy-F1-League/blob/main/Data/2025/Lineup/Emilia%20Romagna_Results.json,MIT,third_party_recorded,False,True,False,third_party_recorded,historical_fantasy_scores_v3_recorded_2023_2026
2025,7,Emilia Romagna Grand Prix,2025-05-18,driver,piastri,jm1261/Fantasy-F1-League:2025:driver:Piastri,Oscar Piastri,PIA,McLaren,31.0,,,,,,24.0,jm1261/Fantasy-F1-League,https://github.com/jm1261/Fantasy-F1-League/blob/main/Data/2025/Lineup/Emilia%20Romagna_Results.json,MIT,third_party_recorded,False,True,False,third_party_recorded,historical_fantasy_scores_v3_recorded_2023_2026
2025,7,Emilia Romagna Grand Prix,2025-05-18,driver,russell,jm1261/Fantasy-F1-League:2025:driver:Russell,George Russell,RUS,Mercedes,15.0,,,,,,22.2,jm1261/Fantasy-F1-League,https://github.com/jm1261/Fantasy-F1-League/blob/main/Data/2025/Lineup/Emilia%20Romagna_Results.json,MIT,third_party_recorded,False,True,False,third_party_recorded,historical_fantasy_scores_v3_recorded_2023_2026
2025,7,Emilia Romagna Grand Prix,2025-05-18,driver,sainz,jm1261/Fantasy-F1-League:2025:driver:Sainz,Carlos Sainz,SAI,Williams,12.0,,,,,,9.5,jm1261/Fantasy-F1-League,https://github.com/jm1261/Fantasy-F1-League/blob/main/Data/2025/Lineup/Emilia%20Romagna_Results.json,MIT,third_party_recorded,False,True,False,third_party_recorded,historical_fantasy_scores_v3_recorded_2023_2026
2025,7,Emilia Romagna Grand Prix,2025-05-18,driver,stroll,jm1261/Fantasy-F1-League:2025:driver:Stroll,Lance Stroll,STR,Aston Martin,-2.0,,,,,,9.7,jm1261/Fantasy-F1-League,https://github.com/jm1261/Fantasy-F1-League/blob/main/Data/2025/Lineup/Emilia%20Romagna_Results.json,MIT,third_party_recorded,False,True,False,third_party_recorded,historical_fantasy_scores_v3_recorded_2023_2026
2025,7,Emilia Romagna Grand Prix,2025-05-18,driver,tsunoda,jm1261/Fantasy-F1-League:2025:driver:Tsunoda,Yuki Tsunoda,TSU,Red Bull,9.0,,,,,,15.2,jm1261/Fantasy-F1-League,https://github.com/jm1261/Fantasy-F1-League/blob/main/Data/2025/Lineup/Emilia%20Romagna_Results.json,MIT,third_party_recorded,False,True,False,third_party_recorded,historical_fantasy_scores_v3_recorded_2023_2026
2025,8,Monaco Grand Prix,2025-05-25,constructor,alpine,jm1261/Fantasy-F1-League:2025:constructor:Alpine,Alpine,ALP,,-11.0,,,,,,7.7,jm1261/Fantasy-F1-League,https://github.com/jm1261/Fantasy-F1-League/blob/main/Data/2025/Lineup/Monaco_Results.json,MIT,third_party_recorded,False,True,False,third_party_recorded,historical_fantasy_scores_v3_recorded_2023_2026
2025,8,Monaco Grand Prix,2025-05-25,constructor,aston_martin,jm1261/Fantasy-F1-League:2025:constructor:Aston Martin,Aston Martin,AMR,,-4.0,,,,,,9.5,jm1261/Fantasy-F1-League,https://github.com/jm1261/Fantasy-F1-League/blob/main/Data/2025/Lineup/Monaco_Results.json,MIT,third_party_recorded,False,True,False,third_party_recorded,historical_fantasy_scores_v3_recorded_2023_2026
2025,8,Monaco Grand Prix,2025-05-25,constructor,ferrari,jm1261/Fantasy-F1-League:2025:constructor:Ferrari,Ferrari,FER,,71.0,,,,,,28.2,jm1261/Fantasy-F1-League,https://github.com/jm1261/Fantasy-F1-League/blob/main/Data/2025/Lineup/Monaco_Results.json,MIT,third_party_recorded,False,True,False,third_party_recorded,historical_fantasy_scores_v3_recorded_2023_2026
2025,8,Monaco Grand Prix,2025-05-25,constructor,haas,jm1261/Fantasy-F1-League:2025:constructor:Haas,Haas,HAS,,25.0,,,,,,10.0,jm1261/Fantasy-F1-League,https://github.com/jm1261/Fantasy-F1-League/blob/main/Data/2025/Lineup/Monaco_Results.json,MIT,third_party_recorded,False,True,False,third_party_recorded,historical_fantasy_scores_v3_recorded_2023_2026
2025,8,Monaco Grand Prix,2025-05-25,constructor,mclaren,jm1261/Fantasy-F1-League:2025:constructor:McLaren,McLaren,MCL,,83.0,,,,,,32.1,jm1261/Fantasy-F1-League,https://github.com/jm1261/Fantasy-F1-League/blob/main/Data/2025/Lineup/Monaco_Results.json,MIT,third_party_recorded,False,True,False,third_party_recorded,historical_fantasy_scores_v3_recorded_2023_2026
2025,8,Monaco Grand Prix,2025-05-25,constructor,mercedes,jm1261/Fantasy-F1-League:2025:constructor:Mercedes,Mercedes,MER,,9.0,,,,,,24.6,jm1261/Fantasy-F1-League,https://github.com/jm1261/Fantasy-F1-League/blob/main/Data/2025/Lineup/Monaco_Results.json,MIT,third_party_recorded,False,True,False,third_party_recorded,historical_fantasy_scores_v3_recorded_2023_2026
2025,8,Monaco Grand Prix,2025-05-25,constructor,rb,jm1261/Fantasy-F1-League:2025:constructor:Racing Bulls,Racing Bulls,RB,,31.0,,,,,,10.6,jm1261/Fantasy-F1-League,https://github.com/jm1261/Fantasy-F1-League/blob/main/Data/2025/Lineup/Monaco_Results.json,MIT,third_party_recorded,False,True,False,third_party_recorded,historical_fantasy_scores_v3_recorded_2023_2026
2025,8,Monaco Grand Prix,2025-05-25,constructor,red_bull,jm1261/Fantasy-F1-League:2025:constructor:Red Bull,Red Bull,RBR,,23.0,,,,,,26.9,jm1261/Fantasy-F1-League,https://github.com/jm1261/Fantasy-F1-League/blob/main/Data/2025/Lineup/Monaco_Results.json,MIT,third_party_recorded,False,True,False,third_party_recorded,historical_fantasy_scores_v3_recorded_2023_2026
2025,8,Monaco Grand Prix,2025-05-25,constructor,sauber,jm1261/Fantasy-F1-League:2025:constructor:Kick Sauber,Kick Sauber,SAU,,7.0,,,,,,5.1,jm1261/Fantasy-F1-League,https://github.com/jm1261/Fantasy-F1-League/blob/main/Data/2025/Lineup/Monaco_Results.json,MIT,third_party_recorded,False,True,False,third_party_recorded,historical_fantasy_scores_v3_recorded_2023_2026
2025,8,Monaco Grand Prix,2025-05-25,constructor,williams,jm1261/Fantasy-F1-League:2025:constructor:Williams,Williams,WIL,,16.0,,,,,,16.5,jm1261/Fantasy-F1-League,https://github.com/jm1261/Fantasy-F1-League/blob/main/Data/2025/Lineup/Monaco_Results.json,MIT,third_party_recorded,False,True,False,third_party_recorded,historical_fantasy_scores_v3_recorded_2023_2026
2025,8,Monaco Grand Prix,2025-05-25,driver,albon,jm1261/Fantasy-F1-League:2025:driver:Albon,Alexander Albon,ALB,Williams,4.0,,,,,,13.4,jm1261/Fantasy-F1-League,https://github.com/jm1261/Fantasy-F1-League/blob/main/Data/2025/Lineup/Monaco_Results.json,MIT,third_party_recorded,False,True,False,third_party_recorded,historical_fantasy_scores_v3_recorded_2023_2026
2025,8,Monaco Grand Prix,2025-05-25,driver,alonso,jm1261/Fantasy-F1-League:2025:driver:Alonso,Fernando Alonso,ALO,Aston Martin,-16.0,,,,,,5.0,jm1261/Fantasy-F1-League,https://github.com/jm1261/Fantasy-F1-League/blob/main/Data/2025/Lineup/Monaco_Results.json,MIT,third_party_recorded,False,True,False,third_party_recorded,historical_fantasy_scores_v3_recorded_2023_2026
2025,8,Monaco Grand Prix,2025-05-25,driver,antonelli,jm1261/Fantasy-F1-League:2025:driver:Antonelli,Andrea Kimi Antonelli,ANT,Mercedes,-2.0,,,,,,19.2,jm1261/Fantasy-F1-League,https://github.com/jm1261/Fantasy-F1-League/blob/main/Data/2025/Lineup/Monaco_Results.json,MIT,third_party_recorded,False,True,False,third_party_recorded,historical_fantasy_scores_v3_recorded_2023_2026
2025,8,Monaco Grand Prix,2025-05-25,driver,bearman,jm1261/Fantasy-F1-League:2025:driver:Bearman,Oliver Bearman,BEA,Haas,8.0,,,,,,8.1,jm1261/Fantasy-F1-League,https://github.com/jm1261/Fantasy-F1-League/blob/main/Data/2025/Lineup/Monaco_Results.json,MIT,third_party_recorded,False,True,False,third_party_recorded,historical_fantasy_scores_v3_recorded_2023_2026
2025,8,Monaco Grand Prix,2025-05-25,driver,bortoleto,jm1261/Fantasy-F1-League:2025:driver:Bortoleto,Gabriel Bortoleto,BOR,Kick Sauber,3.0,,,,,,4.5,jm1261/Fantasy-F1-League,https://github.com/jm1261/Fantasy-F1-League/blob/main/Data/2025/Lineup/Monaco_Results.json,MIT,third_party_recorded,False,True,False,third_party_recorded,historical_fantasy_scores_v3_recorded_2023_2026
2025,8,Monaco Grand Prix,2025-05-25,driver,colapinto,jm1261/Fantasy-F1-League:2025:driver:Colapinto,Franco Colapinto,COL,Alpine,5.0,,,,,,4.5,jm1261/Fantasy-F1-League,https://github.com/jm1261/Fantasy-F1-League/blob/main/Data/2025/Lineup/Monaco_Results.json,MIT,third_party_recorded,False,True,False,third_party_recorded,historical_fantasy_scores_v3_recorded_2023_2026
2025,8,Monaco Grand Prix,2025-05-25,driver,gasly,jm1261/Fantasy-F1-League:2025:driver:Gasly,Pierre Gasly,GAS,Alpine,-20.0,,,,,,7.6,jm1261/Fantasy-F1-League,https://github.com/jm1261/Fantasy-F1-League/blob/main/Data/2025/Lineup/Monaco_Results.json,MIT,third_party_recorded,False,True,False,third_party_recorded,historical_fantasy_scores_v3_recorded_2023_2026
2025,8,Monaco Grand Prix,2025-05-25,driver,hadjar,jm1261/Fantasy-F1-League:2025:driver:Hadjar,Isack Hadjar,HAD,Racing Bulls,12.0,,,,,,5.3,jm1261/Fantasy-F1-League,https://github.com/jm1261/Fantasy-F1-League/blob/main/Data/2025/Lineup/Monaco_Results.json,MIT,third_party_recorded,False,True,False,third_party_recorded,historical_fantasy_scores_v3_recorded_2023_2026
2025,8,Monaco Grand Prix,2025-05-25,driver,hamilton,jm1261/Fantasy-F1-League:2025:driver:Hamilton,Lewis Hamilton,HAM,Ferrari,19.0,,,,,,23.7,jm1261/Fantasy-F1-League,https://github.com/jm1261/Fantasy-F1-League/blob/main/Data/2025/Lineup/Monaco_Results.json,MIT,third_party_recorded,False,True,False,third_party_recorded,historical_fantasy_scores_v3_recorded_2023_2026
2025,8,Monaco Grand Prix,2025-05-25,driver,hulkenberg,jm1261/Fantasy-F1-League:2025:driver:Hulkenberg,Nico Hülkenberg,HUL,Kick Sauber,-2.0,,,,,,6.2,jm1261/Fantasy-F1-League,https://github.com/jm1261/Fantasy-F1-League/blob/main/Data/2025/Lineup/Monaco_Results.json,MIT,third_party_recorded,False,True,False,third_party_recorded,historical_fantasy_scores_v3_recorded_2023_2026
2025,8,Monaco Grand Prix,2025-05-25,driver,lawson,jm1261/Fantasy-F1-League:2025:driver:Lawson,Liam Lawson,LAW,Racing Bulls,7.0,,,,,,5.4,jm1261/Fantasy-F1-League,https://github.com/jm1261/Fantasy-F1-League/blob/main/Data/2025/Lineup/Monaco_Results.json,MIT,third_party_recorded,False,True,False,third_party_recorded,historical_fantasy_scores_v3_recorded_2023_2026
2025,8,Monaco Grand Prix,2025-05-25,driver,leclerc,jm1261/Fantasy-F1-League:2025:driver:Leclerc,Charles Leclerc,LEC,Ferrari,37.0,,,,,,24.0,jm1261/Fantasy-F1-League,https://github.com/jm1261/Fantasy-F1-League/blob/main/Data/2025/Lineup/Monaco_Results.json,MIT,third_party_recorded,False,True,False,third_party_recorded,historical_fantasy_scores_v3_recorded_2023_2026
2025,8,Monaco Grand Prix,2025-05-25,driver,max_verstappen,jm1261/Fantasy-F1-League:2025:driver:Verstappen,Max Verstappen,VER,Red Bull,18.0,,,,,,29.1,jm1261/Fantasy-F1-League,https://github.com/jm1261/Fantasy-F1-League/blob/main/Data/2025/Lineup/Monaco_Results.json,MIT,third_party_recorded,False,True,False,third_party_recorded,historical_fantasy_scores_v3_recorded_2023_2026
2025,8,Monaco Grand Prix,2025-05-25,driver,norris,jm1261/Fantasy-F1-League:2025:driver:Norris,Lando Norris,NOR,McLaren,45.0,,,,,,30.7,jm1261/Fantasy-F1-League,https://github.com/jm1261/Fantasy-F1-League/blob/main/Data/2025/Lineup/Monaco_Results.json,MIT,third_party_recorded,False,True,False,third_party_recorded,historical_fantasy_scores_v3_recorded_2023_2026
2025,8,Monaco Grand Prix,2025-05-25,driver,ocon,jm1261/Fantasy-F1-League:2025:driver:Ocon,Esteban Ocon,OCO,Haas,10.0,,,,,,8.7,jm1261/Fantasy-F1-League,https://github.com/jm1261/Fantasy-F1-League/blob/main/Data/2025/Lineup/Monaco_Results.json,MIT,third_party_recorded,False,True,False,third_party_recorded,historical_fantasy_scores_v3_recorded_2023_2026
2025,8,Monaco Grand Prix,2025-05-25,driver,piastri,jm1261/Fantasy-F1-League:2025:driver:Piastri,Oscar Piastri,PIA,McLaren,23.0,,,,,,24.3,jm1261/Fantasy-F1-League,https://github.com/jm1261/Fantasy-F1-League/blob/main/Data/2025/Lineup/Monaco_Results.json,MIT,third_party_recorded,False,True,False,third_party_recorded,historical_fantasy_scores_v3_recorded_2023_2026
2025,8,Monaco Grand Prix,2025-05-25,driver,russell,jm1261/Fantasy-F1-League:2025:driver:Russell,George Russell,RUS,Mercedes,3.0,,,,,,22.3,jm1261/Fantasy-F1-League,https://github.com/jm1261/Fantasy-F1-League/blob/main/Data/2025/Lineup/Monaco_Results.json,MIT,third_party_recorded,False,True,False,third_party_recorded,historical_fantasy_scores_v3_recorded_2023_2026
2025,8,Monaco Grand Prix,2025-05-25,driver,sainz,jm1261/Fantasy-F1-League:2025:driver:Sainz,Carlos Sainz,SAI,Williams,2.0,,,,,,9.3,jm1261/Fantasy-F1-League,https://github.com/jm1261/Fantasy-F1-League/blob/main/Data/2025/Lineup/Monaco_Results.json,MIT,third_party_recorded,False,True,False,third_party_recorded,historical_fantasy_scores_v3_recorded_2023_2026
2025,8,Monaco Grand Prix,2025-05-25,driver,stroll,jm1261/Fantasy-F1-League:2025:driver:Stroll,Lance Stroll,STR,Aston Martin,5.0,,,,,,9.5,jm1261/Fantasy-F1-League,https://github.com/jm1261/Fantasy-F1-League/blob/main/Data/2025/Lineup/Monaco_Results.json,MIT,third_party_recorded,False,True,False,third_party_recorded,historical_fantasy_scores_v3_recorded_2023_2026
2025,8,Monaco Grand Prix,2025-05-25,driver,tsunoda,jm1261/Fantasy-F1-League:2025:driver:Tsunoda,Yuki Tsunoda,TSU,Red Bull,-5.0,,,,,,14.6,jm1261/Fantasy-F1-League,https://github.com/jm1261/Fantasy-F1-League/blob/main/Data/2025/Lineup/Monaco_Results.json,MIT,third_party_recorded,False,True,False,third_party_recorded,historical_fantasy_scores_v3_recorded_2023_2026
2025,9,Spanish Grand Prix,2025-06-01,constructor,alpine,jm1261/Fantasy-F1-League:2025:constructor:Alpine,Alpine,ALP,,31.0,,,,,,7.1,jm1261/Fantasy-F1-League,https://github.com/jm1261/Fantasy-F1-League/blob/main/Data/2025/Lineup/Spain_Results.json,MIT,third_party_recorded,False,True,False,third_party_recorded,historical_fantasy_scores_v3_recorded_2023_2026
2025,9,Spanish Grand Prix,2025-06-01,constructor,aston_martin,jm1261/Fantasy-F1-League:2025:constructor:Aston Martin,Aston Martin,AMR,,1.0,,,,,,9.3,jm1261/Fantasy-F1-League,https://github.com/jm1261/Fantasy-F1-League/blob/main/Data/2025/Lineup/Spain_Results.json,MIT,third_party_recorded,False,True,False,third_party_recorded,historical_fantasy_scores_v3_recorded_2023_2026
2025,9,Spanish Grand Prix,2025-06-01,constructor,ferrari,jm1261/Fantasy-F1-League:2025:constructor:Ferrari,Ferrari,FER,,61.0,,,,,,28.5,jm1261/Fantasy-F1-League,https://github.com/jm1261/Fantasy-F1-League/blob/main/Data/2025/Lineup/Spain_Results.json,MIT,third_party_recorded,False,True,False,third_party_recorded,historical_fantasy_scores_v3_recorded_2023_2026
2025,9,Spanish Grand Prix,2025-06-01,constructor,haas,jm1261/Fantasy-F1-League:2025:constructor:Haas,Haas,HAS,,6.0,,,,,,9.8,jm1261/Fantasy-F1-League,https://github.com/jm1261/Fantasy-F1-League/blob/main/Data/2025/Lineup/Spain_Results.json,MIT,third_party_recorded,False,True,False,third_party_recorded,historical_fantasy_scores_v3_recorded_2023_2026
2025,9,Spanish Grand Prix,2025-06-01,constructor,mclaren,jm1261/Fantasy-F1-League:2025:constructor:McLaren,McLaren,MCL,,88.0,,,,,,32.4,jm1261/Fantasy-F1-League,https://github.com/jm1261/Fantasy-F1-League/blob/main/Data/2025/Lineup/Spain_Results.json,MIT,third_party_recorded,False,True,False,third_party_recorded,historical_fantasy_scores_v3_recorded_2023_2026
2025,9,Spanish Grand Prix,2025-06-01,constructor,mercedes,jm1261/Fantasy-F1-League:2025:constructor:Mercedes,Mercedes,MER,,24.0,,,,,,24.7,jm1261/Fantasy-F1-League,https://github.com/jm1261/Fantasy-F1-League/blob/main/Data/2025/Lineup/Spain_Results.json,MIT,third_party_recorded,False,True,False,third_party_recorded,historical_fantasy_scores_v3_recorded_2023_2026
2025,9,Spanish Grand Prix,2025-06-01,constructor,rb,jm1261/Fantasy-F1-League:2025:constructor:Racing Bulls,Racing Bulls,RB,,35.0,,,,,,11.2,jm1261/Fantasy-F1-League,https://github.com/jm1261/Fantasy-F1-League/blob/main/Data/2025/Lineup/Spain_Results.json,MIT,third_party_recorded,False,True,False,third_party_recorded,historical_fantasy_scores_v3_recorded_2023_2026
2025,9,Spanish Grand Prix,2025-06-01,constructor,red_bull,jm1261/Fantasy-F1-League:2025:constructor:Red Bull,Red Bull,RBR,,28.0,,,,,,27.2,jm1261/Fantasy-F1-League,https://github.com/jm1261/Fantasy-F1-League/blob/main/Data/2025/Lineup/Spain_Results.json,MIT,third_party_recorded,False,True,False,third_party_recorded,historical_fantasy_scores_v3_recorded_2023_2026
2025,9,Spanish Grand Prix,2025-06-01,constructor,sauber,jm1261/Fantasy-F1-League:2025:constructor:Kick Sauber,Kick Sauber,SAU,,52.0,,,,,,5.7,jm1261/Fantasy-F1-League,https://github.com/jm1261/Fantasy-F1-League/blob/main/Data/2025/Lineup/Spain_Results.json,MIT,third_party_recorded,False,True,False,third_party_recorded,historical_fantasy_scores_v3_recorded_2023_2026
2025,9,Spanish Grand Prix,2025-06-01,constructor,williams,jm1261/Fantasy-F1-League:2025:constructor:Williams,Williams,WIL,,-8.0,,,,,,17.1,jm1261/Fantasy-F1-League,https://github.com/jm1261/Fantasy-F1-League/blob/main/Data/2025/Lineup/Spain_Results.json,MIT,third_party_recorded,False,True,False,third_party_recorded,historical_fantasy_scores_v3_recorded_2023_2026
2025,9,Spanish Grand Prix,2025-06-01,driver,albon,jm1261/Fantasy-F1-League:2025:driver:Albon,Alexander Albon,ALB,Williams,-18.0,,,,,,13.6,jm1261/Fantasy-F1-League,https://github.com/jm1261/Fantasy-F1-League/blob/main/Data/2025/Lineup/Spain_Results.json,MIT,third_party_recorded,False,True,False,third_party_recorded,historical_fantasy_scores_v3_recorded_2023_2026
2025,9,Spanish Grand Prix,2025-06-01,driver,alonso,jm1261/Fantasy-F1-League:2025:driver:Alonso,Fernando Alonso,ALO,Aston Martin,14.0,,,,,,4.5,jm1261/Fantasy-F1-League,https://github.com/jm1261/Fantasy-F1-League/blob/main/Data/2025/Lineup/Spain_Results.json,MIT,third_party_recorded,False,True,False,third_party_recorded,historical_fantasy_scores_v3_recorded_2023_2026
2025,9,Spanish Grand Prix,2025-06-01,driver,antonelli,jm1261/Fantasy-F1-League:2025:driver:Antonelli,Andrea Kimi Antonelli,ANT,Mercedes,-12.0,,,,,,18.9,jm1261/Fantasy-F1-League,https://github.com/jm1261/Fantasy-F1-League/blob/main/Data/2025/Lineup/Spain_Results.json,MIT,third_party_recorded,False,True,False,third_party_recorded,historical_fantasy_scores_v3_recorded_2023_2026
2025,9,Spanish Grand Prix,2025-06-01,driver,bearman,jm1261/Fantasy-F1-League:2025:driver:Bearman,Oliver Bearman,BEA,Haas,0.0,,,,,,7.5,jm1261/Fantasy-F1-League,https://github.com/jm1261/Fantasy-F1-League/blob/main/Data/2025/Lineup/Spain_Results.json,MIT,third_party_recorded,False,True,False,third_party_recorded,historical_fantasy_scores_v3_recorded_2023_2026
2025,9,Spanish Grand Prix,2025-06-01,driver,bortoleto,jm1261/Fantasy-F1-League:2025:driver:Bortoleto,Gabriel Bortoleto,BOR,Kick Sauber,4.0,,,,,,4.5,jm1261/Fantasy-F1-League,https://github.com/jm1261/Fantasy-F1-League/blob/main/Data/2025/Lineup/Spain_Results.json,MIT,third_party_recorded,False,True,False,third_party_recorded,historical_fantasy_scores_v3_recorded_2023_2026
2025,9,Spanish Grand Prix,2025-06-01,driver,colapinto,jm1261/Fantasy-F1-League:2025:driver:Colapinto,Franco Colapinto,COL,Alpine,6.0,,,,,,4.5,jm1261/Fantasy-F1-League,https://github.com/jm1261/Fantasy-F1-League/blob/main/Data/2025/Lineup/Spain_Results.json,MIT,third_party_recorded,False,True,False,third_party_recorded,historical_fantasy_scores_v3_recorded_2023_2026
2025,9,Spanish Grand Prix,2025-06-01,driver,gasly,jm1261/Fantasy-F1-League:2025:driver:Gasly,Pierre Gasly,GAS,Alpine,10.0,,,,,,7.0,jm1261/Fantasy-F1-League,https://github.com/jm1261/Fantasy-F1-League/blob/main/Data/2025/Lineup/Spain_Results.json,MIT,third_party_recorded,False,True,False,third_party_recorded,historical_fantasy_scores_v3_recorded_2023_2026
2025,9,Spanish Grand Prix,2025-06-01,driver,hadjar,jm1261/Fantasy-F1-League:2025:driver:Hadjar,Isack Hadjar,HAD,Racing Bulls,16.0,,,,,,5.5,jm1261/Fantasy-F1-League,https://github.com/jm1261/Fantasy-F1-League/blob/main/Data/2025/Lineup/Spain_Results.json,MIT,third_party_recorded,False,True,False,third_party_recorded,historical_fantasy_scores_v3_recorded_2023_2026
2025,9,Spanish Grand Prix,2025-06-01,driver,hamilton,jm1261/Fantasy-F1-League:2025:driver:Hamilton,Lewis Hamilton,HAM,Ferrari,14.0,,,,,,23.8,jm1261/Fantasy-F1-League,https://github.com/jm1261/Fantasy-F1-League/blob/main/Data/2025/Lineup/Spain_Results.json,MIT,third_party_recorded,False,True,False,third_party_recorded,historical_fantasy_scores_v3_recorded_2023_2026
2025,9,Spanish Grand Prix,2025-06-01,driver,hulkenberg,jm1261/Fantasy-F1-League:2025:driver:Hulkenberg,Nico Hülkenberg,HUL,Kick Sauber,32.0,,,,,,6.0,jm1261/Fantasy-F1-League,https://github.com/jm1261/Fantasy-F1-League/blob/main/Data/2025/Lineup/Spain_Results.json,MIT,third_party_recorded,False,True,False,third_party_recorded,historical_fantasy_scores_v3_recorded_2023_2026
2025,9,Spanish Grand Prix,2025-06-01,driver,lawson,jm1261/Fantasy-F1-League:2025:driver:Lawson,Liam Lawson,LAW,Racing Bulls,9.0,,,,,,4.8,jm1261/Fantasy-F1-League,https://github.com/jm1261/Fantasy-F1-League/blob/main/Data/2025/Lineup/Spain_Results.json,MIT,third_party_recorded,False,True,False,third_party_recorded,historical_fantasy_scores_v3_recorded_2023_2026
2025,9,Spanish Grand Prix,2025-06-01,driver,leclerc,jm1261/Fantasy-F1-League:2025:driver:Leclerc,Charles Leclerc,LEC,Ferrari,27.0,,,,,,23.9,jm1261/Fantasy-F1-League,https://github.com/jm1261/Fantasy-F1-League/blob/main/Data/2025/Lineup/Spain_Results.json,MIT,third_party_recorded,False,True,False,third_party_recorded,historical_fantasy_scores_v3_recorded_2023_2026
2025,9,Spanish Grand Prix,2025-06-01,driver,max_verstappen,jm1261/Fantasy-F1-League:2025:driver:Verstappen,Max Verstappen,VER,Red Bull,17.0,,,,,,29.2,jm1261/Fantasy-F1-League,https://github.com/jm1261/Fantasy-F1-League/blob/main/Data/2025/Lineup/Spain_Results.json,MIT,third_party_recorded,False,True,False,third_party_recorded,historical_fantasy_scores_v3_recorded_2023_2026
2025,9,Spanish Grand Prix,2025-06-01,driver,norris,jm1261/Fantasy-F1-League:2025:driver:Norris,Lando Norris,NOR,McLaren,28.0,,,,,,31.0,jm1261/Fantasy-F1-League,https://github.com/jm1261/Fantasy-F1-League/blob/main/Data/2025/Lineup/Spain_Results.json,MIT,third_party_recorded,False,True,False,third_party_recorded,historical_fantasy_scores_v3_recorded_2023_2026
2025,9,Spanish Grand Prix,2025-06-01,driver,ocon,jm1261/Fantasy-F1-League:2025:driver:Ocon,Esteban Ocon,OCO,Haas,3.0,,,,,,8.1,jm1261/Fantasy-F1-League,https://github.com/jm1261/Fantasy-F1-League/blob/main/Data/2025/Lineup/Spain_Results.json,MIT,third_party_recorded,False,True,False,third_party_recorded,historical_fantasy_scores_v3_recorded_2023_2026
2025,9,Spanish Grand Prix,2025-06-01,driver,piastri,jm1261/Fantasy-F1-League:2025:driver:Piastri,Oscar Piastri,PIA,McLaren,45.0,,,,,,24.6,jm1261/Fantasy-F1-League,https://github.com/jm1261/Fantasy-F1-League/blob/main/Data/2025/Lineup/Spain_Results.json,MIT,third_party_recorded,False,True,False,third_party_recorded,historical_fantasy_scores_v3_recorded_2023_2026
2025,9,Spanish Grand Prix,2025-06-01,driver,russell,jm1261/Fantasy-F1-League:2025:driver:Russell,George Russell,RUS,Mercedes,21.0,,,,,,22.2,jm1261/Fantasy-F1-League,https://github.com/jm1261/Fantasy-F1-League/blob/main/Data/2025/Lineup/Spain_Results.json,MIT,third_party_recorded,False,True,False,third_party_recorded,historical_fantasy_scores_v3_recorded_2023_2026
2025,9,Spanish Grand Prix,2025-06-01,driver,sainz,jm1261/Fantasy-F1-League:2025:driver:Sainz,Carlos Sainz,SAI,Williams,7.0,,,,,,8.7,jm1261/Fantasy-F1-League,https://github.com/jm1261/Fantasy-F1-League/blob/main/Data/2025/Lineup/Spain_Results.json,MIT,third_party_recorded,False,True,False,third_party_recorded,historical_fantasy_scores_v3_recorded_2023_2026
2025,9,Spanish Grand Prix,2025-06-01,driver,stroll,jm1261/Fantasy-F1-League:2025:driver:Stroll,Lance Stroll,STR,Aston Martin,-20.0,,,,,,9.7,jm1261/Fantasy-F1-League,https://github.com/jm1261/Fantasy-F1-League/blob/main/Data/2025/Lineup/Spain_Results.json,MIT,third_party_recorded,False,True,False,third_party_recorded,historical_fantasy_scores_v3_recorded_2023_2026
2025,9,Spanish Grand Prix,2025-06-01,driver,tsunoda,jm1261/Fantasy-F1-League:2025:driver:Tsunoda,Yuki Tsunoda,TSU,Red Bull,11.0,,,,,,14.4,jm1261/Fantasy-F1-League,https://github.com/jm1261/Fantasy-F1-League/blob/main/Data/2025/Lineup/Spain_Results.json,MIT,third_party_recorded,False,True,False,third_party_recorded,historical_fantasy_scores_v3_recorded_2023_2026
2025,10,Canadian Grand Prix,2025-06-15,constructor,alpine,jm1261/Fantasy-F1-League:2025:constructor:Alpine,Alpine,ALP,,11.0,,,,,,7.7,jm1261/Fantasy-F1-League,https://github.com/jm1261/Fantasy-F1-League/blob/main/Data/2025/Lineup/Canada_Results.json,MIT,third_party_recorded,False,True,False,third_party_recorded,historical_fantasy_scores_v3_recorded_2023_2026
2025,10,Canadian Grand Prix,2025-06-15,constructor,aston_martin,jm1261/Fantasy-F1-League:2025:constructor:Aston Martin,Aston Martin,AMR,,31.0,,,,,,8.7,jm1261/Fantasy-F1-League,https://github.com/jm1261/Fantasy-F1-League/blob/main/Data/2025/Lineup/Canada_Results.json,MIT,third_party_recorded,False,True,False,third_party_recorded,historical_fantasy_scores_v3_recorded_2023_2026
2025,10,Canadian Grand Prix,2025-06-15,constructor,ferrari,jm1261/Fantasy-F1-League:2025:constructor:Ferrari,Ferrari,FER,,57.0,,,,,,28.8,jm1261/Fantasy-F1-League,https://github.com/jm1261/Fantasy-F1-League/blob/main/Data/2025/Lineup/Canada_Results.json,MIT,third_party_recorded,False,True,False,third_party_recorded,historical_fantasy_scores_v3_recorded_2023_2026
2025,10,Canadian Grand Prix,2025-06-15,constructor,haas,jm1261/Fantasy-F1-League:2025:constructor:Haas,Haas,HAS,,22.0,,,,,,9.6,jm1261/Fantasy-F1-League,https://github.com/jm1261/Fantasy-F1-League/blob/main/Data/2025/Lineup/Canada_Results.json,MIT,third_party_recorded,False,True,False,third_party_recorded,historical_fantasy_scores_v3_recorded_2023_2026
2025,10,Canadian Grand Prix,2025-06-15,constructor,mclaren,jm1261/Fantasy-F1-League:2025:constructor:McLaren,McLaren,MCL,,40.0,,,,,,32.7,jm1261/Fantasy-F1-League,https://github.com/jm1261/Fantasy-F1-League/blob/main/Data/2025/Lineup/Canada_Results.json,MIT,third_party_recorded,False,True,False,third_party_recorded,historical_fantasy_scores_v3_recorded_2023_2026
2025,10,Canadian Grand Prix,2025-06-15,constructor,mercedes,jm1261/Fantasy-F1-League:2025:constructor:Mercedes,Mercedes,MER,,87.0,,,,,,24.4,jm1261/Fantasy-F1-League,https://github.com/jm1261/Fantasy-F1-League/blob/main/Data/2025/Lineup/Canada_Results.json,MIT,third_party_recorded,False,True,False,third_party_recorded,historical_fantasy_scores_v3_recorded_2023_2026
2025,10,Canadian Grand Prix,2025-06-15,constructor,rb,jm1261/Fantasy-F1-League:2025:constructor:Racing Bulls,Racing Bulls,RB,,-4.0,,,,,,11.8,jm1261/Fantasy-F1-League,https://github.com/jm1261/Fantasy-F1-League/blob/main/Data/2025/Lineup/Canada_Results.json,MIT,third_party_recorded,False,True,False,third_party_recorded,historical_fantasy_scores_v3_recorded_2023_2026
2025,10,Canadian Grand Prix,2025-06-15,constructor,red_bull,jm1261/Fantasy-F1-League:2025:constructor:Red Bull,Red Bull,RBR,,51.0,,,,,,27.5,jm1261/Fantasy-F1-League,https://github.com/jm1261/Fantasy-F1-League/blob/main/Data/2025/Lineup/Canada_Results.json,MIT,third_party_recorded,False,True,False,third_party_recorded,historical_fantasy_scores_v3_recorded_2023_2026
2025,10,Canadian Grand Prix,2025-06-15,constructor,sauber,jm1261/Fantasy-F1-League:2025:constructor:Kick Sauber,Kick Sauber,SAU,,26.0,,,,,,6.3,jm1261/Fantasy-F1-League,https://github.com/jm1261/Fantasy-F1-League/blob/main/Data/2025/Lineup/Canada_Results.json,MIT,third_party_recorded,False,True,False,third_party_recorded,historical_fantasy_scores_v3_recorded_2023_2026
2025,10,Canadian Grand Prix,2025-06-15,constructor,williams,jm1261/Fantasy-F1-League:2025:constructor:Williams,Williams,WIL,,4.0,,,,,,17.3,jm1261/Fantasy-F1-League,https://github.com/jm1261/Fantasy-F1-League/blob/main/Data/2025/Lineup/Canada_Results.json,MIT,third_party_recorded,False,True,False,third_party_recorded,historical_fantasy_scores_v3_recorded_2023_2026
2025,10,Canadian Grand Prix,2025-06-15,driver,albon,jm1261/Fantasy-F1-League:2025:driver:Albon,Alexander Albon,ALB,Williams,-16.0,,,,,,13.0,jm1261/Fantasy-F1-League,https://github.com/jm1261/Fantasy-F1-League/blob/main/Data/2025/Lineup/Canada_Results.json,MIT,third_party_recorded,False,True,False,third_party_recorded,historical_fantasy_scores_v3_recorded_2023_2026
2025,10,Canadian Grand Prix,2025-06-15,driver,alonso,jm1261/Fantasy-F1-League:2025:driver:Alonso,Fernando Alonso,ALO,Aston Martin,22.0,,,,,,4.5,jm1261/Fantasy-F1-League,https://github.com/jm1261/Fantasy-F1-League/blob/main/Data/2025/Lineup/Canada_Results.json,MIT,third_party_recorded,False,True,False,third_party_recorded,historical_fantasy_scores_v3_recorded_2023_2026
2025,10,Canadian Grand Prix,2025-06-15,driver,antonelli,jm1261/Fantasy-F1-League:2025:driver:Antonelli,Andrea Kimi Antonelli,ANT,Mercedes,35.0,,,,,,18.6,jm1261/Fantasy-F1-League,https://github.com/jm1261/Fantasy-F1-League/blob/main/Data/2025/Lineup/Canada_Results.json,MIT,third_party_recorded,False,True,False,third_party_recorded,historical_fantasy_scores_v3_recorded_2023_2026
2025,10,Canadian Grand Prix,2025-06-15,driver,bearman,jm1261/Fantasy-F1-League:2025:driver:Bearman,Oliver Bearman,BEA,Haas,7.0,,,,,,6.9,jm1261/Fantasy-F1-League,https://github.com/jm1261/Fantasy-F1-League/blob/main/Data/2025/Lineup/Canada_Results.json,MIT,third_party_recorded,False,True,False,third_party_recorded,historical_fantasy_scores_v3_recorded_2023_2026
2025,10,Canadian Grand Prix,2025-06-15,driver,bortoleto,jm1261/Fantasy-F1-League:2025:driver:Bortoleto,Gabriel Bortoleto,BOR,Kick Sauber,5.0,,,,,,4.5,jm1261/Fantasy-F1-League,https://github.com/jm1261/Fantasy-F1-League/blob/main/Data/2025/Lineup/Canada_Results.json,MIT,third_party_recorded,False,True,False,third_party_recorded,historical_fantasy_scores_v3_recorded_2023_2026
2025,10,Canadian Grand Prix,2025-06-15,driver,colapinto,jm1261/Fantasy-F1-League:2025:driver:Colapinto,Franco Colapinto,COL,Alpine,2.0,,,,,,4.5,jm1261/Fantasy-F1-League,https://github.com/jm1261/Fantasy-F1-League/blob/main/Data/2025/Lineup/Canada_Results.json,MIT,third_party_recorded,False,True,False,third_party_recorded,historical_fantasy_scores_v3_recorded_2023_2026
2025,10,Canadian Grand Prix,2025-06-15,driver,gasly,jm1261/Fantasy-F1-League:2025:driver:Gasly,Pierre Gasly,GAS,Alpine,6.0,,,,,,6.4,jm1261/Fantasy-F1-League,https://github.com/jm1261/Fantasy-F1-League/blob/main/Data/2025/Lineup/Canada_Results.json,MIT,third_party_recorded,False,True,False,third_party_recorded,historical_fantasy_scores_v3_recorded_2023_2026
2025,10,Canadian Grand Prix,2025-06-15,driver,hadjar,jm1261/Fantasy-F1-League:2025:driver:Hadjar,Isack Hadjar,HAD,Racing Bulls,1.0,,,,,,6.1,jm1261/Fantasy-F1-League,https://github.com/jm1261/Fantasy-F1-League/blob/main/Data/2025/Lineup/Canada_Results.json,MIT,third_party_recorded,False,True,False,third_party_recorded,historical_fantasy_scores_v3_recorded_2023_2026
2025,10,Canadian Grand Prix,2025-06-15,driver,hamilton,jm1261/Fantasy-F1-League:2025:driver:Hamilton,Lewis Hamilton,HAM,Ferrari,15.0,,,,,,23.7,jm1261/Fantasy-F1-League,https://github.com/jm1261/Fantasy-F1-League/blob/main/Data/2025/Lineup/Canada_Results.json,MIT,third_party_recorded,False,True,False,third_party_recorded,historical_fantasy_scores_v3_recorded_2023_2026
2025,10,Canadian Grand Prix,2025-06-15,driver,hulkenberg,jm1261/Fantasy-F1-League:2025:driver:Hulkenberg,Nico Hülkenberg,HUL,Kick Sauber,15.0,,,,,,6.6,jm1261/Fantasy-F1-League,https://github.com/jm1261/Fantasy-F1-League/blob/main/Data/2025/Lineup/Canada_Results.json,MIT,third_party_recorded,False,True,False,third_party_recorded,historical_fantasy_scores_v3_recorded_2023_2026
2025,10,Canadian Grand Prix,2025-06-15,driver,lawson,jm1261/Fantasy-F1-League:2025:driver:Lawson,Liam Lawson,LAW,Racing Bulls,-20.0,,,,,,5.4,jm1261/Fantasy-F1-League,https://github.com/jm1261/Fantasy-F1-League/blob/main/Data/2025/Lineup/Canada_Results.json,MIT,third_party_recorded,False,True,False,third_party_recorded,historical_fantasy_scores_v3_recorded_2023_2026
2025,10,Canadian Grand Prix,2025-06-15,driver,leclerc,jm1261/Fantasy-F1-League:2025:driver:Leclerc,Charles Leclerc,LEC,Ferrari,17.0,,,,,,24.2,jm1261/Fantasy-F1-League,https://github.com/jm1261/Fantasy-F1-League/blob/main/Data/2025/Lineup/Canada_Results.json,MIT,third_party_recorded,False,True,False,third_party_recorded,historical_fantasy_scores_v3_recorded_2023_2026
2025,10,Canadian Grand Prix,2025-06-15,driver,max_verstappen,jm1261/Fantasy-F1-League:2025:driver:Verstappen,Max Verstappen,VER,Red Bull,29.0,,,,,,29.3,jm1261/Fantasy-F1-League,https://github.com/jm1261/Fantasy-F1-League/blob/main/Data/2025/Lineup/Canada_Results.json,MIT,third_party_recorded,False,True,False,third_party_recorded,historical_fantasy_scores_v3_recorded_2023_2026
2025,10,Canadian Grand Prix,2025-06-15,driver,norris,jm1261/Fantasy-F1-League:2025:driver:Norris,Lando Norris,NOR,McLaren,-2.0,,,,,,31.1,jm1261/Fantasy-F1-League,https://github.com/jm1261/Fantasy-F1-League/blob/main/Data/2025/Lineup/Canada_Results.json,MIT,third_party_recorded,False,True,False,third_party_recorded,historical_fantasy_scores_v3_recorded_2023_2026
2025,10,Canadian Grand Prix,2025-06-15,driver,ocon,jm1261/Fantasy-F1-League:2025:driver:Ocon,Esteban Ocon,OCO,Haas,10.0,,,,,,7.5,jm1261/Fantasy-F1-League,https://github.com/jm1261/Fantasy-F1-League/blob/main/Data/2025/Lineup/Canada_Results.json,MIT,third_party_recorded,False,True,False,third_party_recorded,historical_fantasy_scores_v3_recorded_2023_2026
2025,10,Canadian Grand Prix,2025-06-15,driver,piastri,jm1261/Fantasy-F1-League:2025:driver:Piastri,Oscar Piastri,PIA,McLaren,22.0,,,,,,24.9,jm1261/Fantasy-F1-League,https://github.com/jm1261/Fantasy-F1-League/blob/main/Data/2025/Lineup/Canada_Results.json,MIT,third_party_recorded,False,True,False,third_party_recorded,historical_fantasy_scores_v3_recorded_2023_2026
2025,10,Canadian Grand Prix,2025-06-15,driver,russell,jm1261/Fantasy-F1-League:2025:driver:Russell,George Russell,RUS,Mercedes,47.0,,,,,,21.9,jm1261/Fantasy-F1-League,https://github.com/jm1261/Fantasy-F1-League/blob/main/Data/2025/Lineup/Canada_Results.json,MIT,third_party_recorded,False,True,False,third_party_recorded,historical_fantasy_scores_v3_recorded_2023_2026
2025,10,Canadian Grand Prix,2025-06-15,driver,sainz,jm1261/Fantasy-F1-League:2025:driver:Sainz,Carlos Sainz,SAI,Williams,13.0,,,,,,8.5,jm1261/Fantasy-F1-League,https://github.com/jm1261/Fantasy-F1-League/blob/main/Data/2025/Lineup/Canada_Results.json,MIT,third_party_recorded,False,True,False,third_party_recorded,historical_fantasy_scores_v3_recorded_2023_2026
2025,10,Canadian Grand Prix,2025-06-15,driver,stroll,jm1261/Fantasy-F1-League:2025:driver:Stroll,Lance Stroll,STR,Aston Martin,2.0,,,,,,9.1,jm1261/Fantasy-F1-League,https://github.com/jm1261/Fantasy-F1-League/blob/main/Data/2025/Lineup/Canada_Results.json,MIT,third_party_recorded,False,True,False,third_party_recorded,historical_fantasy_scores_v3_recorded_2023_2026
2025,10,Canadian Grand Prix,2025-06-15,driver,tsunoda,jm1261/Fantasy-F1-League:2025:driver:Tsunoda,Yuki Tsunoda,TSU,Red Bull,12.0,,,,,,13.8,jm1261/Fantasy-F1-League,https://github.com/jm1261/Fantasy-F1-League/blob/main/Data/2025/Lineup/Canada_Results.json,MIT,third_party_recorded,False,True,False,third_party_recorded,historical_fantasy_scores_v3_recorded_2023_2026
2025,11,Austrian Grand Prix,2025-06-29,constructor,alpine,jm1261/Fantasy-F1-League:2025:constructor:Alpine,Alpine,ALP,,17.0,,,,,,8.3,jm1261/Fantasy-F1-League,https://github.com/jm1261/Fantasy-F1-League/blob/main/Data/2025/Lineup/Austria_Results.json,MIT,third_party_recorded,False,True,False,third_party_recorded,historical_fantasy_scores_v3_recorded_2023_2026
2025,11,Austrian Grand Prix,2025-06-29,constructor,aston_martin,jm1261/Fantasy-F1-League:2025:constructor:Aston Martin,Aston Martin,AMR,,24.0,,,,,,8.9,jm1261/Fantasy-F1-League,https://github.com/jm1261/Fantasy-F1-League/blob/main/Data/2025/Lineup/Austria_Results.json,MIT,third_party_recorded,False,True,False,third_party_recorded,historical_fantasy_scores_v3_recorded_2023_2026
2025,11,Austrian Grand Prix,2025-06-29,constructor,ferrari,jm1261/Fantasy-F1-League:2025:constructor:Ferrari,Ferrari,FER,,67.0,,,,,,29.1,jm1261/Fantasy-F1-League,https://github.com/jm1261/Fantasy-F1-League/blob/main/Data/2025/Lineup/Austria_Results.json,MIT,third_party_recorded,False,True,False,third_party_recorded,historical_fantasy_scores_v3_recorded_2023_2026
2025,11,Austrian Grand Prix,2025-06-29,constructor,haas,jm1261/Fantasy-F1-League:2025:constructor:Haas,Haas,HAS,,37.0,,,,,,10.2,jm1261/Fantasy-F1-League,https://github.com/jm1261/Fantasy-F1-League/blob/main/Data/2025/Lineup/Austria_Results.json,MIT,third_party_recorded,False,True,False,third_party_recorded,historical_fantasy_scores_v3_recorded_2023_2026
2025,11,Austrian Grand Prix,2025-06-29,constructor,mclaren,jm1261/Fantasy-F1-League:2025:constructor:McLaren,McLaren,MCL,,100.0,,,,,,33.0,jm1261/Fantasy-F1-League,https://github.com/jm1261/Fantasy-F1-League/blob/main/Data/2025/Lineup/Austria_Results.json,MIT,third_party_recorded,False,True,False,third_party_recorded,historical_fantasy_scores_v3_recorded_2023_2026
2025,11,Austrian Grand Prix,2025-06-29,constructor,mercedes,jm1261/Fantasy-F1-League:2025:constructor:Mercedes,Mercedes,MER,,19.0,,,,,,24.7,jm1261/Fantasy-F1-League,https://github.com/jm1261/Fantasy-F1-League/blob/main/Data/2025/Lineup/Austria_Results.json,MIT,third_party_recorded,False,True,False,third_party_recorded,historical_fantasy_scores_v3_recorded_2023_2026
2025,11,Austrian Grand Prix,2025-06-29,constructor,rb,jm1261/Fantasy-F1-League:2025:constructor:Racing Bulls,Racing Bulls,RB,,34.0,,,,,,12.4,jm1261/Fantasy-F1-League,https://github.com/jm1261/Fantasy-F1-League/blob/main/Data/2025/Lineup/Austria_Results.json,MIT,third_party_recorded,False,True,False,third_party_recorded,historical_fantasy_scores_v3_recorded_2023_2026
2025,11,Austrian Grand Prix,2025-06-29,constructor,red_bull,jm1261/Fantasy-F1-League:2025:constructor:Red Bull,Red Bull,RBR,,1.0,,,,,,27.8,jm1261/Fantasy-F1-League,https://github.com/jm1261/Fantasy-F1-League/blob/main/Data/2025/Lineup/Austria_Results.json,MIT,third_party_recorded,False,True,False,third_party_recorded,historical_fantasy_scores_v3_recorded_2023_2026
2025,11,Austrian Grand Prix,2025-06-29,constructor,sauber,jm1261/Fantasy-F1-League:2025:constructor:Kick Sauber,Kick Sauber,SAU,,45.0,,,,,,6.9,jm1261/Fantasy-F1-League,https://github.com/jm1261/Fantasy-F1-League/blob/main/Data/2025/Lineup/Austria_Results.json,MIT,third_party_recorded,False,True,False,third_party_recorded,historical_fantasy_scores_v3_recorded_2023_2026
2025,11,Austrian Grand Prix,2025-06-29,constructor,williams,jm1261/Fantasy-F1-League:2025:constructor:Williams,Williams,WIL,,-36.0,,,,,,16.7,jm1261/Fantasy-F1-League,https://github.com/jm1261/Fantasy-F1-League/blob/main/Data/2025/Lineup/Austria_Results.json,MIT,third_party_recorded,False,True,False,third_party_recorded,historical_fantasy_scores_v3_recorded_2023_2026
2025,11,Austrian Grand Prix,2025-06-29,driver,albon,jm1261/Fantasy-F1-League:2025:driver:Albon,Alexander Albon,ALB,Williams,-19.0,,,,,,12.4,jm1261/Fantasy-F1-League,https://github.com/jm1261/Fantasy-F1-League/blob/main/Data/2025/Lineup/Austria_Results.json,MIT,third_party_recorded,False,True,False,third_party_recorded,historical_fantasy_scores_v3_recorded_2023_2026
2025,11,Austrian Grand Prix,2025-06-29,driver,alonso,jm1261/Fantasy-F1-League:2025:driver:Alonso,Fernando Alonso,ALO,Aston Martin,12.0,,,,,,5.1,jm1261/Fantasy-F1-League,https://github.com/jm1261/Fantasy-F1-League/blob/main/Data/2025/Lineup/Austria_Results.json,MIT,third_party_recorded,False,True,False,third_party_recorded,historical_fantasy_scores_v3_recorded_2023_2026
2025,11,Austrian Grand Prix,2025-06-29,driver,antonelli,jm1261/Fantasy-F1-League:2025:driver:Antonelli,Andrea Kimi Antonelli,ANT,Mercedes,-18.0,,,,,,18.3,jm1261/Fantasy-F1-League,https://github.com/jm1261/Fantasy-F1-League/blob/main/Data/2025/Lineup/Austria_Results.json,MIT,third_party_recorded,False,True,False,third_party_recorded,historical_fantasy_scores_v3_recorded_2023_2026
2025,11,Austrian Grand Prix,2025-06-29,driver,bearman,jm1261/Fantasy-F1-League:2025:driver:Bearman,Oliver Bearman,BEA,Haas,14.0,,,,,,6.7,jm1261/Fantasy-F1-League,https://github.com/jm1261/Fantasy-F1-League/blob/main/Data/2025/Lineup/Austria_Results.json,MIT,third_party_recorded,False,True,False,third_party_recorded,historical_fantasy_scores_v3_recorded_2023_2026
2025,11,Austrian Grand Prix,2025-06-29,driver,bortoleto,jm1261/Fantasy-F1-League:2025:driver:Bortoleto,Gabriel Bortoleto,BOR,Kick Sauber,25.0,,,,,,4.5,jm1261/Fantasy-F1-League,https://github.com/jm1261/Fantasy-F1-League/blob/main/Data/2025/Lineup/Austria_Results.json,MIT,third_party_recorded,False,True,False,third_party_recorded,historical_fantasy_scores_v3_recorded_2023_2026
2025,11,Austrian Grand Prix,2025-06-29,driver,colapinto,jm1261/Fantasy-F1-League:2025:driver:Colapinto,Franco Colapinto,COL,Alpine,5.0,,,,,,4.7,jm1261/Fantasy-F1-League,https://github.com/jm1261/Fantasy-F1-League/blob/main/Data/2025/Lineup/Austria_Results.json,MIT,third_party_recorded,False,True,False,third_party_recorded,historical_fantasy_scores_v3_recorded_2023_2026
2025,11,Austrian Grand Prix,2025-06-29,driver,gasly,jm1261/Fantasy-F1-League:2025:driver:Gasly,Pierre Gasly,GAS,Alpine,2.0,,,,,,5.8,jm1261/Fantasy-F1-League,https://github.com/jm1261/Fantasy-F1-League/blob/main/Data/2025/Lineup/Austria_Results.json,MIT,third_party_recorded,False,True,False,third_party_recorded,historical_fantasy_scores_v3_recorded_2023_2026
2025,11,Austrian Grand Prix,2025-06-29,driver,hadjar,jm1261/Fantasy-F1-League:2025:driver:Hadjar,Isack Hadjar,HAD,Racing Bulls,6.0,,,,,,6.7,jm1261/Fantasy-F1-League,https://github.com/jm1261/Fantasy-F1-League/blob/main/Data/2025/Lineup/Austria_Results.json,MIT,third_party_recorded,False,True,False,third_party_recorded,historical_fantasy_scores_v3_recorded_2023_2026
2025,11,Austrian Grand Prix,2025-06-29,driver,hamilton,jm1261/Fantasy-F1-League:2025:driver:Hamilton,Lewis Hamilton,HAM,Ferrari,22.0,,,,,,23.6,jm1261/Fantasy-F1-League,https://github.com/jm1261/Fantasy-F1-League/blob/main/Data/2025/Lineup/Austria_Results.json,MIT,third_party_recorded,False,True,False,third_party_recorded,historical_fantasy_scores_v3_recorded_2023_2026
2025,11,Austrian Grand Prix,2025-06-29,driver,hulkenberg,jm1261/Fantasy-F1-League:2025:driver:Hulkenberg,Nico Hülkenberg,HUL,Kick Sauber,20.0,,,,,,7.2,jm1261/Fantasy-F1-League,https://github.com/jm1261/Fantasy-F1-League/blob/main/Data/2025/Lineup/Austria_Results.json,MIT,third_party_recorded,False,True,False,third_party_recorded,historical_fantasy_scores_v3_recorded_2023_2026
2025,11,Austrian Grand Prix,2025-06-29,driver,lawson,jm1261/Fantasy-F1-League:2025:driver:Lawson,Liam Lawson,LAW,Racing Bulls,13.0,,,,,,4.8,jm1261/Fantasy-F1-League,https://github.com/jm1261/Fantasy-F1-League/blob/main/Data/2025/Lineup/Austria_Results.json,MIT,third_party_recorded,False,True,False,third_party_recorded,historical_fantasy_scores_v3_recorded_2023_2026
2025,11,Austrian Grand Prix,2025-06-29,driver,leclerc,jm1261/Fantasy-F1-League:2025:driver:Leclerc,Charles Leclerc,LEC,Ferrari,25.0,,,,,,24.3,jm1261/Fantasy-F1-League,https://github.com/jm1261/Fantasy-F1-League/blob/main/Data/2025/Lineup/Austria_Results.json,MIT,third_party_recorded,False,True,False,third_party_recorded,historical_fantasy_scores_v3_recorded_2023_2026
2025,11,Austrian Grand Prix,2025-06-29,driver,max_verstappen,jm1261/Fantasy-F1-League:2025:driver:Verstappen,Max Verstappen,VER,Red Bull,-15.0,,,,,,29.2,jm1261/Fantasy-F1-League,https://github.com/jm1261/Fantasy-F1-League/blob/main/Data/2025/Lineup/Austria_Results.json,MIT,third_party_recorded,False,True,False,third_party_recorded,historical_fantasy_scores_v3_recorded_2023_2026
2025,11,Austrian Grand Prix,2025-06-29,driver,norris,jm1261/Fantasy-F1-League:2025:driver:Norris,Lando Norris,NOR,McLaren,36.0,,,,,,31.0,jm1261/Fantasy-F1-League,https://github.com/jm1261/Fantasy-F1-League/blob/main/Data/2025/Lineup/Austria_Results.json,MIT,third_party_recorded,False,True,False,third_party_recorded,historical_fantasy_scores_v3_recorded_2023_2026
2025,11,Austrian Grand Prix,2025-06-29,driver,ocon,jm1261/Fantasy-F1-League:2025:driver:Ocon,Esteban Ocon,OCO,Haas,20.0,,,,,,7.7,jm1261/Fantasy-F1-League,https://github.com/jm1261/Fantasy-F1-League/blob/main/Data/2025/Lineup/Austria_Results.json,MIT,third_party_recorded,False,True,False,third_party_recorded,historical_fantasy_scores_v3_recorded_2023_2026
2025,11,Austrian Grand Prix,2025-06-29,driver,piastri,jm1261/Fantasy-F1-League:2025:driver:Piastri,Oscar Piastri,PIA,McLaren,39.0,,,,,,25.2,jm1261/Fantasy-F1-League,https://github.com/jm1261/Fantasy-F1-League/blob/main/Data/2025/Lineup/Austria_Results.json,MIT,third_party_recorded,False,True,False,third_party_recorded,historical_fantasy_scores_v3_recorded_2023_2026
2025,11,Austrian Grand Prix,2025-06-29,driver,russell,jm1261/Fantasy-F1-League:2025:driver:Russell,George Russell,RUS,Mercedes,22.0,,,,,,22.0,jm1261/Fantasy-F1-League,https://github.com/jm1261/Fantasy-F1-League/blob/main/Data/2025/Lineup/Austria_Results.json,MIT,third_party_recorded,False,True,False,third_party_recorded,historical_fantasy_scores_v3_recorded_2023_2026
2025,11,Austrian Grand Prix,2025-06-29,driver,sainz,jm1261/Fantasy-F1-League:2025:driver:Sainz,Carlos Sainz,SAI,Williams,-20.0,,,,,,8.3,jm1261/Fantasy-F1-League,https://github.com/jm1261/Fantasy-F1-League/blob/main/Data/2025/Lineup/Austria_Results.json,MIT,third_party_recorded,False,True,False,third_party_recorded,historical_fantasy_scores_v3_recorded_2023_2026
2025,11,Austrian Grand Prix,2025-06-29,driver,stroll,jm1261/Fantasy-F1-League:2025:driver:Stroll,Lance Stroll,STR,Aston Martin,9.0,,,,,,8.5,jm1261/Fantasy-F1-League,https://github.com/jm1261/Fantasy-F1-League/blob/main/Data/2025/Lineup/Austria_Results.json,MIT,third_party_recorded,False,True,False,third_party_recorded,historical_fantasy_scores_v3_recorded_2023_2026
2025,11,Austrian Grand Prix,2025-06-29,driver,tsunoda,jm1261/Fantasy-F1-League:2025:driver:Tsunoda,Yuki Tsunoda,TSU,Red Bull,6.0,,,,,,13.2,jm1261/Fantasy-F1-League,https://github.com/jm1261/Fantasy-F1-League/blob/main/Data/2025/Lineup/Austria_Results.json,MIT,third_party_recorded,False,True,False,third_party_recorded,historical_fantasy_scores_v3_recorded_2023_2026
2025,12,British Grand Prix,2025-07-06,constructor,alpine,jm1261/Fantasy-F1-League:2025:constructor:Alpine,Alpine,ALP,,5.0,,,,,,8.9,jm1261/Fantasy-F1-League,https://github.com/jm1261/Fantasy-F1-League/blob/main/Data/2025/Lineup/Great%20Britain_Results.json,MIT,third_party_recorded,False,True,False,third_party_recorded,historical_fantasy_scores_v3_recorded_2023_2026
2025,12,British Grand Prix,2025-07-06,constructor,aston_martin,jm1261/Fantasy-F1-League:2025:constructor:Aston Martin,Aston Martin,AMR,,33.0,,,,,,9.5,jm1261/Fantasy-F1-League,https://github.com/jm1261/Fantasy-F1-League/blob/main/Data/2025/Lineup/Great%20Britain_Results.json,MIT,third_party_recorded,False,True,False,third_party_recorded,historical_fantasy_scores_v3_recorded_2023_2026
2025,12,British Grand Prix,2025-07-06,constructor,ferrari,jm1261/Fantasy-F1-League:2025:constructor:Ferrari,Ferrari,FER,,41.0,,,,,,29.4,jm1261/Fantasy-F1-League,https://github.com/jm1261/Fantasy-F1-League/blob/main/Data/2025/Lineup/Great%20Britain_Results.json,MIT,third_party_recorded,False,True,False,third_party_recorded,historical_fantasy_scores_v3_recorded_2023_2026
2025,12,British Grand Prix,2025-07-06,constructor,haas,jm1261/Fantasy-F1-League:2025:constructor:Haas,Haas,HAS,,25.0,,,,,,10.8,jm1261/Fantasy-F1-League,https://github.com/jm1261/Fantasy-F1-League/blob/main/Data/2025/Lineup/Great%20Britain_Results.json,MIT,third_party_recorded,False,True,False,third_party_recorded,historical_fantasy_scores_v3_recorded_2023_2026
2025,12,British Grand Prix,2025-07-06,constructor,mclaren,jm1261/Fantasy-F1-League:2025:constructor:McLaren,McLaren,MCL,,90.0,,,,,,33.3,jm1261/Fantasy-F1-League,https://github.com/jm1261/Fantasy-F1-League/blob/main/Data/2025/Lineup/Great%20Britain_Results.json,MIT,third_party_recorded,False,True,False,third_party_recorded,historical_fantasy_scores_v3_recorded_2023_2026
2025,12,British Grand Prix,2025-07-06,constructor,mercedes,jm1261/Fantasy-F1-League:2025:constructor:Mercedes,Mercedes,MER,,7.0,,,,,,25.2,jm1261/Fantasy-F1-League,https://github.com/jm1261/Fantasy-F1-League/blob/main/Data/2025/Lineup/Great%20Britain_Results.json,MIT,third_party_recorded,False,True,False,third_party_recorded,historical_fantasy_scores_v3_recorded_2023_2026
2025,12,British Grand Prix,2025-07-06,constructor,rb,jm1261/Fantasy-F1-League:2025:constructor:Racing Bulls,Racing Bulls,RB,,-35.0,,,,,,13.0,jm1261/Fantasy-F1-League,https://github.com/jm1261/Fantasy-F1-League/blob/main/Data/2025/Lineup/Great%20Britain_Results.json,MIT,third_party_recorded,False,True,False,third_party_recorded,historical_fantasy_scores_v3_recorded_2023_2026
2025,12,British Grand Prix,2025-07-06,constructor,red_bull,jm1261/Fantasy-F1-League:2025:constructor:Red Bull,Red Bull,RBR,,41.0,,,,,,27.9,jm1261/Fantasy-F1-League,https://github.com/jm1261/Fantasy-F1-League/blob/main/Data/2025/Lineup/Great%20Britain_Results.json,MIT,third_party_recorded,False,True,False,third_party_recorded,historical_fantasy_scores_v3_recorded_2023_2026
2025,12,British Grand Prix,2025-07-06,constructor,sauber,jm1261/Fantasy-F1-League:2025:constructor:Kick Sauber,Kick Sauber,SAU,,14.0,,,,,,7.5,jm1261/Fantasy-F1-League,https://github.com/jm1261/Fantasy-F1-League/blob/main/Data/2025/Lineup/Great%20Britain_Results.json,MIT,third_party_recorded,False,True,False,third_party_recorded,historical_fantasy_scores_v3_recorded_2023_2026
2025,12,British Grand Prix,2025-07-06,constructor,williams,jm1261/Fantasy-F1-League:2025:constructor:Williams,Williams,WIL,,16.0,,,,,,16.1,jm1261/Fantasy-F1-League,https://github.com/jm1261/Fantasy-F1-League/blob/main/Data/2025/Lineup/Great%20Britain_Results.json,MIT,third_party_recorded,False,True,False,third_party_recorded,historical_fantasy_scores_v3_recorded_2023_2026
2025,12,British Grand Prix,2025-07-06,driver,albon,jm1261/Fantasy-F1-League:2025:driver:Albon,Alexander Albon,ALB,Williams,12.0,,,,,,11.8,jm1261/Fantasy-F1-League,https://github.com/jm1261/Fantasy-F1-League/blob/main/Data/2025/Lineup/Great%20Britain_Results.json,MIT,third_party_recorded,False,True,False,third_party_recorded,historical_fantasy_scores_v3_recorded_2023_2026
2025,12,British Grand Prix,2025-07-06,driver,alonso,jm1261/Fantasy-F1-League:2025:driver:Alonso,Fernando Alonso,ALO,Aston Martin,4.0,,,,,,5.7,jm1261/Fantasy-F1-League,https://github.com/jm1261/Fantasy-F1-League/blob/main/Data/2025/Lineup/Great%20Britain_Results.json,MIT,third_party_recorded,False,True,False,third_party_recorded,historical_fantasy_scores_v3_recorded_2023_2026
2025,12,British Grand Prix,2025-07-06,driver,antonelli,jm1261/Fantasy-F1-League:2025:driver:Antonelli,Andrea Kimi Antonelli,ANT,Mercedes,-16.0,,,,,,17.7,jm1261/Fantasy-F1-League,https://github.com/jm1261/Fantasy-F1-League/blob/main/Data/2025/Lineup/Great%20Britain_Results.json,MIT,third_party_recorded,False,True,False,third_party_recorded,historical_fantasy_scores_v3_recorded_2023_2026
2025,12,British Grand Prix,2025-07-06,driver,bearman,jm1261/Fantasy-F1-League:2025:driver:Bearman,Oliver Bearman,BEA,Haas,14.0,,,,,,6.9,jm1261/Fantasy-F1-League,https://github.com/jm1261/Fantasy-F1-League/blob/main/Data/2025/Lineup/Great%20Britain_Results.json,MIT,third_party_recorded,False,True,False,third_party_recorded,historical_fantasy_scores_v3_recorded_2023_2026
2025,12,British Grand Prix,2025-07-06,driver,bortoleto,jm1261/Fantasy-F1-League:2025:driver:Bortoleto,Gabriel Bortoleto,BOR,Kick Sauber,-20.0,,,,,,5.1,jm1261/Fantasy-F1-League,https://github.com/jm1261/Fantasy-F1-League/blob/main/Data/2025/Lineup/Great%20Britain_Results.json,MIT,third_party_recorded,False,True,False,third_party_recorded,historical_fantasy_scores_v3_recorded_2023_2026
2025,12,British Grand Prix,2025-07-06,driver,colapinto,jm1261/Fantasy-F1-League:2025:driver:Colapinto,Franco Colapinto,COL,Alpine,-20.0,,,,,,4.9,jm1261/Fantasy-F1-League,https://github.com/jm1261/Fantasy-F1-League/blob/main/Data/2025/Lineup/Great%20Britain_Results.json,MIT,third_party_recorded,False,True,False,third_party_recorded,historical_fantasy_scores_v3_recorded_2023_2026
2025,12,British Grand Prix,2025-07-06,driver,gasly,jm1261/Fantasy-F1-League:2025:driver:Gasly,Pierre Gasly,GAS,Alpine,15.0,,,,,,6.0,jm1261/Fantasy-F1-League,https://github.com/jm1261/Fantasy-F1-League/blob/main/Data/2025/Lineup/Great%20Britain_Results.json,MIT,third_party_recorded,False,True,False,third_party_recorded,historical_fantasy_scores_v3_recorded_2023_2026
2025,12,British Grand Prix,2025-07-06,driver,hadjar,jm1261/Fantasy-F1-League:2025:driver:Hadjar,Isack Hadjar,HAD,Racing Bulls,-20.0,,,,,,6.9,jm1261/Fantasy-F1-League,https://github.com/jm1261/Fantasy-F1-League/blob/main/Data/2025/Lineup/Great%20Britain_Results.json,MIT,third_party_recorded,False,True,False,third_party_recorded,historical_fantasy_scores_v3_recorded_2023_2026
2025,12,British Grand Prix,2025-07-06,driver,hamilton,jm1261/Fantasy-F1-League:2025:driver:Hamilton,Lewis Hamilton,HAM,Ferrari,24.0,,,,,,23.5,jm1261/Fantasy-F1-League,https://github.com/jm1261/Fantasy-F1-League/blob/main/Data/2025/Lineup/Great%20Britain_Results.json,MIT,third_party_recorded,False,True,False,third_party_recorded,historical_fantasy_scores_v3_recorded_2023_2026
2025,12,British Grand Prix,2025-07-06,driver,hulkenberg,jm1261/Fantasy-F1-League:2025:driver:Hulkenberg,Nico Hülkenberg,HUL,Kick Sauber,45.0,,,,,,7.8,jm1261/Fantasy-F1-League,https://github.com/jm1261/Fantasy-F1-League/blob/main/Data/2025/Lineup/Great%20Britain_Results.json,MIT,third_party_recorded,False,True,False,third_party_recorded,historical_fantasy_scores_v3_recorded_2023_2026
2025,12,British Grand Prix,2025-07-06,driver,lawson,jm1261/Fantasy-F1-League:2025:driver:Lawson,Liam Lawson,LAW,Racing Bulls,-18.0,,,,,,4.5,jm1261/Fantasy-F1-League,https://github.com/jm1261/Fantasy-F1-League/blob/main/Data/2025/Lineup/Great%20Britain_Results.json,MIT,third_party_recorded,False,True,False,third_party_recorded,historical_fantasy_scores_v3_recorded_2023_2026
2025,12,British Grand Prix,2025-07-06,driver,leclerc,jm1261/Fantasy-F1-League:2025:driver:Leclerc,Charles Leclerc,LEC,Ferrari,2.0,,,,,,24.4,jm1261/Fantasy-F1-League,https://github.com/jm1261/Fantasy-F1-League/blob/main/Data/2025/Lineup/Great%20Britain_Results.json,MIT,third_party_recorded,False,True,False,third_party_recorded,historical_fantasy_scores_v3_recorded_2023_2026
2025,12,British Grand Prix,2025-07-06,driver,max_verstappen,jm1261/Fantasy-F1-League:2025:driver:Verstappen,Max Verstappen,VER,Red Bull,21.0,,,,,,28.9,jm1261/Fantasy-F1-League,https://github.com/jm1261/Fantasy-F1-League/blob/main/Data/2025/Lineup/Great%20Britain_Results.json,MIT,third_party_recorded,False,True,False,third_party_recorded,historical_fantasy_scores_v3_recorded_2023_2026
2025,12,British Grand Prix,2025-07-06,driver,norris,jm1261/Fantasy-F1-League:2025:driver:Norris,Lando Norris,NOR,McLaren,37.0,,,,,,30.9,jm1261/Fantasy-F1-League,https://github.com/jm1261/Fantasy-F1-League/blob/main/Data/2025/Lineup/Great%20Britain_Results.json,MIT,third_party_recorded,False,True,False,third_party_recorded,historical_fantasy_scores_v3_recorded_2023_2026
2025,12,British Grand Prix,2025-07-06,driver,ocon,jm1261/Fantasy-F1-League:2025:driver:Ocon,Esteban Ocon,OCO,Haas,4.0,,,,,,8.3,jm1261/Fantasy-F1-League,https://github.com/jm1261/Fantasy-F1-League/blob/main/Data/2025/Lineup/Great%20Britain_Results.json,MIT,third_party_recorded,False,True,False,third_party_recorded,historical_fantasy_scores_v3_recorded_2023_2026
2025,12,British Grand Prix,2025-07-06,driver,piastri,jm1261/Fantasy-F1-League:2025:driver:Piastri,Oscar Piastri,PIA,McLaren,38.0,,,,,,25.5,jm1261/Fantasy-F1-League,https://github.com/jm1261/Fantasy-F1-League/blob/main/Data/2025/Lineup/Great%20Britain_Results.json,MIT,third_party_recorded,False,True,False,third_party_recorded,historical_fantasy_scores_v3_recorded_2023_2026
2025,12,British Grand Prix,2025-07-06,driver,russell,jm1261/Fantasy-F1-League:2025:driver:Russell,George Russell,RUS,Mercedes,8.0,,,,,,22.3,jm1261/Fantasy-F1-League,https://github.com/jm1261/Fantasy-F1-League/blob/main/Data/2025/Lineup/Great%20Britain_Results.json,MIT,third_party_recorded,False,True,False,third_party_recorded,historical_fantasy_scores_v3_recorded_2023_2026
2025,12,British Grand Prix,2025-07-06,driver,sainz,jm1261/Fantasy-F1-League:2025:driver:Sainz,Carlos Sainz,SAI,Williams,-1.0,,,,,,7.7,jm1261/Fantasy-F1-League,https://github.com/jm1261/Fantasy-F1-League/blob/main/Data/2025/Lineup/Great%20Britain_Results.json,MIT,third_party_recorded,False,True,False,third_party_recorded,historical_fantasy_scores_v3_recorded_2023_2026
2025,12,British Grand Prix,2025-07-06,driver,stroll,jm1261/Fantasy-F1-League:2025:driver:Stroll,Lance Stroll,STR,Aston Martin,22.0,,,,,,7.9,jm1261/Fantasy-F1-League,https://github.com/jm1261/Fantasy-F1-League/blob/main/Data/2025/Lineup/Great%20Britain_Results.json,MIT,third_party_recorded,False,True,False,third_party_recorded,historical_fantasy_scores_v3_recorded_2023_2026
2025,12,British Grand Prix,2025-07-06,driver,tsunoda,jm1261/Fantasy-F1-League:2025:driver:Tsunoda,Yuki Tsunoda,TSU,Red Bull,0.0,,,,,,13.0,jm1261/Fantasy-F1-League,https://github.com/jm1261/Fantasy-F1-League/blob/main/Data/2025/Lineup/Great%20Britain_Results.json,MIT,third_party_recorded,False,True,False,third_party_recorded,historical_fantasy_scores_v3_recorded_2023_2026
2025,13,Belgian Grand Prix,2025-07-27,constructor,alpine,jm1261/Fantasy-F1-League:2025:constructor:Alpine,Alpine,ALP,,-13.0,,,,,,9.5,jm1261/Fantasy-F1-League,https://github.com/jm1261/Fantasy-F1-League/blob/main/Data/2025/Lineup/Belgium_Results.json,MIT,third_party_recorded,False,True,False,third_party_recorded,historical_fantasy_scores_v3_recorded_2023_2026
2025,13,Belgian Grand Prix,2025-07-27,constructor,aston_martin,jm1261/Fantasy-F1-League:2025:constructor:Aston Martin,Aston Martin,AMR,,20.0,,,,,,10.1,jm1261/Fantasy-F1-League,https://github.com/jm1261/Fantasy-F1-League/blob/main/Data/2025/Lineup/Belgium_Results.json,MIT,third_party_recorded,False,True,False,third_party_recorded,historical_fantasy_scores_v3_recorded_2023_2026
2025,13,Belgian Grand Prix,2025-07-27,constructor,ferrari,jm1261/Fantasy-F1-League:2025:constructor:Ferrari,Ferrari,FER,,70.0,,,,,,29.7,jm1261/Fantasy-F1-League,https://github.com/jm1261/Fantasy-F1-League/blob/main/Data/2025/Lineup/Belgium_Results.json,MIT,third_party_recorded,False,True,False,third_party_recorded,historical_fantasy_scores_v3_recorded_2023_2026
2025,13,Belgian Grand Prix,2025-07-27,constructor,haas,jm1261/Fantasy-F1-League:2025:constructor:Haas,Haas,HAS,,15.0,,,,,,11.4,jm1261/Fantasy-F1-League,https://github.com/jm1261/Fantasy-F1-League/blob/main/Data/2025/Lineup/Belgium_Results.json,MIT,third_party_recorded,False,True,False,third_party_recorded,historical_fantasy_scores_v3_recorded_2023_2026
2025,13,Belgian Grand Prix,2025-07-27,constructor,mclaren,jm1261/Fantasy-F1-League:2025:constructor:McLaren,McLaren,MCL,,93.0,,,,,,33.6,jm1261/Fantasy-F1-League,https://github.com/jm1261/Fantasy-F1-League/blob/main/Data/2025/Lineup/Belgium_Results.json,MIT,third_party_recorded,False,True,False,third_party_recorded,historical_fantasy_scores_v3_recorded_2023_2026
2025,13,Belgian Grand Prix,2025-07-27,constructor,mercedes,jm1261/Fantasy-F1-League:2025:constructor:Mercedes,Mercedes,MER,,50.0,,,,,,25.3,jm1261/Fantasy-F1-League,https://github.com/jm1261/Fantasy-F1-League/blob/main/Data/2025/Lineup/Belgium_Results.json,MIT,third_party_recorded,False,True,False,third_party_recorded,historical_fantasy_scores_v3_recorded_2023_2026
2025,13,Belgian Grand Prix,2025-07-27,constructor,rb,jm1261/Fantasy-F1-League:2025:constructor:Racing Bulls,Racing Bulls,RB,,17.0,,,,,,12.4,jm1261/Fantasy-F1-League,https://github.com/jm1261/Fantasy-F1-League/blob/main/Data/2025/Lineup/Belgium_Results.json,MIT,third_party_recorded,False,True,False,third_party_recorded,historical_fantasy_scores_v3_recorded_2023_2026
2025,13,Belgian Grand Prix,2025-07-27,constructor,red_bull,jm1261/Fantasy-F1-League:2025:constructor:Red Bull,Red Bull,RBR,,55.0,,,,,,28.0,jm1261/Fantasy-F1-League,https://github.com/jm1261/Fantasy-F1-League/blob/main/Data/2025/Lineup/Belgium_Results.json,MIT,third_party_recorded,False,True,False,third_party_recorded,historical_fantasy_scores_v3_recorded_2023_2026
2025,13,Belgian Grand Prix,2025-07-27,constructor,sauber,jm1261/Fantasy-F1-League:2025:constructor:Kick Sauber,Kick Sauber,SAU,,24.0,,,,,,8.1,jm1261/Fantasy-F1-League,https://github.com/jm1261/Fantasy-F1-League/blob/main/Data/2025/Lineup/Belgium_Results.json,MIT,third_party_recorded,False,True,False,third_party_recorded,historical_fantasy_scores_v3_recorded_2023_2026
2025,13,Belgian Grand Prix,2025-07-27,constructor,williams,jm1261/Fantasy-F1-League:2025:constructor:Williams,Williams,WIL,,27.0,,,,,,15.5,jm1261/Fantasy-F1-League,https://github.com/jm1261/Fantasy-F1-League/blob/main/Data/2025/Lineup/Belgium_Results.json,MIT,third_party_recorded,False,True,False,third_party_recorded,historical_fantasy_scores_v3_recorded_2023_2026
2025,13,Belgian Grand Prix,2025-07-27,driver,albon,jm1261/Fantasy-F1-League:2025:driver:Albon,Alexander Albon,ALB,Williams,14.0,,,,,,11.2,jm1261/Fantasy-F1-League,https://github.com/jm1261/Fantasy-F1-League/blob/main/Data/2025/Lineup/Belgium_Results.json,MIT,third_party_recorded,False,True,False,third_party_recorded,historical_fantasy_scores_v3_recorded_2023_2026
2025,13,Belgian Grand Prix,2025-07-27,driver,alonso,jm1261/Fantasy-F1-League:2025:driver:Alonso,Fernando Alonso,ALO,Aston Martin,7.0,,,,,,6.3,jm1261/Fantasy-F1-League,https://github.com/jm1261/Fantasy-F1-League/blob/main/Data/2025/Lineup/Belgium_Results.json,MIT,third_party_recorded,False,True,False,third_party_recorded,historical_fantasy_scores_v3_recorded_2023_2026
2025,13,Belgian Grand Prix,2025-07-27,driver,antonelli,jm1261/Fantasy-F1-League:2025:driver:Antonelli,Andrea Kimi Antonelli,ANT,Mercedes,21.0,,,,,,17.1,jm1261/Fantasy-F1-League,https://github.com/jm1261/Fantasy-F1-League/blob/main/Data/2025/Lineup/Belgium_Results.json,MIT,third_party_recorded,False,True,False,third_party_recorded,historical_fantasy_scores_v3_recorded_2023_2026
2025,13,Belgian Grand Prix,2025-07-27,driver,bearman,jm1261/Fantasy-F1-League:2025:driver:Bearman,Oliver Bearman,BEA,Haas,7.0,,,,,,7.5,jm1261/Fantasy-F1-League,https://github.com/jm1261/Fantasy-F1-League/blob/main/Data/2025/Lineup/Belgium_Results.json,MIT,third_party_recorded,False,True,False,third_party_recorded,historical_fantasy_scores_v3_recorded_2023_2026
2025,13,Belgian Grand Prix,2025-07-27,driver,bortoleto,jm1261/Fantasy-F1-League:2025:driver:Bortoleto,Gabriel Bortoleto,BOR,Kick Sauber,7.0,,,,,,4.9,jm1261/Fantasy-F1-League,https://github.com/jm1261/Fantasy-F1-League/blob/main/Data/2025/Lineup/Belgium_Results.json,MIT,third_party_recorded,False,True,False,third_party_recorded,historical_fantasy_scores_v3_recorded_2023_2026
2025,13,Belgian Grand Prix,2025-07-27,driver,colapinto,jm1261/Fantasy-F1-League:2025:driver:Colapinto,Franco Colapinto,COL,Alpine,-2.0,,,,,,4.5,jm1261/Fantasy-F1-League,https://github.com/jm1261/Fantasy-F1-League/blob/main/Data/2025/Lineup/Belgium_Results.json,MIT,third_party_recorded,False,True,False,third_party_recorded,historical_fantasy_scores_v3_recorded_2023_2026
2025,13,Belgian Grand Prix,2025-07-27,driver,gasly,jm1261/Fantasy-F1-League:2025:driver:Gasly,Pierre Gasly,GAS,Alpine,-14.0,,,,,,6.6,jm1261/Fantasy-F1-League,https://github.com/jm1261/Fantasy-F1-League/blob/main/Data/2025/Lineup/Belgium_Results.json,MIT,third_party_recorded,False,True,False,third_party_recorded,historical_fantasy_scores_v3_recorded_2023_2026
2025,13,Belgian Grand Prix,2025-07-27,driver,hadjar,jm1261/Fantasy-F1-League:2025:driver:Hadjar,Isack Hadjar,HAD,Racing Bulls,-7.0,,,,,,6.3,jm1261/Fantasy-F1-League,https://github.com/jm1261/Fantasy-F1-League/blob/main/Data/2025/Lineup/Belgium_Results.json,MIT,third_party_recorded,False,True,False,third_party_recorded,historical_fantasy_scores_v3_recorded_2023_2026
2025,13,Belgian Grand Prix,2025-07-27,driver,hamilton,jm1261/Fantasy-F1-League:2025:driver:Hamilton,Lewis Hamilton,HAM,Ferrari,40.0,,,,,,23.4,jm1261/Fantasy-F1-League,https://github.com/jm1261/Fantasy-F1-League/blob/main/Data/2025/Lineup/Belgium_Results.json,MIT,third_party_recorded,False,True,False,third_party_recorded,historical_fantasy_scores_v3_recorded_2023_2026
2025,13,Belgian Grand Prix,2025-07-27,driver,hulkenberg,jm1261/Fantasy-F1-League:2025:driver:Hulkenberg,Nico Hülkenberg,HUL,Kick Sauber,7.0,,,,,,8.4,jm1261/Fantasy-F1-League,https://github.com/jm1261/Fantasy-F1-League/blob/main/Data/2025/Lineup/Belgium_Results.json,MIT,third_party_recorded,False,True,False,third_party_recorded,historical_fantasy_scores_v3_recorded_2023_2026
2025,13,Belgian Grand Prix,2025-07-27,driver,lawson,jm1261/Fantasy-F1-League:2025:driver:Lawson,Liam Lawson,LAW,Racing Bulls,9.0,,,,,,4.5,jm1261/Fantasy-F1-League,https://github.com/jm1261/Fantasy-F1-League/blob/main/Data/2025/Lineup/Belgium_Results.json,MIT,third_party_recorded,False,True,False,third_party_recorded,historical_fantasy_scores_v3_recorded_2023_2026
2025,13,Belgian Grand Prix,2025-07-27,driver,leclerc,jm1261/Fantasy-F1-League:2025:driver:Leclerc,Charles Leclerc,LEC,Ferrari,30.0,,,,,,24.1,jm1261/Fantasy-F1-League,https://github.com/jm1261/Fantasy-F1-League/blob/main/Data/2025/Lineup/Belgium_Results.json,MIT,third_party_recorded,False,True,False,third_party_recorded,historical_fantasy_scores_v3_recorded_2023_2026
2025,13,Belgian Grand Prix,2025-07-27,driver,max_verstappen,jm1261/Fantasy-F1-League:2025:driver:Verstappen,Max Verstappen,VER,Red Bull,30.0,,,,,,28.6,jm1261/Fantasy-F1-League,https://github.com/jm1261/Fantasy-F1-League/blob/main/Data/2025/Lineup/Belgium_Results.json,MIT,third_party_recorded,False,True,False,third_party_recorded,historical_fantasy_scores_v3_recorded_2023_2026
2025,13,Belgian Grand Prix,2025-07-27,driver,norris,jm1261/Fantasy-F1-League:2025:driver:Norris,Lando Norris,NOR,McLaren,39.0,,,,,,30.8,jm1261/Fantasy-F1-League,https://github.com/jm1261/Fantasy-F1-League/blob/main/Data/2025/Lineup/Belgium_Results.json,MIT,third_party_recorded,False,True,False,third_party_recorded,historical_fantasy_scores_v3_recorded_2023_2026
2025,13,Belgian Grand Prix,2025-07-27,driver,ocon,jm1261/Fantasy-F1-League:2025:driver:Ocon,Esteban Ocon,OCO,Haas,3.0,,,,,,8.9,jm1261/Fantasy-F1-League,https://github.com/jm1261/Fantasy-F1-League/blob/main/Data/2025/Lineup/Belgium_Results.json,MIT,third_party_recorded,False,True,False,third_party_recorded,historical_fantasy_scores_v3_recorded_2023_2026
2025,13,Belgian Grand Prix,2025-07-27,driver,piastri,jm1261/Fantasy-F1-League:2025:driver:Piastri,Oscar Piastri,PIA,McLaren,42.0,,,,,,25.8,jm1261/Fantasy-F1-League,https://github.com/jm1261/Fantasy-F1-League/blob/main/Data/2025/Lineup/Belgium_Results.json,MIT,third_party_recorded,False,True,False,third_party_recorded,historical_fantasy_scores_v3_recorded_2023_2026
2025,13,Belgian Grand Prix,2025-07-27,driver,russell,jm1261/Fantasy-F1-League:2025:driver:Russell,George Russell,RUS,Mercedes,19.0,,,,,,22.4,jm1261/Fantasy-F1-League,https://github.com/jm1261/Fantasy-F1-League/blob/main/Data/2025/Lineup/Belgium_Results.json,MIT,third_party_recorded,False,True,False,third_party_recorded,historical_fantasy_scores_v3_recorded_2023_2026
2025,13,Belgian Grand Prix,2025-07-27,driver,sainz,jm1261/Fantasy-F1-League:2025:driver:Sainz,Carlos Sainz,SAI,Williams,6.0,,,,,,7.1,jm1261/Fantasy-F1-League,https://github.com/jm1261/Fantasy-F1-League/blob/main/Data/2025/Lineup/Belgium_Results.json,MIT,third_party_recorded,False,True,False,third_party_recorded,historical_fantasy_scores_v3_recorded_2023_2026
2025,13,Belgian Grand Prix,2025-07-27,driver,stroll,jm1261/Fantasy-F1-League:2025:driver:Stroll,Lance Stroll,STR,Aston Martin,9.0,,,,,,8.5,jm1261/Fantasy-F1-League,https://github.com/jm1261/Fantasy-F1-League/blob/main/Data/2025/Lineup/Belgium_Results.json,MIT,third_party_recorded,False,True,False,third_party_recorded,historical_fantasy_scores_v3_recorded_2023_2026
2025,13,Belgian Grand Prix,2025-07-27,driver,tsunoda,jm1261/Fantasy-F1-League:2025:driver:Tsunoda,Yuki Tsunoda,TSU,Red Bull,0.0,,,,,,12.4,jm1261/Fantasy-F1-League,https://github.com/jm1261/Fantasy-F1-League/blob/main/Data/2025/Lineup/Belgium_Results.json,MIT,third_party_recorded,False,True,False,third_party_recorded,historical_fantasy_scores_v3_recorded_2023_2026
2025,14,Hungarian Grand Prix,2025-08-03,constructor,alpine,jm1261/Fantasy-F1-League:2025:constructor:Alpine,Alpine,ALP,,2.0,,,,,,8.9,jm1261/Fantasy-F1-League,https://github.com/jm1261/Fantasy-F1-League/blob/main/Data/2025/Lineup/Hungary_Results.json,MIT,third_party_recorded,False,True,False,third_party_recorded,historical_fantasy_scores_v3_recorded_2023_2026
2025,14,Hungarian Grand Prix,2025-08-03,constructor,aston_martin,jm1261/Fantasy-F1-League:2025:constructor:Aston Martin,Aston Martin,AMR,,45.0,,,,,,10.7,jm1261/Fantasy-F1-League,https://github.com/jm1261/Fantasy-F1-League/blob/main/Data/2025/Lineup/Hungary_Results.json,MIT,third_party_recorded,False,True,False,third_party_recorded,historical_fantasy_scores_v3_recorded_2023_2026
2025,14,Hungarian Grand Prix,2025-08-03,constructor,ferrari,jm1261/Fantasy-F1-League:2025:constructor:Ferrari,Ferrari,FER,,39.0,,,,,,30.0,jm1261/Fantasy-F1-League,https://github.com/jm1261/Fantasy-F1-League/blob/main/Data/2025/Lineup/Hungary_Results.json,MIT,third_party_recorded,False,True,False,third_party_recorded,historical_fantasy_scores_v3_recorded_2023_2026
2025,14,Hungarian Grand Prix,2025-08-03,constructor,haas,jm1261/Fantasy-F1-League:2025:constructor:Haas,Haas,HAS,,-9.0,,,,,,12.0,jm1261/Fantasy-F1-League,https://github.com/jm1261/Fantasy-F1-League/blob/main/Data/2025/Lineup/Hungary_Results.json,MIT,third_party_recorded,False,True,False,third_party_recorded,historical_fantasy_scores_v3_recorded_2023_2026
2025,14,Hungarian Grand Prix,2025-08-03,constructor,mclaren,jm1261/Fantasy-F1-League:2025:constructor:McLaren,McLaren,MCL,,100.0,,,,,,33.9,jm1261/Fantasy-F1-League,https://github.com/jm1261/Fantasy-F1-League/blob/main/Data/2025/Lineup/Hungary_Results.json,MIT,third_party_recorded,False,True,False,third_party_recorded,historical_fantasy_scores_v3_recorded_2023_2026
2025,14,Hungarian Grand Prix,2025-08-03,constructor,mercedes,jm1261/Fantasy-F1-League:2025:constructor:Mercedes,Mercedes,MER,,54.0,,,,,,25.4,jm1261/Fantasy-F1-League,https://github.com/jm1261/Fantasy-F1-League/blob/main/Data/2025/Lineup/Hungary_Results.json,MIT,third_party_recorded,False,True,False,third_party_recorded,historical_fantasy_scores_v3_recorded_2023_2026
2025,14,Hungarian Grand Prix,2025-08-03,constructor,rb,jm1261/Fantasy-F1-League:2025:constructor:Racing Bulls,Racing Bulls,RB,,29.0,,,,,,11.8,jm1261/Fantasy-F1-League,https://github.com/jm1261/Fantasy-F1-League/blob/main/Data/2025/Lineup/Hungary_Results.json,MIT,third_party_recorded,False,True,False,third_party_recorded,historical_fantasy_scores_v3_recorded_2023_2026
2025,14,Hungarian Grand Prix,2025-08-03,constructor,red_bull,jm1261/Fantasy-F1-League:2025:constructor:Red Bull,Red Bull,RBR,,39.0,,,,,,28.1,jm1261/Fantasy-F1-League,https://github.com/jm1261/Fantasy-F1-League/blob/main/Data/2025/Lineup/Hungary_Results.json,MIT,third_party_recorded,False,True,False,third_party_recorded,historical_fantasy_scores_v3_recorded_2023_2026
2025,14,Hungarian Grand Prix,2025-08-03,constructor,sauber,jm1261/Fantasy-F1-League:2025:constructor:Kick Sauber,Kick Sauber,SAU,,35.0,,,,,,8.7,jm1261/Fantasy-F1-League,https://github.com/jm1261/Fantasy-F1-League/blob/main/Data/2025/Lineup/Hungary_Results.json,MIT,third_party_recorded,False,True,False,third_party_recorded,historical_fantasy_scores_v3_recorded_2023_2026
2025,14,Hungarian Grand Prix,2025-08-03,constructor,williams,jm1261/Fantasy-F1-League:2025:constructor:Williams,Williams,WIL,,24.0,,,,,,14.9,jm1261/Fantasy-F1-League,https://github.com/jm1261/Fantasy-F1-League/blob/main/Data/2025/Lineup/Hungary_Results.json,MIT,third_party_recorded,False,True,False,third_party_recorded,historical_fantasy_scores_v3_recorded_2023_2026
2025,14,Hungarian Grand Prix,2025-08-03,driver,albon,jm1261/Fantasy-F1-League:2025:driver:Albon,Alexander Albon,ALB,Williams,12.0,,,,,,10.6,jm1261/Fantasy-F1-League,https://github.com/jm1261/Fantasy-F1-League/blob/main/Data/2025/Lineup/Hungary_Results.json,MIT,third_party_recorded,False,True,False,third_party_recorded,historical_fantasy_scores_v3_recorded_2023_2026
2025,14,Hungarian Grand Prix,2025-08-03,driver,alonso,jm1261/Fantasy-F1-League:2025:driver:Alonso,Fernando Alonso,ALO,Aston Martin,17.0,,,,,,6.9,jm1261/Fantasy-F1-League,https://github.com/jm1261/Fantasy-F1-League/blob/main/Data/2025/Lineup/Hungary_Results.json,MIT,third_party_recorded,False,True,False,third_party_recorded,historical_fantasy_scores_v3_recorded_2023_2026
2025,14,Hungarian Grand Prix,2025-08-03,driver,antonelli,jm1261/Fantasy-F1-League:2025:driver:Antonelli,Andrea Kimi Antonelli,ANT,Mercedes,10.0,,,,,,16.5,jm1261/Fantasy-F1-League,https://github.com/jm1261/Fantasy-F1-League/blob/main/Data/2025/Lineup/Hungary_Results.json,MIT,third_party_recorded,False,True,False,third_party_recorded,historical_fantasy_scores_v3_recorded_2023_2026
2025,14,Hungarian Grand Prix,2025-08-03,driver,bearman,jm1261/Fantasy-F1-League:2025:driver:Bearman,Oliver Bearman,BEA,Haas,-18.0,,,,,,8.1,jm1261/Fantasy-F1-League,https://github.com/jm1261/Fantasy-F1-League/blob/main/Data/2025/Lineup/Hungary_Results.json,MIT,third_party_recorded,False,True,False,third_party_recorded,historical_fantasy_scores_v3_recorded_2023_2026
2025,14,Hungarian Grand Prix,2025-08-03,driver,bortoleto,jm1261/Fantasy-F1-League:2025:driver:Bortoleto,Gabriel Bortoleto,BOR,Kick Sauber,24.0,,,,,,4.7,jm1261/Fantasy-F1-League,https://github.com/jm1261/Fantasy-F1-League/blob/main/Data/2025/Lineup/Hungary_Results.json,MIT,third_party_recorded,False,True,False,third_party_recorded,historical_fantasy_scores_v3_recorded_2023_2026
2025,14,Hungarian Grand Prix,2025-08-03,driver,colapinto,jm1261/Fantasy-F1-League:2025:driver:Colapinto,Franco Colapinto,COL,Alpine,-4.0,,,,,,4.5,jm1261/Fantasy-F1-League,https://github.com/jm1261/Fantasy-F1-League/blob/main/Data/2025/Lineup/Hungary_Results.json,MIT,third_party_recorded,False,True,False,third_party_recorded,historical_fantasy_scores_v3_recorded_2023_2026
2025,14,Hungarian Grand Prix,2025-08-03,driver,gasly,jm1261/Fantasy-F1-League:2025:driver:Gasly,Pierre Gasly,GAS,Alpine,0.0,,,,,,6.0,jm1261/Fantasy-F1-League,https://github.com/jm1261/Fantasy-F1-League/blob/main/Data/2025/Lineup/Hungary_Results.json,MIT,third_party_recorded,False,True,False,third_party_recorded,historical_fantasy_scores_v3_recorded_2023_2026
2025,14,Hungarian Grand Prix,2025-08-03,driver,hadjar,jm1261/Fantasy-F1-League:2025:driver:Hadjar,Isack Hadjar,HAD,Racing Bulls,4.0,,,,,,5.7,jm1261/Fantasy-F1-League,https://github.com/jm1261/Fantasy-F1-League/blob/main/Data/2025/Lineup/Hungary_Results.json,MIT,third_party_recorded,False,True,False,third_party_recorded,historical_fantasy_scores_v3_recorded_2023_2026
2025,14,Hungarian Grand Prix,2025-08-03,driver,hamilton,jm1261/Fantasy-F1-League:2025:driver:Hamilton,Lewis Hamilton,HAM,Ferrari,4.0,,,,,,23.7,jm1261/Fantasy-F1-League,https://github.com/jm1261/Fantasy-F1-League/blob/main/Data/2025/Lineup/Hungary_Results.json,MIT,third_party_recorded,False,True,False,third_party_recorded,historical_fantasy_scores_v3_recorded_2023_2026
2025,14,Hungarian Grand Prix,2025-08-03,driver,hulkenberg,jm1261/Fantasy-F1-League:2025:driver:Hulkenberg,Nico Hülkenberg,HUL,Kick Sauber,14.0,,,,,,8.8,jm1261/Fantasy-F1-League,https://github.com/jm1261/Fantasy-F1-League/blob/main/Data/2025/Lineup/Hungary_Results.json,MIT,third_party_recorded,False,True,False,third_party_recorded,historical_fantasy_scores_v3_recorded_2023_2026
2025,14,Hungarian Grand Prix,2025-08-03,driver,lawson,jm1261/Fantasy-F1-League:2025:driver:Lawson,Liam Lawson,LAW,Racing Bulls,10.0,,,,,,4.5,jm1261/Fantasy-F1-League,https://github.com/jm1261/Fantasy-F1-League/blob/main/Data/2025/Lineup/Hungary_Results.json,MIT,third_party_recorded,False,True,False,third_party_recorded,historical_fantasy_scores_v3_recorded_2023_2026
2025,14,Hungarian Grand Prix,2025-08-03,driver,leclerc,jm1261/Fantasy-F1-League:2025:driver:Leclerc,Charles Leclerc,LEC,Ferrari,20.0,,,,,,24.0,jm1261/Fantasy-F1-League,https://github.com/jm1261/Fantasy-F1-League/blob/main/Data/2025/Lineup/Hungary_Results.json,MIT,third_party_recorded,False,True,False,third_party_recorded,historical_fantasy_scores_v3_recorded_2023_2026
2025,14,Hungarian Grand Prix,2025-08-03,driver,max_verstappen,jm1261/Fantasy-F1-League:2025:driver:Verstappen,Max Verstappen,VER,Red Bull,11.0,,,,,,28.3,jm1261/Fantasy-F1-League,https://github.com/jm1261/Fantasy-F1-League/blob/main/Data/2025/Lineup/Hungary_Results.json,MIT,third_party_recorded,False,True,False,third_party_recorded,historical_fantasy_scores_v3_recorded_2023_2026
2025,14,Hungarian Grand Prix,2025-08-03,driver,norris,jm1261/Fantasy-F1-League:2025:driver:Norris,Lando Norris,NOR,McLaren,36.0,,,,,,31.1,jm1261/Fantasy-F1-League,https://github.com/jm1261/Fantasy-F1-League/blob/main/Data/2025/Lineup/Hungary_Results.json,MIT,third_party_recorded,False,True,False,third_party_recorded,historical_fantasy_scores_v3_recorded_2023_2026
2025,14,Hungarian Grand Prix,2025-08-03,driver,ocon,jm1261/Fantasy-F1-League:2025:driver:Ocon,Esteban Ocon,OCO,Haas,6.0,,,,,,9.1,jm1261/Fantasy-F1-League,https://github.com/jm1261/Fantasy-F1-League/blob/main/Data/2025/Lineup/Hungary_Results.json,MIT,third_party_recorded,False,True,False,third_party_recorded,historical_fantasy_scores_v3_recorded_2023_2026
2025,14,Hungarian Grand Prix,2025-08-03,driver,piastri,jm1261/Fantasy-F1-League:2025:driver:Piastri,Oscar Piastri,PIA,McLaren,29.0,,,,,,26.1,jm1261/Fantasy-F1-League,https://github.com/jm1261/Fantasy-F1-League/blob/main/Data/2025/Lineup/Hungary_Results.json,MIT,third_party_recorded,False,True,False,third_party_recorded,historical_fantasy_scores_v3_recorded_2023_2026
2025,14,Hungarian Grand Prix,2025-08-03,driver,russell,jm1261/Fantasy-F1-League:2025:driver:Russell,George Russell,RUS,Mercedes,37.0,,,,,,22.3,jm1261/Fantasy-F1-League,https://github.com/jm1261/Fantasy-F1-League/blob/main/Data/2025/Lineup/Hungary_Results.json,MIT,third_party_recorded,False,True,False,third_party_recorded,historical_fantasy_scores_v3_recorded_2023_2026
2025,14,Hungarian Grand Prix,2025-08-03,driver,sainz,jm1261/Fantasy-F1-League:2025:driver:Sainz,Carlos Sainz,SAI,Williams,6.0,,,,,,6.5,jm1261/Fantasy-F1-League,https://github.com/jm1261/Fantasy-F1-League/blob/main/Data/2025/Lineup/Hungary_Results.json,MIT,third_party_recorded,False,True,False,third_party_recorded,historical_fantasy_scores_v3_recorded_2023_2026
2025,14,Hungarian Grand Prix,2025-08-03,driver,stroll,jm1261/Fantasy-F1-League:2025:driver:Stroll,Lance Stroll,STR,Aston Martin,13.0,,,,,,9.1,jm1261/Fantasy-F1-League,https://github.com/jm1261/Fantasy-F1-League/blob/main/Data/2025/Lineup/Hungary_Results.json,MIT,third_party_recorded,False,True,False,third_party_recorded,historical_fantasy_scores_v3_recorded_2023_2026
2025,14,Hungarian Grand Prix,2025-08-03,driver,tsunoda,jm1261/Fantasy-F1-League:2025:driver:Tsunoda,Yuki Tsunoda,TSU,Red Bull,3.0,,,,,,11.8,jm1261/Fantasy-F1-League,https://github.com/jm1261/Fantasy-F1-League/blob/main/Data/2025/Lineup/Hungary_Results.json,MIT,third_party_recorded,False,True,False,third_party_recorded,historical_fantasy_scores_v3_recorded_2023_2026
2025,15,Dutch Grand Prix,2025-08-31,constructor,alpine,jm1261/Fantasy-F1-League:2025:constructor:Alpine,Alpine,ALP,,14.0,,,,,,8.3,jm1261/Fantasy-F1-League,https://github.com/jm1261/Fantasy-F1-League/blob/main/Data/2025/Lineup/Netherlands_Results.json,MIT,third_party_recorded,False,True,False,third_party_recorded,historical_fantasy_scores_v3_recorded_2023_2026
2025,15,Dutch Grand Prix,2025-08-31,constructor,aston_martin,jm1261/Fantasy-F1-League:2025:constructor:Aston Martin,Aston Martin,AMR,,41.0,,,,,,11.3,jm1261/Fantasy-F1-League,https://github.com/jm1261/Fantasy-F1-League/blob/main/Data/2025/Lineup/Netherlands_Results.json,MIT,third_party_recorded,False,True,False,third_party_recorded,historical_fantasy_scores_v3_recorded_2023_2026
2025,15,Dutch Grand Prix,2025-08-31,constructor,ferrari,jm1261/Fantasy-F1-League:2025:constructor:Ferrari,Ferrari,FER,,-4.0,,,,,,30.3,jm1261/Fantasy-F1-League,https://github.com/jm1261/Fantasy-F1-League/blob/main/Data/2025/Lineup/Netherlands_Results.json,MIT,third_party_recorded,False,True,False,third_party_recorded,historical_fantasy_scores_v3_recorded_2023_2026
2025,15,Dutch Grand Prix,2025-08-31,constructor,haas,jm1261/Fantasy-F1-League:2025:constructor:Haas,Haas,HAS,,43.0,,,,,,11.8,jm1261/Fantasy-F1-League,https://github.com/jm1261/Fantasy-F1-League/blob/main/Data/2025/Lineup/Netherlands_Results.json,MIT,third_party_recorded,False,True,False,third_party_recorded,historical_fantasy_scores_v3_recorded_2023_2026
2025,15,Dutch Grand Prix,2025-08-31,constructor,mclaren,jm1261/Fantasy-F1-League:2025:constructor:McLaren,McLaren,MCL,,52.0,,,,,,34.2,jm1261/Fantasy-F1-League,https://github.com/jm1261/Fantasy-F1-League/blob/main/Data/2025/Lineup/Netherlands_Results.json,MIT,third_party_recorded,False,True,False,third_party_recorded,historical_fantasy_scores_v3_recorded_2023_2026
2025,15,Dutch Grand Prix,2025-08-31,constructor,mercedes,jm1261/Fantasy-F1-League:2025:constructor:Mercedes,Mercedes,MER,,30.0,,,,,,25.7,jm1261/Fantasy-F1-League,https://github.com/jm1261/Fantasy-F1-League/blob/main/Data/2025/Lineup/Netherlands_Results.json,MIT,third_party_recorded,False,True,False,third_party_recorded,historical_fantasy_scores_v3_recorded_2023_2026
2025,15,Dutch Grand Prix,2025-08-31,constructor,rb,jm1261/Fantasy-F1-League:2025:constructor:Racing Bulls,Racing Bulls,RB,,38.0,,,,,,11.2,jm1261/Fantasy-F1-League,https://github.com/jm1261/Fantasy-F1-League/blob/main/Data/2025/Lineup/Netherlands_Results.json,MIT,third_party_recorded,False,True,False,third_party_recorded,historical_fantasy_scores_v3_recorded_2023_2026
2025,15,Dutch Grand Prix,2025-08-31,constructor,red_bull,jm1261/Fantasy-F1-League:2025:constructor:Red Bull,Red Bull,RBR,,47.0,,,,,,28.4,jm1261/Fantasy-F1-League,https://github.com/jm1261/Fantasy-F1-League/blob/main/Data/2025/Lineup/Netherlands_Results.json,MIT,third_party_recorded,False,True,False,third_party_recorded,historical_fantasy_scores_v3_recorded_2023_2026
2025,15,Dutch Grand Prix,2025-08-31,constructor,sauber,jm1261/Fantasy-F1-League:2025:constructor:Kick Sauber,Kick Sauber,SAU,,14.0,,,,,,9.3,jm1261/Fantasy-F1-League,https://github.com/jm1261/Fantasy-F1-League/blob/main/Data/2025/Lineup/Netherlands_Results.json,MIT,third_party_recorded,False,True,False,third_party_recorded,historical_fantasy_scores_v3_recorded_2023_2026
2025,15,Dutch Grand Prix,2025-08-31,constructor,williams,jm1261/Fantasy-F1-League:2025:constructor:Williams,Williams,WIL,,35.0,,,,,,15.5,jm1261/Fantasy-F1-League,https://github.com/jm1261/Fantasy-F1-League/blob/main/Data/2025/Lineup/Netherlands_Results.json,MIT,third_party_recorded,False,True,False,third_party_recorded,historical_fantasy_scores_v3_recorded_2023_2026
2025,15,Dutch Grand Prix,2025-08-31,driver,albon,jm1261/Fantasy-F1-League:2025:driver:Albon,Alexander Albon,ALB,Williams,27.0,,,,,,11.2,jm1261/Fantasy-F1-League,https://github.com/jm1261/Fantasy-F1-League/blob/main/Data/2025/Lineup/Netherlands_Results.json,MIT,third_party_recorded,False,True,False,third_party_recorded,historical_fantasy_scores_v3_recorded_2023_2026
2025,15,Dutch Grand Prix,2025-08-31,driver,alonso,jm1261/Fantasy-F1-League:2025:driver:Alonso,Fernando Alonso,ALO,Aston Martin,13.0,,,,,,7.5,jm1261/Fantasy-F1-League,https://github.com/jm1261/Fantasy-F1-League/blob/main/Data/2025/Lineup/Netherlands_Results.json,MIT,third_party_recorded,False,True,False,third_party_recorded,historical_fantasy_scores_v3_recorded_2023_2026
2025,15,Dutch Grand Prix,2025-08-31,driver,antonelli,jm1261/Fantasy-F1-League:2025:driver:Antonelli,Andrea Kimi Antonelli,ANT,Mercedes,1.0,,,,,,15.9,jm1261/Fantasy-F1-League,https://github.com/jm1261/Fantasy-F1-League/blob/main/Data/2025/Lineup/Netherlands_Results.json,MIT,third_party_recorded,False,True,False,third_party_recorded,historical_fantasy_scores_v3_recorded_2023_2026
2025,15,Dutch Grand Prix,2025-08-31,driver,bearman,jm1261/Fantasy-F1-League:2025:driver:Bearman,Oliver Bearman,BEA,Haas,27.0,,,,,,7.5,jm1261/Fantasy-F1-League,https://github.com/jm1261/Fantasy-F1-League/blob/main/Data/2025/Lineup/Netherlands_Results.json,MIT,third_party_recorded,False,True,False,third_party_recorded,historical_fantasy_scores_v3_recorded_2023_2026
2025,15,Dutch Grand Prix,2025-08-31,driver,bortoleto,jm1261/Fantasy-F1-League:2025:driver:Bortoleto,Gabriel Bortoleto,BOR,Kick Sauber,0.0,,,,,,4.5,jm1261/Fantasy-F1-League,https://github.com/jm1261/Fantasy-F1-League/blob/main/Data/2025/Lineup/Netherlands_Results.json,MIT,third_party_recorded,False,True,False,third_party_recorded,historical_fantasy_scores_v3_recorded_2023_2026
2025,15,Dutch Grand Prix,2025-08-31,driver,colapinto,jm1261/Fantasy-F1-League:2025:driver:Colapinto,Franco Colapinto,COL,Alpine,11.0,,,,,,4.5,jm1261/Fantasy-F1-League,https://github.com/jm1261/Fantasy-F1-League/blob/main/Data/2025/Lineup/Netherlands_Results.json,MIT,third_party_recorded,False,True,False,third_party_recorded,historical_fantasy_scores_v3_recorded_2023_2026
2025,15,Dutch Grand Prix,2025-08-31,driver,gasly,jm1261/Fantasy-F1-League:2025:driver:Gasly,Pierre Gasly,GAS,Alpine,0.0,,,,,,5.4,jm1261/Fantasy-F1-League,https://github.com/jm1261/Fantasy-F1-League/blob/main/Data/2025/Lineup/Netherlands_Results.json,MIT,third_party_recorded,False,True,False,third_party_recorded,historical_fantasy_scores_v3_recorded_2023_2026
2025,15,Dutch Grand Prix,2025-08-31,driver,hadjar,jm1261/Fantasy-F1-League:2025:driver:Hadjar,Isack Hadjar,HAD,Racing Bulls,33.0,,,,,,5.1,jm1261/Fantasy-F1-League,https://github.com/jm1261/Fantasy-F1-League/blob/main/Data/2025/Lineup/Netherlands_Results.json,MIT,third_party_recorded,False,True,False,third_party_recorded,historical_fantasy_scores_v3_recorded_2023_2026
2025,15,Dutch Grand Prix,2025-08-31,driver,hamilton,jm1261/Fantasy-F1-League:2025:driver:Hamilton,Lewis Hamilton,HAM,Ferrari,-16.0,,,,,,23.6,jm1261/Fantasy-F1-League,https://github.com/jm1261/Fantasy-F1-League/blob/main/Data/2025/Lineup/Netherlands_Results.json,MIT,third_party_recorded,False,True,False,third_party_recorded,historical_fantasy_scores_v3_recorded_2023_2026
2025,15,Dutch Grand Prix,2025-08-31,driver,hulkenberg,jm1261/Fantasy-F1-League:2025:driver:Hulkenberg,Nico Hülkenberg,HUL,Kick Sauber,8.0,,,,,,9.6,jm1261/Fantasy-F1-League,https://github.com/jm1261/Fantasy-F1-League/blob/main/Data/2025/Lineup/Netherlands_Results.json,MIT,third_party_recorded,False,True,False,third_party_recorded,historical_fantasy_scores_v3_recorded_2023_2026
2025,15,Dutch Grand Prix,2025-08-31,driver,lawson,jm1261/Fantasy-F1-League:2025:driver:Lawson,Liam Lawson,LAW,Racing Bulls,0.0,,,,,,4.5,jm1261/Fantasy-F1-League,https://github.com/jm1261/Fantasy-F1-League/blob/main/Data/2025/Lineup/Netherlands_Results.json,MIT,third_party_recorded,False,True,False,third_party_recorded,historical_fantasy_scores_v3_recorded_2023_2026
2025,15,Dutch Grand Prix,2025-08-31,driver,leclerc,jm1261/Fantasy-F1-League:2025:driver:Leclerc,Charles Leclerc,LEC,Ferrari,-13.0,,,,,,23.9,jm1261/Fantasy-F1-League,https://github.com/jm1261/Fantasy-F1-League/blob/main/Data/2025/Lineup/Netherlands_Results.json,MIT,third_party_recorded,False,True,False,third_party_recorded,historical_fantasy_scores_v3_recorded_2023_2026
2025,15,Dutch Grand Prix,2025-08-31,driver,max_verstappen,jm1261/Fantasy-F1-League:2025:driver:Verstappen,Max Verstappen,VER,Red Bull,29.0,,,,,,28.2,jm1261/Fantasy-F1-League,https://github.com/jm1261/Fantasy-F1-League/blob/main/Data/2025/Lineup/Netherlands_Results.json,MIT,third_party_recorded,False,True,False,third_party_recorded,historical_fantasy_scores_v3_recorded_2023_2026
2025,15,Dutch Grand Prix,2025-08-31,driver,norris,jm1261/Fantasy-F1-League:2025:driver:Norris,Lando Norris,NOR,McLaren,-5.0,,,,,,31.4,jm1261/Fantasy-F1-League,https://github.com/jm1261/Fantasy-F1-League/blob/main/Data/2025/Lineup/Netherlands_Results.json,MIT,third_party_recorded,False,True,False,third_party_recorded,historical_fantasy_scores_v3_recorded_2023_2026
2025,15,Dutch Grand Prix,2025-08-31,driver,ocon,jm1261/Fantasy-F1-League:2025:driver:Ocon,Esteban Ocon,OCO,Haas,15.0,,,,,,8.5,jm1261/Fantasy-F1-League,https://github.com/jm1261/Fantasy-F1-League/blob/main/Data/2025/Lineup/Netherlands_Results.json,MIT,third_party_recorded,False,True,False,third_party_recorded,historical_fantasy_scores_v3_recorded_2023_2026
2025,15,Dutch Grand Prix,2025-08-31,driver,piastri,jm1261/Fantasy-F1-League:2025:driver:Piastri,Oscar Piastri,PIA,McLaren,45.0,,,,,,26.4,jm1261/Fantasy-F1-League,https://github.com/jm1261/Fantasy-F1-League/blob/main/Data/2025/Lineup/Netherlands_Results.json,MIT,third_party_recorded,False,True,False,third_party_recorded,historical_fantasy_scores_v3_recorded_2023_2026
2025,15,Dutch Grand Prix,2025-08-31,driver,russell,jm1261/Fantasy-F1-League:2025:driver:Russell,George Russell,RUS,Mercedes,19.0,,,,,,22.4,jm1261/Fantasy-F1-League,https://github.com/jm1261/Fantasy-F1-League/blob/main/Data/2025/Lineup/Netherlands_Results.json,MIT,third_party_recorded,False,True,False,third_party_recorded,historical_fantasy_scores_v3_recorded_2023_2026
2025,15,Dutch Grand Prix,2025-08-31,driver,sainz,jm1261/Fantasy-F1-League:2025:driver:Sainz,Carlos Sainz,SAI,Williams,1.0,,,,,,5.9,jm1261/Fantasy-F1-League,https://github.com/jm1261/Fantasy-F1-League/blob/main/Data/2025/Lineup/Netherlands_Results.json,MIT,third_party_recorded,False,True,False,third_party_recorded,historical_fantasy_scores_v3_recorded_2023_2026
2025,15,Dutch Grand Prix,2025-08-31,driver,stroll,jm1261/Fantasy-F1-League:2025:driver:Stroll,Lance Stroll,STR,Aston Martin,21.0,,,,,,9.7,jm1261/Fantasy-F1-League,https://github.com/jm1261/Fantasy-F1-League/blob/main/Data/2025/Lineup/Netherlands_Results.json,MIT,third_party_recorded,False,True,False,third_party_recorded,historical_fantasy_scores_v3_recorded_2023_2026
2025,15,Dutch Grand Prix,2025-08-31,driver,tsunoda,jm1261/Fantasy-F1-League:2025:driver:Tsunoda,Yuki Tsunoda,TSU,Red Bull,11.0,,,,,,11.2,jm1261/Fantasy-F1-League,https://github.com/jm1261/Fantasy-F1-League/blob/main/Data/2025/Lineup/Netherlands_Results.json,MIT,third_party_recorded,False,True,False,third_party_recorded,historical_fantasy_scores_v3_recorded_2023_2026
2025,16,Italian Grand Prix,2025-09-07,constructor,alpine,jm1261/Fantasy-F1-League:2025:constructor:Alpine,Alpine,ALP,,6.0,,,,,,7.7,jm1261/Fantasy-F1-League,https://github.com/jm1261/Fantasy-F1-League/blob/main/Data/2025/Lineup/Italy_Results.json,MIT,third_party_recorded,False,True,False,third_party_recorded,historical_fantasy_scores_v3_recorded_2023_2026
2025,16,Italian Grand Prix,2025-09-07,constructor,aston_martin,jm1261/Fantasy-F1-League:2025:constructor:Aston Martin,Aston Martin,AMR,,-11.0,,,,,,11.9,jm1261/Fantasy-F1-League,https://github.com/jm1261/Fantasy-F1-League/blob/main/Data/2025/Lineup/Italy_Results.json,MIT,third_party_recorded,False,True,False,third_party_recorded,historical_fantasy_scores_v3_recorded_2023_2026
2025,16,Italian Grand Prix,2025-09-07,constructor,ferrari,jm1261/Fantasy-F1-League:2025:constructor:Ferrari,Ferrari,FER,,67.0,,,,,,30.4,jm1261/Fantasy-F1-League,https://github.com/jm1261/Fantasy-F1-League/blob/main/Data/2025/Lineup/Italy_Results.json,MIT,third_party_recorded,False,True,False,third_party_recorded,historical_fantasy_scores_v3_recorded_2023_2026
2025,16,Italian Grand Prix,2025-09-07,constructor,haas,jm1261/Fantasy-F1-League:2025:constructor:Haas,Haas,HAS,,7.0,,,,,,12.4,jm1261/Fantasy-F1-League,https://github.com/jm1261/Fantasy-F1-League/blob/main/Data/2025/Lineup/Italy_Results.json,MIT,third_party_recorded,False,True,False,third_party_recorded,historical_fantasy_scores_v3_recorded_2023_2026
2025,16,Italian Grand Prix,2025-09-07,constructor,mclaren,jm1261/Fantasy-F1-League:2025:constructor:McLaren,McLaren,MCL,,97.0,,,,,,34.5,jm1261/Fantasy-F1-League,https://github.com/jm1261/Fantasy-F1-League/blob/main/Data/2025/Lineup/Italy_Results.json,MIT,third_party_recorded,False,True,False,third_party_recorded,historical_fantasy_scores_v3_recorded_2023_2026
2025,16,Italian Grand Prix,2025-09-07,constructor,mercedes,jm1261/Fantasy-F1-League:2025:constructor:Mercedes,Mercedes,MER,,37.0,,,,,,26.0,jm1261/Fantasy-F1-League,https://github.com/jm1261/Fantasy-F1-League/blob/main/Data/2025/Lineup/Italy_Results.json,MIT,third_party_recorded,False,True,False,third_party_recorded,historical_fantasy_scores_v3_recorded_2023_2026
2025,16,Italian Grand Prix,2025-09-07,constructor,rb,jm1261/Fantasy-F1-League:2025:constructor:Racing Bulls,Racing Bulls,RB,,27.0,,,,,,11.8,jm1261/Fantasy-F1-League,https://github.com/jm1261/Fantasy-F1-League/blob/main/Data/2025/Lineup/Italy_Results.json,MIT,third_party_recorded,False,True,False,third_party_recorded,historical_fantasy_scores_v3_recorded_2023_2026
2025,16,Italian Grand Prix,2025-09-07,constructor,red_bull,jm1261/Fantasy-F1-League:2025:constructor:Red Bull,Red Bull,RBR,,56.0,,,,,,28.7,jm1261/Fantasy-F1-League,https://github.com/jm1261/Fantasy-F1-League/blob/main/Data/2025/Lineup/Italy_Results.json,MIT,third_party_recorded,False,True,False,third_party_recorded,historical_fantasy_scores_v3_recorded_2023_2026
2025,16,Italian Grand Prix,2025-09-07,constructor,sauber,jm1261/Fantasy-F1-League:2025:constructor:Kick Sauber,Kick Sauber,SAU,,-2.0,,,,,,9.9,jm1261/Fantasy-F1-League,https://github.com/jm1261/Fantasy-F1-League/blob/main/Data/2025/Lineup/Italy_Results.json,MIT,third_party_recorded,False,True,False,third_party_recorded,historical_fantasy_scores_v3_recorded_2023_2026
2025,16,Italian Grand Prix,2025-09-07,constructor,williams,jm1261/Fantasy-F1-League:2025:constructor:Williams,Williams,WIL,,23.0,,,,,,16.1,jm1261/Fantasy-F1-League,https://github.com/jm1261/Fantasy-F1-League/blob/main/Data/2025/Lineup/Italy_Results.json,MIT,third_party_recorded,False,True,False,third_party_recorded,historical_fantasy_scores_v3_recorded_2023_2026
2025,16,Italian Grand Prix,2025-09-07,driver,albon,jm1261/Fantasy-F1-League:2025:driver:Albon,Alexander Albon,ALB,Williams,15.0,,,,,,11.8,jm1261/Fantasy-F1-League,https://github.com/jm1261/Fantasy-F1-League/blob/main/Data/2025/Lineup/Italy_Results.json,MIT,third_party_recorded,False,True,False,third_party_recorded,historical_fantasy_scores_v3_recorded_2023_2026
2025,16,Italian Grand Prix,2025-09-07,driver,alonso,jm1261/Fantasy-F1-League:2025:driver:Alonso,Fernando Alonso,ALO,Aston Martin,-15.0,,,,,,8.1,jm1261/Fantasy-F1-League,https://github.com/jm1261/Fantasy-F1-League/blob/main/Data/2025/Lineup/Italy_Results.json,MIT,third_party_recorded,False,True,False,third_party_recorded,historical_fantasy_scores_v3_recorded_2023_2026
2025,16,Italian Grand Prix,2025-09-07,driver,antonelli,jm1261/Fantasy-F1-League:2025:driver:Antonelli,Andrea Kimi Antonelli,ANT,Mercedes,6.0,,,,,,15.7,jm1261/Fantasy-F1-League,https://github.com/jm1261/Fantasy-F1-League/blob/main/Data/2025/Lineup/Italy_Results.json,MIT,third_party_recorded,False,True,False,third_party_recorded,historical_fantasy_scores_v3_recorded_2023_2026
2025,16,Italian Grand Prix,2025-09-07,driver,bearman,jm1261/Fantasy-F1-League:2025:driver:Bearman,Oliver Bearman,BEA,Haas,3.0,,,,,,7.3,jm1261/Fantasy-F1-League,https://github.com/jm1261/Fantasy-F1-League/blob/main/Data/2025/Lineup/Italy_Results.json,MIT,third_party_recorded,False,True,False,third_party_recorded,historical_fantasy_scores_v3_recorded_2023_2026
2025,16,Italian Grand Prix,2025-09-07,driver,bortoleto,jm1261/Fantasy-F1-League:2025:driver:Bortoleto,Gabriel Bortoleto,BOR,Kick Sauber,13.0,,,,,,5.1,jm1261/Fantasy-F1-League,https://github.com/jm1261/Fantasy-F1-League/blob/main/Data/2025/Lineup/Italy_Results.json,MIT,third_party_recorded,False,True,False,third_party_recorded,historical_fantasy_scores_v3_recorded_2023_2026
2025,16,Italian Grand Prix,2025-09-07,driver,colapinto,jm1261/Fantasy-F1-League:2025:driver:Colapinto,Franco Colapinto,COL,Alpine,0.0,,,,,,4.5,jm1261/Fantasy-F1-League,https://github.com/jm1261/Fantasy-F1-League/blob/main/Data/2025/Lineup/Italy_Results.json,MIT,third_party_recorded,False,True,False,third_party_recorded,historical_fantasy_scores_v3_recorded_2023_2026
2025,16,Italian Grand Prix,2025-09-07,driver,gasly,jm1261/Fantasy-F1-League:2025:driver:Gasly,Pierre Gasly,GAS,Alpine,5.0,,,,,,4.8,jm1261/Fantasy-F1-League,https://github.com/jm1261/Fantasy-F1-League/blob/main/Data/2025/Lineup/Italy_Results.json,MIT,third_party_recorded,False,True,False,third_party_recorded,historical_fantasy_scores_v3_recorded_2023_2026
2025,16,Italian Grand Prix,2025-09-07,driver,hadjar,jm1261/Fantasy-F1-League:2025:driver:Hadjar,Isack Hadjar,HAD,Racing Bulls,12.0,,,,,,5.1,jm1261/Fantasy-F1-League,https://github.com/jm1261/Fantasy-F1-League/blob/main/Data/2025/Lineup/Italy_Results.json,MIT,third_party_recorded,False,True,False,third_party_recorded,historical_fantasy_scores_v3_recorded_2023_2026
2025,16,Italian Grand Prix,2025-09-07,driver,hamilton,jm1261/Fantasy-F1-League:2025:driver:Hamilton,Lewis Hamilton,HAM,Ferrari,26.0,,,,,,23.5,jm1261/Fantasy-F1-League,https://github.com/jm1261/Fantasy-F1-League/blob/main/Data/2025/Lineup/Italy_Results.json,MIT,third_party_recorded,False,True,False,third_party_recorded,historical_fantasy_scores_v3_recorded_2023_2026
2025,16,Italian Grand Prix,2025-09-07,driver,hulkenberg,jm1261/Fantasy-F1-League:2025:driver:Hulkenberg,Nico Hülkenberg,HUL,Kick Sauber,-20.0,,,,,,9.8,jm1261/Fantasy-F1-League,https://github.com/jm1261/Fantasy-F1-League/blob/main/Data/2025/Lineup/Italy_Results.json,MIT,third_party_recorded,False,True,False,third_party_recorded,historical_fantasy_scores_v3_recorded_2023_2026
2025,16,Italian Grand Prix,2025-09-07,driver,lawson,jm1261/Fantasy-F1-League:2025:driver:Lawson,Liam Lawson,LAW,Racing Bulls,6.0,,,,,,5.1,jm1261/Fantasy-F1-League,https://github.com/jm1261/Fantasy-F1-League/blob/main/Data/2025/Lineup/Italy_Results.json,MIT,third_party_recorded,False,True,False,third_party_recorded,historical_fantasy_scores_v3_recorded_2023_2026
2025,16,Italian Grand Prix,2025-09-07,driver,leclerc,jm1261/Fantasy-F1-League:2025:driver:Leclerc,Charles Leclerc,LEC,Ferrari,21.0,,,,,,23.6,jm1261/Fantasy-F1-League,https://github.com/jm1261/Fantasy-F1-League/blob/main/Data/2025/Lineup/Italy_Results.json,MIT,third_party_recorded,False,True,False,third_party_recorded,historical_fantasy_scores_v3_recorded_2023_2026
2025,16,Italian Grand Prix,2025-09-07,driver,max_verstappen,jm1261/Fantasy-F1-League:2025:driver:Verstappen,Max Verstappen,VER,Red Bull,46.0,,,,,,28.1,jm1261/Fantasy-F1-League,https://github.com/jm1261/Fantasy-F1-League/blob/main/Data/2025/Lineup/Italy_Results.json,MIT,third_party_recorded,False,True,False,third_party_recorded,historical_fantasy_scores_v3_recorded_2023_2026
2025,16,Italian Grand Prix,2025-09-07,driver,norris,jm1261/Fantasy-F1-League:2025:driver:Norris,Lando Norris,NOR,McLaren,37.0,,,,,,31.3,jm1261/Fantasy-F1-League,https://github.com/jm1261/Fantasy-F1-League/blob/main/Data/2025/Lineup/Italy_Results.json,MIT,third_party_recorded,False,True,False,third_party_recorded,historical_fantasy_scores_v3_recorded_2023_2026
2025,16,Italian Grand Prix,2025-09-07,driver,ocon,jm1261/Fantasy-F1-League:2025:driver:Ocon,Esteban Ocon,OCO,Haas,1.0,,,,,,8.7,jm1261/Fantasy-F1-League,https://github.com/jm1261/Fantasy-F1-League/blob/main/Data/2025/Lineup/Italy_Results.json,MIT,third_party_recorded,False,True,False,third_party_recorded,historical_fantasy_scores_v3_recorded_2023_2026
2025,16,Italian Grand Prix,2025-09-07,driver,piastri,jm1261/Fantasy-F1-League:2025:driver:Piastri,Oscar Piastri,PIA,McLaren,25.0,,,,,,26.7,jm1261/Fantasy-F1-League,https://github.com/jm1261/Fantasy-F1-League/blob/main/Data/2025/Lineup/Italy_Results.json,MIT,third_party_recorded,False,True,False,third_party_recorded,historical_fantasy_scores_v3_recorded_2023_2026
2025,16,Italian Grand Prix,2025-09-07,driver,russell,jm1261/Fantasy-F1-League:2025:driver:Russell,George Russell,RUS,Mercedes,19.0,,,,,,22.5,jm1261/Fantasy-F1-League,https://github.com/jm1261/Fantasy-F1-League/blob/main/Data/2025/Lineup/Italy_Results.json,MIT,third_party_recorded,False,True,False,third_party_recorded,historical_fantasy_scores_v3_recorded_2023_2026
2025,16,Italian Grand Prix,2025-09-07,driver,sainz,jm1261/Fantasy-F1-League:2025:driver:Sainz,Carlos Sainz,SAI,Williams,3.0,,,,,,5.7,jm1261/Fantasy-F1-League,https://github.com/jm1261/Fantasy-F1-League/blob/main/Data/2025/Lineup/Italy_Results.json,MIT,third_party_recorded,False,True,False,third_party_recorded,historical_fantasy_scores_v3_recorded_2023_2026
2025,16,Italian Grand Prix,2025-09-07,driver,stroll,jm1261/Fantasy-F1-League:2025:driver:Stroll,Lance Stroll,STR,Aston Martin,-1.0,,,,,,10.3,jm1261/Fantasy-F1-League,https://github.com/jm1261/Fantasy-F1-League/blob/main/Data/2025/Lineup/Italy_Results.json,MIT,third_party_recorded,False,True,False,third_party_recorded,historical_fantasy_scores_v3_recorded_2023_2026
2025,16,Italian Grand Prix,2025-09-07,driver,tsunoda,jm1261/Fantasy-F1-League:2025:driver:Tsunoda,Yuki Tsunoda,TSU,Red Bull,0.0,,,,,,10.6,jm1261/Fantasy-F1-League,https://github.com/jm1261/Fantasy-F1-League/blob/main/Data/2025/Lineup/Italy_Results.json,MIT,third_party_recorded,False,True,False,third_party_recorded,historical_fantasy_scores_v3_recorded_2023_2026
2025,17,Azerbaijan Grand Prix,2025-09-21,constructor,alpine,jm1261/Fantasy-F1-League:2025:constructor:Alpine,Alpine,ALP,,7.0,,,,,,7.9,jm1261/Fantasy-F1-League,https://github.com/jm1261/Fantasy-F1-League/blob/main/Data/2025/Lineup/Azerbaijan_Results.json,MIT,third_party_recorded,False,True,False,third_party_recorded,historical_fantasy_scores_v3_recorded_2023_2026
2025,17,Azerbaijan Grand Prix,2025-09-21,constructor,aston_martin,jm1261/Fantasy-F1-League:2025:constructor:Aston Martin,Aston Martin,AMR,,-2.0,,,,,,12.5,jm1261/Fantasy-F1-League,https://github.com/jm1261/Fantasy-F1-League/blob/main/Data/2025/Lineup/Azerbaijan_Results.json,MIT,third_party_recorded,False,True,False,third_party_recorded,historical_fantasy_scores_v3_recorded_2023_2026
2025,17,Azerbaijan Grand Prix,2025-09-21,constructor,ferrari,jm1261/Fantasy-F1-League:2025:constructor:Ferrari,Ferrari,FER,,28.0,,,,,,30.5,jm1261/Fantasy-F1-League,https://github.com/jm1261/Fantasy-F1-League/blob/main/Data/2025/Lineup/Azerbaijan_Results.json,MIT,third_party_recorded,False,True,False,third_party_recorded,historical_fantasy_scores_v3_recorded_2023_2026
2025,17,Azerbaijan Grand Prix,2025-09-21,constructor,haas,jm1261/Fantasy-F1-League:2025:constructor:Haas,Haas,HAS,,13.0,,,,,,12.6,jm1261/Fantasy-F1-League,https://github.com/jm1261/Fantasy-F1-League/blob/main/Data/2025/Lineup/Azerbaijan_Results.json,MIT,third_party_recorded,False,True,False,third_party_recorded,historical_fantasy_scores_v3_recorded_2023_2026
2025,17,Azerbaijan Grand Prix,2025-09-21,constructor,mclaren,jm1261/Fantasy-F1-League:2025:constructor:McLaren,McLaren,MCL,,6.0,,,,,,34.8,jm1261/Fantasy-F1-League,https://github.com/jm1261/Fantasy-F1-League/blob/main/Data/2025/Lineup/Azerbaijan_Results.json,MIT,third_party_recorded,False,True,False,third_party_recorded,historical_fantasy_scores_v3_recorded_2023_2026
2025,17,Azerbaijan Grand Prix,2025-09-21,constructor,mercedes,jm1261/Fantasy-F1-League:2025:constructor:Mercedes,Mercedes,MER,,67.0,,,,,,26.3,jm1261/Fantasy-F1-League,https://github.com/jm1261/Fantasy-F1-League/blob/main/Data/2025/Lineup/Azerbaijan_Results.json,MIT,third_party_recorded,False,True,False,third_party_recorded,historical_fantasy_scores_v3_recorded_2023_2026
2025,17,Azerbaijan Grand Prix,2025-09-21,constructor,rb,jm1261/Fantasy-F1-League:2025:constructor:Racing Bulls,Racing Bulls,RB,,41.0,,,,,,12.4,jm1261/Fantasy-F1-League,https://github.com/jm1261/Fantasy-F1-League/blob/main/Data/2025/Lineup/Azerbaijan_Results.json,MIT,third_party_recorded,False,True,False,third_party_recorded,historical_fantasy_scores_v3_recorded_2023_2026
2025,17,Azerbaijan Grand Prix,2025-09-21,constructor,red_bull,jm1261/Fantasy-F1-League:2025:constructor:Red Bull,Red Bull,RBR,,85.0,,,,,,29.6,jm1261/Fantasy-F1-League,https://github.com/jm1261/Fantasy-F1-League/blob/main/Data/2025/Lineup/Azerbaijan_Results.json,MIT,third_party_recorded,False,True,False,third_party_recorded,historical_fantasy_scores_v3_recorded_2023_2026
2025,17,Azerbaijan Grand Prix,2025-09-21,constructor,sauber,jm1261/Fantasy-F1-League:2025:constructor:Kick Sauber,Kick Sauber,SAU,,17.0,,,,,,10.5,jm1261/Fantasy-F1-League,https://github.com/jm1261/Fantasy-F1-League/blob/main/Data/2025/Lineup/Azerbaijan_Results.json,MIT,third_party_recorded,False,True,False,third_party_recorded,historical_fantasy_scores_v3_recorded_2023_2026
2025,17,Azerbaijan Grand Prix,2025-09-21,constructor,williams,jm1261/Fantasy-F1-League:2025:constructor:Williams,Williams,WIL,,46.0,,,,,,16.7,jm1261/Fantasy-F1-League,https://github.com/jm1261/Fantasy-F1-League/blob/main/Data/2025/Lineup/Azerbaijan_Results.json,MIT,third_party_recorded,False,True,False,third_party_recorded,historical_fantasy_scores_v3_recorded_2023_2026
2025,17,Azerbaijan Grand Prix,2025-09-21,driver,albon,jm1261/Fantasy-F1-League:2025:driver:Albon,Alexander Albon,ALB,Williams,13.0,,,,,,12.4,jm1261/Fantasy-F1-League,https://github.com/jm1261/Fantasy-F1-League/blob/main/Data/2025/Lineup/Azerbaijan_Results.json,MIT,third_party_recorded,False,True,False,third_party_recorded,historical_fantasy_scores_v3_recorded_2023_2026
2025,17,Azerbaijan Grand Prix,2025-09-21,driver,alonso,jm1261/Fantasy-F1-League:2025:driver:Alonso,Fernando Alonso,ALO,Aston Martin,-3.0,,,,,,7.9,jm1261/Fantasy-F1-League,https://github.com/jm1261/Fantasy-F1-League/blob/main/Data/2025/Lineup/Azerbaijan_Results.json,MIT,third_party_recorded,False,True,False,third_party_recorded,historical_fantasy_scores_v3_recorded_2023_2026
2025,17,Azerbaijan Grand Prix,2025-09-21,driver,antonelli,jm1261/Fantasy-F1-League:2025:driver:Antonelli,Andrea Kimi Antonelli,ANT,Mercedes,22.0,,,,,,15.1,jm1261/Fantasy-F1-League,https://github.com/jm1261/Fantasy-F1-League/blob/main/Data/2025/Lineup/Azerbaijan_Results.json,MIT,third_party_recorded,False,True,False,third_party_recorded,historical_fantasy_scores_v3_recorded_2023_2026
2025,17,Azerbaijan Grand Prix,2025-09-21,driver,bearman,jm1261/Fantasy-F1-League:2025:driver:Bearman,Oliver Bearman,BEA,Haas,6.0,,,,,,6.7,jm1261/Fantasy-F1-League,https://github.com/jm1261/Fantasy-F1-League/blob/main/Data/2025/Lineup/Azerbaijan_Results.json,MIT,third_party_recorded,False,True,False,third_party_recorded,historical_fantasy_scores_v3_recorded_2023_2026
2025,17,Azerbaijan Grand Prix,2025-09-21,driver,bortoleto,jm1261/Fantasy-F1-League:2025:driver:Bortoleto,Gabriel Bortoleto,BOR,Kick Sauber,7.0,,,,,,5.7,jm1261/Fantasy-F1-League,https://github.com/jm1261/Fantasy-F1-League/blob/main/Data/2025/Lineup/Azerbaijan_Results.json,MIT,third_party_recorded,False,True,False,third_party_recorded,historical_fantasy_scores_v3_recorded_2023_2026
2025,17,Azerbaijan Grand Prix,2025-09-21,driver,colapinto,jm1261/Fantasy-F1-League:2025:driver:Colapinto,Franco Colapinto,COL,Alpine,1.0,,,,,,4.5,jm1261/Fantasy-F1-League,https://github.com/jm1261/Fantasy-F1-League/blob/main/Data/2025/Lineup/Azerbaijan_Results.json,MIT,third_party_recorded,False,True,False,third_party_recorded,historical_fantasy_scores_v3_recorded_2023_2026
2025,17,Azerbaijan Grand Prix,2025-09-21,driver,gasly,jm1261/Fantasy-F1-League:2025:driver:Gasly,Pierre Gasly,GAS,Alpine,5.0,,,,,,4.5,jm1261/Fantasy-F1-League,https://github.com/jm1261/Fantasy-F1-League/blob/main/Data/2025/Lineup/Azerbaijan_Results.json,MIT,third_party_recorded,False,True,False,third_party_recorded,historical_fantasy_scores_v3_recorded_2023_2026
2025,17,Azerbaijan Grand Prix,2025-09-21,driver,hadjar,jm1261/Fantasy-F1-League:2025:driver:Hadjar,Isack Hadjar,HAD,Racing Bulls,4.0,,,,,,6.3,jm1261/Fantasy-F1-League,https://github.com/jm1261/Fantasy-F1-League/blob/main/Data/2025/Lineup/Azerbaijan_Results.json,MIT,third_party_recorded,False,True,False,third_party_recorded,historical_fantasy_scores_v3_recorded_2023_2026
2025,17,Azerbaijan Grand Prix,2025-09-21,driver,hamilton,jm1261/Fantasy-F1-League:2025:driver:Hamilton,Lewis Hamilton,HAM,Ferrari,12.0,,,,,,23.2,jm1261/Fantasy-F1-League,https://github.com/jm1261/Fantasy-F1-League/blob/main/Data/2025/Lineup/Azerbaijan_Results.json,MIT,third_party_recorded,False,True,False,third_party_recorded,historical_fantasy_scores_v3_recorded_2023_2026
2025,17,Azerbaijan Grand Prix,2025-09-21,driver,hulkenberg,jm1261/Fantasy-F1-League:2025:driver:Hulkenberg,Nico Hülkenberg,HUL,Kick Sauber,4.0,,,,,,9.2,jm1261/Fantasy-F1-League,https://github.com/jm1261/Fantasy-F1-League/blob/main/Data/2025/Lineup/Azerbaijan_Results.json,MIT,third_party_recorded,False,True,False,third_party_recorded,historical_fantasy_scores_v3_recorded_2023_2026
2025,17,Azerbaijan Grand Prix,2025-09-21,driver,lawson,jm1261/Fantasy-F1-League:2025:driver:Lawson,Liam Lawson,LAW,Racing Bulls,17.0,,,,,,5.3,jm1261/Fantasy-F1-League,https://github.com/jm1261/Fantasy-F1-League/blob/main/Data/2025/Lineup/Azerbaijan_Results.json,MIT,third_party_recorded,False,True,False,third_party_recorded,historical_fantasy_scores_v3_recorded_2023_2026
2025,17,Azerbaijan Grand Prix,2025-09-21,driver,leclerc,jm1261/Fantasy-F1-League:2025:driver:Leclerc,Charles Leclerc,LEC,Ferrari,6.0,,,,,,23.3,jm1261/Fantasy-F1-League,https://github.com/jm1261/Fantasy-F1-League/blob/main/Data/2025/Lineup/Azerbaijan_Results.json,MIT,third_party_recorded,False,True,False,third_party_recorded,historical_fantasy_scores_v3_recorded_2023_2026
2025,17,Azerbaijan Grand Prix,2025-09-21,driver,max_verstappen,jm1261/Fantasy-F1-League:2025:driver:Verstappen,Max Verstappen,VER,Red Bull,45.0,,,,,,28.2,jm1261/Fantasy-F1-League,https://github.com/jm1261/Fantasy-F1-League/blob/main/Data/2025/Lineup/Azerbaijan_Results.json,MIT,third_party_recorded,False,True,False,third_party_recorded,historical_fantasy_scores_v3_recorded_2023_2026
2025,17,Azerbaijan Grand Prix,2025-09-21,driver,norris,jm1261/Fantasy-F1-League:2025:driver:Norris,Lando Norris,NOR,McLaren,12.0,,,,,,31.2,jm1261/Fantasy-F1-League,https://github.com/jm1261/Fantasy-F1-League/blob/main/Data/2025/Lineup/Azerbaijan_Results.json,MIT,third_party_recorded,False,True,False,third_party_recorded,historical_fantasy_scores_v3_recorded_2023_2026
2025,17,Azerbaijan Grand Prix,2025-09-21,driver,ocon,jm1261/Fantasy-F1-League:2025:driver:Ocon,Esteban Ocon,OCO,Haas,6.0,,,,,,8.5,jm1261/Fantasy-F1-League,https://github.com/jm1261/Fantasy-F1-League/blob/main/Data/2025/Lineup/Azerbaijan_Results.json,MIT,third_party_recorded,False,True,False,third_party_recorded,historical_fantasy_scores_v3_recorded_2023_2026
2025,17,Azerbaijan Grand Prix,2025-09-21,driver,piastri,jm1261/Fantasy-F1-League:2025:driver:Piastri,Oscar Piastri,PIA,McLaren,-16.0,,,,,,26.7,jm1261/Fantasy-F1-League,https://github.com/jm1261/Fantasy-F1-League/blob/main/Data/2025/Lineup/Azerbaijan_Results.json,MIT,third_party_recorded,False,True,False,third_party_recorded,historical_fantasy_scores_v3_recorded_2023_2026
2025,17,Azerbaijan Grand Prix,2025-09-21,driver,russell,jm1261/Fantasy-F1-League:2025:driver:Russell,George Russell,RUS,Mercedes,30.0,,,,,,22.6,jm1261/Fantasy-F1-League,https://github.com/jm1261/Fantasy-F1-League/blob/main/Data/2025/Lineup/Azerbaijan_Results.json,MIT,third_party_recorded,False,True,False,third_party_recorded,historical_fantasy_scores_v3_recorded_2023_2026
2025,17,Azerbaijan Grand Prix,2025-09-21,driver,sainz,jm1261/Fantasy-F1-League:2025:driver:Sainz,Carlos Sainz,SAI,Williams,33.0,,,,,,5.1,jm1261/Fantasy-F1-League,https://github.com/jm1261/Fantasy-F1-League/blob/main/Data/2025/Lineup/Azerbaijan_Results.json,MIT,third_party_recorded,False,True,False,third_party_recorded,historical_fantasy_scores_v3_recorded_2023_2026
2025,17,Azerbaijan Grand Prix,2025-09-21,driver,stroll,jm1261/Fantasy-F1-League:2025:driver:Stroll,Lance Stroll,STR,Aston Martin,-2.0,,,,,,10.5,jm1261/Fantasy-F1-League,https://github.com/jm1261/Fantasy-F1-League/blob/main/Data/2025/Lineup/Azerbaijan_Results.json,MIT,third_party_recorded,False,True,False,third_party_recorded,historical_fantasy_scores_v3_recorded_2023_2026
2025,17,Azerbaijan Grand Prix,2025-09-21,driver,tsunoda,jm1261/Fantasy-F1-League:2025:driver:Tsunoda,Yuki Tsunoda,TSU,Red Bull,15.0,,,,,,10.0,jm1261/Fantasy-F1-League,https://github.com/jm1261/Fantasy-F1-League/blob/main/Data/2025/Lineup/Azerbaijan_Results.json,MIT,third_party_recorded,False,True,False,third_party_recorded,historical_fantasy_scores_v3_recorded_2023_2026
2025,18,Singapore Grand Prix,2025-10-05,constructor,alpine,jm1261/Fantasy-F1-League:2025:constructor:Alpine,Alpine,ALP,,6.0,,,,,,8.1,jm1261/Fantasy-F1-League,https://github.com/jm1261/Fantasy-F1-League/blob/main/Data/2025/Lineup/Singapore_Results.json,MIT,third_party_recorded,False,True,False,third_party_recorded,historical_fantasy_scores_v3_recorded_2023_2026
2025,18,Singapore Grand Prix,2025-10-05,constructor,aston_martin,jm1261/Fantasy-F1-League:2025:constructor:Aston Martin,Aston Martin,AMR,,37.0,,,,,,12.3,jm1261/Fantasy-F1-League,https://github.com/jm1261/Fantasy-F1-League/blob/main/Data/2025/Lineup/Singapore_Results.json,MIT,third_party_recorded,False,True,False,third_party_recorded,historical_fantasy_scores_v3_recorded_2023_2026
2025,18,Singapore Grand Prix,2025-10-05,constructor,ferrari,jm1261/Fantasy-F1-League:2025:constructor:Ferrari,Ferrari,FER,,48.0,,,,,,30.6,jm1261/Fantasy-F1-League,https://github.com/jm1261/Fantasy-F1-League/blob/main/Data/2025/Lineup/Singapore_Results.json,MIT,third_party_recorded,False,True,False,third_party_recorded,historical_fantasy_scores_v3_recorded_2023_2026
2025,18,Singapore Grand Prix,2025-10-05,constructor,haas,jm1261/Fantasy-F1-League:2025:constructor:Haas,Haas,HAS,,15.0,,,,,,13.2,jm1261/Fantasy-F1-League,https://github.com/jm1261/Fantasy-F1-League/blob/main/Data/2025/Lineup/Singapore_Results.json,MIT,third_party_recorded,False,True,False,third_party_recorded,historical_fantasy_scores_v3_recorded_2023_2026
2025,18,Singapore Grand Prix,2025-10-05,constructor,mclaren,jm1261/Fantasy-F1-League:2025:constructor:McLaren,McLaren,MCL,,64.0,,,,,,35.1,jm1261/Fantasy-F1-League,https://github.com/jm1261/Fantasy-F1-League/blob/main/Data/2025/Lineup/Singapore_Results.json,MIT,third_party_recorded,False,True,False,third_party_recorded,historical_fantasy_scores_v3_recorded_2023_2026
2025,18,Singapore Grand Prix,2025-10-05,constructor,mercedes,jm1261/Fantasy-F1-League:2025:constructor:Mercedes,Mercedes,MER,,67.0,,,,,,26.6,jm1261/Fantasy-F1-League,https://github.com/jm1261/Fantasy-F1-League/blob/main/Data/2025/Lineup/Singapore_Results.json,MIT,third_party_recorded,False,True,False,third_party_recorded,historical_fantasy_scores_v3_recorded_2023_2026
2025,18,Singapore Grand Prix,2025-10-05,constructor,rb,jm1261/Fantasy-F1-League:2025:constructor:Racing Bulls,Racing Bulls,RB,,16.0,,,,,,13.0,jm1261/Fantasy-F1-League,https://github.com/jm1261/Fantasy-F1-League/blob/main/Data/2025/Lineup/Singapore_Results.json,MIT,third_party_recorded,False,True,False,third_party_recorded,historical_fantasy_scores_v3_recorded_2023_2026
2025,18,Singapore Grand Prix,2025-10-05,constructor,red_bull,jm1261/Fantasy-F1-League:2025:constructor:Red Bull,Red Bull,RBR,,51.0,,,,,,29.3,jm1261/Fantasy-F1-League,https://github.com/jm1261/Fantasy-F1-League/blob/main/Data/2025/Lineup/Singapore_Results.json,MIT,third_party_recorded,False,True,False,third_party_recorded,historical_fantasy_scores_v3_recorded_2023_2026
2025,18,Singapore Grand Prix,2025-10-05,constructor,sauber,jm1261/Fantasy-F1-League:2025:constructor:Kick Sauber,Kick Sauber,SAU,,-4.0,,,,,,10.7,jm1261/Fantasy-F1-League,https://github.com/jm1261/Fantasy-F1-League/blob/main/Data/2025/Lineup/Singapore_Results.json,MIT,third_party_recorded,False,True,False,third_party_recorded,historical_fantasy_scores_v3_recorded_2023_2026
2025,18,Singapore Grand Prix,2025-10-05,constructor,williams,jm1261/Fantasy-F1-League:2025:constructor:Williams,Williams,WIL,,5.0,,,,,,17.3,jm1261/Fantasy-F1-League,https://github.com/jm1261/Fantasy-F1-League/blob/main/Data/2025/Lineup/Singapore_Results.json,MIT,third_party_recorded,False,True,False,third_party_recorded,historical_fantasy_scores_v3_recorded_2023_2026
2025,18,Singapore Grand Prix,2025-10-05,driver,albon,jm1261/Fantasy-F1-League:2025:driver:Albon,Alexander Albon,ALB,Williams,6.0,,,,,,13.0,jm1261/Fantasy-F1-League,https://github.com/jm1261/Fantasy-F1-League/blob/main/Data/2025/Lineup/Singapore_Results.json,MIT,third_party_recorded,False,True,False,third_party_recorded,historical_fantasy_scores_v3_recorded_2023_2026
2025,18,Singapore Grand Prix,2025-10-05,driver,alonso,jm1261/Fantasy-F1-League:2025:driver:Alonso,Fernando Alonso,ALO,Aston Martin,30.0,,,,,,7.3,jm1261/Fantasy-F1-League,https://github.com/jm1261/Fantasy-F1-League/blob/main/Data/2025/Lineup/Singapore_Results.json,MIT,third_party_recorded,False,True,False,third_party_recorded,historical_fantasy_scores_v3_recorded_2023_2026
2025,18,Singapore Grand Prix,2025-10-05,driver,antonelli,jm1261/Fantasy-F1-League:2025:driver:Antonelli,Andrea Kimi Antonelli,ANT,Mercedes,17.0,,,,,,14.9,jm1261/Fantasy-F1-League,https://github.com/jm1261/Fantasy-F1-League/blob/main/Data/2025/Lineup/Singapore_Results.json,MIT,third_party_recorded,False,True,False,third_party_recorded,historical_fantasy_scores_v3_recorded_2023_2026
2025,18,Singapore Grand Prix,2025-10-05,driver,bearman,jm1261/Fantasy-F1-League:2025:driver:Bearman,Oliver Bearman,BEA,Haas,6.0,,,,,,7.3,jm1261/Fantasy-F1-League,https://github.com/jm1261/Fantasy-F1-League/blob/main/Data/2025/Lineup/Singapore_Results.json,MIT,third_party_recorded,False,True,False,third_party_recorded,historical_fantasy_scores_v3_recorded_2023_2026
2025,18,Singapore Grand Prix,2025-10-05,driver,bortoleto,jm1261/Fantasy-F1-League:2025:driver:Bortoleto,Gabriel Bortoleto,BOR,Kick Sauber,-1.0,,,,,,5.9,jm1261/Fantasy-F1-League,https://github.com/jm1261/Fantasy-F1-League/blob/main/Data/2025/Lineup/Singapore_Results.json,MIT,third_party_recorded,False,True,False,third_party_recorded,historical_fantasy_scores_v3_recorded_2023_2026
2025,18,Singapore Grand Prix,2025-10-05,driver,colapinto,jm1261/Fantasy-F1-League:2025:driver:Colapinto,Franco Colapinto,COL,Alpine,3.0,,,,,,4.5,jm1261/Fantasy-F1-League,https://github.com/jm1261/Fantasy-F1-League/blob/main/Data/2025/Lineup/Singapore_Results.json,MIT,third_party_recorded,False,True,False,third_party_recorded,historical_fantasy_scores_v3_recorded_2023_2026
2025,18,Singapore Grand Prix,2025-10-05,driver,gasly,jm1261/Fantasy-F1-League:2025:driver:Gasly,Pierre Gasly,GAS,Alpine,2.0,,,,,,4.5,jm1261/Fantasy-F1-League,https://github.com/jm1261/Fantasy-F1-League/blob/main/Data/2025/Lineup/Singapore_Results.json,MIT,third_party_recorded,False,True,False,third_party_recorded,historical_fantasy_scores_v3_recorded_2023_2026
2025,18,Singapore Grand Prix,2025-10-05,driver,hadjar,jm1261/Fantasy-F1-League:2025:driver:Hadjar,Isack Hadjar,HAD,Racing Bulls,3.0,,,,,,6.9,jm1261/Fantasy-F1-League,https://github.com/jm1261/Fantasy-F1-League/blob/main/Data/2025/Lineup/Singapore_Results.json,MIT,third_party_recorded,False,True,False,third_party_recorded,historical_fantasy_scores_v3_recorded_2023_2026
2025,18,Singapore Grand Prix,2025-10-05,driver,hamilton,jm1261/Fantasy-F1-League:2025:driver:Hamilton,Lewis Hamilton,HAM,Ferrari,17.0,,,,,,22.9,jm1261/Fantasy-F1-League,https://github.com/jm1261/Fantasy-F1-League/blob/main/Data/2025/Lineup/Singapore_Results.json,MIT,third_party_recorded,False,True,False,third_party_recorded,historical_fantasy_scores_v3_recorded_2023_2026
2025,18,Singapore Grand Prix,2025-10-05,driver,hulkenberg,jm1261/Fantasy-F1-League:2025:driver:Hulkenberg,Nico Hülkenberg,HUL,Kick Sauber,-8.0,,,,,,8.6,jm1261/Fantasy-F1-League,https://github.com/jm1261/Fantasy-F1-League/blob/main/Data/2025/Lineup/Singapore_Results.json,MIT,third_party_recorded,False,True,False,third_party_recorded,historical_fantasy_scores_v3_recorded_2023_2026
2025,18,Singapore Grand Prix,2025-10-05,driver,lawson,jm1261/Fantasy-F1-League:2025:driver:Lawson,Liam Lawson,LAW,Racing Bulls,3.0,,,,,,5.9,jm1261/Fantasy-F1-League,https://github.com/jm1261/Fantasy-F1-League/blob/main/Data/2025/Lineup/Singapore_Results.json,MIT,third_party_recorded,False,True,False,third_party_recorded,historical_fantasy_scores_v3_recorded_2023_2026
2025,18,Singapore Grand Prix,2025-10-05,driver,leclerc,jm1261/Fantasy-F1-League:2025:driver:Leclerc,Charles Leclerc,LEC,Ferrari,16.0,,,,,,23.0,jm1261/Fantasy-F1-League,https://github.com/jm1261/Fantasy-F1-League/blob/main/Data/2025/Lineup/Singapore_Results.json,MIT,third_party_recorded,False,True,False,third_party_recorded,historical_fantasy_scores_v3_recorded_2023_2026
2025,18,Singapore Grand Prix,2025-10-05,driver,max_verstappen,jm1261/Fantasy-F1-League:2025:driver:Verstappen,Max Verstappen,VER,Red Bull,27.0,,,,,,28.5,jm1261/Fantasy-F1-League,https://github.com/jm1261/Fantasy-F1-League/blob/main/Data/2025/Lineup/Singapore_Results.json,MIT,third_party_recorded,False,True,False,third_party_recorded,historical_fantasy_scores_v3_recorded_2023_2026
2025,18,Singapore Grand Prix,2025-10-05,driver,norris,jm1261/Fantasy-F1-League:2025:driver:Norris,Lando Norris,NOR,McLaren,25.0,,,,,,30.9,jm1261/Fantasy-F1-League,https://github.com/jm1261/Fantasy-F1-League/blob/main/Data/2025/Lineup/Singapore_Results.json,MIT,third_party_recorded,False,True,False,third_party_recorded,historical_fantasy_scores_v3_recorded_2023_2026
2025,18,Singapore Grand Prix,2025-10-05,driver,ocon,jm1261/Fantasy-F1-League:2025:driver:Ocon,Esteban Ocon,OCO,Haas,2.0,,,,,,8.3,jm1261/Fantasy-F1-League,https://github.com/jm1261/Fantasy-F1-League/blob/main/Data/2025/Lineup/Singapore_Results.json,MIT,third_party_recorded,False,True,False,third_party_recorded,historical_fantasy_scores_v3_recorded_2023_2026
2025,18,Singapore Grand Prix,2025-10-05,driver,piastri,jm1261/Fantasy-F1-League:2025:driver:Piastri,Oscar Piastri,PIA,McLaren,19.0,,,,,,26.9,jm1261/Fantasy-F1-League,https://github.com/jm1261/Fantasy-F1-League/blob/main/Data/2025/Lineup/Singapore_Results.json,MIT,third_party_recorded,False,True,False,third_party_recorded,historical_fantasy_scores_v3_recorded_2023_2026
2025,18,Singapore Grand Prix,2025-10-05,driver,russell,jm1261/Fantasy-F1-League:2025:driver:Russell,George Russell,RUS,Mercedes,35.0,,,,,,22.7,jm1261/Fantasy-F1-League,https://github.com/jm1261/Fantasy-F1-League/blob/main/Data/2025/Lineup/Singapore_Results.json,MIT,third_party_recorded,False,True,False,third_party_recorded,historical_fantasy_scores_v3_recorded_2023_2026
2025,18,Singapore Grand Prix,2025-10-05,driver,sainz,jm1261/Fantasy-F1-League:2025:driver:Sainz,Carlos Sainz,SAI,Williams,8.0,,,,,,5.7,jm1261/Fantasy-F1-League,https://github.com/jm1261/Fantasy-F1-League/blob/main/Data/2025/Lineup/Singapore_Results.json,MIT,third_party_recorded,False,True,False,third_party_recorded,historical_fantasy_scores_v3_recorded_2023_2026
2025,18,Singapore Grand Prix,2025-10-05,driver,stroll,jm1261/Fantasy-F1-League:2025:driver:Stroll,Lance Stroll,STR,Aston Martin,10.0,,,,,,9.9,jm1261/Fantasy-F1-League,https://github.com/jm1261/Fantasy-F1-League/blob/main/Data/2025/Lineup/Singapore_Results.json,MIT,third_party_recorded,False,True,False,third_party_recorded,historical_fantasy_scores_v3_recorded_2023_2026
2025,18,Singapore Grand Prix,2025-10-05,driver,tsunoda,jm1261/Fantasy-F1-League:2025:driver:Tsunoda,Yuki Tsunoda,TSU,Red Bull,4.0,,,,,,9.8,jm1261/Fantasy-F1-League,https://github.com/jm1261/Fantasy-F1-League/blob/main/Data/2025/Lineup/Singapore_Results.json,MIT,third_party_recorded,False,True,False,third_party_recorded,historical_fantasy_scores_v3_recorded_2023_2026
2025,19,United States Grand Prix,2025-10-19,constructor,alpine,jm1261/Fantasy-F1-League:2025:constructor:Alpine,Alpine,ALP,,18.0,,,,,,7.9,jm1261/Fantasy-F1-League,https://github.com/jm1261/Fantasy-F1-League/blob/main/Data/2025/Lineup/United%20States_Results.json,MIT,third_party_recorded,False,True,False,third_party_recorded,historical_fantasy_scores_v3_recorded_2023_2026
2025,19,United States Grand Prix,2025-10-19,constructor,aston_martin,jm1261/Fantasy-F1-League:2025:constructor:Aston Martin,Aston Martin,AMR,,-12.0,,,,,,12.1,jm1261/Fantasy-F1-League,https://github.com/jm1261/Fantasy-F1-League/blob/main/Data/2025/Lineup/United%20States_Results.json,MIT,third_party_recorded,False,True,False,third_party_recorded,historical_fantasy_scores_v3_recorded_2023_2026
2025,19,United States Grand Prix,2025-10-19,constructor,ferrari,jm1261/Fantasy-F1-League:2025:constructor:Ferrari,Ferrari,FER,,85.0,,,,,,30.9,jm1261/Fantasy-F1-League,https://github.com/jm1261/Fantasy-F1-League/blob/main/Data/2025/Lineup/United%20States_Results.json,MIT,third_party_recorded,False,True,False,third_party_recorded,historical_fantasy_scores_v3_recorded_2023_2026
2025,19,United States Grand Prix,2025-10-19,constructor,haas,jm1261/Fantasy-F1-League:2025:constructor:Haas,Haas,HAS,,13.0,,,,,,13.0,jm1261/Fantasy-F1-League,https://github.com/jm1261/Fantasy-F1-League/blob/main/Data/2025/Lineup/United%20States_Results.json,MIT,third_party_recorded,False,True,False,third_party_recorded,historical_fantasy_scores_v3_recorded_2023_2026
2025,19,United States Grand Prix,2025-10-19,constructor,mclaren,jm1261/Fantasy-F1-League:2025:constructor:McLaren,McLaren,MCL,,22.0,,,,,,35.4,jm1261/Fantasy-F1-League,https://github.com/jm1261/Fantasy-F1-League/blob/main/Data/2025/Lineup/United%20States_Results.json,MIT,third_party_recorded,False,True,False,third_party_recorded,historical_fantasy_scores_v3_recorded_2023_2026
2025,19,United States Grand Prix,2025-10-19,constructor,mercedes,jm1261/Fantasy-F1-League:2025:constructor:Mercedes,Mercedes,MER,,61.0,,,,,,26.9,jm1261/Fantasy-F1-League,https://github.com/jm1261/Fantasy-F1-League/blob/main/Data/2025/Lineup/United%20States_Results.json,MIT,third_party_recorded,False,True,False,third_party_recorded,historical_fantasy_scores_v3_recorded_2023_2026
2025,19,United States Grand Prix,2025-10-19,constructor,rb,jm1261/Fantasy-F1-League:2025:constructor:Racing Bulls,Racing Bulls,RB,,34.0,,,,,,13.6,jm1261/Fantasy-F1-League,https://github.com/jm1261/Fantasy-F1-League/blob/main/Data/2025/Lineup/United%20States_Results.json,MIT,third_party_recorded,False,True,False,third_party_recorded,historical_fantasy_scores_v3_recorded_2023_2026
2025,19,United States Grand Prix,2025-10-19,constructor,red_bull,jm1261/Fantasy-F1-League:2025:constructor:Red Bull,Red Bull,RBR,,92.0,,,,,,29.6,jm1261/Fantasy-F1-League,https://github.com/jm1261/Fantasy-F1-League/blob/main/Data/2025/Lineup/United%20States_Results.json,MIT,third_party_recorded,False,True,False,third_party_recorded,historical_fantasy_scores_v3_recorded_2023_2026
2025,19,United States Grand Prix,2025-10-19,constructor,sauber,jm1261/Fantasy-F1-League:2025:constructor:Kick Sauber,Kick Sauber,SAU,,25.0,,,,,,10.1,jm1261/Fantasy-F1-League,https://github.com/jm1261/Fantasy-F1-League/blob/main/Data/2025/Lineup/United%20States_Results.json,MIT,third_party_recorded,False,True,False,third_party_recorded,historical_fantasy_scores_v3_recorded_2023_2026
2025,19,United States Grand Prix,2025-10-19,constructor,williams,jm1261/Fantasy-F1-League:2025:constructor:Williams,Williams,WIL,,27.0,,,,,,17.9,jm1261/Fantasy-F1-League,https://github.com/jm1261/Fantasy-F1-League/blob/main/Data/2025/Lineup/United%20States_Results.json,MIT,third_party_recorded,False,True,False,third_party_recorded,historical_fantasy_scores_v3_recorded_2023_2026
2025,19,United States Grand Prix,2025-10-19,driver,albon,jm1261/Fantasy-F1-League:2025:driver:Albon,Alexander Albon,ALB,Williams,20.0,,,,,,12.8,jm1261/Fantasy-F1-League,https://github.com/jm1261/Fantasy-F1-League/blob/main/Data/2025/Lineup/United%20States_Results.json,MIT,third_party_recorded,False,True,False,third_party_recorded,historical_fantasy_scores_v3_recorded_2023_2026
2025,19,United States Grand Prix,2025-10-19,driver,alonso,jm1261/Fantasy-F1-League:2025:driver:Alonso,Fernando Alonso,ALO,Aston Martin,-16.0,,,,,,6.7,jm1261/Fantasy-F1-League,https://github.com/jm1261/Fantasy-F1-League/blob/main/Data/2025/Lineup/United%20States_Results.json,MIT,third_party_recorded,False,True,False,third_party_recorded,historical_fantasy_scores_v3_recorded_2023_2026
2025,19,United States Grand Prix,2025-10-19,driver,antonelli,jm1261/Fantasy-F1-League:2025:driver:Antonelli,Andrea Kimi Antonelli,ANT,Mercedes,22.0,,,,,,15.1,jm1261/Fantasy-F1-League,https://github.com/jm1261/Fantasy-F1-League/blob/main/Data/2025/Lineup/United%20States_Results.json,MIT,third_party_recorded,False,True,False,third_party_recorded,historical_fantasy_scores_v3_recorded_2023_2026
2025,19,United States Grand Prix,2025-10-19,driver,bearman,jm1261/Fantasy-F1-League:2025:driver:Bearman,Oliver Bearman,BEA,Haas,14.0,,,,,,7.1,jm1261/Fantasy-F1-League,https://github.com/jm1261/Fantasy-F1-League/blob/main/Data/2025/Lineup/United%20States_Results.json,MIT,third_party_recorded,False,True,False,third_party_recorded,historical_fantasy_scores_v3_recorded_2023_2026
2025,19,United States Grand Prix,2025-10-19,driver,bortoleto,jm1261/Fantasy-F1-League:2025:driver:Bortoleto,Gabriel Bortoleto,BOR,Kick Sauber,17.0,,,,,,6.1,jm1261/Fantasy-F1-League,https://github.com/jm1261/Fantasy-F1-League/blob/main/Data/2025/Lineup/United%20States_Results.json,MIT,third_party_recorded,False,True,False,third_party_recorded,historical_fantasy_scores_v3_recorded_2023_2026
2025,19,United States Grand Prix,2025-10-19,driver,colapinto,jm1261/Fantasy-F1-League:2025:driver:Colapinto,Franco Colapinto,COL,Alpine,7.0,,,,,,4.5,jm1261/Fantasy-F1-League,https://github.com/jm1261/Fantasy-F1-League/blob/main/Data/2025/Lineup/United%20States_Results.json,MIT,third_party_recorded,False,True,False,third_party_recorded,historical_fantasy_scores_v3_recorded_2023_2026
2025,19,United States Grand Prix,2025-10-19,driver,gasly,jm1261/Fantasy-F1-League:2025:driver:Gasly,Pierre Gasly,GAS,Alpine,3.0,,,,,,4.5,jm1261/Fantasy-F1-League,https://github.com/jm1261/Fantasy-F1-League/blob/main/Data/2025/Lineup/United%20States_Results.json,MIT,third_party_recorded,False,True,False,third_party_recorded,historical_fantasy_scores_v3_recorded_2023_2026
2025,19,United States Grand Prix,2025-10-19,driver,hadjar,jm1261/Fantasy-F1-League:2025:driver:Hadjar,Isack Hadjar,HAD,Racing Bulls,3.0,,,,,,7.1,jm1261/Fantasy-F1-League,https://github.com/jm1261/Fantasy-F1-League/blob/main/Data/2025/Lineup/United%20States_Results.json,MIT,third_party_recorded,False,True,False,third_party_recorded,historical_fantasy_scores_v3_recorded_2023_2026
2025,19,United States Grand Prix,2025-10-19,driver,hamilton,jm1261/Fantasy-F1-League:2025:driver:Hamilton,Lewis Hamilton,HAM,Ferrari,32.0,,,,,,22.8,jm1261/Fantasy-F1-League,https://github.com/jm1261/Fantasy-F1-League/blob/main/Data/2025/Lineup/United%20States_Results.json,MIT,third_party_recorded,False,True,False,third_party_recorded,historical_fantasy_scores_v3_recorded_2023_2026
2025,19,United States Grand Prix,2025-10-19,driver,hulkenberg,jm1261/Fantasy-F1-League:2025:driver:Hulkenberg,Nico Hülkenberg,HUL,Kick Sauber,2.0,,,,,,8.0,jm1261/Fantasy-F1-League,https://github.com/jm1261/Fantasy-F1-League/blob/main/Data/2025/Lineup/United%20States_Results.json,MIT,third_party_recorded,False,True,False,third_party_recorded,historical_fantasy_scores_v3_recorded_2023_2026
2025,19,United States Grand Prix,2025-10-19,driver,lawson,jm1261/Fantasy-F1-League:2025:driver:Lawson,Liam Lawson,LAW,Racing Bulls,15.0,,,,,,6.5,jm1261/Fantasy-F1-League,https://github.com/jm1261/Fantasy-F1-League/blob/main/Data/2025/Lineup/United%20States_Results.json,MIT,third_party_recorded,False,True,False,third_party_recorded,historical_fantasy_scores_v3_recorded_2023_2026
2025,19,United States Grand Prix,2025-10-19,driver,leclerc,jm1261/Fantasy-F1-League:2025:driver:Leclerc,Charles Leclerc,LEC,Ferrari,48.0,,,,,,22.9,jm1261/Fantasy-F1-League,https://github.com/jm1261/Fantasy-F1-League/blob/main/Data/2025/Lineup/United%20States_Results.json,MIT,third_party_recorded,False,True,False,third_party_recorded,historical_fantasy_scores_v3_recorded_2023_2026
2025,19,United States Grand Prix,2025-10-19,driver,max_verstappen,jm1261/Fantasy-F1-League:2025:driver:Verstappen,Max Verstappen,VER,Red Bull,48.0,,,,,,28.8,jm1261/Fantasy-F1-League,https://github.com/jm1261/Fantasy-F1-League/blob/main/Data/2025/Lineup/United%20States_Results.json,MIT,third_party_recorded,False,True,False,third_party_recorded,historical_fantasy_scores_v3_recorded_2023_2026
2025,19,United States Grand Prix,2025-10-19,driver,norris,jm1261/Fantasy-F1-League:2025:driver:Norris,Lando Norris,NOR,McLaren,9.0,,,,,,30.8,jm1261/Fantasy-F1-League,https://github.com/jm1261/Fantasy-F1-League/blob/main/Data/2025/Lineup/United%20States_Results.json,MIT,third_party_recorded,False,True,False,third_party_recorded,historical_fantasy_scores_v3_recorded_2023_2026
2025,19,United States Grand Prix,2025-10-19,driver,ocon,jm1261/Fantasy-F1-League:2025:driver:Ocon,Esteban Ocon,OCO,Haas,-8.0,,,,,,7.7,jm1261/Fantasy-F1-League,https://github.com/jm1261/Fantasy-F1-League/blob/main/Data/2025/Lineup/United%20States_Results.json,MIT,third_party_recorded,False,True,False,third_party_recorded,historical_fantasy_scores_v3_recorded_2023_2026
2025,19,United States Grand Prix,2025-10-19,driver,piastri,jm1261/Fantasy-F1-League:2025:driver:Piastri,Oscar Piastri,PIA,McLaren,-2.0,,,,,,26.6,jm1261/Fantasy-F1-League,https://github.com/jm1261/Fantasy-F1-League/blob/main/Data/2025/Lineup/United%20States_Results.json,MIT,third_party_recorded,False,True,False,third_party_recorded,historical_fantasy_scores_v3_recorded_2023_2026
2025,19,United States Grand Prix,2025-10-19,driver,russell,jm1261/Fantasy-F1-League:2025:driver:Russell,George Russell,RUS,Mercedes,24.0,,,,,,23.0,jm1261/Fantasy-F1-League,https://github.com/jm1261/Fantasy-F1-League/blob/main/Data/2025/Lineup/United%20States_Results.json,MIT,third_party_recorded,False,True,False,third_party_recorded,historical_fantasy_scores_v3_recorded_2023_2026
2025,19,United States Grand Prix,2025-10-19,driver,sainz,jm1261/Fantasy-F1-League:2025:driver:Sainz,Carlos Sainz,SAI,Williams,-3.0,,,,,,6.3,jm1261/Fantasy-F1-League,https://github.com/jm1261/Fantasy-F1-League/blob/main/Data/2025/Lineup/United%20States_Results.json,MIT,third_party_recorded,False,True,False,third_party_recorded,historical_fantasy_scores_v3_recorded_2023_2026
2025,19,United States Grand Prix,2025-10-19,driver,stroll,jm1261/Fantasy-F1-League:2025:driver:Stroll,Lance Stroll,STR,Aston Martin,-3.0,,,,,,9.3,jm1261/Fantasy-F1-League,https://github.com/jm1261/Fantasy-F1-League/blob/main/Data/2025/Lineup/United%20States_Results.json,MIT,third_party_recorded,False,True,False,third_party_recorded,historical_fantasy_scores_v3_recorded_2023_2026
2025,19,United States Grand Prix,2025-10-19,driver,tsunoda,jm1261/Fantasy-F1-League:2025:driver:Tsunoda,Yuki Tsunoda,TSU,Red Bull,37.0,,,,,,9.6,jm1261/Fantasy-F1-League,https://github.com/jm1261/Fantasy-F1-League/blob/main/Data/2025/Lineup/United%20States_Results.json,MIT,third_party_recorded,False,True,False,third_party_recorded,historical_fantasy_scores_v3_recorded_2023_2026
2025,20,Mexico City Grand Prix,2025-10-26,constructor,alpine,jm1261/Fantasy-F1-League:2025:constructor:Alpine,Alpine,ALP,,14.0,,,,,,8.5,jm1261/Fantasy-F1-League,https://github.com/jm1261/Fantasy-F1-League/blob/main/Data/2025/Lineup/Mexico_Results.json,MIT,third_party_recorded,False,True,False,third_party_recorded,historical_fantasy_scores_v3_recorded_2023_2026
2025,20,Mexico City Grand Prix,2025-10-26,constructor,aston_martin,jm1261/Fantasy-F1-League:2025:constructor:Aston Martin,Aston Martin,AMR,,2.0,,,,,,11.9,jm1261/Fantasy-F1-League,https://github.com/jm1261/Fantasy-F1-League/blob/main/Data/2025/Lineup/Mexico_Results.json,MIT,third_party_recorded,False,True,False,third_party_recorded,historical_fantasy_scores_v3_recorded_2023_2026
2025,20,Mexico City Grand Prix,2025-10-26,constructor,ferrari,jm1261/Fantasy-F1-League:2025:constructor:Ferrari,Ferrari,FER,,58.0,,,,,,31.2,jm1261/Fantasy-F1-League,https://github.com/jm1261/Fantasy-F1-League/blob/main/Data/2025/Lineup/Mexico_Results.json,MIT,third_party_recorded,False,True,False,third_party_recorded,historical_fantasy_scores_v3_recorded_2023_2026
2025,20,Mexico City Grand Prix,2025-10-26,constructor,haas,jm1261/Fantasy-F1-League:2025:constructor:Haas,Haas,HAS,,45.0,,,,,,13.2,jm1261/Fantasy-F1-League,https://github.com/jm1261/Fantasy-F1-League/blob/main/Data/2025/Lineup/Mexico_Results.json,MIT,third_party_recorded,False,True,False,third_party_recorded,historical_fantasy_scores_v3_recorded_2023_2026
2025,20,Mexico City Grand Prix,2025-10-26,constructor,mclaren,jm1261/Fantasy-F1-League:2025:constructor:McLaren,McLaren,MCL,,86.0,,,,,,35.3,jm1261/Fantasy-F1-League,https://github.com/jm1261/Fantasy-F1-League/blob/main/Data/2025/Lineup/Mexico_Results.json,MIT,third_party_recorded,False,True,False,third_party_recorded,historical_fantasy_scores_v3_recorded_2023_2026
2025,20,Mexico City Grand Prix,2025-10-26,constructor,mercedes,jm1261/Fantasy-F1-League:2025:constructor:Mercedes,Mercedes,MER,,58.0,,,,,,27.2,jm1261/Fantasy-F1-League,https://github.com/jm1261/Fantasy-F1-League/blob/main/Data/2025/Lineup/Mexico_Results.json,MIT,third_party_recorded,False,True,False,third_party_recorded,historical_fantasy_scores_v3_recorded_2023_2026
2025,20,Mexico City Grand Prix,2025-10-26,constructor,rb,jm1261/Fantasy-F1-League:2025:constructor:Racing Bulls,Racing Bulls,RB,,-10.0,,,,,,14.2,jm1261/Fantasy-F1-League,https://github.com/jm1261/Fantasy-F1-League/blob/main/Data/2025/Lineup/Mexico_Results.json,MIT,third_party_recorded,False,True,False,third_party_recorded,historical_fantasy_scores_v3_recorded_2023_2026
2025,20,Mexico City Grand Prix,2025-10-26,constructor,red_bull,jm1261/Fantasy-F1-League:2025:constructor:Red Bull,Red Bull,RBR,,36.0,,,,,,29.9,jm1261/Fantasy-F1-League,https://github.com/jm1261/Fantasy-F1-League/blob/main/Data/2025/Lineup/Mexico_Results.json,MIT,third_party_recorded,False,True,False,third_party_recorded,historical_fantasy_scores_v3_recorded_2023_2026
2025,20,Mexico City Grand Prix,2025-10-26,constructor,sauber,jm1261/Fantasy-F1-League:2025:constructor:Kick Sauber,Kick Sauber,SAU,,2.0,,,,,,10.7,jm1261/Fantasy-F1-League,https://github.com/jm1261/Fantasy-F1-League/blob/main/Data/2025/Lineup/Mexico_Results.json,MIT,third_party_recorded,False,True,False,third_party_recorded,historical_fantasy_scores_v3_recorded_2023_2026
2025,20,Mexico City Grand Prix,2025-10-26,constructor,williams,jm1261/Fantasy-F1-League:2025:constructor:Williams,Williams,WIL,,29.0,,,,,,18.5,jm1261/Fantasy-F1-League,https://github.com/jm1261/Fantasy-F1-League/blob/main/Data/2025/Lineup/Mexico_Results.json,MIT,third_party_recorded,False,True,False,third_party_recorded,historical_fantasy_scores_v3_recorded_2023_2026
2025,20,Mexico City Grand Prix,2025-10-26,driver,albon,jm1261/Fantasy-F1-League:2025:driver:Albon,Alexander Albon,ALB,Williams,13.0,,,,,,13.0,jm1261/Fantasy-F1-League,https://github.com/jm1261/Fantasy-F1-League/blob/main/Data/2025/Lineup/Mexico_Results.json,MIT,third_party_recorded,False,True,False,third_party_recorded,historical_fantasy_scores_v3_recorded_2023_2026
2025,20,Mexico City Grand Prix,2025-10-26,driver,alonso,jm1261/Fantasy-F1-League:2025:driver:Alonso,Fernando Alonso,ALO,Aston Martin,-15.0,,,,,,6.1,jm1261/Fantasy-F1-League,https://github.com/jm1261/Fantasy-F1-League/blob/main/Data/2025/Lineup/Mexico_Results.json,MIT,third_party_recorded,False,True,False,third_party_recorded,historical_fantasy_scores_v3_recorded_2023_2026
2025,20,Mexico City Grand Prix,2025-10-26,driver,antonelli,jm1261/Fantasy-F1-League:2025:driver:Antonelli,Andrea Kimi Antonelli,ANT,Mercedes,20.0,,,,,,16.0,jm1261/Fantasy-F1-League,https://github.com/jm1261/Fantasy-F1-League/blob/main/Data/2025/Lineup/Mexico_Results.json,MIT,third_party_recorded,False,True,False,third_party_recorded,historical_fantasy_scores_v3_recorded_2023_2026
2025,20,Mexico City Grand Prix,2025-10-26,driver,bearman,jm1261/Fantasy-F1-League:2025:driver:Bearman,Oliver Bearman,BEA,Haas,36.0,,,,,,7.7,jm1261/Fantasy-F1-League,https://github.com/jm1261/Fantasy-F1-League/blob/main/Data/2025/Lineup/Mexico_Results.json,MIT,third_party_recorded,False,True,False,third_party_recorded,historical_fantasy_scores_v3_recorded_2023_2026
2025,20,Mexico City Grand Prix,2025-10-26,driver,bortoleto,jm1261/Fantasy-F1-League:2025:driver:Bortoleto,Gabriel Bortoleto,BOR,Kick Sauber,12.0,,,,,,6.7,jm1261/Fantasy-F1-League,https://github.com/jm1261/Fantasy-F1-League/blob/main/Data/2025/Lineup/Mexico_Results.json,MIT,third_party_recorded,False,True,False,third_party_recorded,historical_fantasy_scores_v3_recorded_2023_2026
2025,20,Mexico City Grand Prix,2025-10-26,driver,colapinto,jm1261/Fantasy-F1-League:2025:driver:Colapinto,Franco Colapinto,COL,Alpine,4.0,,,,,,4.7,jm1261/Fantasy-F1-League,https://github.com/jm1261/Fantasy-F1-League/blob/main/Data/2025/Lineup/Mexico_Results.json,MIT,third_party_recorded,False,True,False,third_party_recorded,historical_fantasy_scores_v3_recorded_2023_2026
2025,20,Mexico City Grand Prix,2025-10-26,driver,gasly,jm1261/Fantasy-F1-League:2025:driver:Gasly,Pierre Gasly,GAS,Alpine,9.0,,,,,,4.7,jm1261/Fantasy-F1-League,https://github.com/jm1261/Fantasy-F1-League/blob/main/Data/2025/Lineup/Mexico_Results.json,MIT,third_party_recorded,False,True,False,third_party_recorded,historical_fantasy_scores_v3_recorded_2023_2026
2025,20,Mexico City Grand Prix,2025-10-26,driver,hadjar,jm1261/Fantasy-F1-League:2025:driver:Hadjar,Isack Hadjar,HAD,Racing Bulls,-2.0,,,,,,6.5,jm1261/Fantasy-F1-League,https://github.com/jm1261/Fantasy-F1-League/blob/main/Data/2025/Lineup/Mexico_Results.json,MIT,third_party_recorded,False,True,False,third_party_recorded,historical_fantasy_scores_v3_recorded_2023_2026
2025,20,Mexico City Grand Prix,2025-10-26,driver,hamilton,jm1261/Fantasy-F1-League:2025:driver:Hamilton,Lewis Hamilton,HAM,Ferrari,14.0,,,,,,22.7,jm1261/Fantasy-F1-League,https://github.com/jm1261/Fantasy-F1-League/blob/main/Data/2025/Lineup/Mexico_Results.json,MIT,third_party_recorded,False,True,False,third_party_recorded,historical_fantasy_scores_v3_recorded_2023_2026
2025,20,Mexico City Grand Prix,2025-10-26,driver,hulkenberg,jm1261/Fantasy-F1-League:2025:driver:Hulkenberg,Nico Hülkenberg,HUL,Kick Sauber,-16.0,,,,,,7.4,jm1261/Fantasy-F1-League,https://github.com/jm1261/Fantasy-F1-League/blob/main/Data/2025/Lineup/Mexico_Results.json,MIT,third_party_recorded,False,True,False,third_party_recorded,historical_fantasy_scores_v3_recorded_2023_2026
2025,20,Mexico City Grand Prix,2025-10-26,driver,lawson,jm1261/Fantasy-F1-League:2025:driver:Lawson,Liam Lawson,LAW,Racing Bulls,-18.0,,,,,,7.1,jm1261/Fantasy-F1-League,https://github.com/jm1261/Fantasy-F1-League/blob/main/Data/2025/Lineup/Mexico_Results.json,MIT,third_party_recorded,False,True,False,third_party_recorded,historical_fantasy_scores_v3_recorded_2023_2026
2025,20,Mexico City Grand Prix,2025-10-26,driver,leclerc,jm1261/Fantasy-F1-League:2025:driver:Leclerc,Charles Leclerc,LEC,Ferrari,29.0,,,,,,23.0,jm1261/Fantasy-F1-League,https://github.com/jm1261/Fantasy-F1-League/blob/main/Data/2025/Lineup/Mexico_Results.json,MIT,third_party_recorded,False,True,False,third_party_recorded,historical_fantasy_scores_v3_recorded_2023_2026
2025,20,Mexico City Grand Prix,2025-10-26,driver,max_verstappen,jm1261/Fantasy-F1-League:2025:driver:Verstappen,Max Verstappen,VER,Red Bull,26.0,,,,,,29.1,jm1261/Fantasy-F1-League,https://github.com/jm1261/Fantasy-F1-League/blob/main/Data/2025/Lineup/Mexico_Results.json,MIT,third_party_recorded,False,True,False,third_party_recorded,historical_fantasy_scores_v3_recorded_2023_2026
2025,20,Mexico City Grand Prix,2025-10-26,driver,norris,jm1261/Fantasy-F1-League:2025:driver:Norris,Lando Norris,NOR,McLaren,36.0,,,,,,30.5,jm1261/Fantasy-F1-League,https://github.com/jm1261/Fantasy-F1-League/blob/main/Data/2025/Lineup/Mexico_Results.json,MIT,third_party_recorded,False,True,False,third_party_recorded,historical_fantasy_scores_v3_recorded_2023_2026
2025,20,Mexico City Grand Prix,2025-10-26,driver,ocon,jm1261/Fantasy-F1-League:2025:driver:Ocon,Esteban Ocon,OCO,Haas,9.0,,,,,,7.2,jm1261/Fantasy-F1-League,https://github.com/jm1261/Fantasy-F1-League/blob/main/Data/2025/Lineup/Mexico_Results.json,MIT,third_party_recorded,False,True,False,third_party_recorded,historical_fantasy_scores_v3_recorded_2023_2026
2025,20,Mexico City Grand Prix,2025-10-26,driver,piastri,jm1261/Fantasy-F1-League:2025:driver:Piastri,Oscar Piastri,PIA,McLaren,25.0,,,,,,26.3,jm1261/Fantasy-F1-League,https://github.com/jm1261/Fantasy-F1-League/blob/main/Data/2025/Lineup/Mexico_Results.json,MIT,third_party_recorded,False,True,False,third_party_recorded,historical_fantasy_scores_v3_recorded_2023_2026
2025,20,Mexico City Grand Prix,2025-10-26,driver,russell,jm1261/Fantasy-F1-League:2025:driver:Russell,George Russell,RUS,Mercedes,23.0,,,,,,23.3,jm1261/Fantasy-F1-League,https://github.com/jm1261/Fantasy-F1-League/blob/main/Data/2025/Lineup/Mexico_Results.json,MIT,third_party_recorded,False,True,False,third_party_recorded,historical_fantasy_scores_v3_recorded_2023_2026
2025,20,Mexico City Grand Prix,2025-10-26,driver,sainz,jm1261/Fantasy-F1-League:2025:driver:Sainz,Carlos Sainz,SAI,Williams,6.0,,,,,,6.9,jm1261/Fantasy-F1-League,https://github.com/jm1261/Fantasy-F1-League/blob/main/Data/2025/Lineup/Mexico_Results.json,MIT,third_party_recorded,False,True,False,third_party_recorded,historical_fantasy_scores_v3_recorded_2023_2026
2025,20,Mexico City Grand Prix,2025-10-26,driver,stroll,jm1261/Fantasy-F1-League:2025:driver:Stroll,Lance Stroll,STR,Aston Martin,14.0,,,,,,8.7,jm1261/Fantasy-F1-League,https://github.com/jm1261/Fantasy-F1-League/blob/main/Data/2025/Lineup/Mexico_Results.json,MIT,third_party_recorded,False,True,False,third_party_recorded,historical_fantasy_scores_v3_recorded_2023_2026
2025,20,Mexico City Grand Prix,2025-10-26,driver,tsunoda,jm1261/Fantasy-F1-League:2025:driver:Tsunoda,Yuki Tsunoda,TSU,Red Bull,3.0,,,,,,10.2,jm1261/Fantasy-F1-League,https://github.com/jm1261/Fantasy-F1-League/blob/main/Data/2025/Lineup/Mexico_Results.json,MIT,third_party_recorded,False,True,False,third_party_recorded,historical_fantasy_scores_v3_recorded_2023_2026
2025,21,São Paulo Grand Prix,2025-11-09,constructor,alpine,jm1261/Fantasy-F1-League:2025:constructor:Alpine,Alpine,ALP,,12.0,,,,,,9.1,jm1261/Fantasy-F1-League,https://github.com/jm1261/Fantasy-F1-League/blob/main/Data/2025/Lineup/Brazil_Results.json,MIT,third_party_recorded,False,True,False,third_party_recorded,historical_fantasy_scores_v3_recorded_2023_2026
2025,21,São Paulo Grand Prix,2025-11-09,constructor,aston_martin,jm1261/Fantasy-F1-League:2025:constructor:Aston Martin,Aston Martin,AMR,,9.0,,,,,,11.7,jm1261/Fantasy-F1-League,https://github.com/jm1261/Fantasy-F1-League/blob/main/Data/2025/Lineup/Brazil_Results.json,MIT,third_party_recorded,False,True,False,third_party_recorded,historical_fantasy_scores_v3_recorded_2023_2026
2025,21,São Paulo Grand Prix,2025-11-09,constructor,ferrari,jm1261/Fantasy-F1-League:2025:constructor:Ferrari,Ferrari,FER,,-3.0,,,,,,31.5,jm1261/Fantasy-F1-League,https://github.com/jm1261/Fantasy-F1-League/blob/main/Data/2025/Lineup/Brazil_Results.json,MIT,third_party_recorded,False,True,False,third_party_recorded,historical_fantasy_scores_v3_recorded_2023_2026
2025,21,São Paulo Grand Prix,2025-11-09,constructor,haas,jm1261/Fantasy-F1-League:2025:constructor:Haas,Haas,HAS,,54.0,,,,,,13.8,jm1261/Fantasy-F1-League,https://github.com/jm1261/Fantasy-F1-League/blob/main/Data/2025/Lineup/Brazil_Results.json,MIT,third_party_recorded,False,True,False,third_party_recorded,historical_fantasy_scores_v3_recorded_2023_2026
2025,21,São Paulo Grand Prix,2025-11-09,constructor,mclaren,jm1261/Fantasy-F1-League:2025:constructor:McLaren,McLaren,MCL,,63.0,,,,,,35.6,jm1261/Fantasy-F1-League,https://github.com/jm1261/Fantasy-F1-League/blob/main/Data/2025/Lineup/Brazil_Results.json,MIT,third_party_recorded,False,True,False,third_party_recorded,historical_fantasy_scores_v3_recorded_2023_2026
2025,21,São Paulo Grand Prix,2025-11-09,constructor,mercedes,jm1261/Fantasy-F1-League:2025:constructor:Mercedes,Mercedes,MER,,91.0,,,,,,27.5,jm1261/Fantasy-F1-League,https://github.com/jm1261/Fantasy-F1-League/blob/main/Data/2025/Lineup/Brazil_Results.json,MIT,third_party_recorded,False,True,False,third_party_recorded,historical_fantasy_scores_v3_recorded_2023_2026
2025,21,São Paulo Grand Prix,2025-11-09,constructor,rb,jm1261/Fantasy-F1-League:2025:constructor:Racing Bulls,Racing Bulls,RB,,47.0,,,,,,14.4,jm1261/Fantasy-F1-League,https://github.com/jm1261/Fantasy-F1-League/blob/main/Data/2025/Lineup/Brazil_Results.json,MIT,third_party_recorded,False,True,False,third_party_recorded,historical_fantasy_scores_v3_recorded_2023_2026
2025,21,São Paulo Grand Prix,2025-11-09,constructor,red_bull,jm1261/Fantasy-F1-League:2025:constructor:Red Bull,Red Bull,RBR,,88.0,,,,,,30.2,jm1261/Fantasy-F1-League,https://github.com/jm1261/Fantasy-F1-League/blob/main/Data/2025/Lineup/Brazil_Results.json,MIT,third_party_recorded,False,True,False,third_party_recorded,historical_fantasy_scores_v3_recorded_2023_2026
2025,21,São Paulo Grand Prix,2025-11-09,constructor,sauber,jm1261/Fantasy-F1-League:2025:constructor:Kick Sauber,Kick Sauber,SAU,,-9.0,,,,,,10.5,jm1261/Fantasy-F1-League,https://github.com/jm1261/Fantasy-F1-League/blob/main/Data/2025/Lineup/Brazil_Results.json,MIT,third_party_recorded,False,True,False,third_party_recorded,historical_fantasy_scores_v3_recorded_2023_2026
2025,21,São Paulo Grand Prix,2025-11-09,constructor,williams,jm1261/Fantasy-F1-League:2025:constructor:Williams,Williams,WIL,,42.0,,,,,,18.6,jm1261/Fantasy-F1-League,https://github.com/jm1261/Fantasy-F1-League/blob/main/Data/2025/Lineup/Brazil_Results.json,MIT,third_party_recorded,False,True,False,third_party_recorded,historical_fantasy_scores_v3_recorded_2023_2026
2025,21,São Paulo Grand Prix,2025-11-09,driver,albon,jm1261/Fantasy-F1-League:2025:driver:Albon,Alexander Albon,ALB,Williams,19.0,,,,,,13.2,jm1261/Fantasy-F1-League,https://github.com/jm1261/Fantasy-F1-League/blob/main/Data/2025/Lineup/Brazil_Results.json,MIT,third_party_recorded,False,True,False,third_party_recorded,historical_fantasy_scores_v3_recorded_2023_2026
2025,21,São Paulo Grand Prix,2025-11-09,driver,alonso,jm1261/Fantasy-F1-League:2025:driver:Alonso,Fernando Alonso,ALO,Aston Martin,2.0,,,,,,5.5,jm1261/Fantasy-F1-League,https://github.com/jm1261/Fantasy-F1-League/blob/main/Data/2025/Lineup/Brazil_Results.json,MIT,third_party_recorded,False,True,False,third_party_recorded,historical_fantasy_scores_v3_recorded_2023_2026
2025,21,São Paulo Grand Prix,2025-11-09,driver,antonelli,jm1261/Fantasy-F1-League:2025:driver:Antonelli,Andrea Kimi Antonelli,ANT,Mercedes,40.0,,,,,,16.3,jm1261/Fantasy-F1-League,https://github.com/jm1261/Fantasy-F1-League/blob/main/Data/2025/Lineup/Brazil_Results.json,MIT,third_party_recorded,False,True,False,third_party_recorded,historical_fantasy_scores_v3_recorded_2023_2026
2025,21,São Paulo Grand Prix,2025-11-09,driver,bearman,jm1261/Fantasy-F1-League:2025:driver:Bearman,Oliver Bearman,BEA,Haas,30.0,,,,,,8.3,jm1261/Fantasy-F1-League,https://github.com/jm1261/Fantasy-F1-League/blob/main/Data/2025/Lineup/Brazil_Results.json,MIT,third_party_recorded,False,True,False,third_party_recorded,historical_fantasy_scores_v3_recorded_2023_2026
2025,21,São Paulo Grand Prix,2025-11-09,driver,bortoleto,jm1261/Fantasy-F1-League:2025:driver:Bortoleto,Gabriel Bortoleto,BOR,Kick Sauber,-24.0,,,,,,7.3,jm1261/Fantasy-F1-League,https://github.com/jm1261/Fantasy-F1-League/blob/main/Data/2025/Lineup/Brazil_Results.json,MIT,third_party_recorded,False,True,False,third_party_recorded,historical_fantasy_scores_v3_recorded_2023_2026
2025,21,São Paulo Grand Prix,2025-11-09,driver,colapinto,jm1261/Fantasy-F1-League:2025:driver:Colapinto,Franco Colapinto,COL,Alpine,-16.0,,,,,,4.7,jm1261/Fantasy-F1-League,https://github.com/jm1261/Fantasy-F1-League/blob/main/Data/2025/Lineup/Brazil_Results.json,MIT,third_party_recorded,False,True,False,third_party_recorded,historical_fantasy_scores_v3_recorded_2023_2026
2025,21,São Paulo Grand Prix,2025-11-09,driver,gasly,jm1261/Fantasy-F1-League:2025:driver:Gasly,Pierre Gasly,GAS,Alpine,21.0,,,,,,4.7,jm1261/Fantasy-F1-League,https://github.com/jm1261/Fantasy-F1-League/blob/main/Data/2025/Lineup/Brazil_Results.json,MIT,third_party_recorded,False,True,False,third_party_recorded,historical_fantasy_scores_v3_recorded_2023_2026
2025,21,São Paulo Grand Prix,2025-11-09,driver,hadjar,jm1261/Fantasy-F1-League:2025:driver:Hadjar,Isack Hadjar,HAD,Racing Bulls,13.0,,,,,,5.9,jm1261/Fantasy-F1-League,https://github.com/jm1261/Fantasy-F1-League/blob/main/Data/2025/Lineup/Brazil_Results.json,MIT,third_party_recorded,False,True,False,third_party_recorded,historical_fantasy_scores_v3_recorded_2023_2026
2025,21,São Paulo Grand Prix,2025-11-09,driver,hamilton,jm1261/Fantasy-F1-League:2025:driver:Hamilton,Lewis Hamilton,HAM,Ferrari,-11.0,,,,,,22.8,jm1261/Fantasy-F1-League,https://github.com/jm1261/Fantasy-F1-League/blob/main/Data/2025/Lineup/Brazil_Results.json,MIT,third_party_recorded,False,True,False,third_party_recorded,historical_fantasy_scores_v3_recorded_2023_2026
2025,21,São Paulo Grand Prix,2025-11-09,driver,hulkenberg,jm1261/Fantasy-F1-League:2025:driver:Hulkenberg,Nico Hülkenberg,HUL,Kick Sauber,5.0,,,,,,6.8,jm1261/Fantasy-F1-League,https://github.com/jm1261/Fantasy-F1-League/blob/main/Data/2025/Lineup/Brazil_Results.json,MIT,third_party_recorded,False,True,False,third_party_recorded,historical_fantasy_scores_v3_recorded_2023_2026
2025,21,São Paulo Grand Prix,2025-11-09,driver,lawson,jm1261/Fantasy-F1-League:2025:driver:Lawson,Liam Lawson,LAW,Racing Bulls,14.0,,,,,,6.5,jm1261/Fantasy-F1-League,https://github.com/jm1261/Fantasy-F1-League/blob/main/Data/2025/Lineup/Brazil_Results.json,MIT,third_party_recorded,False,True,False,third_party_recorded,historical_fantasy_scores_v3_recorded_2023_2026
2025,21,São Paulo Grand Prix,2025-11-09,driver,leclerc,jm1261/Fantasy-F1-League:2025:driver:Leclerc,Charles Leclerc,LEC,Ferrari,-2.0,,,,,,23.3,jm1261/Fantasy-F1-League,https://github.com/jm1261/Fantasy-F1-League/blob/main/Data/2025/Lineup/Brazil_Results.json,MIT,third_party_recorded,False,True,False,third_party_recorded,historical_fantasy_scores_v3_recorded_2023_2026
2025,21,São Paulo Grand Prix,2025-11-09,driver,max_verstappen,jm1261/Fantasy-F1-League:2025:driver:Verstappen,Max Verstappen,VER,Red Bull,63.0,,,,,,29.2,jm1261/Fantasy-F1-League,https://github.com/jm1261/Fantasy-F1-League/blob/main/Data/2025/Lineup/Brazil_Results.json,MIT,third_party_recorded,False,True,False,third_party_recorded,historical_fantasy_scores_v3_recorded_2023_2026
2025,21,São Paulo Grand Prix,2025-11-09,driver,norris,jm1261/Fantasy-F1-League:2025:driver:Norris,Lando Norris,NOR,McLaren,49.0,,,,,,30.4,jm1261/Fantasy-F1-League,https://github.com/jm1261/Fantasy-F1-League/blob/main/Data/2025/Lineup/Brazil_Results.json,MIT,third_party_recorded,False,True,False,third_party_recorded,historical_fantasy_scores_v3_recorded_2023_2026
2025,21,São Paulo Grand Prix,2025-11-09,driver,ocon,jm1261/Fantasy-F1-League:2025:driver:Ocon,Esteban Ocon,OCO,Haas,17.0,,,,,,6.5,jm1261/Fantasy-F1-League,https://github.com/jm1261/Fantasy-F1-League/blob/main/Data/2025/Lineup/Brazil_Results.json,MIT,third_party_recorded,False,True,False,third_party_recorded,historical_fantasy_scores_v3_recorded_2023_2026
2025,21,São Paulo Grand Prix,2025-11-09,driver,piastri,jm1261/Fantasy-F1-League:2025:driver:Piastri,Oscar Piastri,PIA,McLaren,-1.0,,,,,,26.0,jm1261/Fantasy-F1-League,https://github.com/jm1261/Fantasy-F1-League/blob/main/Data/2025/Lineup/Brazil_Results.json,MIT,third_party_recorded,False,True,False,third_party_recorded,historical_fantasy_scores_v3_recorded_2023_2026
2025,21,São Paulo Grand Prix,2025-11-09,driver,russell,jm1261/Fantasy-F1-League:2025:driver:Russell,George Russell,RUS,Mercedes,31.0,,,,,,23.4,jm1261/Fantasy-F1-League,https://github.com/jm1261/Fantasy-F1-League/blob/main/Data/2025/Lineup/Brazil_Results.json,MIT,third_party_recorded,False,True,False,third_party_recorded,historical_fantasy_scores_v3_recorded_2023_2026
2025,21,São Paulo Grand Prix,2025-11-09,driver,sainz,jm1261/Fantasy-F1-League:2025:driver:Sainz,Carlos Sainz,SAI,Williams,15.0,,,,,,6.3,jm1261/Fantasy-F1-League,https://github.com/jm1261/Fantasy-F1-League/blob/main/Data/2025/Lineup/Brazil_Results.json,MIT,third_party_recorded,False,True,False,third_party_recorded,historical_fantasy_scores_v3_recorded_2023_2026
2025,21,São Paulo Grand Prix,2025-11-09,driver,stroll,jm1261/Fantasy-F1-League:2025:driver:Stroll,Lance Stroll,STR,Aston Martin,-1.0,,,,,,8.5,jm1261/Fantasy-F1-League,https://github.com/jm1261/Fantasy-F1-League/blob/main/Data/2025/Lineup/Brazil_Results.json,MIT,third_party_recorded,False,True,False,third_party_recorded,historical_fantasy_scores_v3_recorded_2023_2026
2025,21,São Paulo Grand Prix,2025-11-09,driver,tsunoda,jm1261/Fantasy-F1-League:2025:driver:Tsunoda,Yuki Tsunoda,TSU,Red Bull,11.0,,,,,,10.8,jm1261/Fantasy-F1-League,https://github.com/jm1261/Fantasy-F1-League/blob/main/Data/2025/Lineup/Brazil_Results.json,MIT,third_party_recorded,False,True,False,third_party_recorded,historical_fantasy_scores_v3_recorded_2023_2026
2025,22,Las Vegas Grand Prix,2025-11-23,constructor,alpine,jm1261/Fantasy-F1-League:2025:constructor:Alpine,Alpine,ALP,,3.0,,,,,,9.1,jm1261/Fantasy-F1-League,https://github.com/jm1261/Fantasy-F1-League/blob/main/Data/2025/Lineup/Las%20Vegas_Results.json,MIT,third_party_recorded,False,True,False,third_party_recorded,historical_fantasy_scores_v3_recorded_2023_2026
2025,22,Las Vegas Grand Prix,2025-11-23,constructor,aston_martin,jm1261/Fantasy-F1-League:2025:constructor:Aston Martin,Aston Martin,AMR,,-8.0,,,,,,11.7,jm1261/Fantasy-F1-League,https://github.com/jm1261/Fantasy-F1-League/blob/main/Data/2025/Lineup/Las%20Vegas_Results.json,MIT,third_party_recorded,False,True,False,third_party_recorded,historical_fantasy_scores_v3_recorded_2023_2026
2025,22,Las Vegas Grand Prix,2025-11-23,constructor,ferrari,jm1261/Fantasy-F1-League:2025:constructor:Ferrari,Ferrari,FER,,48.0,,,,,,31.5,jm1261/Fantasy-F1-League,https://github.com/jm1261/Fantasy-F1-League/blob/main/Data/2025/Lineup/Las%20Vegas_Results.json,MIT,third_party_recorded,False,True,False,third_party_recorded,historical_fantasy_scores_v3_recorded_2023_2026
2025,22,Las Vegas Grand Prix,2025-11-23,constructor,haas,jm1261/Fantasy-F1-League:2025:constructor:Haas,Haas,HAS,,24.0,,,,,,13.8,jm1261/Fantasy-F1-League,https://github.com/jm1261/Fantasy-F1-League/blob/main/Data/2025/Lineup/Las%20Vegas_Results.json,MIT,third_party_recorded,False,True,False,third_party_recorded,historical_fantasy_scores_v3_recorded_2023_2026
2025,22,Las Vegas Grand Prix,2025-11-23,constructor,mclaren,jm1261/Fantasy-F1-League:2025:constructor:McLaren,McLaren,MCL,,-34.0,,,,,,35.6,jm1261/Fantasy-F1-League,https://github.com/jm1261/Fantasy-F1-League/blob/main/Data/2025/Lineup/Las%20Vegas_Results.json,MIT,third_party_recorded,False,True,False,third_party_recorded,historical_fantasy_scores_v3_recorded_2023_2026
2025,22,Las Vegas Grand Prix,2025-11-23,constructor,mercedes,jm1261/Fantasy-F1-League:2025:constructor:Mercedes,Mercedes,MER,,77.0,,,,,,27.5,jm1261/Fantasy-F1-League,https://github.com/jm1261/Fantasy-F1-League/blob/main/Data/2025/Lineup/Las%20Vegas_Results.json,MIT,third_party_recorded,False,True,False,third_party_recorded,historical_fantasy_scores_v3_recorded_2023_2026
2025,22,Las Vegas Grand Prix,2025-11-23,constructor,rb,jm1261/Fantasy-F1-League:2025:constructor:Racing Bulls,Racing Bulls,RB,,30.0,,,,,,14.4,jm1261/Fantasy-F1-League,https://github.com/jm1261/Fantasy-F1-League/blob/main/Data/2025/Lineup/Las%20Vegas_Results.json,MIT,third_party_recorded,False,True,False,third_party_recorded,historical_fantasy_scores_v3_recorded_2023_2026
2025,22,Las Vegas Grand Prix,2025-11-23,constructor,red_bull,jm1261/Fantasy-F1-League:2025:constructor:Red Bull,Red Bull,RBR,,85.0,,,,,,30.2,jm1261/Fantasy-F1-League,https://github.com/jm1261/Fantasy-F1-League/blob/main/Data/2025/Lineup/Las%20Vegas_Results.json,MIT,third_party_recorded,False,True,False,third_party_recorded,historical_fantasy_scores_v3_recorded_2023_2026
2025,22,Las Vegas Grand Prix,2025-11-23,constructor,sauber,jm1261/Fantasy-F1-League:2025:constructor:Kick Sauber,Kick Sauber,SAU,,-8.0,,,,,,10.5,jm1261/Fantasy-F1-League,https://github.com/jm1261/Fantasy-F1-League/blob/main/Data/2025/Lineup/Las%20Vegas_Results.json,MIT,third_party_recorded,False,True,False,third_party_recorded,historical_fantasy_scores_v3_recorded_2023_2026
2025,22,Las Vegas Grand Prix,2025-11-23,constructor,williams,jm1261/Fantasy-F1-League:2025:constructor:Williams,Williams,WIL,,9.0,,,,,,18.6,jm1261/Fantasy-F1-League,https://github.com/jm1261/Fantasy-F1-League/blob/main/Data/2025/Lineup/Las%20Vegas_Results.json,MIT,third_party_recorded,False,True,False,third_party_recorded,historical_fantasy_scores_v3_recorded_2023_2026
2025,22,Las Vegas Grand Prix,2025-11-23,driver,albon,jm1261/Fantasy-F1-League:2025:driver:Albon,Alexander Albon,ALB,Williams,-17.0,,,,,,13.2,jm1261/Fantasy-F1-League,https://github.com/jm1261/Fantasy-F1-League/blob/main/Data/2025/Lineup/Las%20Vegas_Results.json,MIT,third_party_recorded,False,True,False,third_party_recorded,historical_fantasy_scores_v3_recorded_2023_2026
2025,22,Las Vegas Grand Prix,2025-11-23,driver,alonso,jm1261/Fantasy-F1-League:2025:driver:Alonso,Fernando Alonso,ALO,Aston Martin,2.0,,,,,,5.5,jm1261/Fantasy-F1-League,https://github.com/jm1261/Fantasy-F1-League/blob/main/Data/2025/Lineup/Las%20Vegas_Results.json,MIT,third_party_recorded,False,True,False,third_party_recorded,historical_fantasy_scores_v3_recorded_2023_2026
2025,22,Las Vegas Grand Prix,2025-11-23,driver,antonelli,jm1261/Fantasy-F1-League:2025:driver:Antonelli,Andrea Kimi Antonelli,ANT,Mercedes,32.0,,,,,,16.3,jm1261/Fantasy-F1-League,https://github.com/jm1261/Fantasy-F1-League/blob/main/Data/2025/Lineup/Las%20Vegas_Results.json,MIT,third_party_recorded,False,True,False,third_party_recorded,historical_fantasy_scores_v3_recorded_2023_2026
2025,22,Las Vegas Grand Prix,2025-11-23,driver,bearman,jm1261/Fantasy-F1-League:2025:driver:Bearman,Oliver Bearman,BEA,Haas,10.0,,,,,,8.3,jm1261/Fantasy-F1-League,https://github.com/jm1261/Fantasy-F1-League/blob/main/Data/2025/Lineup/Las%20Vegas_Results.json,MIT,third_party_recorded,False,True,False,third_party_recorded,historical_fantasy_scores_v3_recorded_2023_2026
2025,22,Las Vegas Grand Prix,2025-11-23,driver,bortoleto,jm1261/Fantasy-F1-League:2025:driver:Bortoleto,Gabriel Bortoleto,BOR,Kick Sauber,-20.0,,,,,,7.3,jm1261/Fantasy-F1-League,https://github.com/jm1261/Fantasy-F1-League/blob/main/Data/2025/Lineup/Las%20Vegas_Results.json,MIT,third_party_recorded,False,True,False,third_party_recorded,historical_fantasy_scores_v3_recorded_2023_2026
2025,22,Las Vegas Grand Prix,2025-11-23,driver,colapinto,jm1261/Fantasy-F1-League:2025:driver:Colapinto,Franco Colapinto,COL,Alpine,0.0,,,,,,4.7,jm1261/Fantasy-F1-League,https://github.com/jm1261/Fantasy-F1-League/blob/main/Data/2025/Lineup/Las%20Vegas_Results.json,MIT,third_party_recorded,False,True,False,third_party_recorded,historical_fantasy_scores_v3_recorded_2023_2026
2025,22,Las Vegas Grand Prix,2025-11-23,driver,gasly,jm1261/Fantasy-F1-League:2025:driver:Gasly,Pierre Gasly,GAS,Alpine,-2.0,,,,,,4.7,jm1261/Fantasy-F1-League,https://github.com/jm1261/Fantasy-F1-League/blob/main/Data/2025/Lineup/Las%20Vegas_Results.json,MIT,third_party_recorded,False,True,False,third_party_recorded,historical_fantasy_scores_v3_recorded_2023_2026
2025,22,Las Vegas Grand Prix,2025-11-23,driver,hadjar,jm1261/Fantasy-F1-League:2025:driver:Hadjar,Isack Hadjar,HAD,Racing Bulls,16.0,,,,,,5.9,jm1261/Fantasy-F1-League,https://github.com/jm1261/Fantasy-F1-League/blob/main/Data/2025/Lineup/Las%20Vegas_Results.json,MIT,third_party_recorded,False,True,False,third_party_recorded,historical_fantasy_scores_v3_recorded_2023_2026
2025,22,Las Vegas Grand Prix,2025-11-23,driver,hamilton,jm1261/Fantasy-F1-League:2025:driver:Hamilton,Lewis Hamilton,HAM,Ferrari,18.0,,,,,,22.8,jm1261/Fantasy-F1-League,https://github.com/jm1261/Fantasy-F1-League/blob/main/Data/2025/Lineup/Las%20Vegas_Results.json,MIT,third_party_recorded,False,True,False,third_party_recorded,historical_fantasy_scores_v3_recorded_2023_2026
2025,22,Las Vegas Grand Prix,2025-11-23,driver,hulkenberg,jm1261/Fantasy-F1-League:2025:driver:Hulkenberg,Nico Hülkenberg,HUL,Kick Sauber,11.0,,,,,,6.8,jm1261/Fantasy-F1-League,https://github.com/jm1261/Fantasy-F1-League/blob/main/Data/2025/Lineup/Las%20Vegas_Results.json,MIT,third_party_recorded,False,True,False,third_party_recorded,historical_fantasy_scores_v3_recorded_2023_2026
2025,22,Las Vegas Grand Prix,2025-11-23,driver,lawson,jm1261/Fantasy-F1-League:2025:driver:Lawson,Liam Lawson,LAW,Racing Bulls,-1.0,,,,,,6.5,jm1261/Fantasy-F1-League,https://github.com/jm1261/Fantasy-F1-League/blob/main/Data/2025/Lineup/Las%20Vegas_Results.json,MIT,third_party_recorded,False,True,False,third_party_recorded,historical_fantasy_scores_v3_recorded_2023_2026
2025,22,Las Vegas Grand Prix,2025-11-23,driver,leclerc,jm1261/Fantasy-F1-League:2025:driver:Leclerc,Charles Leclerc,LEC,Ferrari,23.0,,,,,,23.3,jm1261/Fantasy-F1-League,https://github.com/jm1261/Fantasy-F1-League/blob/main/Data/2025/Lineup/Las%20Vegas_Results.json,MIT,third_party_recorded,False,True,False,third_party_recorded,historical_fantasy_scores_v3_recorded_2023_2026
2025,22,Las Vegas Grand Prix,2025-11-23,driver,max_verstappen,jm1261/Fantasy-F1-League:2025:driver:Verstappen,Max Verstappen,VER,Red Bull,56.0,,,,,,29.2,jm1261/Fantasy-F1-League,https://github.com/jm1261/Fantasy-F1-League/blob/main/Data/2025/Lineup/Las%20Vegas_Results.json,MIT,third_party_recorded,False,True,False,third_party_recorded,historical_fantasy_scores_v3_recorded_2023_2026
2025,22,Las Vegas Grand Prix,2025-11-23,driver,norris,jm1261/Fantasy-F1-League:2025:driver:Norris,Lando Norris,NOR,McLaren,-10.0,,,,,,30.4,jm1261/Fantasy-F1-League,https://github.com/jm1261/Fantasy-F1-League/blob/main/Data/2025/Lineup/Las%20Vegas_Results.json,MIT,third_party_recorded,False,True,False,third_party_recorded,historical_fantasy_scores_v3_recorded_2023_2026
2025,22,Las Vegas Grand Prix,2025-11-23,driver,ocon,jm1261/Fantasy-F1-League:2025:driver:Ocon,Esteban Ocon,OCO,Haas,9.0,,,,,,6.5,jm1261/Fantasy-F1-League,https://github.com/jm1261/Fantasy-F1-League/blob/main/Data/2025/Lineup/Las%20Vegas_Results.json,MIT,third_party_recorded,False,True,False,third_party_recorded,historical_fantasy_scores_v3_recorded_2023_2026
2025,22,Las Vegas Grand Prix,2025-11-23,driver,piastri,jm1261/Fantasy-F1-League:2025:driver:Piastri,Oscar Piastri,PIA,McLaren,-14.0,,,,,,26.0,jm1261/Fantasy-F1-League,https://github.com/jm1261/Fantasy-F1-League/blob/main/Data/2025/Lineup/Las%20Vegas_Results.json,MIT,third_party_recorded,False,True,False,third_party_recorded,historical_fantasy_scores_v3_recorded_2023_2026
2025,22,Las Vegas Grand Prix,2025-11-23,driver,russell,jm1261/Fantasy-F1-League:2025:driver:Russell,George Russell,RUS,Mercedes,30.0,,,,,,23.4,jm1261/Fantasy-F1-League,https://github.com/jm1261/Fantasy-F1-League/blob/main/Data/2025/Lineup/Las%20Vegas_Results.json,MIT,third_party_recorded,False,True,False,third_party_recorded,historical_fantasy_scores_v3_recorded_2023_2026
2025,22,Las Vegas Grand Prix,2025-11-23,driver,sainz,jm1261/Fantasy-F1-League:2025:driver:Sainz,Carlos Sainz,SAI,Williams,16.0,,,,,,6.3,jm1261/Fantasy-F1-League,https://github.com/jm1261/Fantasy-F1-League/blob/main/Data/2025/Lineup/Las%20Vegas_Results.json,MIT,third_party_recorded,False,True,False,third_party_recorded,historical_fantasy_scores_v3_recorded_2023_2026
2025,22,Las Vegas Grand Prix,2025-11-23,driver,stroll,jm1261/Fantasy-F1-League:2025:driver:Stroll,Lance Stroll,STR,Aston Martin,-20.0,,,,,,8.5,jm1261/Fantasy-F1-League,https://github.com/jm1261/Fantasy-F1-League/blob/main/Data/2025/Lineup/Las%20Vegas_Results.json,MIT,third_party_recorded,False,True,False,third_party_recorded,historical_fantasy_scores_v3_recorded_2023_2026
2025,22,Las Vegas Grand Prix,2025-11-23,driver,tsunoda,jm1261/Fantasy-F1-League:2025:driver:Tsunoda,Yuki Tsunoda,TSU,Red Bull,9.0,,,,,,10.8,jm1261/Fantasy-F1-League,https://github.com/jm1261/Fantasy-F1-League/blob/main/Data/2025/Lineup/Las%20Vegas_Results.json,MIT,third_party_recorded,False,True,False,third_party_recorded,historical_fantasy_scores_v3_recorded_2023_2026
2025,23,Qatar Grand Prix,2025-11-30,constructor,alpine,jm1261/Fantasy-F1-League:2025:constructor:Alpine,Alpine,ALP,,14.0,,,,,,9.9,jm1261/Fantasy-F1-League,https://github.com/jm1261/Fantasy-F1-League/blob/main/Data/2025/Lineup/Qatar_Results.json,MIT,third_party_recorded,False,True,False,third_party_recorded,historical_fantasy_scores_v3_recorded_2023_2026
2025,23,Qatar Grand Prix,2025-11-30,constructor,aston_martin,jm1261/Fantasy-F1-League:2025:constructor:Aston Martin,Aston Martin,AMR,,21.0,,,,,,10.5,jm1261/Fantasy-F1-League,https://github.com/jm1261/Fantasy-F1-League/blob/main/Data/2025/Lineup/Qatar_Results.json,MIT,third_party_recorded,False,True,False,third_party_recorded,historical_fantasy_scores_v3_recorded_2023_2026
2025,23,Qatar Grand Prix,2025-11-30,constructor,ferrari,jm1261/Fantasy-F1-League:2025:constructor:Ferrari,Ferrari,FER,,22.0,,,,,,31.9,jm1261/Fantasy-F1-League,https://github.com/jm1261/Fantasy-F1-League/blob/main/Data/2025/Lineup/Qatar_Results.json,MIT,third_party_recorded,False,True,False,third_party_recorded,historical_fantasy_scores_v3_recorded_2023_2026
2025,23,Qatar Grand Prix,2025-11-30,constructor,haas,jm1261/Fantasy-F1-League:2025:constructor:Haas,Haas,HAS,,-5.0,,,,,,15.0,jm1261/Fantasy-F1-League,https://github.com/jm1261/Fantasy-F1-League/blob/main/Data/2025/Lineup/Qatar_Results.json,MIT,third_party_recorded,False,True,False,third_party_recorded,historical_fantasy_scores_v3_recorded_2023_2026
2025,23,Qatar Grand Prix,2025-11-30,constructor,mclaren,jm1261/Fantasy-F1-League:2025:constructor:McLaren,McLaren,MCL,,96.0,,,,,,36.0,jm1261/Fantasy-F1-League,https://github.com/jm1261/Fantasy-F1-League/blob/main/Data/2025/Lineup/Qatar_Results.json,MIT,third_party_recorded,False,True,False,third_party_recorded,historical_fantasy_scores_v3_recorded_2023_2026
2025,23,Qatar Grand Prix,2025-11-30,constructor,mercedes,jm1261/Fantasy-F1-League:2025:constructor:Mercedes,Mercedes,MER,,57.0,,,,,,28.1,jm1261/Fantasy-F1-League,https://github.com/jm1261/Fantasy-F1-League/blob/main/Data/2025/Lineup/Qatar_Results.json,MIT,third_party_recorded,False,True,False,third_party_recorded,historical_fantasy_scores_v3_recorded_2023_2026
2025,23,Qatar Grand Prix,2025-11-30,constructor,rb,jm1261/Fantasy-F1-League:2025:constructor:Racing Bulls,Racing Bulls,RB,,22.0,,,,,,15.6,jm1261/Fantasy-F1-League,https://github.com/jm1261/Fantasy-F1-League/blob/main/Data/2025/Lineup/Qatar_Results.json,MIT,third_party_recorded,False,True,False,third_party_recorded,historical_fantasy_scores_v3_recorded_2023_2026
2025,23,Qatar Grand Prix,2025-11-30,constructor,red_bull,jm1261/Fantasy-F1-League:2025:constructor:Red Bull,Red Bull,RBR,,67.0,,,,,,30.8,jm1261/Fantasy-F1-League,https://github.com/jm1261/Fantasy-F1-League/blob/main/Data/2025/Lineup/Qatar_Results.json,MIT,third_party_recorded,False,True,False,third_party_recorded,historical_fantasy_scores_v3_recorded_2023_2026
2025,23,Qatar Grand Prix,2025-11-30,constructor,sauber,jm1261/Fantasy-F1-League:2025:constructor:Kick Sauber,Kick Sauber,SAU,,4.0,,,,,,9.3,jm1261/Fantasy-F1-League,https://github.com/jm1261/Fantasy-F1-League/blob/main/Data/2025/Lineup/Qatar_Results.json,MIT,third_party_recorded,False,True,False,third_party_recorded,historical_fantasy_scores_v3_recorded_2023_2026
2025,23,Qatar Grand Prix,2025-11-30,constructor,williams,jm1261/Fantasy-F1-League:2025:constructor:Williams,Williams,WIL,,39.0,,,,,,19.2,jm1261/Fantasy-F1-League,https://github.com/jm1261/Fantasy-F1-League/blob/main/Data/2025/Lineup/Qatar_Results.json,MIT,third_party_recorded,False,True,False,third_party_recorded,historical_fantasy_scores_v3_recorded_2023_2026
2025,23,Qatar Grand Prix,2025-11-30,driver,albon,jm1261/Fantasy-F1-League:2025:driver:Albon,Alexander Albon,ALB,Williams,5.0,,,,,,13.2,jm1261/Fantasy-F1-League,https://github.com/jm1261/Fantasy-F1-League/blob/main/Data/2025/Lineup/Qatar_Results.json,MIT,third_party_recorded,False,True,False,third_party_recorded,historical_fantasy_scores_v3_recorded_2023_2026
2025,23,Qatar Grand Prix,2025-11-30,driver,alonso,jm1261/Fantasy-F1-League:2025:driver:Alonso,Fernando Alonso,ALO,Aston Martin,12.0,,,,,,4.5,jm1261/Fantasy-F1-League,https://github.com/jm1261/Fantasy-F1-League/blob/main/Data/2025/Lineup/Qatar_Results.json,MIT,third_party_recorded,False,True,False,third_party_recorded,historical_fantasy_scores_v3_recorded_2023_2026
2025,23,Qatar Grand Prix,2025-11-30,driver,antonelli,jm1261/Fantasy-F1-League:2025:driver:Antonelli,Andrea Kimi Antonelli,ANT,Mercedes,23.0,,,,,,17.5,jm1261/Fantasy-F1-League,https://github.com/jm1261/Fantasy-F1-League/blob/main/Data/2025/Lineup/Qatar_Results.json,MIT,third_party_recorded,False,True,False,third_party_recorded,historical_fantasy_scores_v3_recorded_2023_2026
2025,23,Qatar Grand Prix,2025-11-30,driver,bearman,jm1261/Fantasy-F1-League:2025:driver:Bearman,Oliver Bearman,BEA,Haas,-17.0,,,,,,9.5,jm1261/Fantasy-F1-League,https://github.com/jm1261/Fantasy-F1-League/blob/main/Data/2025/Lineup/Qatar_Results.json,MIT,third_party_recorded,False,True,False,third_party_recorded,historical_fantasy_scores_v3_recorded_2023_2026
2025,23,Qatar Grand Prix,2025-11-30,driver,bortoleto,jm1261/Fantasy-F1-League:2025:driver:Bortoleto,Gabriel Bortoleto,BOR,Kick Sauber,14.0,,,,,,6.1,jm1261/Fantasy-F1-League,https://github.com/jm1261/Fantasy-F1-League/blob/main/Data/2025/Lineup/Qatar_Results.json,MIT,third_party_recorded,False,True,False,third_party_recorded,historical_fantasy_scores_v3_recorded_2023_2026
2025,23,Qatar Grand Prix,2025-11-30,driver,colapinto,jm1261/Fantasy-F1-League:2025:driver:Colapinto,Franco Colapinto,COL,Alpine,6.0,,,,,,4.5,jm1261/Fantasy-F1-League,https://github.com/jm1261/Fantasy-F1-League/blob/main/Data/2025/Lineup/Qatar_Results.json,MIT,third_party_recorded,False,True,False,third_party_recorded,historical_fantasy_scores_v3_recorded_2023_2026
2025,23,Qatar Grand Prix,2025-11-30,driver,gasly,jm1261/Fantasy-F1-League:2025:driver:Gasly,Pierre Gasly,GAS,Alpine,3.0,,,,,,5.9,jm1261/Fantasy-F1-League,https://github.com/jm1261/Fantasy-F1-League/blob/main/Data/2025/Lineup/Qatar_Results.json,MIT,third_party_recorded,False,True,False,third_party_recorded,historical_fantasy_scores_v3_recorded_2023_2026
2025,23,Qatar Grand Prix,2025-11-30,driver,hadjar,jm1261/Fantasy-F1-League:2025:driver:Hadjar,Isack Hadjar,HAD,Racing Bulls,1.0,,,,,,6.3,jm1261/Fantasy-F1-League,https://github.com/jm1261/Fantasy-F1-League/blob/main/Data/2025/Lineup/Qatar_Results.json,MIT,third_party_recorded,False,True,False,third_party_recorded,historical_fantasy_scores_v3_recorded_2023_2026
2025,23,Qatar Grand Prix,2025-11-30,driver,hamilton,jm1261/Fantasy-F1-League:2025:driver:Hamilton,Lewis Hamilton,HAM,Ferrari,10.0,,,,,,22.2,jm1261/Fantasy-F1-League,https://github.com/jm1261/Fantasy-F1-League/blob/main/Data/2025/Lineup/Qatar_Results.json,MIT,third_party_recorded,False,True,False,third_party_recorded,historical_fantasy_scores_v3_recorded_2023_2026
2025,23,Qatar Grand Prix,2025-11-30,driver,hulkenberg,jm1261/Fantasy-F1-League:2025:driver:Hulkenberg,Nico Hülkenberg,HUL,Kick Sauber,-18.0,,,,,,5.8,jm1261/Fantasy-F1-League,https://github.com/jm1261/Fantasy-F1-League/blob/main/Data/2025/Lineup/Qatar_Results.json,MIT,third_party_recorded,False,True,False,third_party_recorded,historical_fantasy_scores_v3_recorded_2023_2026
2025,23,Qatar Grand Prix,2025-11-30,driver,lawson,jm1261/Fantasy-F1-League:2025:driver:Lawson,Liam Lawson,LAW,Racing Bulls,11.0,,,,,,6.5,jm1261/Fantasy-F1-League,https://github.com/jm1261/Fantasy-F1-League/blob/main/Data/2025/Lineup/Qatar_Results.json,MIT,third_party_recorded,False,True,False,third_party_recorded,historical_fantasy_scores_v3_recorded_2023_2026
2025,23,Qatar Grand Prix,2025-11-30,driver,leclerc,jm1261/Fantasy-F1-League:2025:driver:Leclerc,Charles Leclerc,LEC,Ferrari,5.0,,,,,,23.3,jm1261/Fantasy-F1-League,https://github.com/jm1261/Fantasy-F1-League/blob/main/Data/2025/Lineup/Qatar_Results.json,MIT,third_party_recorded,False,True,False,third_party_recorded,historical_fantasy_scores_v3_recorded_2023_2026
2025,23,Qatar Grand Prix,2025-11-30,driver,max_verstappen,jm1261/Fantasy-F1-League:2025:driver:Verstappen,Max Verstappen,VER,Red Bull,55.0,,,,,,29.8,jm1261/Fantasy-F1-League,https://github.com/jm1261/Fantasy-F1-League/blob/main/Data/2025/Lineup/Qatar_Results.json,MIT,third_party_recorded,False,True,False,third_party_recorded,historical_fantasy_scores_v3_recorded_2023_2026
2025,23,Qatar Grand Prix,2025-11-30,driver,norris,jm1261/Fantasy-F1-League:2025:driver:Norris,Lando Norris,NOR,McLaren,25.0,,,,,,30.4,jm1261/Fantasy-F1-League,https://github.com/jm1261/Fantasy-F1-League/blob/main/Data/2025/Lineup/Qatar_Results.json,MIT,third_party_recorded,False,True,False,third_party_recorded,historical_fantasy_scores_v3_recorded_2023_2026
2025,23,Qatar Grand Prix,2025-11-30,driver,ocon,jm1261/Fantasy-F1-League:2025:driver:Ocon,Esteban Ocon,OCO,Haas,6.0,,,,,,7.3,jm1261/Fantasy-F1-League,https://github.com/jm1261/Fantasy-F1-League/blob/main/Data/2025/Lineup/Qatar_Results.json,MIT,third_party_recorded,False,True,False,third_party_recorded,historical_fantasy_scores_v3_recorded_2023_2026
2025,23,Qatar Grand Prix,2025-11-30,driver,piastri,jm1261/Fantasy-F1-League:2025:driver:Piastri,Oscar Piastri,PIA,McLaren,46.0,,,,,,25.4,jm1261/Fantasy-F1-League,https://github.com/jm1261/Fantasy-F1-League/blob/main/Data/2025/Lineup/Qatar_Results.json,MIT,third_party_recorded,False,True,False,third_party_recorded,historical_fantasy_scores_v3_recorded_2023_2026
2025,23,Qatar Grand Prix,2025-11-30,driver,russell,jm1261/Fantasy-F1-League:2025:driver:Russell,George Russell,RUS,Mercedes,22.0,,,,,,23.6,jm1261/Fantasy-F1-League,https://github.com/jm1261/Fantasy-F1-League/blob/main/Data/2025/Lineup/Qatar_Results.json,MIT,third_party_recorded,False,True,False,third_party_recorded,historical_fantasy_scores_v3_recorded_2023_2026
2025,23,Qatar Grand Prix,2025-11-30,driver,sainz,jm1261/Fantasy-F1-League:2025:driver:Sainz,Carlos Sainz,SAI,Williams,27.0,,,,,,7.1,jm1261/Fantasy-F1-League,https://github.com/jm1261/Fantasy-F1-League/blob/main/Data/2025/Lineup/Qatar_Results.json,MIT,third_party_recorded,False,True,False,third_party_recorded,historical_fantasy_scores_v3_recorded_2023_2026
2025,23,Qatar Grand Prix,2025-11-30,driver,stroll,jm1261/Fantasy-F1-League:2025:driver:Stroll,Lance Stroll,STR,Aston Martin,2.0,,,,,,7.3,jm1261/Fantasy-F1-League,https://github.com/jm1261/Fantasy-F1-League/blob/main/Data/2025/Lineup/Qatar_Results.json,MIT,third_party_recorded,False,True,False,third_party_recorded,historical_fantasy_scores_v3_recorded_2023_2026
2025,23,Qatar Grand Prix,2025-11-30,driver,tsunoda,jm1261/Fantasy-F1-League:2025:driver:Tsunoda,Yuki Tsunoda,TSU,Red Bull,12.0,,,,,,11.2,jm1261/Fantasy-F1-League,https://github.com/jm1261/Fantasy-F1-League/blob/main/Data/2025/Lineup/Qatar_Results.json,MIT,third_party_recorded,False,True,False,third_party_recorded,historical_fantasy_scores_v3_recorded_2023_2026
2025,24,Abu Dhabi Grand Prix,2025-12-07,constructor,alpine,jm1261/Fantasy-F1-League:2025:constructor:Alpine,Alpine,ALP,,4.0,,,,,,10.1,jm1261/Fantasy-F1-League,https://github.com/jm1261/Fantasy-F1-League/blob/main/Data/2025/Lineup/Abu%20Dhabi_Results.json,MIT,third_party_recorded,False,True,False,third_party_recorded,historical_fantasy_scores_v3_recorded_2023_2026
2025,24,Abu Dhabi Grand Prix,2025-12-07,constructor,aston_martin,jm1261/Fantasy-F1-League:2025:constructor:Aston Martin,Aston Martin,AMR,,47.0,,,,,,10.3,jm1261/Fantasy-F1-League,https://github.com/jm1261/Fantasy-F1-League/blob/main/Data/2025/Lineup/Abu%20Dhabi_Results.json,MIT,third_party_recorded,False,True,False,third_party_recorded,historical_fantasy_scores_v3_recorded_2023_2026
2025,24,Abu Dhabi Grand Prix,2025-12-07,constructor,ferrari,jm1261/Fantasy-F1-League:2025:constructor:Ferrari,Ferrari,FER,,83.0,,,,,,31.8,jm1261/Fantasy-F1-League,https://github.com/jm1261/Fantasy-F1-League/blob/main/Data/2025/Lineup/Abu%20Dhabi_Results.json,MIT,third_party_recorded,False,True,False,third_party_recorded,historical_fantasy_scores_v3_recorded_2023_2026
2025,24,Abu Dhabi Grand Prix,2025-12-07,constructor,haas,jm1261/Fantasy-F1-League:2025:constructor:Haas,Haas,HAS,,34.0,,,,,,15.6,jm1261/Fantasy-F1-League,https://github.com/jm1261/Fantasy-F1-League/blob/main/Data/2025/Lineup/Abu%20Dhabi_Results.json,MIT,third_party_recorded,False,True,False,third_party_recorded,historical_fantasy_scores_v3_recorded_2023_2026
2025,24,Abu Dhabi Grand Prix,2025-12-07,constructor,mclaren,jm1261/Fantasy-F1-League:2025:constructor:McLaren,McLaren,MCL,,77.0,,,,,,36.1,jm1261/Fantasy-F1-League,https://github.com/jm1261/Fantasy-F1-League/blob/main/Data/2025/Lineup/Abu%20Dhabi_Results.json,MIT,third_party_recorded,False,True,False,third_party_recorded,historical_fantasy_scores_v3_recorded_2023_2026
2025,24,Abu Dhabi Grand Prix,2025-12-07,constructor,mercedes,jm1261/Fantasy-F1-League:2025:constructor:Mercedes,Mercedes,MER,,35.0,,,,,,28.4,jm1261/Fantasy-F1-League,https://github.com/jm1261/Fantasy-F1-League/blob/main/Data/2025/Lineup/Abu%20Dhabi_Results.json,MIT,third_party_recorded,False,True,False,third_party_recorded,historical_fantasy_scores_v3_recorded_2023_2026
2025,24,Abu Dhabi Grand Prix,2025-12-07,constructor,rb,jm1261/Fantasy-F1-League:2025:constructor:Racing Bulls,Racing Bulls,RB,,6.0,,,,,,16.2,jm1261/Fantasy-F1-League,https://github.com/jm1261/Fantasy-F1-League/blob/main/Data/2025/Lineup/Abu%20Dhabi_Results.json,MIT,third_party_recorded,False,True,False,third_party_recorded,historical_fantasy_scores_v3_recorded_2023_2026
2025,24,Abu Dhabi Grand Prix,2025-12-07,constructor,red_bull,jm1261/Fantasy-F1-League:2025:constructor:Red Bull,Red Bull,RBR,,52.0,,,,,,31.1,jm1261/Fantasy-F1-League,https://github.com/jm1261/Fantasy-F1-League/blob/main/Data/2025/Lineup/Abu%20Dhabi_Results.json,MIT,third_party_recorded,False,True,False,third_party_recorded,historical_fantasy_scores_v3_recorded_2023_2026
2025,24,Abu Dhabi Grand Prix,2025-12-07,constructor,sauber,jm1261/Fantasy-F1-League:2025:constructor:Kick Sauber,Kick Sauber,SAU,,40.0,,,,,,8.7,jm1261/Fantasy-F1-League,https://github.com/jm1261/Fantasy-F1-League/blob/main/Data/2025/Lineup/Abu%20Dhabi_Results.json,MIT,third_party_recorded,False,True,False,third_party_recorded,historical_fantasy_scores_v3_recorded_2023_2026
2025,24,Abu Dhabi Grand Prix,2025-12-07,constructor,williams,jm1261/Fantasy-F1-League:2025:constructor:Williams,Williams,WIL,,24.0,,,,,,19.5,jm1261/Fantasy-F1-League,https://github.com/jm1261/Fantasy-F1-League/blob/main/Data/2025/Lineup/Abu%20Dhabi_Results.json,MIT,third_party_recorded,False,True,False,third_party_recorded,historical_fantasy_scores_v3_recorded_2023_2026
2025,24,Abu Dhabi Grand Prix,2025-12-07,driver,albon,jm1261/Fantasy-F1-League:2025:driver:Albon,Alexander Albon,ALB,Williams,10.0,,,,,,12.6,jm1261/Fantasy-F1-League,https://github.com/jm1261/Fantasy-F1-League/blob/main/Data/2025/Lineup/Abu%20Dhabi_Results.json,MIT,third_party_recorded,False,True,False,third_party_recorded,historical_fantasy_scores_v3_recorded_2023_2026
2025,24,Abu Dhabi Grand Prix,2025-12-07,driver,alonso,jm1261/Fantasy-F1-League:2025:driver:Alonso,Fernando Alonso,ALO,Aston Martin,17.0,,,,,,4.7,jm1261/Fantasy-F1-League,https://github.com/jm1261/Fantasy-F1-League/blob/main/Data/2025/Lineup/Abu%20Dhabi_Results.json,MIT,third_party_recorded,False,True,False,third_party_recorded,historical_fantasy_scores_v3_recorded_2023_2026
2025,24,Abu Dhabi Grand Prix,2025-12-07,driver,antonelli,jm1261/Fantasy-F1-League:2025:driver:Antonelli,Andrea Kimi Antonelli,ANT,Mercedes,5.0,,,,,,18.1,jm1261/Fantasy-F1-League,https://github.com/jm1261/Fantasy-F1-League/blob/main/Data/2025/Lineup/Abu%20Dhabi_Results.json,MIT,third_party_recorded,False,True,False,third_party_recorded,historical_fantasy_scores_v3_recorded_2023_2026
2025,24,Abu Dhabi Grand Prix,2025-12-07,driver,bearman,jm1261/Fantasy-F1-League:2025:driver:Bearman,Oliver Bearman,BEA,Haas,6.0,,,,,,9.3,jm1261/Fantasy-F1-League,https://github.com/jm1261/Fantasy-F1-League/blob/main/Data/2025/Lineup/Abu%20Dhabi_Results.json,MIT,third_party_recorded,False,True,False,third_party_recorded,historical_fantasy_scores_v3_recorded_2023_2026
2025,24,Abu Dhabi Grand Prix,2025-12-07,driver,bortoleto,jm1261/Fantasy-F1-League:2025:driver:Bortoleto,Gabriel Bortoleto,BOR,Kick Sauber,6.0,,,,,,5.5,jm1261/Fantasy-F1-League,https://github.com/jm1261/Fantasy-F1-League/blob/main/Data/2025/Lineup/Abu%20Dhabi_Results.json,MIT,third_party_recorded,False,True,False,third_party_recorded,historical_fantasy_scores_v3_recorded_2023_2026
2025,24,Abu Dhabi Grand Prix,2025-12-07,driver,colapinto,jm1261/Fantasy-F1-League:2025:driver:Colapinto,Franco Colapinto,COL,Alpine,0.0,,,,,,4.5,jm1261/Fantasy-F1-League,https://github.com/jm1261/Fantasy-F1-League/blob/main/Data/2025/Lineup/Abu%20Dhabi_Results.json,MIT,third_party_recorded,False,True,False,third_party_recorded,historical_fantasy_scores_v3_recorded_2023_2026
2025,24,Abu Dhabi Grand Prix,2025-12-07,driver,gasly,jm1261/Fantasy-F1-League:2025:driver:Gasly,Pierre Gasly,GAS,Alpine,3.0,,,,,,6.5,jm1261/Fantasy-F1-League,https://github.com/jm1261/Fantasy-F1-League/blob/main/Data/2025/Lineup/Abu%20Dhabi_Results.json,MIT,third_party_recorded,False,True,False,third_party_recorded,historical_fantasy_scores_v3_recorded_2023_2026
2025,24,Abu Dhabi Grand Prix,2025-12-07,driver,hadjar,jm1261/Fantasy-F1-League:2025:driver:Hadjar,Isack Hadjar,HAD,Racing Bulls,-2.0,,,,,,6.9,jm1261/Fantasy-F1-League,https://github.com/jm1261/Fantasy-F1-League/blob/main/Data/2025/Lineup/Abu%20Dhabi_Results.json,MIT,third_party_recorded,False,True,False,third_party_recorded,historical_fantasy_scores_v3_recorded_2023_2026
2025,24,Abu Dhabi Grand Prix,2025-12-07,driver,hamilton,jm1261/Fantasy-F1-League:2025:driver:Hamilton,Lewis Hamilton,HAM,Ferrari,28.0,,,,,,21.9,jm1261/Fantasy-F1-League,https://github.com/jm1261/Fantasy-F1-League/blob/main/Data/2025/Lineup/Abu%20Dhabi_Results.json,MIT,third_party_recorded,False,True,False,third_party_recorded,historical_fantasy_scores_v3_recorded_2023_2026
2025,24,Abu Dhabi Grand Prix,2025-12-07,driver,hulkenberg,jm1261/Fantasy-F1-League:2025:driver:Hulkenberg,Nico Hülkenberg,HUL,Kick Sauber,24.0,,,,,,5.0,jm1261/Fantasy-F1-League,https://github.com/jm1261/Fantasy-F1-League/blob/main/Data/2025/Lineup/Abu%20Dhabi_Results.json,MIT,third_party_recorded,False,True,False,third_party_recorded,historical_fantasy_scores_v3_recorded_2023_2026
2025,24,Abu Dhabi Grand Prix,2025-12-07,driver,lawson,jm1261/Fantasy-F1-League:2025:driver:Lawson,Liam Lawson,LAW,Racing Bulls,1.0,,,,,,5.9,jm1261/Fantasy-F1-League,https://github.com/jm1261/Fantasy-F1-League/blob/main/Data/2025/Lineup/Abu%20Dhabi_Results.json,MIT,third_party_recorded,False,True,False,third_party_recorded,historical_fantasy_scores_v3_recorded_2023_2026
2025,24,Abu Dhabi Grand Prix,2025-12-07,driver,leclerc,jm1261/Fantasy-F1-League:2025:driver:Leclerc,Charles Leclerc,LEC,Ferrari,35.0,,,,,,23.0,jm1261/Fantasy-F1-League,https://github.com/jm1261/Fantasy-F1-League/blob/main/Data/2025/Lineup/Abu%20Dhabi_Results.json,MIT,third_party_recorded,False,True,False,third_party_recorded,historical_fantasy_scores_v3_recorded_2023_2026
2025,24,Abu Dhabi Grand Prix,2025-12-07,driver,max_verstappen,jm1261/Fantasy-F1-League:2025:driver:Verstappen,Max Verstappen,VER,Red Bull,46.0,,,,,,30.1,jm1261/Fantasy-F1-League,https://github.com/jm1261/Fantasy-F1-League/blob/main/Data/2025/Lineup/Abu%20Dhabi_Results.json,MIT,third_party_recorded,False,True,False,third_party_recorded,historical_fantasy_scores_v3_recorded_2023_2026
2025,24,Abu Dhabi Grand Prix,2025-12-07,driver,norris,jm1261/Fantasy-F1-League:2025:driver:Norris,Lando Norris,NOR,McLaren,29.0,,,,,,30.3,jm1261/Fantasy-F1-League,https://github.com/jm1261/Fantasy-F1-League/blob/main/Data/2025/Lineup/Abu%20Dhabi_Results.json,MIT,third_party_recorded,False,True,False,third_party_recorded,historical_fantasy_scores_v3_recorded_2023_2026
2025,24,Abu Dhabi Grand Prix,2025-12-07,driver,ocon,jm1261/Fantasy-F1-League:2025:driver:Ocon,Esteban Ocon,OCO,Haas,21.0,,,,,,7.9,jm1261/Fantasy-F1-League,https://github.com/jm1261/Fantasy-F1-League/blob/main/Data/2025/Lineup/Abu%20Dhabi_Results.json,MIT,third_party_recorded,False,True,False,third_party_recorded,historical_fantasy_scores_v3_recorded_2023_2026
2025,24,Abu Dhabi Grand Prix,2025-12-07,driver,piastri,jm1261/Fantasy-F1-League:2025:driver:Piastri,Oscar Piastri,PIA,McLaren,28.0,,,,,,25.1,jm1261/Fantasy-F1-League,https://github.com/jm1261/Fantasy-F1-League/blob/main/Data/2025/Lineup/Abu%20Dhabi_Results.json,MIT,third_party_recorded,False,True,False,third_party_recorded,historical_fantasy_scores_v3_recorded_2023_2026
2025,24,Abu Dhabi Grand Prix,2025-12-07,driver,russell,jm1261/Fantasy-F1-League:2025:driver:Russell,George Russell,RUS,Mercedes,20.0,,,,,,23.7,jm1261/Fantasy-F1-League,https://github.com/jm1261/Fantasy-F1-League/blob/main/Data/2025/Lineup/Abu%20Dhabi_Results.json,MIT,third_party_recorded,False,True,False,third_party_recorded,historical_fantasy_scores_v3_recorded_2023_2026
2025,24,Abu Dhabi Grand Prix,2025-12-07,driver,sainz,jm1261/Fantasy-F1-League:2025:driver:Sainz,Carlos Sainz,SAI,Williams,3.0,,,,,,7.7,jm1261/Fantasy-F1-League,https://github.com/jm1261/Fantasy-F1-League/blob/main/Data/2025/Lineup/Abu%20Dhabi_Results.json,MIT,third_party_recorded,False,True,False,third_party_recorded,historical_fantasy_scores_v3_recorded_2023_2026
2025,24,Abu Dhabi Grand Prix,2025-12-07,driver,stroll,jm1261/Fantasy-F1-League:2025:driver:Stroll,Lance Stroll,STR,Aston Martin,20.0,,,,,,6.7,jm1261/Fantasy-F1-League,https://github.com/jm1261/Fantasy-F1-League/blob/main/Data/2025/Lineup/Abu%20Dhabi_Results.json,MIT,third_party_recorded,False,True,False,third_party_recorded,historical_fantasy_scores_v3_recorded_2023_2026
2025,24,Abu Dhabi Grand Prix,2025-12-07,driver,tsunoda,jm1261/Fantasy-F1-League:2025:driver:Tsunoda,Yuki Tsunoda,TSU,Red Bull,1.0,,,,,,11.4,jm1261/Fantasy-F1-League,https://github.com/jm1261/Fantasy-F1-League/blob/main/Data/2025/Lineup/Abu%20Dhabi_Results.json,MIT,third_party_recorded,False,True,False,third_party_recorded,historical_fantasy_scores_v3_recorded_2023_2026
2026,1,Australian Grand Prix,2026-03-08,constructor,alpine,23,Alpine,ALP,,22.0,3.0,,,19.0,0.0,12.5,Formula 1 Fantasy playerstats,https://fantasy.formula1.com/feeds/popup/playerstats_23.json,Official public feed; Formula 1 terms apply,official,True,True,False,official_recorded,historical_fantasy_scores_v3_recorded_2023_2026
2026,1,Australian Grand Prix,2026-03-08,constructor,aston_martin,24,Aston Martin,AST,,-38.0,-6.0,,,-32.0,0.0,10.3,Formula 1 Fantasy playerstats,https://fantasy.formula1.com/feeds/popup/playerstats_24.json,Official public feed; Formula 1 terms apply,official,True,True,False,official_recorded,historical_fantasy_scores_v3_recorded_2023_2026
2026,1,Australian Grand Prix,2026-03-08,constructor,cadillac,2641,Cadillac,CAD,,-13.0,-1.0,,,-12.0,0.0,6.0,Formula 1 Fantasy playerstats,https://fantasy.formula1.com/feeds/popup/playerstats_2641.json,Official public feed; Formula 1 terms apply,official,True,True,False,official_recorded,historical_fantasy_scores_v3_recorded_2023_2026
2026,1,Australian Grand Prix,2026-03-08,constructor,ferrari,25,Ferrari,FER,,69.0,21.0,,,48.0,0.0,23.3,Formula 1 Fantasy playerstats,https://fantasy.formula1.com/feeds/popup/playerstats_25.json,Official public feed; Formula 1 terms apply,official,True,True,False,official_recorded,historical_fantasy_scores_v3_recorded_2023_2026
2026,1,Australian Grand Prix,2026-03-08,constructor,haas,26,Haas,HAA,,34.0,3.0,,,31.0,0.0,7.4,Formula 1 Fantasy playerstats,https://fantasy.formula1.com/feeds/popup/playerstats_26.json,Official public feed; Formula 1 terms apply,official,True,True,False,official_recorded,historical_fantasy_scores_v3_recorded_2023_2026
2026,1,Australian Grand Prix,2026-03-08,constructor,mclaren,27,McLaren,MCL,,19.0,21.0,,,-2.0,0.0,28.9,Formula 1 Fantasy playerstats,https://fantasy.formula1.com/feeds/popup/playerstats_27.json,Official public feed; Formula 1 terms apply,official,True,True,False,official_recorded,historical_fantasy_scores_v3_recorded_2023_2026
2026,1,Australian Grand Prix,2026-03-08,constructor,mercedes,28,Mercedes,MER,,96.0,29.0,,,67.0,0.0,29.3,Formula 1 Fantasy playerstats,https://fantasy.formula1.com/feeds/popup/playerstats_28.json,Official public feed; Formula 1 terms apply,official,True,True,False,official_recorded,historical_fantasy_scores_v3_recorded_2023_2026
2026,1,Australian Grand Prix,2026-03-08,constructor,rb,2636,Racing Bulls,RBS,,35.0,15.0,,,20.0,0.0,6.3,Formula 1 Fantasy playerstats,https://fantasy.formula1.com/feeds/popup/playerstats_2636.json,Official public feed; Formula 1 terms apply,official,True,True,False,official_recorded,historical_fantasy_scores_v3_recorded_2023_2026
2026,1,Australian Grand Prix,2026-03-08,constructor,red_bull,29,Red Bull,RBR,,42.0,8.0,,,34.0,0.0,28.2,Formula 1 Fantasy playerstats,https://fantasy.formula1.com/feeds/popup/playerstats_29.json,Official public feed; Formula 1 terms apply,official,True,True,False,official_recorded,historical_fantasy_scores_v3_recorded_2023_2026
2026,1,Australian Grand Prix,2026-03-08,constructor,williams,210,Williams,WIL,,20.0,-4.0,,,24.0,0.0,12.0,Formula 1 Fantasy playerstats,https://fantasy.formula1.com/feeds/popup/playerstats_210.json,Official public feed; Formula 1 terms apply,official,True,True,False,official_recorded,historical_fantasy_scores_v3_recorded_2023_2026
2026,1,Australian Grand Prix,2026-03-08,driver,albon,11,Alexander Albon,ALB,Williams,8.0,,,,8.0,,11.6,Formula 1 Fantasy playerstats,https://fantasy.formula1.com/feeds/popup/playerstats_11.json,Official public feed; Formula 1 terms apply,official,True,True,False,official_recorded,historical_fantasy_scores_v3_recorded_2023_2026
2026,1,Australian Grand Prix,2026-03-08,driver,alonso,12,Fernando Alonso,ALO,Aston Martin,-14.0,,,,-14.0,,10.0,Formula 1 Fantasy playerstats,https://fantasy.formula1.com/feeds/popup/playerstats_12.json,Official public feed; Formula 1 terms apply,official,True,True,False,official_recorded,historical_fantasy_scores_v3_recorded_2023_2026
2026,1,Australian Grand Prix,2026-03-08,driver,antonelli,11161,Andrea Kimi Antonelli,ANT,Mercedes,32.0,9.0,,,23.0,0.0,23.2,Formula 1 Fantasy playerstats,https://fantasy.formula1.com/feeds/popup/playerstats_11161.json,Official public feed; Formula 1 terms apply,official,True,True,False,official_recorded,historical_fantasy_scores_v3_recorded_2023_2026
2026,1,Australian Grand Prix,2026-03-08,driver,arvid_lindblad,11149,Arvid Lindblad,LIN,Racing Bulls,15.0,2.0,,,13.0,0.0,6.2,Formula 1 Fantasy playerstats,https://fantasy.formula1.com/feeds/popup/playerstats_11149.json,Official public feed; Formula 1 terms apply,official,True,True,False,official_recorded,historical_fantasy_scores_v3_recorded_2023_2026
2026,1,Australian Grand Prix,2026-03-08,driver,bearman,11031,Oliver Bearman,BEA,Haas F1 Team,20.0,,,,20.0,,7.4,Formula 1 Fantasy playerstats,https://fantasy.formula1.com/feeds/popup/playerstats_11031.json,Official public feed; Formula 1 terms apply,official,True,True,False,official_recorded,historical_fantasy_scores_v3_recorded_2023_2026
2026,1,Australian Grand Prix,2026-03-08,driver,bortoleto,11051,Gabriel Bortoleto,BOR,Audi,13.0,1.0,,,12.0,0.0,6.4,Formula 1 Fantasy playerstats,https://fantasy.formula1.com/feeds/popup/playerstats_11051.json,Official public feed; Formula 1 terms apply,official,True,True,False,official_recorded,historical_fantasy_scores_v3_recorded_2023_2026
2026,1,Australian Grand Prix,2026-03-08,driver,bottas,13,Valtteri Bottas,BOT,Cadillac,-16.0,,,,-16.0,,5.9,Formula 1 Fantasy playerstats,https://fantasy.formula1.com/feeds/popup/playerstats_13.json,Official public feed; Formula 1 terms apply,official,True,True,False,official_recorded,historical_fantasy_scores_v3_recorded_2023_2026
2026,1,Australian Grand Prix,2026-03-08,driver,colapinto,11059,Franco Colapinto,COL,Alpine,6.0,,,,6.0,,6.2,Formula 1 Fantasy playerstats,https://fantasy.formula1.com/feeds/popup/playerstats_11059.json,Official public feed; Formula 1 terms apply,official,True,True,False,official_recorded,historical_fantasy_scores_v3_recorded_2023_2026
2026,1,Australian Grand Prix,2026-03-08,driver,gasly,18,Pierre Gasly,GAS,Alpine,11.0,,,,11.0,,12.0,Formula 1 Fantasy playerstats,https://fantasy.formula1.com/feeds/popup/playerstats_18.json,Official public feed; Formula 1 terms apply,official,True,True,False,official_recorded,historical_fantasy_scores_v3_recorded_2023_2026
2026,1,Australian Grand Prix,2026-03-08,driver,hadjar,11032,Isack Hadjar,HAD,Red Bull Racing,-8.0,8.0,,,-16.0,0.0,15.1,Formula 1 Fantasy playerstats,https://fantasy.formula1.com/feeds/popup/playerstats_11032.json,Official public feed; Formula 1 terms apply,official,True,True,False,official_recorded,historical_fantasy_scores_v3_recorded_2023_2026
2026,1,Australian Grand Prix,2026-03-08,driver,hamilton,110,Lewis Hamilton,HAM,Ferrari,25.0,4.0,,,21.0,0.0,22.5,Formula 1 Fantasy playerstats,https://fantasy.formula1.com/feeds/popup/playerstats_110.json,Official public feed; Formula 1 terms apply,official,True,True,False,official_recorded,historical_fantasy_scores_v3_recorded_2023_2026
2026,1,Australian Grand Prix,2026-03-08,driver,hulkenberg,111,Nico Hülkenberg,HUL,Audi,-20.0,,,,-20.0,,6.8,Formula 1 Fantasy playerstats,https://fantasy.formula1.com/feeds/popup/playerstats_111.json,Official public feed; Formula 1 terms apply,official,True,True,False,official_recorded,historical_fantasy_scores_v3_recorded_2023_2026
2026,1,Australian Grand Prix,2026-03-08,driver,lawson,114,Liam Lawson,LAW,Racing Bulls,5.0,3.0,,,2.0,0.0,6.5,Formula 1 Fantasy playerstats,https://fantasy.formula1.com/feeds/popup/playerstats_114.json,Official public feed; Formula 1 terms apply,official,True,True,False,official_recorded,historical_fantasy_scores_v3_recorded_2023_2026
2026,1,Australian Grand Prix,2026-03-08,driver,leclerc,115,Charles Leclerc,LEC,Ferrari,29.0,7.0,,,22.0,0.0,22.8,Formula 1 Fantasy playerstats,https://fantasy.formula1.com/feeds/popup/playerstats_115.json,Official public feed; Formula 1 terms apply,official,True,True,False,official_recorded,historical_fantasy_scores_v3_recorded_2023_2026
2026,1,Australian Grand Prix,2026-03-08,driver,max_verstappen,131,Max Verstappen,VER,Red Bull Racing,50.0,-5.0,,,55.0,0.0,27.7,Formula 1 Fantasy playerstats,https://fantasy.formula1.com/feeds/popup/playerstats_131.json,Official public feed; Formula 1 terms apply,official,True,True,False,official_recorded,historical_fantasy_scores_v3_recorded_2023_2026
2026,1,Australian Grand Prix,2026-03-08,driver,norris,117,Lando Norris,NOR,McLaren,21.0,5.0,,,16.0,0.0,27.2,Formula 1 Fantasy playerstats,https://fantasy.formula1.com/feeds/popup/playerstats_117.json,Official public feed; Formula 1 terms apply,official,True,True,False,official_recorded,historical_fantasy_scores_v3_recorded_2023_2026
2026,1,Australian Grand Prix,2026-03-08,driver,ocon,118,Esteban Ocon,OCO,Haas F1 Team,9.0,,,,9.0,,7.3,Formula 1 Fantasy playerstats,https://fantasy.formula1.com/feeds/popup/playerstats_118.json,Official public feed; Formula 1 terms apply,official,True,True,False,official_recorded,historical_fantasy_scores_v3_recorded_2023_2026
2026,1,Australian Grand Prix,2026-03-08,driver,perez,121,Sergio Pérez,PER,Cadillac,4.0,,,,4.0,,6.0,Formula 1 Fantasy playerstats,https://fantasy.formula1.com/feeds/popup/playerstats_121.json,Official public feed; Formula 1 terms apply,official,True,True,False,official_recorded,historical_fantasy_scores_v3_recorded_2023_2026
2026,1,Australian Grand Prix,2026-03-08,driver,piastri,1982,Oscar Piastri,PIA,McLaren,-14.0,6.0,,,-20.0,0.0,25.5,Formula 1 Fantasy playerstats,https://fantasy.formula1.com/feeds/popup/playerstats_1982.json,Official public feed; Formula 1 terms apply,official,True,True,False,official_recorded,historical_fantasy_scores_v3_recorded_2023_2026
2026,1,Australian Grand Prix,2026-03-08,driver,russell,124,George Russell,RUS,Mercedes,39.0,10.0,,,29.0,0.0,27.4,Formula 1 Fantasy playerstats,https://fantasy.formula1.com/feeds/popup/playerstats_124.json,Official public feed; Formula 1 terms apply,official,True,True,False,official_recorded,historical_fantasy_scores_v3_recorded_2023_2026
2026,1,Australian Grand Prix,2026-03-08,driver,sainz,125,Carlos Sainz,SAI,Williams,9.0,-5.0,,,14.0,0.0,11.8,Formula 1 Fantasy playerstats,https://fantasy.formula1.com/feeds/popup/playerstats_125.json,Official public feed; Formula 1 terms apply,official,True,True,False,official_recorded,historical_fantasy_scores_v3_recorded_2023_2026
2026,1,Australian Grand Prix,2026-03-08,driver,stroll,129,Lance Stroll,STR,Aston Martin,-23.0,-5.0,,,-18.0,0.0,8.0,Formula 1 Fantasy playerstats,https://fantasy.formula1.com/feeds/popup/playerstats_129.json,Official public feed; Formula 1 terms apply,official,True,True,False,official_recorded,historical_fantasy_scores_v3_recorded_2023_2026
2026,2,Chinese Grand Prix,2026-03-15,constructor,alpine,23,Alpine,ALP,,45.0,9.0,,9.0,27.0,0.0,13.1,Formula 1 Fantasy playerstats,https://fantasy.formula1.com/feeds/popup/playerstats_23.json,Official public feed; Formula 1 terms apply,official,True,True,False,official_recorded,historical_fantasy_scores_v3_recorded_2023_2026
2026,2,Chinese Grand Prix,2026-03-15,constructor,aston_martin,24,Aston Martin,AST,,-20.0,-1.0,,11.0,-30.0,0.0,9.7,Formula 1 Fantasy playerstats,https://fantasy.formula1.com/feeds/popup/playerstats_24.json,Official public feed; Formula 1 terms apply,official,True,True,False,official_recorded,historical_fantasy_scores_v3_recorded_2023_2026
2026,2,Chinese Grand Prix,2026-03-15,constructor,audi,2640,Audi,AUD,,-4.0,3.0,,3.0,-10.0,0.0,6.0,Formula 1 Fantasy playerstats,https://fantasy.formula1.com/feeds/popup/playerstats_2640.json,Official public feed; Formula 1 terms apply,official,True,True,False,official_recorded,historical_fantasy_scores_v3_recorded_2023_2026
2026,2,Chinese Grand Prix,2026-03-15,constructor,cadillac,2641,Cadillac,CAD,,22.0,-1.0,,1.0,22.0,0.0,5.4,Formula 1 Fantasy playerstats,https://fantasy.formula1.com/feeds/popup/playerstats_2641.json,Official public feed; Formula 1 terms apply,official,True,True,False,official_recorded,historical_fantasy_scores_v3_recorded_2023_2026
2026,2,Chinese Grand Prix,2026-03-15,constructor,ferrari,25,Ferrari,FER,,119.0,25.0,,36.0,58.0,0.0,23.6,Formula 1 Fantasy playerstats,https://fantasy.formula1.com/feeds/popup/playerstats_25.json,Official public feed; Formula 1 terms apply,official,True,True,False,official_recorded,historical_fantasy_scores_v3_recorded_2023_2026
2026,2,Chinese Grand Prix,2026-03-15,constructor,haas,26,Haas,HAA,,65.0,6.0,,14.0,45.0,0.0,8.0,Formula 1 Fantasy playerstats,https://fantasy.formula1.com/feeds/popup/playerstats_26.json,Official public feed; Formula 1 terms apply,official,True,True,False,official_recorded,historical_fantasy_scores_v3_recorded_2023_2026
2026,2,Chinese Grand Prix,2026-03-15,constructor,mclaren,27,McLaren,MCL,,-7.0,21.0,,12.0,-40.0,0.0,28.8,Formula 1 Fantasy playerstats,https://fantasy.formula1.com/feeds/popup/playerstats_27.json,Official public feed; Formula 1 terms apply,official,True,True,False,official_recorded,historical_fantasy_scores_v3_recorded_2023_2026
2026,2,Chinese Grand Prix,2026-03-15,constructor,mercedes,28,Mercedes,MER,,115.0,29.0,,23.0,63.0,0.0,29.6,Formula 1 Fantasy playerstats,https://fantasy.formula1.com/feeds/popup/playerstats_28.json,Official public feed; Formula 1 terms apply,official,True,True,False,official_recorded,historical_fantasy_scores_v3_recorded_2023_2026
2026,2,Chinese Grand Prix,2026-03-15,constructor,rb,2636,Racing Bulls,RBS,,50.0,3.0,,10.0,37.0,0.0,6.9,Formula 1 Fantasy playerstats,https://fantasy.formula1.com/feeds/popup/playerstats_2636.json,Official public feed; Formula 1 terms apply,official,True,True,False,official_recorded,historical_fantasy_scores_v3_recorded_2023_2026
2026,2,Chinese Grand Prix,2026-03-15,constructor,red_bull,29,Red Bull,RBR,,45.0,15.0,,18.0,12.0,0.0,28.5,Formula 1 Fantasy playerstats,https://fantasy.formula1.com/feeds/popup/playerstats_29.json,Official public feed; Formula 1 terms apply,official,True,True,False,official_recorded,historical_fantasy_scores_v3_recorded_2023_2026
2026,2,Chinese Grand Prix,2026-03-15,constructor,williams,210,Williams,WIL,,22.0,-1.0,,25.0,-2.0,0.0,12.6,Formula 1 Fantasy playerstats,https://fantasy.formula1.com/feeds/popup/playerstats_210.json,Official public feed; Formula 1 terms apply,official,True,True,False,official_recorded,historical_fantasy_scores_v3_recorded_2023_2026
2026,2,Chinese Grand Prix,2026-03-15,driver,albon,11,Alexander Albon,ALB,Williams,-7.0,,,13.0,-20.0,,11.4,Formula 1 Fantasy playerstats,https://fantasy.formula1.com/feeds/popup/playerstats_11.json,Official public feed; Formula 1 terms apply,official,True,True,False,official_recorded,historical_fantasy_scores_v3_recorded_2023_2026
2026,2,Chinese Grand Prix,2026-03-15,driver,alonso,12,Fernando Alonso,ALO,Aston Martin,-7.0,,,6.0,-13.0,,9.4,Formula 1 Fantasy playerstats,https://fantasy.formula1.com/feeds/popup/playerstats_12.json,Official public feed; Formula 1 terms apply,official,True,True,False,official_recorded,historical_fantasy_scores_v3_recorded_2023_2026
2026,2,Chinese Grand Prix,2026-03-15,driver,antonelli,11161,Andrea Kimi Antonelli,ANT,Mercedes,68.0,10.0,,11.0,47.0,0.0,23.5,Formula 1 Fantasy playerstats,https://fantasy.formula1.com/feeds/popup/playerstats_11161.json,Official public feed; Formula 1 terms apply,official,True,True,False,official_recorded,historical_fantasy_scores_v3_recorded_2023_2026
2026,2,Chinese Grand Prix,2026-03-15,driver,arvid_lindblad,11149,Arvid Lindblad,LIN,Racing Bulls,7.0,,,-4.0,11.0,,6.8,Formula 1 Fantasy playerstats,https://fantasy.formula1.com/feeds/popup/playerstats_11149.json,Official public feed; Formula 1 terms apply,official,True,True,False,official_recorded,historical_fantasy_scores_v3_recorded_2023_2026
2026,2,Chinese Grand Prix,2026-03-15,driver,bearman,11031,Oliver Bearman,BEA,Haas F1 Team,34.0,1.0,,5.0,28.0,0.0,8.0,Formula 1 Fantasy playerstats,https://fantasy.formula1.com/feeds/popup/playerstats_11031.json,Official public feed; Formula 1 terms apply,official,True,True,False,official_recorded,historical_fantasy_scores_v3_recorded_2023_2026
2026,2,Chinese Grand Prix,2026-03-15,driver,bortoleto,11051,Gabriel Bortoleto,BOR,Audi,-14.0,,,6.0,-20.0,,7.0,Formula 1 Fantasy playerstats,https://fantasy.formula1.com/feeds/popup/playerstats_11051.json,Official public feed; Formula 1 terms apply,official,True,True,False,official_recorded,historical_fantasy_scores_v3_recorded_2023_2026
2026,2,Chinese Grand Prix,2026-03-15,driver,bottas,13,Valtteri Bottas,BOT,Cadillac,3.0,,,-8.0,11.0,,5.3,Formula 1 Fantasy playerstats,https://fantasy.formula1.com/feeds/popup/playerstats_13.json,Official public feed; Formula 1 terms apply,official,True,True,False,official_recorded,historical_fantasy_scores_v3_recorded_2023_2026
2026,2,Chinese Grand Prix,2026-03-15,driver,colapinto,11059,Franco Colapinto,COL,Alpine,18.0,,,9.0,9.0,,6.4,Formula 1 Fantasy playerstats,https://fantasy.formula1.com/feeds/popup/playerstats_11059.json,Official public feed; Formula 1 terms apply,official,True,True,False,official_recorded,historical_fantasy_scores_v3_recorded_2023_2026
2026,2,Chinese Grand Prix,2026-03-15,driver,gasly,18,Pierre Gasly,GAS,Alpine,20.0,4.0,,,16.0,,12.2,Formula 1 Fantasy playerstats,https://fantasy.formula1.com/feeds/popup/playerstats_18.json,Official public feed; Formula 1 terms apply,official,True,True,False,official_recorded,historical_fantasy_scores_v3_recorded_2023_2026
2026,2,Chinese Grand Prix,2026-03-15,driver,hadjar,11032,Isack Hadjar,HAD,Red Bull Racing,19.0,2.0,,3.0,14.0,0.0,14.5,Formula 1 Fantasy playerstats,https://fantasy.formula1.com/feeds/popup/playerstats_11032.json,Official public feed; Formula 1 terms apply,official,True,True,False,official_recorded,historical_fantasy_scores_v3_recorded_2023_2026
2026,2,Chinese Grand Prix,2026-03-15,driver,hamilton,110,Lewis Hamilton,HAM,Ferrari,48.0,8.0,,15.0,25.0,0.0,22.6,Formula 1 Fantasy playerstats,https://fantasy.formula1.com/feeds/popup/playerstats_110.json,Official public feed; Formula 1 terms apply,official,True,True,False,official_recorded,historical_fantasy_scores_v3_recorded_2023_2026
2026,2,Chinese Grand Prix,2026-03-15,driver,hulkenberg,111,Nico Hülkenberg,HUL,Audi,7.0,,,-3.0,10.0,,6.2,Formula 1 Fantasy playerstats,https://fantasy.formula1.com/feeds/popup/playerstats_111.json,Official public feed; Formula 1 terms apply,official,True,True,False,official_recorded,historical_fantasy_scores_v3_recorded_2023_2026
2026,2,Chinese Grand Prix,2026-03-15,driver,lawson,114,Liam Lawson,LAW,Racing Bulls,35.0,,,14.0,21.0,,6.3,Formula 1 Fantasy playerstats,https://fantasy.formula1.com/feeds/popup/playerstats_114.json,Official public feed; Formula 1 terms apply,official,True,True,False,official_recorded,historical_fantasy_scores_v3_recorded_2023_2026
2026,2,Chinese Grand Prix,2026-03-15,driver,leclerc,115,Charles Leclerc,LEC,Ferrari,51.0,7.0,,21.0,23.0,0.0,23.1,Formula 1 Fantasy playerstats,https://fantasy.formula1.com/feeds/popup/playerstats_115.json,Official public feed; Formula 1 terms apply,official,True,True,False,official_recorded,historical_fantasy_scores_v3_recorded_2023_2026
2026,2,Chinese Grand Prix,2026-03-15,driver,max_verstappen,131,Max Verstappen,VER,Red Bull Racing,14.0,3.0,,15.0,-4.0,0.0,28.0,Formula 1 Fantasy playerstats,https://fantasy.formula1.com/feeds/popup/playerstats_131.json,Official public feed; Formula 1 terms apply,official,True,True,False,official_recorded,historical_fantasy_scores_v3_recorded_2023_2026
2026,2,Chinese Grand Prix,2026-03-15,driver,norris,117,Lando Norris,NOR,McLaren,-10.0,5.0,,5.0,-20.0,0.0,27.1,Formula 1 Fantasy playerstats,https://fantasy.formula1.com/feeds/popup/playerstats_117.json,Official public feed; Formula 1 terms apply,official,True,True,False,official_recorded,historical_fantasy_scores_v3_recorded_2023_2026
2026,2,Chinese Grand Prix,2026-03-15,driver,ocon,118,Esteban Ocon,OCO,Haas F1 Team,24.0,,,9.0,15.0,,7.9,Formula 1 Fantasy playerstats,https://fantasy.formula1.com/feeds/popup/playerstats_118.json,Official public feed; Formula 1 terms apply,official,True,True,False,official_recorded,historical_fantasy_scores_v3_recorded_2023_2026
2026,2,Chinese Grand Prix,2026-03-15,driver,perez,121,Sergio Pérez,PER,Cadillac,20.0,,,9.0,11.0,,5.8,Formula 1 Fantasy playerstats,https://fantasy.formula1.com/feeds/popup/playerstats_121.json,Official public feed; Formula 1 terms apply,official,True,True,False,official_recorded,historical_fantasy_scores_v3_recorded_2023_2026
2026,2,Chinese Grand Prix,2026-03-15,driver,piastri,1982,Oscar Piastri,PIA,McLaren,-7.0,6.0,,7.0,-20.0,0.0,25.2,Formula 1 Fantasy playerstats,https://fantasy.formula1.com/feeds/popup/playerstats_1982.json,Official public feed; Formula 1 terms apply,official,True,True,False,official_recorded,historical_fantasy_scores_v3_recorded_2023_2026
2026,2,Chinese Grand Prix,2026-03-15,driver,russell,124,George Russell,RUS,Mercedes,45.0,9.0,,12.0,24.0,0.0,27.7,Formula 1 Fantasy playerstats,https://fantasy.formula1.com/feeds/popup/playerstats_124.json,Official public feed; Formula 1 terms apply,official,True,True,False,official_recorded,historical_fantasy_scores_v3_recorded_2023_2026
2026,2,Chinese Grand Prix,2026-03-15,driver,sainz,125,Carlos Sainz,SAI,Williams,28.0,,,12.0,16.0,,11.6,Formula 1 Fantasy playerstats,https://fantasy.formula1.com/feeds/popup/playerstats_125.json,Official public feed; Formula 1 terms apply,official,True,True,False,official_recorded,historical_fantasy_scores_v3_recorded_2023_2026
2026,2,Chinese Grand Prix,2026-03-15,driver,stroll,129,Lance Stroll,STR,Aston Martin,-14.0,,,5.0,-19.0,,7.4,Formula 1 Fantasy playerstats,https://fantasy.formula1.com/feeds/popup/playerstats_129.json,Official public feed; Formula 1 terms apply,official,True,True,False,official_recorded,historical_fantasy_scores_v3_recorded_2023_2026
2026,3,Japanese Grand Prix,2026-03-29,constructor,alpine,23,Alpine,ALP,,25.0,9.0,,,16.0,0.0,13.7,Formula 1 Fantasy playerstats,https://fantasy.formula1.com/feeds/popup/playerstats_23.json,Official public feed; Formula 1 terms apply,official,True,True,False,official_recorded,historical_fantasy_scores_v3_recorded_2023_2026
2026,3,Japanese Grand Prix,2026-03-29,constructor,aston_martin,24,Aston Martin,AST,,-12.0,-1.0,,,-11.0,0.0,9.1,Formula 1 Fantasy playerstats,https://fantasy.formula1.com/feeds/popup/playerstats_24.json,Official public feed; Formula 1 terms apply,official,True,True,False,official_recorded,historical_fantasy_scores_v3_recorded_2023_2026
2026,3,Japanese Grand Prix,2026-03-29,constructor,audi,2640,Audi,AUD,,23.0,7.0,,,16.0,0.0,5.4,Formula 1 Fantasy playerstats,https://fantasy.formula1.com/feeds/popup/playerstats_2640.json,Official public feed; Formula 1 terms apply,official,True,True,False,official_recorded,historical_fantasy_scores_v3_recorded_2023_2026
2026,3,Japanese Grand Prix,2026-03-29,constructor,cadillac,2641,Cadillac,CAD,,5.0,-1.0,,,6.0,0.0,5.2,Formula 1 Fantasy playerstats,https://fantasy.formula1.com/feeds/popup/playerstats_2641.json,Official public feed; Formula 1 terms apply,official,True,True,False,official_recorded,historical_fantasy_scores_v3_recorded_2023_2026
2026,3,Japanese Grand Prix,2026-03-29,constructor,ferrari,25,Ferrari,FER,,75.0,22.0,,,53.0,0.0,23.9,Formula 1 Fantasy playerstats,https://fantasy.formula1.com/feeds/popup/playerstats_25.json,Official public feed; Formula 1 terms apply,official,True,True,False,official_recorded,historical_fantasy_scores_v3_recorded_2023_2026
2026,3,Japanese Grand Prix,2026-03-29,constructor,haas,26,Haas,HAA,,-4.0,1.0,,,-5.0,0.0,8.6,Formula 1 Fantasy playerstats,https://fantasy.formula1.com/feeds/popup/playerstats_26.json,Official public feed; Formula 1 terms apply,official,True,True,False,official_recorded,historical_fantasy_scores_v3_recorded_2023_2026
2026,3,Japanese Grand Prix,2026-03-29,constructor,mclaren,27,McLaren,MCL,,72.0,24.0,,,48.0,0.0,28.5,Formula 1 Fantasy playerstats,https://fantasy.formula1.com/feeds/popup/playerstats_27.json,Official public feed; Formula 1 terms apply,official,True,True,False,official_recorded,historical_fantasy_scores_v3_recorded_2023_2026
2026,3,Japanese Grand Prix,2026-03-29,constructor,mercedes,28,Mercedes,MER,,92.0,29.0,,,63.0,0.0,29.9,Formula 1 Fantasy playerstats,https://fantasy.formula1.com/feeds/popup/playerstats_28.json,Official public feed; Formula 1 terms apply,official,True,True,False,official_recorded,historical_fantasy_scores_v3_recorded_2023_2026
2026,3,Japanese Grand Prix,2026-03-29,constructor,rb,2636,Racing Bulls,RBS,,18.0,6.0,,,12.0,0.0,7.5,Formula 1 Fantasy playerstats,https://fantasy.formula1.com/feeds/popup/playerstats_2636.json,Official public feed; Formula 1 terms apply,official,True,True,False,official_recorded,historical_fantasy_scores_v3_recorded_2023_2026
2026,3,Japanese Grand Prix,2026-03-29,constructor,red_bull,29,Red Bull,RBR,,25.0,8.0,,,17.0,0.0,28.8,Formula 1 Fantasy playerstats,https://fantasy.formula1.com/feeds/popup/playerstats_29.json,Official public feed; Formula 1 terms apply,official,True,True,False,official_recorded,historical_fantasy_scores_v3_recorded_2023_2026
2026,3,Japanese Grand Prix,2026-03-29,constructor,williams,210,Williams,WIL,,9.0,1.0,,,8.0,0.0,13.2,Formula 1 Fantasy playerstats,https://fantasy.formula1.com/feeds/popup/playerstats_210.json,Official public feed; Formula 1 terms apply,official,True,True,False,official_recorded,historical_fantasy_scores_v3_recorded_2023_2026
2026,3,Japanese Grand Prix,2026-03-29,driver,albon,11,Alexander Albon,ALB,Williams,-1.0,,,,-1.0,,10.8,Formula 1 Fantasy playerstats,https://fantasy.formula1.com/feeds/popup/playerstats_11.json,Official public feed; Formula 1 terms apply,official,True,True,False,official_recorded,historical_fantasy_scores_v3_recorded_2023_2026
2026,3,Japanese Grand Prix,2026-03-29,driver,alonso,12,Fernando Alonso,ALO,Aston Martin,4.0,,,,4.0,,8.8,Formula 1 Fantasy playerstats,https://fantasy.formula1.com/feeds/popup/playerstats_12.json,Official public feed; Formula 1 terms apply,official,True,True,False,official_recorded,historical_fantasy_scores_v3_recorded_2023_2026
2026,3,Japanese Grand Prix,2026-03-29,driver,antonelli,11161,Andrea Kimi Antonelli,ANT,Mercedes,50.0,10.0,,,40.0,0.0,23.8,Formula 1 Fantasy playerstats,https://fantasy.formula1.com/feeds/popup/playerstats_11161.json,Official public feed; Formula 1 terms apply,official,True,True,False,official_recorded,historical_fantasy_scores_v3_recorded_2023_2026
2026,3,Japanese Grand Prix,2026-03-29,driver,arvid_lindblad,11149,Arvid Lindblad,LIN,Racing Bulls,1.0,1.0,,,,,7.4,Formula 1 Fantasy playerstats,https://fantasy.formula1.com/feeds/popup/playerstats_11149.json,Official public feed; Formula 1 terms apply,official,True,True,False,official_recorded,historical_fantasy_scores_v3_recorded_2023_2026
2026,3,Japanese Grand Prix,2026-03-29,driver,bearman,11031,Oliver Bearman,BEA,Haas F1 Team,-14.0,,,,-14.0,,8.6,Formula 1 Fantasy playerstats,https://fantasy.formula1.com/feeds/popup/playerstats_11031.json,Official public feed; Formula 1 terms apply,official,True,True,False,official_recorded,historical_fantasy_scores_v3_recorded_2023_2026
2026,3,Japanese Grand Prix,2026-03-29,driver,bortoleto,11051,Gabriel Bortoleto,BOR,Audi,3.0,2.0,,,1.0,0.0,6.4,Formula 1 Fantasy playerstats,https://fantasy.formula1.com/feeds/popup/playerstats_11051.json,Official public feed; Formula 1 terms apply,official,True,True,False,official_recorded,historical_fantasy_scores_v3_recorded_2023_2026
2026,3,Japanese Grand Prix,2026-03-29,driver,bottas,13,Valtteri Bottas,BOT,Cadillac,2.0,,,,2.0,,4.7,Formula 1 Fantasy playerstats,https://fantasy.formula1.com/feeds/popup/playerstats_13.json,Official public feed; Formula 1 terms apply,official,True,True,False,official_recorded,historical_fantasy_scores_v3_recorded_2023_2026
2026,3,Japanese Grand Prix,2026-03-29,driver,colapinto,11059,Franco Colapinto,COL,Alpine,4.0,,,,4.0,,7.0,Formula 1 Fantasy playerstats,https://fantasy.formula1.com/feeds/popup/playerstats_11059.json,Official public feed; Formula 1 terms apply,official,True,True,False,official_recorded,historical_fantasy_scores_v3_recorded_2023_2026
2026,3,Japanese Grand Prix,2026-03-29,driver,gasly,18,Pierre Gasly,GAS,Alpine,14.0,4.0,,,10.0,0.0,12.8,Formula 1 Fantasy playerstats,https://fantasy.formula1.com/feeds/popup/playerstats_18.json,Official public feed; Formula 1 terms apply,official,True,True,False,official_recorded,historical_fantasy_scores_v3_recorded_2023_2026
2026,3,Japanese Grand Prix,2026-03-29,driver,hadjar,11032,Isack Hadjar,HAD,Red Bull Racing,5.0,3.0,,,2.0,0.0,13.9,Formula 1 Fantasy playerstats,https://fantasy.formula1.com/feeds/popup/playerstats_11032.json,Official public feed; Formula 1 terms apply,official,True,True,False,official_recorded,historical_fantasy_scores_v3_recorded_2023_2026
2026,3,Japanese Grand Prix,2026-03-29,driver,hamilton,110,Lewis Hamilton,HAM,Ferrari,19.0,5.0,,,14.0,0.0,22.9,Formula 1 Fantasy playerstats,https://fantasy.formula1.com/feeds/popup/playerstats_110.json,Official public feed; Formula 1 terms apply,official,True,True,False,official_recorded,historical_fantasy_scores_v3_recorded_2023_2026
2026,3,Japanese Grand Prix,2026-03-29,driver,hulkenberg,111,Nico Hülkenberg,HUL,Audi,10.0,,,,10.0,,5.6,Formula 1 Fantasy playerstats,https://fantasy.formula1.com/feeds/popup/playerstats_111.json,Official public feed; Formula 1 terms apply,official,True,True,False,official_recorded,historical_fantasy_scores_v3_recorded_2023_2026
2026,3,Japanese Grand Prix,2026-03-29,driver,lawson,114,Liam Lawson,LAW,Racing Bulls,10.0,,,,10.0,,6.9,Formula 1 Fantasy playerstats,https://fantasy.formula1.com/feeds/popup/playerstats_114.json,Official public feed; Formula 1 terms apply,official,True,True,False,official_recorded,historical_fantasy_scores_v3_recorded_2023_2026
2026,3,Japanese Grand Prix,2026-03-29,driver,leclerc,115,Charles Leclerc,LEC,Ferrari,31.0,7.0,,,24.0,0.0,23.4,Formula 1 Fantasy playerstats,https://fantasy.formula1.com/feeds/popup/playerstats_115.json,Official public feed; Formula 1 terms apply,official,True,True,False,official_recorded,historical_fantasy_scores_v3_recorded_2023_2026
2026,3,Japanese Grand Prix,2026-03-29,driver,max_verstappen,131,Max Verstappen,VER,Red Bull Racing,13.0,,,,13.0,,28.1,Formula 1 Fantasy playerstats,https://fantasy.formula1.com/feeds/popup/playerstats_131.json,Official public feed; Formula 1 terms apply,official,True,True,False,official_recorded,historical_fantasy_scores_v3_recorded_2023_2026
2026,3,Japanese Grand Prix,2026-03-29,driver,norris,117,Lando Norris,NOR,McLaren,24.0,6.0,,,18.0,0.0,26.8,Formula 1 Fantasy playerstats,https://fantasy.formula1.com/feeds/popup/playerstats_117.json,Official public feed; Formula 1 terms apply,official,True,True,False,official_recorded,historical_fantasy_scores_v3_recorded_2023_2026
2026,3,Japanese Grand Prix,2026-03-29,driver,ocon,118,Esteban Ocon,OCO,Haas F1 Team,9.0,,,,9.0,,8.5,Formula 1 Fantasy playerstats,https://fantasy.formula1.com/feeds/popup/playerstats_118.json,Official public feed; Formula 1 terms apply,official,True,True,False,official_recorded,historical_fantasy_scores_v3_recorded_2023_2026
2026,3,Japanese Grand Prix,2026-03-29,driver,perez,121,Sergio Pérez,PER,Cadillac,4.0,,,,4.0,,6.4,Formula 1 Fantasy playerstats,https://fantasy.formula1.com/feeds/popup/playerstats_121.json,Official public feed; Formula 1 terms apply,official,True,True,False,official_recorded,historical_fantasy_scores_v3_recorded_2023_2026
2026,3,Japanese Grand Prix,2026-03-29,driver,piastri,1982,Oscar Piastri,PIA,McLaren,43.0,8.0,,,35.0,0.0,24.9,Formula 1 Fantasy playerstats,https://fantasy.formula1.com/feeds/popup/playerstats_1982.json,Official public feed; Formula 1 terms apply,official,True,True,False,official_recorded,historical_fantasy_scores_v3_recorded_2023_2026
2026,3,Japanese Grand Prix,2026-03-29,driver,russell,124,George Russell,RUS,Mercedes,27.0,9.0,,,18.0,0.0,28.0,Formula 1 Fantasy playerstats,https://fantasy.formula1.com/feeds/popup/playerstats_124.json,Official public feed; Formula 1 terms apply,official,True,True,False,official_recorded,historical_fantasy_scores_v3_recorded_2023_2026
2026,3,Japanese Grand Prix,2026-03-29,driver,sainz,125,Carlos Sainz,SAI,Williams,4.0,,,,4.0,,12.2,Formula 1 Fantasy playerstats,https://fantasy.formula1.com/feeds/popup/playerstats_125.json,Official public feed; Formula 1 terms apply,official,True,True,False,official_recorded,historical_fantasy_scores_v3_recorded_2023_2026
2026,3,Japanese Grand Prix,2026-03-29,driver,stroll,129,Lance Stroll,STR,Aston Martin,-17.0,,,,-17.0,,6.8,Formula 1 Fantasy playerstats,https://fantasy.formula1.com/feeds/popup/playerstats_129.json,Official public feed; Formula 1 terms apply,official,True,True,False,official_recorded,historical_fantasy_scores_v3_recorded_2023_2026
2026,4,Miami Grand Prix,2026-05-03,constructor,alpine,23,Alpine,ALP,,17.0,15.0,,3.0,-1.0,0.0,14.3,Formula 1 Fantasy playerstats,https://fantasy.formula1.com/feeds/popup/playerstats_23.json,Official public feed; Formula 1 terms apply,official,True,True,False,official_recorded,historical_fantasy_scores_v3_recorded_2023_2026
2026,4,Miami Grand Prix,2026-05-03,constructor,aston_martin,24,Aston Martin,AST,,38.0,-1.0,,20.0,19.0,0.0,8.5,Formula 1 Fantasy playerstats,https://fantasy.formula1.com/feeds/popup/playerstats_24.json,Official public feed; Formula 1 terms apply,official,True,True,False,official_recorded,historical_fantasy_scores_v3_recorded_2023_2026
2026,4,Miami Grand Prix,2026-05-03,constructor,audi,2640,Audi,AUD,,-27.0,6.0,,-30.0,-3.0,0.0,5.6,Formula 1 Fantasy playerstats,https://fantasy.formula1.com/feeds/popup/playerstats_2640.json,Official public feed; Formula 1 terms apply,official,True,True,False,official_recorded,historical_fantasy_scores_v3_recorded_2023_2026
2026,4,Miami Grand Prix,2026-05-03,constructor,cadillac,2641,Cadillac,CAD,,24.0,-1.0,,5.0,20.0,0.0,5.0,Formula 1 Fantasy playerstats,https://fantasy.formula1.com/feeds/popup/playerstats_2641.json,Official public feed; Formula 1 terms apply,official,True,True,False,official_recorded,historical_fantasy_scores_v3_recorded_2023_2026
2026,4,Miami Grand Prix,2026-05-03,constructor,ferrari,25,Ferrari,FER,,57.0,23.0,,12.0,22.0,0.0,24.2,Formula 1 Fantasy playerstats,https://fantasy.formula1.com/feeds/popup/playerstats_25.json,Official public feed; Formula 1 terms apply,official,True,True,False,official_recorded,historical_fantasy_scores_v3_recorded_2023_2026
2026,4,Miami Grand Prix,2026-05-03,constructor,haas,26,Haas,HAA,,23.0,3.0,,12.0,8.0,0.0,9.2,Formula 1 Fantasy playerstats,https://fantasy.formula1.com/feeds/popup/playerstats_26.json,Official public feed; Formula 1 terms apply,official,True,True,False,official_recorded,historical_fantasy_scores_v3_recorded_2023_2026
2026,4,Miami Grand Prix,2026-05-03,constructor,mclaren,27,McLaren,MCL,,110.0,21.0,,22.0,67.0,0.0,28.6,Formula 1 Fantasy playerstats,https://fantasy.formula1.com/feeds/popup/playerstats_27.json,Official public feed; Formula 1 terms apply,official,True,True,False,official_recorded,historical_fantasy_scores_v3_recorded_2023_2026
2026,4,Miami Grand Prix,2026-05-03,constructor,mercedes,28,Mercedes,MER,,104.0,26.0,,11.0,67.0,0.0,30.2,Formula 1 Fantasy playerstats,https://fantasy.formula1.com/feeds/popup/playerstats_28.json,Official public feed; Formula 1 terms apply,official,True,True,False,official_recorded,historical_fantasy_scores_v3_recorded_2023_2026
2026,4,Miami Grand Prix,2026-05-03,constructor,rb,2636,Racing Bulls,RBS,,2.0,3.0,,-6.0,5.0,0.0,8.1,Formula 1 Fantasy playerstats,https://fantasy.formula1.com/feeds/popup/playerstats_2636.json,Official public feed; Formula 1 terms apply,official,True,True,False,official_recorded,historical_fantasy_scores_v3_recorded_2023_2026
2026,4,Miami Grand Prix,2026-05-03,constructor,red_bull,29,Red Bull,RBR,,31.0,4.0,,9.0,18.0,0.0,29.1,Formula 1 Fantasy playerstats,https://fantasy.formula1.com/feeds/popup/playerstats_29.json,Official public feed; Formula 1 terms apply,official,True,True,False,official_recorded,historical_fantasy_scores_v3_recorded_2023_2026
2026,4,Miami Grand Prix,2026-05-03,constructor,williams,210,Williams,WIL,,42.0,3.0,,9.0,30.0,0.0,13.8,Formula 1 Fantasy playerstats,https://fantasy.formula1.com/feeds/popup/playerstats_210.json,Official public feed; Formula 1 terms apply,official,True,True,False,official_recorded,historical_fantasy_scores_v3_recorded_2023_2026
2026,4,Miami Grand Prix,2026-05-03,driver,albon,11,Alexander Albon,ALB,Williams,20.0,,,5.0,15.0,,10.2,Formula 1 Fantasy playerstats,https://fantasy.formula1.com/feeds/popup/playerstats_11.json,Official public feed; Formula 1 terms apply,official,True,True,False,official_recorded,historical_fantasy_scores_v3_recorded_2023_2026
2026,4,Miami Grand Prix,2026-05-03,driver,alonso,12,Fernando Alonso,ALO,Aston Martin,20.0,,,10.0,10.0,,8.2,Formula 1 Fantasy playerstats,https://fantasy.formula1.com/feeds/popup/playerstats_12.json,Official public feed; Formula 1 terms apply,official,True,True,False,official_recorded,historical_fantasy_scores_v3_recorded_2023_2026
2026,4,Miami Grand Prix,2026-05-03,driver,antonelli,11161,Andrea Kimi Antonelli,ANT,Mercedes,42.0,10.0,,1.0,31.0,0.0,24.1,Formula 1 Fantasy playerstats,https://fantasy.formula1.com/feeds/popup/playerstats_11161.json,Official public feed; Formula 1 terms apply,official,True,True,False,official_recorded,historical_fantasy_scores_v3_recorded_2023_2026
2026,4,Miami Grand Prix,2026-05-03,driver,arvid_lindblad,11149,Arvid Lindblad,LIN,Racing Bulls,-4.0,,-10.0,,6.0,,7.6,Formula 1 Fantasy playerstats,https://fantasy.formula1.com/feeds/popup/playerstats_11149.json,Official public feed; Formula 1 terms apply,official,True,True,False,official_recorded,historical_fantasy_scores_v3_recorded_2023_2026
2026,4,Miami Grand Prix,2026-05-03,driver,bearman,11031,Oliver Bearman,BEA,Haas F1 Team,6.0,,,3.0,3.0,,9.2,Formula 1 Fantasy playerstats,https://fantasy.formula1.com/feeds/popup/playerstats_11031.json,Official public feed; Formula 1 terms apply,official,True,True,False,official_recorded,historical_fantasy_scores_v3_recorded_2023_2026
2026,4,Miami Grand Prix,2026-05-03,driver,bortoleto,11051,Gabriel Bortoleto,BOR,Audi,7.0,,-10.0,,17.0,,5.8,Formula 1 Fantasy playerstats,https://fantasy.formula1.com/feeds/popup/playerstats_11051.json,Official public feed; Formula 1 terms apply,official,True,True,False,official_recorded,historical_fantasy_scores_v3_recorded_2023_2026
2026,4,Miami Grand Prix,2026-05-03,driver,bottas,13,Valtteri Bottas,BOT,Cadillac,4.0,,,1.0,3.0,,4.1,Formula 1 Fantasy playerstats,https://fantasy.formula1.com/feeds/popup/playerstats_13.json,Official public feed; Formula 1 terms apply,official,True,True,False,official_recorded,historical_fantasy_scores_v3_recorded_2023_2026
2026,4,Miami Grand Prix,2026-05-03,driver,colapinto,11059,Franco Colapinto,COL,Alpine,13.0,3.0,,-2.0,12.0,0.0,7.6,Formula 1 Fantasy playerstats,https://fantasy.formula1.com/feeds/popup/playerstats_11059.json,Official public feed; Formula 1 terms apply,official,True,True,False,official_recorded,historical_fantasy_scores_v3_recorded_2023_2026
2026,4,Miami Grand Prix,2026-05-03,driver,gasly,18,Pierre Gasly,GAS,Alpine,-8.0,2.0,,5.0,-15.0,0.0,13.0,Formula 1 Fantasy playerstats,https://fantasy.formula1.com/feeds/popup/playerstats_18.json,Official public feed; Formula 1 terms apply,official,True,True,False,official_recorded,historical_fantasy_scores_v3_recorded_2023_2026
2026,4,Miami Grand Prix,2026-05-03,driver,hadjar,11032,Isack Hadjar,HAD,Red Bull Racing,-16.0,-5.0,,3.0,-14.0,0.0,13.3,Formula 1 Fantasy playerstats,https://fantasy.formula1.com/feeds/popup/playerstats_11032.json,Official public feed; Formula 1 terms apply,official,True,True,False,official_recorded,historical_fantasy_scores_v3_recorded_2023_2026
2026,4,Miami Grand Prix,2026-05-03,driver,hamilton,110,Lewis Hamilton,HAM,Ferrari,20.0,5.0,,4.0,11.0,0.0,23.2,Formula 1 Fantasy playerstats,https://fantasy.formula1.com/feeds/popup/playerstats_110.json,Official public feed; Formula 1 terms apply,official,True,True,False,official_recorded,historical_fantasy_scores_v3_recorded_2023_2026
2026,4,Miami Grand Prix,2026-05-03,driver,hulkenberg,111,Nico Hülkenberg,HUL,Audi,-29.0,1.0,-10.0,,-20.0,0.0,5.0,Formula 1 Fantasy playerstats,https://fantasy.formula1.com/feeds/popup/playerstats_111.json,Official public feed; Formula 1 terms apply,official,True,True,False,official_recorded,historical_fantasy_scores_v3_recorded_2023_2026
2026,4,Miami Grand Prix,2026-05-03,driver,lawson,114,Liam Lawson,LAW,Racing Bulls,-12.0,,,4.0,-16.0,,7.5,Formula 1 Fantasy playerstats,https://fantasy.formula1.com/feeds/popup/playerstats_114.json,Official public feed; Formula 1 terms apply,official,True,True,False,official_recorded,historical_fantasy_scores_v3_recorded_2023_2026
2026,4,Miami Grand Prix,2026-05-03,driver,leclerc,115,Charles Leclerc,LEC,Ferrari,27.0,8.0,,8.0,11.0,0.0,23.7,Formula 1 Fantasy playerstats,https://fantasy.formula1.com/feeds/popup/playerstats_115.json,Official public feed; Formula 1 terms apply,official,True,True,False,official_recorded,historical_fantasy_scores_v3_recorded_2023_2026
2026,4,Miami Grand Prix,2026-05-03,driver,max_verstappen,131,Max Verstappen,VER,Red Bull Racing,52.0,9.0,,6.0,37.0,0.0,28.2,Formula 1 Fantasy playerstats,https://fantasy.formula1.com/feeds/popup/playerstats_131.json,Official public feed; Formula 1 terms apply,official,True,True,False,official_recorded,historical_fantasy_scores_v3_recorded_2023_2026
2026,4,Miami Grand Prix,2026-05-03,driver,norris,117,Lando Norris,NOR,McLaren,54.0,7.0,,13.0,34.0,0.0,26.5,Formula 1 Fantasy playerstats,https://fantasy.formula1.com/feeds/popup/playerstats_117.json,Official public feed; Formula 1 terms apply,official,True,True,False,official_recorded,historical_fantasy_scores_v3_recorded_2023_2026
2026,4,Miami Grand Prix,2026-05-03,driver,ocon,118,Esteban Ocon,OCO,Haas F1 Team,14.0,,,9.0,5.0,,9.1,Formula 1 Fantasy playerstats,https://fantasy.formula1.com/feeds/popup/playerstats_118.json,Official public feed; Formula 1 terms apply,official,True,True,False,official_recorded,historical_fantasy_scores_v3_recorded_2023_2026
2026,4,Miami Grand Prix,2026-05-03,driver,perez,121,Sergio Pérez,PER,Cadillac,19.0,,,4.0,15.0,,7.0,Formula 1 Fantasy playerstats,https://fantasy.formula1.com/feeds/popup/playerstats_121.json,Official public feed; Formula 1 terms apply,official,True,True,False,official_recorded,historical_fantasy_scores_v3_recorded_2023_2026
2026,4,Miami Grand Prix,2026-05-03,driver,piastri,1982,Oscar Piastri,PIA,McLaren,41.0,4.0,,9.0,28.0,0.0,24.6,Formula 1 Fantasy playerstats,https://fantasy.formula1.com/feeds/popup/playerstats_1982.json,Official public feed; Formula 1 terms apply,official,True,True,False,official_recorded,historical_fantasy_scores_v3_recorded_2023_2026
2026,4,Miami Grand Prix,2026-05-03,driver,russell,124,George Russell,RUS,Mercedes,42.0,6.0,,10.0,26.0,0.0,28.3,Formula 1 Fantasy playerstats,https://fantasy.formula1.com/feeds/popup/playerstats_124.json,Official public feed; Formula 1 terms apply,official,True,True,False,official_recorded,historical_fantasy_scores_v3_recorded_2023_2026
2026,4,Miami Grand Prix,2026-05-03,driver,sainz,125,Carlos Sainz,SAI,Williams,19.0,,,4.0,15.0,,12.4,Formula 1 Fantasy playerstats,https://fantasy.formula1.com/feeds/popup/playerstats_125.json,Official public feed; Formula 1 terms apply,official,True,True,False,official_recorded,historical_fantasy_scores_v3_recorded_2023_2026
2026,4,Miami Grand Prix,2026-05-03,driver,stroll,129,Lance Stroll,STR,Aston Martin,17.0,,,10.0,7.0,,6.2,Formula 1 Fantasy playerstats,https://fantasy.formula1.com/feeds/popup/playerstats_129.json,Official public feed; Formula 1 terms apply,official,True,True,False,official_recorded,historical_fantasy_scores_v3_recorded_2023_2026
2026,5,Canadian Grand Prix,2026-05-24,constructor,alpine,23,Alpine,ALP,,46.0,6.0,,11.0,29.0,0.0,14.9,Formula 1 Fantasy playerstats,https://fantasy.formula1.com/feeds/popup/playerstats_23.json,Official public feed; Formula 1 terms apply,official,True,True,False,official_recorded,historical_fantasy_scores_v3_recorded_2023_2026
2026,5,Canadian Grand Prix,2026-05-24,constructor,aston_martin,24,Aston Martin,AST,,-14.0,-1.0,,-6.0,-7.0,0.0,7.9,Formula 1 Fantasy playerstats,https://fantasy.formula1.com/feeds/popup/playerstats_24.json,Official public feed; Formula 1 terms apply,official,True,True,False,official_recorded,historical_fantasy_scores_v3_recorded_2023_2026
2026,5,Canadian Grand Prix,2026-05-24,constructor,audi,2640,Audi,AUD,,11.0,3.0,,1.0,7.0,0.0,5.0,Formula 1 Fantasy playerstats,https://fantasy.formula1.com/feeds/popup/playerstats_2640.json,Official public feed; Formula 1 terms apply,official,True,True,False,official_recorded,historical_fantasy_scores_v3_recorded_2023_2026
2026,5,Canadian Grand Prix,2026-05-24,constructor,cadillac,2641,Cadillac,CAD,,2.0,-1.0,,11.0,-8.0,0.0,5.6,Formula 1 Fantasy playerstats,https://fantasy.formula1.com/feeds/popup/playerstats_2641.json,Official public feed; Formula 1 terms apply,official,True,True,False,official_recorded,historical_fantasy_scores_v3_recorded_2023_2026
2026,5,Canadian Grand Prix,2026-05-24,constructor,ferrari,25,Ferrari,FER,,69.0,19.0,,9.0,41.0,0.0,24.5,Formula 1 Fantasy playerstats,https://fantasy.formula1.com/feeds/popup/playerstats_25.json,Official public feed; Formula 1 terms apply,official,True,True,False,official_recorded,historical_fantasy_scores_v3_recorded_2023_2026
2026,5,Canadian Grand Prix,2026-05-24,constructor,haas,26,Haas,HAA,,19.0,1.0,,5.0,13.0,0.0,9.8,Formula 1 Fantasy playerstats,https://fantasy.formula1.com/feeds/popup/playerstats_26.json,Official public feed; Formula 1 terms apply,official,True,True,False,official_recorded,historical_fantasy_scores_v3_recorded_2023_2026
2026,5,Canadian Grand Prix,2026-05-24,constructor,mclaren,27,McLaren,MCL,,33.0,25.0,,15.0,-7.0,0.0,28.9,Formula 1 Fantasy playerstats,https://fantasy.formula1.com/feeds/popup/playerstats_27.json,Official public feed; Formula 1 terms apply,official,True,True,False,official_recorded,historical_fantasy_scores_v3_recorded_2023_2026
2026,5,Canadian Grand Prix,2026-05-24,constructor,mercedes,28,Mercedes,MER,,76.0,29.0,,21.0,26.0,0.0,30.5,Formula 1 Fantasy playerstats,https://fantasy.formula1.com/feeds/popup/playerstats_28.json,Official public feed; Formula 1 terms apply,official,True,True,False,official_recorded,historical_fantasy_scores_v3_recorded_2023_2026
2026,5,Canadian Grand Prix,2026-05-24,constructor,rb,2636,Racing Bulls,RBS,,22.0,7.0,,13.0,2.0,0.0,8.7,Formula 1 Fantasy playerstats,https://fantasy.formula1.com/feeds/popup/playerstats_2636.json,Official public feed; Formula 1 terms apply,official,True,True,False,official_recorded,historical_fantasy_scores_v3_recorded_2023_2026
2026,5,Canadian Grand Prix,2026-05-24,constructor,red_bull,29,Red Bull,RBR,,44.0,19.0,,-8.0,33.0,0.0,29.2,Formula 1 Fantasy playerstats,https://fantasy.formula1.com/feeds/popup/playerstats_29.json,Official public feed; Formula 1 terms apply,official,True,True,False,official_recorded,historical_fantasy_scores_v3_recorded_2023_2026
2026,5,Canadian Grand Prix,2026-05-24,constructor,williams,210,Williams,WIL,,6.0,1.0,,6.0,-1.0,0.0,14.4,Formula 1 Fantasy playerstats,https://fantasy.formula1.com/feeds/popup/playerstats_210.json,Official public feed; Formula 1 terms apply,official,True,True,False,official_recorded,historical_fantasy_scores_v3_recorded_2023_2026
2026,5,Canadian Grand Prix,2026-05-24,driver,albon,11,Alexander Albon,ALB,Williams,-8.0,,,6.0,-14.0,,9.6,Formula 1 Fantasy playerstats,https://fantasy.formula1.com/feeds/popup/playerstats_11.json,Official public feed; Formula 1 terms apply,official,True,True,False,official_recorded,historical_fantasy_scores_v3_recorded_2023_2026
2026,5,Canadian Grand Prix,2026-05-24,driver,alonso,12,Fernando Alonso,ALO,Aston Martin,-26.0,,,-9.0,-17.0,,8.0,Formula 1 Fantasy playerstats,https://fantasy.formula1.com/feeds/popup/playerstats_12.json,Official public feed; Formula 1 terms apply,official,True,True,False,official_recorded,historical_fantasy_scores_v3_recorded_2023_2026
2026,5,Canadian Grand Prix,2026-05-24,driver,antonelli,11161,Andrea Kimi Antonelli,ANT,Mercedes,62.0,9.0,,12.0,41.0,0.0,24.4,Formula 1 Fantasy playerstats,https://fantasy.formula1.com/feeds/popup/playerstats_11161.json,Official public feed; Formula 1 terms apply,official,True,True,False,official_recorded,historical_fantasy_scores_v3_recorded_2023_2026
2026,5,Canadian Grand Prix,2026-05-24,driver,arvid_lindblad,11149,Arvid Lindblad,LIN,Racing Bulls,-16.0,2.0,,2.0,-20.0,0.0,7.0,Formula 1 Fantasy playerstats,https://fantasy.formula1.com/feeds/popup/playerstats_11149.json,Official public feed; Formula 1 terms apply,official,True,True,False,official_recorded,historical_fantasy_scores_v3_recorded_2023_2026
2026,5,Canadian Grand Prix,2026-05-24,driver,bearman,11031,Oliver Bearman,BEA,Haas F1 Team,10.0,,,2.0,8.0,,9.4,Formula 1 Fantasy playerstats,https://fantasy.formula1.com/feeds/popup/playerstats_11031.json,Official public feed; Formula 1 terms apply,official,True,True,False,official_recorded,historical_fantasy_scores_v3_recorded_2023_2026
2026,5,Canadian Grand Prix,2026-05-24,driver,bortoleto,11051,Gabriel Bortoleto,BOR,Audi,5.0,,,2.0,3.0,,5.2,Formula 1 Fantasy playerstats,https://fantasy.formula1.com/feeds/popup/playerstats_11051.json,Official public feed; Formula 1 terms apply,official,True,True,False,official_recorded,historical_fantasy_scores_v3_recorded_2023_2026
2026,5,Canadian Grand Prix,2026-05-24,driver,bottas,13,Valtteri Bottas,BOT,Cadillac,12.0,,,6.0,6.0,,3.9,Formula 1 Fantasy playerstats,https://fantasy.formula1.com/feeds/popup/playerstats_13.json,Official public feed; Formula 1 terms apply,official,True,True,False,official_recorded,historical_fantasy_scores_v3_recorded_2023_2026
2026,5,Canadian Grand Prix,2026-05-24,driver,colapinto,11059,Franco Colapinto,COL,Alpine,25.0,1.0,,8.0,16.0,0.0,8.2,Formula 1 Fantasy playerstats,https://fantasy.formula1.com/feeds/popup/playerstats_11059.json,Official public feed; Formula 1 terms apply,official,True,True,False,official_recorded,historical_fantasy_scores_v3_recorded_2023_2026
2026,5,Canadian Grand Prix,2026-05-24,driver,gasly,18,Pierre Gasly,GAS,Alpine,16.0,,,3.0,13.0,,12.8,Formula 1 Fantasy playerstats,https://fantasy.formula1.com/feeds/popup/playerstats_18.json,Official public feed; Formula 1 terms apply,official,True,True,False,official_recorded,historical_fantasy_scores_v3_recorded_2023_2026
2026,5,Canadian Grand Prix,2026-05-24,driver,hadjar,11032,Isack Hadjar,HAD,Red Bull Racing,6.0,4.0,,-10.0,12.0,0.0,12.7,Formula 1 Fantasy playerstats,https://fantasy.formula1.com/feeds/popup/playerstats_11032.json,Official public feed; Formula 1 terms apply,official,True,True,False,official_recorded,historical_fantasy_scores_v3_recorded_2023_2026
2026,5,Canadian Grand Prix,2026-05-24,driver,hamilton,110,Lewis Hamilton,HAM,Ferrari,42.0,6.0,,3.0,33.0,0.0,23.5,Formula 1 Fantasy playerstats,https://fantasy.formula1.com/feeds/popup/playerstats_110.json,Official public feed; Formula 1 terms apply,official,True,True,False,official_recorded,historical_fantasy_scores_v3_recorded_2023_2026
2026,5,Canadian Grand Prix,2026-05-24,driver,hulkenberg,111,Nico Hülkenberg,HUL,Audi,1.0,,,-1.0,2.0,,4.4,Formula 1 Fantasy playerstats,https://fantasy.formula1.com/feeds/popup/playerstats_111.json,Official public feed; Formula 1 terms apply,official,True,True,False,official_recorded,historical_fantasy_scores_v3_recorded_2023_2026
2026,5,Canadian Grand Prix,2026-05-24,driver,lawson,114,Liam Lawson,LAW,Racing Bulls,23.0,,,11.0,12.0,,8.1,Formula 1 Fantasy playerstats,https://fantasy.formula1.com/feeds/popup/playerstats_114.json,Official public feed; Formula 1 terms apply,official,True,True,False,official_recorded,historical_fantasy_scores_v3_recorded_2023_2026
2026,5,Canadian Grand Prix,2026-05-24,driver,leclerc,115,Charles Leclerc,LEC,Ferrari,27.0,3.0,,6.0,18.0,0.0,24.0,Formula 1 Fantasy playerstats,https://fantasy.formula1.com/feeds/popup/playerstats_115.json,Official public feed; Formula 1 terms apply,official,True,True,False,official_recorded,historical_fantasy_scores_v3_recorded_2023_2026
2026,5,Canadian Grand Prix,2026-05-24,driver,max_verstappen,131,Max Verstappen,VER,Red Bull Racing,26.0,5.0,,2.0,19.0,0.0,28.3,Formula 1 Fantasy playerstats,https://fantasy.formula1.com/feeds/popup/playerstats_131.json,Official public feed; Formula 1 terms apply,official,True,True,False,official_recorded,historical_fantasy_scores_v3_recorded_2023_2026
2026,5,Canadian Grand Prix,2026-05-24,driver,norris,117,Lando Norris,NOR,McLaren,6.0,8.0,,9.0,-11.0,0.0,26.4,Formula 1 Fantasy playerstats,https://fantasy.formula1.com/feeds/popup/playerstats_117.json,Official public feed; Formula 1 terms apply,official,True,True,False,official_recorded,historical_fantasy_scores_v3_recorded_2023_2026
2026,5,Canadian Grand Prix,2026-05-24,driver,ocon,118,Esteban Ocon,OCO,Haas F1 Team,8.0,,,3.0,5.0,,9.7,Formula 1 Fantasy playerstats,https://fantasy.formula1.com/feeds/popup/playerstats_118.json,Official public feed; Formula 1 terms apply,official,True,True,False,official_recorded,historical_fantasy_scores_v3_recorded_2023_2026
2026,5,Canadian Grand Prix,2026-05-24,driver,perez,121,Sergio Pérez,PER,Cadillac,-11.0,,,5.0,-16.0,,7.6,Formula 1 Fantasy playerstats,https://fantasy.formula1.com/feeds/popup/playerstats_121.json,Official public feed; Formula 1 terms apply,official,True,True,False,official_recorded,historical_fantasy_scores_v3_recorded_2023_2026
2026,5,Canadian Grand Prix,2026-05-24,driver,piastri,1982,Oscar Piastri,PIA,McLaren,12.0,7.0,,6.0,-1.0,0.0,24.7,Formula 1 Fantasy playerstats,https://fantasy.formula1.com/feeds/popup/playerstats_1982.json,Official public feed; Formula 1 terms apply,official,True,True,False,official_recorded,historical_fantasy_scores_v3_recorded_2023_2026
2026,5,Canadian Grand Prix,2026-05-24,driver,russell,124,George Russell,RUS,Mercedes,4.0,10.0,,9.0,-15.0,0.0,28.6,Formula 1 Fantasy playerstats,https://fantasy.formula1.com/feeds/popup/playerstats_124.json,Official public feed; Formula 1 terms apply,official,True,True,False,official_recorded,historical_fantasy_scores_v3_recorded_2023_2026
2026,5,Canadian Grand Prix,2026-05-24,driver,sainz,125,Carlos Sainz,SAI,Williams,11.0,,,,11.0,,13.0,Formula 1 Fantasy playerstats,https://fantasy.formula1.com/feeds/popup/playerstats_125.json,Official public feed; Formula 1 terms apply,official,True,True,False,official_recorded,historical_fantasy_scores_v3_recorded_2023_2026
2026,5,Canadian Grand Prix,2026-05-24,driver,stroll,129,Lance Stroll,STR,Aston Martin,11.0,,,3.0,8.0,,5.6,Formula 1 Fantasy playerstats,https://fantasy.formula1.com/feeds/popup/playerstats_129.json,Official public feed; Formula 1 terms apply,official,True,True,False,official_recorded,historical_fantasy_scores_v3_recorded_2023_2026
2026,6,Monaco Grand Prix,2026-06-07,constructor,alpine,23,Alpine,ALP,,30.0,7.0,,,23.0,0.0,15.5,Formula 1 Fantasy playerstats,https://fantasy.formula1.com/feeds/popup/playerstats_23.json,Official public feed; Formula 1 terms apply,official,True,True,False,official_recorded,historical_fantasy_scores_v3_recorded_2023_2026
2026,6,Monaco Grand Prix,2026-06-07,constructor,aston_martin,24,Aston Martin,AST,,-4.0,-1.0,,,-3.0,0.0,7.3,Formula 1 Fantasy playerstats,https://fantasy.formula1.com/feeds/popup/playerstats_24.json,Official public feed; Formula 1 terms apply,official,True,True,False,official_recorded,historical_fantasy_scores_v3_recorded_2023_2026
2026,6,Monaco Grand Prix,2026-06-07,constructor,audi,2640,Audi,AUD,,21.0,3.0,,,18.0,0.0,4.4,Formula 1 Fantasy playerstats,https://fantasy.formula1.com/feeds/popup/playerstats_2640.json,Official public feed; Formula 1 terms apply,official,True,True,False,official_recorded,historical_fantasy_scores_v3_recorded_2023_2026
2026,6,Monaco Grand Prix,2026-06-07,constructor,cadillac,2641,Cadillac,CAD,,-13.0,-1.0,,,-12.0,0.0,6.2,Formula 1 Fantasy playerstats,https://fantasy.formula1.com/feeds/popup/playerstats_2641.json,Official public feed; Formula 1 terms apply,official,True,True,False,official_recorded,historical_fantasy_scores_v3_recorded_2023_2026
2026,6,Monaco Grand Prix,2026-06-07,constructor,ferrari,25,Ferrari,FER,,29.0,25.0,,,4.0,0.0,24.8,Formula 1 Fantasy playerstats,https://fantasy.formula1.com/feeds/popup/playerstats_25.json,Official public feed; Formula 1 terms apply,official,True,True,False,official_recorded,historical_fantasy_scores_v3_recorded_2023_2026
2026,6,Monaco Grand Prix,2026-06-07,constructor,haas,26,Haas,HAA,,-8.0,-1.0,,,-7.0,0.0,10.4,Formula 1 Fantasy playerstats,https://fantasy.formula1.com/feeds/popup/playerstats_26.json,Official public feed; Formula 1 terms apply,official,True,True,False,official_recorded,historical_fantasy_scores_v3_recorded_2023_2026
2026,6,Monaco Grand Prix,2026-06-07,constructor,mclaren,27,McLaren,MCL,,14.0,17.0,,,-3.0,0.0,29.2,Formula 1 Fantasy playerstats,https://fantasy.formula1.com/feeds/popup/playerstats_27.json,Official public feed; Formula 1 terms apply,official,True,True,False,official_recorded,historical_fantasy_scores_v3_recorded_2023_2026
2026,6,Monaco Grand Prix,2026-06-07,constructor,mercedes,28,Mercedes,MER,,70.0,25.0,,,45.0,0.0,30.8,Formula 1 Fantasy playerstats,https://fantasy.formula1.com/feeds/popup/playerstats_28.json,Official public feed; Formula 1 terms apply,official,True,True,False,official_recorded,historical_fantasy_scores_v3_recorded_2023_2026
2026,6,Monaco Grand Prix,2026-06-07,constructor,rb,2636,Racing Bulls,RBS,,36.0,6.0,,,30.0,0.0,9.3,Formula 1 Fantasy playerstats,https://fantasy.formula1.com/feeds/popup/playerstats_2636.json,Official public feed; Formula 1 terms apply,official,True,True,False,official_recorded,historical_fantasy_scores_v3_recorded_2023_2026
2026,6,Monaco Grand Prix,2026-06-07,constructor,red_bull,29,Red Bull,RBR,,18.0,25.0,,,-7.0,0.0,29.3,Formula 1 Fantasy playerstats,https://fantasy.formula1.com/feeds/popup/playerstats_29.json,Official public feed; Formula 1 terms apply,official,True,True,False,official_recorded,historical_fantasy_scores_v3_recorded_2023_2026
2026,6,Monaco Grand Prix,2026-06-07,constructor,williams,210,Williams,WIL,,9.0,3.0,,,6.0,0.0,15.0,Formula 1 Fantasy playerstats,https://fantasy.formula1.com/feeds/popup/playerstats_210.json,Official public feed; Formula 1 terms apply,official,True,True,False,official_recorded,historical_fantasy_scores_v3_recorded_2023_2026
2026,6,Monaco Grand Prix,2026-06-07,driver,albon,11,Alexander Albon,ALB,Williams,9.0,,,,9.0,,9.0,Formula 1 Fantasy playerstats,https://fantasy.formula1.com/feeds/popup/playerstats_11.json,Official public feed; Formula 1 terms apply,official,True,True,False,official_recorded,historical_fantasy_scores_v3_recorded_2023_2026
2026,6,Monaco Grand Prix,2026-06-07,driver,alonso,12,Fernando Alonso,ALO,Aston Martin,15.0,,,,15.0,,7.4,Formula 1 Fantasy playerstats,https://fantasy.formula1.com/feeds/popup/playerstats_12.json,Official public feed; Formula 1 terms apply,official,True,True,False,official_recorded,historical_fantasy_scores_v3_recorded_2023_2026
2026,6,Monaco Grand Prix,2026-06-07,driver,antonelli,11161,Andrea Kimi Antonelli,ANT,Mercedes,55.0,10.0,,,45.0,0.0,24.7,Formula 1 Fantasy playerstats,https://fantasy.formula1.com/feeds/popup/playerstats_11161.json,Official public feed; Formula 1 terms apply,official,True,True,False,official_recorded,historical_fantasy_scores_v3_recorded_2023_2026
2026,6,Monaco Grand Prix,2026-06-07,driver,arvid_lindblad,11149,Arvid Lindblad,LIN,Racing Bulls,18.0,,,,18.0,,6.4,Formula 1 Fantasy playerstats,https://fantasy.formula1.com/feeds/popup/playerstats_11149.json,Official public feed; Formula 1 terms apply,official,True,True,False,official_recorded,historical_fantasy_scores_v3_recorded_2023_2026
2026,6,Monaco Grand Prix,2026-06-07,driver,bearman,11031,Oliver Bearman,BEA,Haas F1 Team,-19.0,,,,-19.0,,8.8,Formula 1 Fantasy playerstats,https://fantasy.formula1.com/feeds/popup/playerstats_11031.json,Official public feed; Formula 1 terms apply,official,True,True,False,official_recorded,historical_fantasy_scores_v3_recorded_2023_2026
2026,6,Monaco Grand Prix,2026-06-07,driver,bortoleto,11051,Gabriel Bortoleto,BOR,Audi,5.0,,,,5.0,,5.4,Formula 1 Fantasy playerstats,https://fantasy.formula1.com/feeds/popup/playerstats_11051.json,Official public feed; Formula 1 terms apply,official,True,True,False,official_recorded,historical_fantasy_scores_v3_recorded_2023_2026
2026,6,Monaco Grand Prix,2026-06-07,driver,bottas,13,Valtteri Bottas,BOT,Cadillac,-20.0,,,,-20.0,,4.5,Formula 1 Fantasy playerstats,https://fantasy.formula1.com/feeds/popup/playerstats_13.json,Official public feed; Formula 1 terms apply,official,True,True,False,official_recorded,historical_fantasy_scores_v3_recorded_2023_2026
2026,6,Monaco Grand Prix,2026-06-07,driver,gasly,18,Pierre Gasly,GAS,Alpine,25.0,2.0,,,23.0,0.0,12.2,Formula 1 Fantasy playerstats,https://fantasy.formula1.com/feeds/popup/playerstats_18.json,Official public feed; Formula 1 terms apply,official,True,True,False,official_recorded,historical_fantasy_scores_v3_recorded_2023_2026
2026,6,Monaco Grand Prix,2026-06-07,driver,hadjar,11032,Isack Hadjar,HAD,Red Bull Racing,19.0,6.0,,,13.0,0.0,12.1,Formula 1 Fantasy playerstats,https://fantasy.formula1.com/feeds/popup/playerstats_11032.json,Official public feed; Formula 1 terms apply,official,True,True,False,official_recorded,historical_fantasy_scores_v3_recorded_2023_2026
2026,6,Monaco Grand Prix,2026-06-07,driver,hamilton,110,Lewis Hamilton,HAM,Ferrari,27.0,8.0,,,19.0,0.0,23.6,Formula 1 Fantasy playerstats,https://fantasy.formula1.com/feeds/popup/playerstats_110.json,Official public feed; Formula 1 terms apply,official,True,True,False,official_recorded,historical_fantasy_scores_v3_recorded_2023_2026
2026,6,Monaco Grand Prix,2026-06-07,driver,hulkenberg,111,Nico Hülkenberg,HUL,Audi,3.0,,,,3.0,,3.8,Formula 1 Fantasy playerstats,https://fantasy.formula1.com/feeds/popup/playerstats_111.json,Official public feed; Formula 1 terms apply,official,True,True,False,official_recorded,historical_fantasy_scores_v3_recorded_2023_2026
2026,6,Monaco Grand Prix,2026-06-07,driver,lawson,114,Liam Lawson,LAW,Racing Bulls,13.0,1.0,,,12.0,0.0,7.9,Formula 1 Fantasy playerstats,https://fantasy.formula1.com/feeds/popup/playerstats_114.json,Official public feed; Formula 1 terms apply,official,True,True,False,official_recorded,historical_fantasy_scores_v3_recorded_2023_2026
2026,6,Monaco Grand Prix,2026-06-07,driver,leclerc,115,Charles Leclerc,LEC,Ferrari,-13.0,7.0,,,-20.0,0.0,24.1,Formula 1 Fantasy playerstats,https://fantasy.formula1.com/feeds/popup/playerstats_115.json,Official public feed; Formula 1 terms apply,official,True,True,False,official_recorded,historical_fantasy_scores_v3_recorded_2023_2026
2026,6,Monaco Grand Prix,2026-06-07,driver,max_verstappen,131,Max Verstappen,VER,Red Bull Racing,-11.0,9.0,,,-20.0,0.0,28.4,Formula 1 Fantasy playerstats,https://fantasy.formula1.com/feeds/popup/playerstats_131.json,Official public feed; Formula 1 terms apply,official,True,True,False,official_recorded,historical_fantasy_scores_v3_recorded_2023_2026
2026,6,Monaco Grand Prix,2026-06-07,driver,norris,117,Lando Norris,NOR,McLaren,-17.0,3.0,,,-20.0,0.0,26.5,Formula 1 Fantasy playerstats,https://fantasy.formula1.com/feeds/popup/playerstats_117.json,Official public feed; Formula 1 terms apply,official,True,True,False,official_recorded,historical_fantasy_scores_v3_recorded_2023_2026
2026,6,Monaco Grand Prix,2026-06-07,driver,ocon,118,Esteban Ocon,OCO,Haas F1 Team,12.0,,,,12.0,,9.9,Formula 1 Fantasy playerstats,https://fantasy.formula1.com/feeds/popup/playerstats_118.json,Official public feed; Formula 1 terms apply,official,True,True,False,official_recorded,historical_fantasy_scores_v3_recorded_2023_2026
2026,6,Monaco Grand Prix,2026-06-07,driver,perez,121,Sergio Pérez,PER,Cadillac,8.0,,,,8.0,,7.0,Formula 1 Fantasy playerstats,https://fantasy.formula1.com/feeds/popup/playerstats_121.json,Official public feed; Formula 1 terms apply,official,True,True,False,official_recorded,historical_fantasy_scores_v3_recorded_2023_2026
2026,6,Monaco Grand Prix,2026-06-07,driver,piastri,1982,Oscar Piastri,PIA,McLaren,16.0,4.0,,,12.0,0.0,25.0,Formula 1 Fantasy playerstats,https://fantasy.formula1.com/feeds/popup/playerstats_1982.json,Official public feed; Formula 1 terms apply,official,True,True,False,official_recorded,historical_fantasy_scores_v3_recorded_2023_2026
2026,6,Monaco Grand Prix,2026-06-07,driver,sainz,125,Carlos Sainz,SAI,Williams,-3.0,,,,-3.0,,12.8,Formula 1 Fantasy playerstats,https://fantasy.formula1.com/feeds/popup/playerstats_125.json,Official public feed; Formula 1 terms apply,official,True,True,False,official_recorded,historical_fantasy_scores_v3_recorded_2023_2026
2026,6,Monaco Grand Prix,2026-06-07,driver,stroll,129,Lance Stroll,STR,Aston Martin,-20.0,,,,-20.0,,5.4,Formula 1 Fantasy playerstats,https://fantasy.formula1.com/feeds/popup/playerstats_129.json,Official public feed; Formula 1 terms apply,official,True,True,False,official_recorded,historical_fantasy_scores_v3_recorded_2023_2026
2026,7,Barcelona Grand Prix,2026-06-14,constructor,alpine,23,Alpine,ALP,,31.0,3.0,,,28.0,0.0,16.1,Formula 1 Fantasy playerstats,https://fantasy.formula1.com/feeds/popup/playerstats_23.json,Official public feed; Formula 1 terms apply,official,True,True,False,official_recorded,historical_fantasy_scores_v3_recorded_2023_2026
2026,7,Barcelona Grand Prix,2026-06-14,constructor,aston_martin,24,Aston Martin,AST,,-36.0,-1.0,,,-35.0,0.0,7.5,Formula 1 Fantasy playerstats,https://fantasy.formula1.com/feeds/popup/playerstats_24.json,Official public feed; Formula 1 terms apply,official,True,True,False,official_recorded,historical_fantasy_scores_v3_recorded_2023_2026
2026,7,Barcelona Grand Prix,2026-06-14,constructor,audi,2640,Audi,AUD,,2.0,7.0,,,-5.0,0.0,3.8,Formula 1 Fantasy playerstats,https://fantasy.formula1.com/feeds/popup/playerstats_2640.json,Official public feed; Formula 1 terms apply,official,True,True,False,official_recorded,historical_fantasy_scores_v3_recorded_2023_2026
2026,7,Barcelona Grand Prix,2026-06-14,constructor,cadillac,2641,Cadillac,CAD,,-9.0,-1.0,,,-8.0,0.0,6.0,Formula 1 Fantasy playerstats,https://fantasy.formula1.com/feeds/popup/playerstats_2641.json,Official public feed; Formula 1 terms apply,official,True,True,False,official_recorded,historical_fantasy_scores_v3_recorded_2023_2026
2026,7,Barcelona Grand Prix,2026-06-14,constructor,ferrari,25,Ferrari,FER,,58.0,20.0,,,38.0,0.0,25.1,Formula 1 Fantasy playerstats,https://fantasy.formula1.com/feeds/popup/playerstats_25.json,Official public feed; Formula 1 terms apply,official,True,True,False,official_recorded,historical_fantasy_scores_v3_recorded_2023_2026
2026,7,Barcelona Grand Prix,2026-06-14,constructor,haas,26,Haas,HAA,,16.0,1.0,,,15.0,0.0,10.6,Formula 1 Fantasy playerstats,https://fantasy.formula1.com/feeds/popup/playerstats_26.json,Official public feed; Formula 1 terms apply,official,True,True,False,official_recorded,historical_fantasy_scores_v3_recorded_2023_2026
2026,7,Barcelona Grand Prix,2026-06-14,constructor,mclaren,27,McLaren,MCL,,67.0,21.0,,,46.0,0.0,29.5,Formula 1 Fantasy playerstats,https://fantasy.formula1.com/feeds/popup/playerstats_27.json,Official public feed; Formula 1 terms apply,official,True,True,False,official_recorded,historical_fantasy_scores_v3_recorded_2023_2026
2026,7,Barcelona Grand Prix,2026-06-14,constructor,mercedes,28,Mercedes,MER,,39.0,28.0,,,11.0,0.0,31.1,Formula 1 Fantasy playerstats,https://fantasy.formula1.com/feeds/popup/playerstats_28.json,Official public feed; Formula 1 terms apply,official,True,True,False,official_recorded,historical_fantasy_scores_v3_recorded_2023_2026
2026,7,Barcelona Grand Prix,2026-06-14,constructor,rb,2636,Racing Bulls,RBS,,26.0,8.0,,,18.0,0.0,9.9,Formula 1 Fantasy playerstats,https://fantasy.formula1.com/feeds/popup/playerstats_2636.json,Official public feed; Formula 1 terms apply,official,True,True,False,official_recorded,historical_fantasy_scores_v3_recorded_2023_2026
2026,7,Barcelona Grand Prix,2026-06-14,constructor,red_bull,29,Red Bull,RBR,,59.0,21.0,,,38.0,0.0,29.4,Formula 1 Fantasy playerstats,https://fantasy.formula1.com/feeds/popup/playerstats_29.json,Official public feed; Formula 1 terms apply,official,True,True,False,official_recorded,historical_fantasy_scores_v3_recorded_2023_2026
2026,7,Barcelona Grand Prix,2026-06-14,constructor,williams,210,Williams,WIL,,1.0,1.0,,,,,15.6,Formula 1 Fantasy playerstats,https://fantasy.formula1.com/feeds/popup/playerstats_210.json,Official public feed; Formula 1 terms apply,official,True,True,False,official_recorded,historical_fantasy_scores_v3_recorded_2023_2026
2026,7,Barcelona Grand Prix,2026-06-14,driver,albon,11,Alexander Albon,ALB,Williams,-16.0,,,,-16.0,,8.8,Formula 1 Fantasy playerstats,https://fantasy.formula1.com/feeds/popup/playerstats_11.json,Official public feed; Formula 1 terms apply,official,True,True,False,official_recorded,historical_fantasy_scores_v3_recorded_2023_2026
2026,7,Barcelona Grand Prix,2026-06-14,driver,alonso,12,Fernando Alonso,ALO,Aston Martin,-17.0,,,,-17.0,,6.8,Formula 1 Fantasy playerstats,https://fantasy.formula1.com/feeds/popup/playerstats_12.json,Official public feed; Formula 1 terms apply,official,True,True,False,official_recorded,historical_fantasy_scores_v3_recorded_2023_2026
2026,7,Barcelona Grand Prix,2026-06-14,driver,antonelli,11161,Andrea Kimi Antonelli,ANT,Mercedes,-4.0,8.0,,,-12.0,0.0,25.0,Formula 1 Fantasy playerstats,https://fantasy.formula1.com/feeds/popup/playerstats_11161.json,Official public feed; Formula 1 terms apply,official,True,True,False,official_recorded,historical_fantasy_scores_v3_recorded_2023_2026
2026,7,Barcelona Grand Prix,2026-06-14,driver,arvid_lindblad,11149,Arvid Lindblad,LIN,Racing Bulls,10.0,,,,10.0,,5.8,Formula 1 Fantasy playerstats,https://fantasy.formula1.com/feeds/popup/playerstats_11149.json,Official public feed; Formula 1 terms apply,official,True,True,False,official_recorded,historical_fantasy_scores_v3_recorded_2023_2026
2026,7,Barcelona Grand Prix,2026-06-14,driver,bearman,11031,Oliver Bearman,BEA,Haas F1 Team,7.0,,,,7.0,,8.2,Formula 1 Fantasy playerstats,https://fantasy.formula1.com/feeds/popup/playerstats_11031.json,Official public feed; Formula 1 terms apply,official,True,True,False,official_recorded,historical_fantasy_scores_v3_recorded_2023_2026
2026,7,Barcelona Grand Prix,2026-06-14,driver,bortoleto,11051,Gabriel Bortoleto,BOR,Audi,7.0,,,,7.0,,5.6,Formula 1 Fantasy playerstats,https://fantasy.formula1.com/feeds/popup/playerstats_11051.json,Official public feed; Formula 1 terms apply,official,True,True,False,official_recorded,historical_fantasy_scores_v3_recorded_2023_2026
2026,7,Barcelona Grand Prix,2026-06-14,driver,bottas,13,Valtteri Bottas,BOT,Cadillac,-18.0,,,,-18.0,,3.9,Formula 1 Fantasy playerstats,https://fantasy.formula1.com/feeds/popup/playerstats_13.json,Official public feed; Formula 1 terms apply,official,True,True,False,official_recorded,historical_fantasy_scores_v3_recorded_2023_2026
2026,7,Barcelona Grand Prix,2026-06-14,driver,colapinto,11059,Franco Colapinto,COL,Alpine,9.0,,,,9.0,,9.4,Formula 1 Fantasy playerstats,https://fantasy.formula1.com/feeds/popup/playerstats_11059.json,Official public feed; Formula 1 terms apply,official,True,True,False,official_recorded,historical_fantasy_scores_v3_recorded_2023_2026
2026,7,Barcelona Grand Prix,2026-06-14,driver,gasly,18,Pierre Gasly,GAS,Alpine,17.0,,,,17.0,,11.6,Formula 1 Fantasy playerstats,https://fantasy.formula1.com/feeds/popup/playerstats_18.json,Official public feed; Formula 1 terms apply,official,True,True,False,official_recorded,historical_fantasy_scores_v3_recorded_2023_2026
2026,7,Barcelona Grand Prix,2026-06-14,driver,hadjar,11032,Isack Hadjar,HAD,Red Bull Racing,22.0,5.0,,,17.0,0.0,11.5,Formula 1 Fantasy playerstats,https://fantasy.formula1.com/feeds/popup/playerstats_11032.json,Official public feed; Formula 1 terms apply,official,True,True,False,official_recorded,historical_fantasy_scores_v3_recorded_2023_2026
2026,7,Barcelona Grand Prix,2026-06-14,driver,hamilton,110,Lewis Hamilton,HAM,Ferrari,56.0,9.0,,,47.0,0.0,23.9,Formula 1 Fantasy playerstats,https://fantasy.formula1.com/feeds/popup/playerstats_110.json,Official public feed; Formula 1 terms apply,official,True,True,False,official_recorded,historical_fantasy_scores_v3_recorded_2023_2026
2026,7,Barcelona Grand Prix,2026-06-14,driver,hulkenberg,111,Nico Hülkenberg,HUL,Audi,-15.0,2.0,,,-17.0,0.0,3.2,Formula 1 Fantasy playerstats,https://fantasy.formula1.com/feeds/popup/playerstats_111.json,Official public feed; Formula 1 terms apply,official,True,True,False,official_recorded,historical_fantasy_scores_v3_recorded_2023_2026
2026,7,Barcelona Grand Prix,2026-06-14,driver,lawson,114,Liam Lawson,LAW,Racing Bulls,9.0,3.0,,,6.0,0.0,8.1,Formula 1 Fantasy playerstats,https://fantasy.formula1.com/feeds/popup/playerstats_114.json,Official public feed; Formula 1 terms apply,official,True,True,False,official_recorded,historical_fantasy_scores_v3_recorded_2023_2026
2026,7,Barcelona Grand Prix,2026-06-14,driver,max_verstappen,131,Max Verstappen,VER,Red Bull Racing,22.0,6.0,,,16.0,0.0,28.3,Formula 1 Fantasy playerstats,https://fantasy.formula1.com/feeds/popup/playerstats_131.json,Official public feed; Formula 1 terms apply,official,True,True,False,official_recorded,historical_fantasy_scores_v3_recorded_2023_2026
2026,7,Barcelona Grand Prix,2026-06-14,driver,norris,117,Lando Norris,NOR,McLaren,23.0,7.0,,,16.0,0.0,26.2,Formula 1 Fantasy playerstats,https://fantasy.formula1.com/feeds/popup/playerstats_117.json,Official public feed; Formula 1 terms apply,official,True,True,False,official_recorded,historical_fantasy_scores_v3_recorded_2023_2026
2026,7,Barcelona Grand Prix,2026-06-14,driver,ocon,118,Esteban Ocon,OCO,Haas F1 Team,8.0,,,,8.0,,10.1,Formula 1 Fantasy playerstats,https://fantasy.formula1.com/feeds/popup/playerstats_118.json,Official public feed; Formula 1 terms apply,official,True,True,False,official_recorded,historical_fantasy_scores_v3_recorded_2023_2026
2026,7,Barcelona Grand Prix,2026-06-14,driver,perez,121,Sergio Pérez,PER,Cadillac,8.0,,,,8.0,,6.8,Formula 1 Fantasy playerstats,https://fantasy.formula1.com/feeds/popup/playerstats_121.json,Official public feed; Formula 1 terms apply,official,True,True,False,official_recorded,historical_fantasy_scores_v3_recorded_2023_2026
2026,7,Barcelona Grand Prix,2026-06-14,driver,piastri,1982,Oscar Piastri,PIA,McLaren,19.0,4.0,,,15.0,0.0,25.1,Formula 1 Fantasy playerstats,https://fantasy.formula1.com/feeds/popup/playerstats_1982.json,Official public feed; Formula 1 terms apply,official,True,True,False,official_recorded,historical_fantasy_scores_v3_recorded_2023_2026
2026,7,Barcelona Grand Prix,2026-06-14,driver,russell,124,George Russell,RUS,Mercedes,28.0,10.0,,,18.0,0.0,28.2,Formula 1 Fantasy playerstats,https://fantasy.formula1.com/feeds/popup/playerstats_124.json,Official public feed; Formula 1 terms apply,official,True,True,False,official_recorded,historical_fantasy_scores_v3_recorded_2023_2026
2026,7,Barcelona Grand Prix,2026-06-14,driver,sainz,125,Carlos Sainz,SAI,Williams,11.0,,,,11.0,,12.6,Formula 1 Fantasy playerstats,https://fantasy.formula1.com/feeds/popup/playerstats_125.json,Official public feed; Formula 1 terms apply,official,True,True,False,official_recorded,historical_fantasy_scores_v3_recorded_2023_2026
2026,7,Barcelona Grand Prix,2026-06-14,driver,stroll,129,Lance Stroll,STR,Aston Martin,-20.0,,,,-20.0,,4.8,Formula 1 Fantasy playerstats,https://fantasy.formula1.com/feeds/popup/playerstats_129.json,Official public feed; Formula 1 terms apply,official,True,True,False,official_recorded,historical_fantasy_scores_v3_recorded_2023_2026
2026,8,Austrian Grand Prix,2026-06-28,constructor,alpine,23,Alpine,ALP,,21.0,3.0,,,18.0,0.0,16.7,Formula 1 Fantasy playerstats,https://fantasy.formula1.com/feeds/popup/playerstats_23.json,Official public feed; Formula 1 terms apply,official,True,True,False,official_recorded,historical_fantasy_scores_v3_recorded_2023_2026
2026,8,Austrian Grand Prix,2026-06-28,constructor,aston_martin,24,Aston Martin,AST,,-11.0,-1.0,,,-10.0,0.0,6.9,Formula 1 Fantasy playerstats,https://fantasy.formula1.com/feeds/popup/playerstats_24.json,Official public feed; Formula 1 terms apply,official,True,True,False,official_recorded,historical_fantasy_scores_v3_recorded_2023_2026
2026,8,Austrian Grand Prix,2026-06-28,constructor,audi,2640,Audi,AUD,,15.0,3.0,,,12.0,0.0,4.4,Formula 1 Fantasy playerstats,https://fantasy.formula1.com/feeds/popup/playerstats_2640.json,Official public feed; Formula 1 terms apply,official,True,True,False,official_recorded,historical_fantasy_scores_v3_recorded_2023_2026
2026,8,Austrian Grand Prix,2026-06-28,constructor,cadillac,2641,Cadillac,CAD,,-35.0,-1.0,,,-34.0,0.0,5.4,Formula 1 Fantasy playerstats,https://fantasy.formula1.com/feeds/popup/playerstats_2641.json,Official public feed; Formula 1 terms apply,official,True,True,False,official_recorded,historical_fantasy_scores_v3_recorded_2023_2026
2026,8,Austrian Grand Prix,2026-06-28,constructor,ferrari,25,Ferrari,FER,,56.0,27.0,,,29.0,0.0,25.4,Formula 1 Fantasy playerstats,https://fantasy.formula1.com/feeds/popup/playerstats_25.json,Official public feed; Formula 1 terms apply,official,True,True,False,official_recorded,historical_fantasy_scores_v3_recorded_2023_2026
2026,8,Austrian Grand Prix,2026-06-28,constructor,haas,26,Haas,HAA,,13.0,3.0,,,10.0,0.0,10.4,Formula 1 Fantasy playerstats,https://fantasy.formula1.com/feeds/popup/playerstats_26.json,Official public feed; Formula 1 terms apply,official,True,True,False,official_recorded,historical_fantasy_scores_v3_recorded_2023_2026
2026,8,Austrian Grand Prix,2026-06-28,constructor,mclaren,27,McLaren,MCL,,49.0,19.0,,,30.0,0.0,29.8,Formula 1 Fantasy playerstats,https://fantasy.formula1.com/feeds/popup/playerstats_27.json,Official public feed; Formula 1 terms apply,official,True,True,False,official_recorded,historical_fantasy_scores_v3_recorded_2023_2026
2026,8,Austrian Grand Prix,2026-06-28,constructor,mercedes,28,Mercedes,MER,,85.0,27.0,,,58.0,0.0,31.4,Formula 1 Fantasy playerstats,https://fantasy.formula1.com/feeds/popup/playerstats_28.json,Official public feed; Formula 1 terms apply,official,True,True,False,official_recorded,historical_fantasy_scores_v3_recorded_2023_2026
2026,8,Austrian Grand Prix,2026-06-28,constructor,rb,2636,Racing Bulls,RBS,,38.0,13.0,,,25.0,0.0,10.5,Formula 1 Fantasy playerstats,https://fantasy.formula1.com/feeds/popup/playerstats_2636.json,Official public feed; Formula 1 terms apply,official,True,True,False,official_recorded,historical_fantasy_scores_v3_recorded_2023_2026
2026,8,Austrian Grand Prix,2026-06-28,constructor,red_bull,29,Red Bull,RBR,,68.0,19.0,,,49.0,0.0,29.7,Formula 1 Fantasy playerstats,https://fantasy.formula1.com/feeds/popup/playerstats_29.json,Official public feed; Formula 1 terms apply,official,True,True,False,official_recorded,historical_fantasy_scores_v3_recorded_2023_2026
2026,8,Austrian Grand Prix,2026-06-28,constructor,williams,210,Williams,WIL,,-6.0,-1.0,,,-5.0,0.0,15.0,Formula 1 Fantasy playerstats,https://fantasy.formula1.com/feeds/popup/playerstats_210.json,Official public feed; Formula 1 terms apply,official,True,True,False,official_recorded,historical_fantasy_scores_v3_recorded_2023_2026
2026,8,Austrian Grand Prix,2026-06-28,driver,albon,11,Alexander Albon,ALB,Williams,7.0,,,,7.0,,8.2,Formula 1 Fantasy playerstats,https://fantasy.formula1.com/feeds/popup/playerstats_11.json,Official public feed; Formula 1 terms apply,official,True,True,False,official_recorded,historical_fantasy_scores_v3_recorded_2023_2026
2026,8,Austrian Grand Prix,2026-06-28,driver,alonso,12,Fernando Alonso,ALO,Aston Martin,7.0,,,,7.0,,6.2,Formula 1 Fantasy playerstats,https://fantasy.formula1.com/feeds/popup/playerstats_12.json,Official public feed; Formula 1 terms apply,official,True,True,False,official_recorded,historical_fantasy_scores_v3_recorded_2023_2026
2026,8,Austrian Grand Prix,2026-06-28,driver,antonelli,11161,Andrea Kimi Antonelli,ANT,Mercedes,35.0,7.0,,,28.0,0.0,25.3,Formula 1 Fantasy playerstats,https://fantasy.formula1.com/feeds/popup/playerstats_11161.json,Official public feed; Formula 1 terms apply,official,True,True,False,official_recorded,historical_fantasy_scores_v3_recorded_2023_2026
2026,8,Austrian Grand Prix,2026-06-28,driver,arvid_lindblad,11149,Arvid Lindblad,LIN,Racing Bulls,6.0,1.0,,,5.0,0.0,5.6,Formula 1 Fantasy playerstats,https://fantasy.formula1.com/feeds/popup/playerstats_11149.json,Official public feed; Formula 1 terms apply,official,True,True,False,official_recorded,historical_fantasy_scores_v3_recorded_2023_2026
2026,8,Austrian Grand Prix,2026-06-28,driver,bearman,11031,Oliver Bearman,BEA,Haas F1 Team,1.0,,,,1.0,,7.6,Formula 1 Fantasy playerstats,https://fantasy.formula1.com/feeds/popup/playerstats_11031.json,Official public feed; Formula 1 terms apply,official,True,True,False,official_recorded,historical_fantasy_scores_v3_recorded_2023_2026
2026,8,Austrian Grand Prix,2026-06-28,driver,bortoleto,11051,Gabriel Bortoleto,BOR,Audi,5.0,,,,5.0,,5.8,Formula 1 Fantasy playerstats,https://fantasy.formula1.com/feeds/popup/playerstats_11051.json,Official public feed; Formula 1 terms apply,official,True,True,False,official_recorded,historical_fantasy_scores_v3_recorded_2023_2026
2026,8,Austrian Grand Prix,2026-06-28,driver,bottas,13,Valtteri Bottas,BOT,Cadillac,-17.0,,,,-17.0,,3.3,Formula 1 Fantasy playerstats,https://fantasy.formula1.com/feeds/popup/playerstats_13.json,Official public feed; Formula 1 terms apply,official,True,True,False,official_recorded,historical_fantasy_scores_v3_recorded_2023_2026
2026,8,Austrian Grand Prix,2026-06-28,driver,colapinto,11059,Franco Colapinto,COL,Alpine,10.0,,,,10.0,,10.0,Formula 1 Fantasy playerstats,https://fantasy.formula1.com/feeds/popup/playerstats_11059.json,Official public feed; Formula 1 terms apply,official,True,True,False,official_recorded,historical_fantasy_scores_v3_recorded_2023_2026
2026,8,Austrian Grand Prix,2026-06-28,driver,gasly,18,Pierre Gasly,GAS,Alpine,3.0,,,,3.0,,12.2,Formula 1 Fantasy playerstats,https://fantasy.formula1.com/feeds/popup/playerstats_18.json,Official public feed; Formula 1 terms apply,official,True,True,False,official_recorded,historical_fantasy_scores_v3_recorded_2023_2026
2026,8,Austrian Grand Prix,2026-06-28,driver,hadjar,11032,Isack Hadjar,HAD,Red Bull Racing,15.0,3.0,,,12.0,0.0,12.1,Formula 1 Fantasy playerstats,https://fantasy.formula1.com/feeds/popup/playerstats_11032.json,Official public feed; Formula 1 terms apply,official,True,True,False,official_recorded,historical_fantasy_scores_v3_recorded_2023_2026
2026,8,Austrian Grand Prix,2026-06-28,driver,hamilton,110,Lewis Hamilton,HAM,Ferrari,27.0,8.0,,,19.0,0.0,24.2,Formula 1 Fantasy playerstats,https://fantasy.formula1.com/feeds/popup/playerstats_110.json,Official public feed; Formula 1 terms apply,official,True,True,False,official_recorded,historical_fantasy_scores_v3_recorded_2023_2026
2026,8,Austrian Grand Prix,2026-06-28,driver,hulkenberg,111,Nico Hülkenberg,HUL,Audi,5.0,,,,5.0,,3.0,Formula 1 Fantasy playerstats,https://fantasy.formula1.com/feeds/popup/playerstats_111.json,Official public feed; Formula 1 terms apply,official,True,True,False,official_recorded,historical_fantasy_scores_v3_recorded_2023_2026
2026,8,Austrian Grand Prix,2026-06-28,driver,lawson,114,Liam Lawson,LAW,Racing Bulls,7.0,2.0,,,5.0,0.0,8.7,Formula 1 Fantasy playerstats,https://fantasy.formula1.com/feeds/popup/playerstats_114.json,Official public feed; Formula 1 terms apply,official,True,True,False,official_recorded,historical_fantasy_scores_v3_recorded_2023_2026
2026,8,Austrian Grand Prix,2026-06-28,driver,leclerc,115,Charles Leclerc,LEC,Ferrari,9.0,9.0,,,,,23.5,Formula 1 Fantasy playerstats,https://fantasy.formula1.com/feeds/popup/playerstats_115.json,Official public feed; Formula 1 terms apply,official,True,True,False,official_recorded,historical_fantasy_scores_v3_recorded_2023_2026
2026,8,Austrian Grand Prix,2026-06-28,driver,max_verstappen,131,Max Verstappen,VER,Red Bull Racing,43.0,6.0,,,37.0,0.0,28.0,Formula 1 Fantasy playerstats,https://fantasy.formula1.com/feeds/popup/playerstats_131.json,Official public feed; Formula 1 terms apply,official,True,True,False,official_recorded,historical_fantasy_scores_v3_recorded_2023_2026
2026,8,Austrian Grand Prix,2026-06-28,driver,norris,117,Lando Norris,NOR,McLaren,11.0,5.0,,,6.0,0.0,25.9,Formula 1 Fantasy playerstats,https://fantasy.formula1.com/feeds/popup/playerstats_117.json,Official public feed; Formula 1 terms apply,official,True,True,False,official_recorded,historical_fantasy_scores_v3_recorded_2023_2026
2026,8,Austrian Grand Prix,2026-06-28,driver,ocon,118,Esteban Ocon,OCO,Haas F1 Team,7.0,,,,7.0,,10.3,Formula 1 Fantasy playerstats,https://fantasy.formula1.com/feeds/popup/playerstats_118.json,Official public feed; Formula 1 terms apply,official,True,True,False,official_recorded,historical_fantasy_scores_v3_recorded_2023_2026
2026,8,Austrian Grand Prix,2026-06-28,driver,perez,121,Sergio Pérez,PER,Cadillac,-17.0,,,,-17.0,,6.2,Formula 1 Fantasy playerstats,https://fantasy.formula1.com/feeds/popup/playerstats_121.json,Official public feed; Formula 1 terms apply,official,True,True,False,official_recorded,historical_fantasy_scores_v3_recorded_2023_2026
2026,8,Austrian Grand Prix,2026-06-28,driver,piastri,1982,Oscar Piastri,PIA,McLaren,23.0,4.0,,,19.0,0.0,25.0,Formula 1 Fantasy playerstats,https://fantasy.formula1.com/feeds/popup/playerstats_1982.json,Official public feed; Formula 1 terms apply,official,True,True,False,official_recorded,historical_fantasy_scores_v3_recorded_2023_2026
2026,8,Austrian Grand Prix,2026-06-28,driver,russell,124,George Russell,RUS,Mercedes,35.0,10.0,,,25.0,0.0,27.9,Formula 1 Fantasy playerstats,https://fantasy.formula1.com/feeds/popup/playerstats_124.json,Official public feed; Formula 1 terms apply,official,True,True,False,official_recorded,historical_fantasy_scores_v3_recorded_2023_2026
2026,8,Austrian Grand Prix,2026-06-28,driver,sainz,125,Carlos Sainz,SAI,Williams,-17.0,,,,-17.0,,12.0,Formula 1 Fantasy playerstats,https://fantasy.formula1.com/feeds/popup/playerstats_125.json,Official public feed; Formula 1 terms apply,official,True,True,False,official_recorded,historical_fantasy_scores_v3_recorded_2023_2026
2026,8,Austrian Grand Prix,2026-06-28,driver,stroll,129,Lance Stroll,STR,Aston Martin,-17.0,,,,-17.0,,4.2,Formula 1 Fantasy playerstats,https://fantasy.formula1.com/feeds/popup/playerstats_129.json,Official public feed; Formula 1 terms apply,official,True,True,False,official_recorded,historical_fantasy_scores_v3_recorded_2023_2026
2026,9,British Grand Prix,2026-07-05,constructor,alpine,23,Alpine,ALP,,53.0,1.0,,12.0,40.0,0.0,17.3,Formula 1 Fantasy playerstats,https://fantasy.formula1.com/feeds/popup/playerstats_23.json,Official public feed; Formula 1 terms apply,official,True,True,False,official_recorded,historical_fantasy_scores_v3_recorded_2023_2026
2026,9,British Grand Prix,2026-07-05,constructor,aston_martin,24,Aston Martin,AST,,16.0,-1.0,,6.0,11.0,0.0,6.3,Formula 1 Fantasy playerstats,https://fantasy.formula1.com/feeds/popup/playerstats_24.json,Official public feed; Formula 1 terms apply,official,True,True,False,official_recorded,historical_fantasy_scores_v3_recorded_2023_2026
2026,9,British Grand Prix,2026-07-05,constructor,audi,2640,Audi,AUD,,17.0,3.0,,6.0,8.0,0.0,5.0,Formula 1 Fantasy playerstats,https://fantasy.formula1.com/feeds/popup/playerstats_2640.json,Official public feed; Formula 1 terms apply,official,True,True,False,official_recorded,historical_fantasy_scores_v3_recorded_2023_2026
2026,9,British Grand Prix,2026-07-05,constructor,cadillac,2641,Cadillac,CAD,,13.0,-1.0,,-1.0,15.0,0.0,4.8,Formula 1 Fantasy playerstats,https://fantasy.formula1.com/feeds/popup/playerstats_2641.json,Official public feed; Formula 1 terms apply,official,True,True,False,official_recorded,historical_fantasy_scores_v3_recorded_2023_2026
2026,9,British Grand Prix,2026-07-05,constructor,ferrari,25,Ferrari,FER,,92.0,27.0,,14.0,51.0,0.0,25.7,Formula 1 Fantasy playerstats,https://fantasy.formula1.com/feeds/popup/playerstats_25.json,Official public feed; Formula 1 terms apply,official,True,True,False,official_recorded,historical_fantasy_scores_v3_recorded_2023_2026
2026,9,British Grand Prix,2026-07-05,constructor,haas,26,Haas,HAA,,33.0,1.0,,12.0,20.0,0.0,10.2,Formula 1 Fantasy playerstats,https://fantasy.formula1.com/feeds/popup/playerstats_26.json,Official public feed; Formula 1 terms apply,official,True,True,False,official_recorded,historical_fantasy_scores_v3_recorded_2023_2026
2026,9,British Grand Prix,2026-07-05,constructor,mclaren,27,McLaren,MCL,,72.0,18.0,,22.0,32.0,0.0,30.1,Formula 1 Fantasy playerstats,https://fantasy.formula1.com/feeds/popup/playerstats_27.json,Official public feed; Formula 1 terms apply,official,True,True,False,official_recorded,historical_fantasy_scores_v3_recorded_2023_2026
2026,9,British Grand Prix,2026-07-05,constructor,mercedes,28,Mercedes,MER,,92.0,27.0,,30.0,35.0,0.0,31.7,Formula 1 Fantasy playerstats,https://fantasy.formula1.com/feeds/popup/playerstats_28.json,Official public feed; Formula 1 terms apply,official,True,True,False,official_recorded,historical_fantasy_scores_v3_recorded_2023_2026
2026,9,British Grand Prix,2026-07-05,constructor,rb,2636,Racing Bulls,RBS,,55.0,13.0,,10.0,32.0,0.0,11.1,Formula 1 Fantasy playerstats,https://fantasy.formula1.com/feeds/popup/playerstats_2636.json,Official public feed; Formula 1 terms apply,official,True,True,False,official_recorded,historical_fantasy_scores_v3_recorded_2023_2026
2026,9,British Grand Prix,2026-07-05,constructor,red_bull,29,Red Bull,RBR,,32.0,20.0,,6.0,6.0,0.0,30.0,Formula 1 Fantasy playerstats,https://fantasy.formula1.com/feeds/popup/playerstats_29.json,Official public feed; Formula 1 terms apply,official,True,True,False,official_recorded,historical_fantasy_scores_v3_recorded_2023_2026
2026,9,British Grand Prix,2026-07-05,driver,albon,11,Alexander Albon,ALB,Williams,-13.0,,,7.0,-20.0,,7.6,Formula 1 Fantasy playerstats,https://fantasy.formula1.com/feeds/popup/playerstats_11.json,Official public feed; Formula 1 terms apply,official,True,True,False,official_recorded,historical_fantasy_scores_v3_recorded_2023_2026
2026,9,British Grand Prix,2026-07-05,driver,alonso,12,Fernando Alonso,ALO,Aston Martin,8.0,,,3.0,5.0,,5.6,Formula 1 Fantasy playerstats,https://fantasy.formula1.com/feeds/popup/playerstats_12.json,Official public feed; Formula 1 terms apply,official,True,True,False,official_recorded,historical_fantasy_scores_v3_recorded_2023_2026
2026,9,British Grand Prix,2026-07-05,driver,antonelli,11161,Andrea Kimi Antonelli,ANT,Mercedes,23.0,10.0,,16.0,-3.0,0.0,25.4,Formula 1 Fantasy playerstats,https://fantasy.formula1.com/feeds/popup/playerstats_11161.json,Official public feed; Formula 1 terms apply,official,True,True,False,official_recorded,historical_fantasy_scores_v3_recorded_2023_2026
2026,9,British Grand Prix,2026-07-05,driver,arvid_lindblad,11149,Arvid Lindblad,LIN,Racing Bulls,18.0,2.0,,4.0,12.0,0.0,6.2,Formula 1 Fantasy playerstats,https://fantasy.formula1.com/feeds/popup/playerstats_11149.json,Official public feed; Formula 1 terms apply,official,True,True,False,official_recorded,historical_fantasy_scores_v3_recorded_2023_2026
2026,9,British Grand Prix,2026-07-05,driver,bearman,11031,Oliver Bearman,BEA,Haas F1 Team,13.0,,,6.0,7.0,,7.0,Formula 1 Fantasy playerstats,https://fantasy.formula1.com/feeds/popup/playerstats_11031.json,Official public feed; Formula 1 terms apply,official,True,True,False,official_recorded,historical_fantasy_scores_v3_recorded_2023_2026
2026,9,British Grand Prix,2026-07-05,driver,bortoleto,11051,Gabriel Bortoleto,BOR,Audi,16.0,,,3.0,13.0,,6.0,Formula 1 Fantasy playerstats,https://fantasy.formula1.com/feeds/popup/playerstats_11051.json,Official public feed; Formula 1 terms apply,official,True,True,False,official_recorded,historical_fantasy_scores_v3_recorded_2023_2026
2026,9,British Grand Prix,2026-07-05,driver,bottas,13,Valtteri Bottas,BOT,Cadillac,5.0,,,2.0,3.0,,3.0,Formula 1 Fantasy playerstats,https://fantasy.formula1.com/feeds/popup/playerstats_13.json,Official public feed; Formula 1 terms apply,official,True,True,False,official_recorded,historical_fantasy_scores_v3_recorded_2023_2026
2026,9,British Grand Prix,2026-07-05,driver,colapinto,11059,Franco Colapinto,COL,Alpine,27.0,,,7.0,20.0,,9.8,Formula 1 Fantasy playerstats,https://fantasy.formula1.com/feeds/popup/playerstats_11059.json,Official public feed; Formula 1 terms apply,official,True,True,False,official_recorded,historical_fantasy_scores_v3_recorded_2023_2026
2026,9,British Grand Prix,2026-07-05,driver,gasly,18,Pierre Gasly,GAS,Alpine,23.0,,,5.0,18.0,,12.8,Formula 1 Fantasy playerstats,https://fantasy.formula1.com/feeds/popup/playerstats_18.json,Official public feed; Formula 1 terms apply,official,True,True,False,official_recorded,historical_fantasy_scores_v3_recorded_2023_2026
2026,9,British Grand Prix,2026-07-05,driver,hadjar,11032,Isack Hadjar,HAD,Red Bull Racing,23.0,6.0,,3.0,14.0,0.0,12.7,Formula 1 Fantasy playerstats,https://fantasy.formula1.com/feeds/popup/playerstats_11032.json,Official public feed; Formula 1 terms apply,official,True,True,False,official_recorded,historical_fantasy_scores_v3_recorded_2023_2026
2026,9,British Grand Prix,2026-07-05,driver,hamilton,110,Lewis Hamilton,HAM,Ferrari,33.0,8.0,,6.0,19.0,0.0,24.5,Formula 1 Fantasy playerstats,https://fantasy.formula1.com/feeds/popup/playerstats_110.json,Official public feed; Formula 1 terms apply,official,True,True,False,official_recorded,historical_fantasy_scores_v3_recorded_2023_2026
2026,9,British Grand Prix,2026-07-05,driver,hulkenberg,111,Nico Hülkenberg,HUL,Audi,-7.0,,,3.0,-10.0,,3.0,Formula 1 Fantasy playerstats,https://fantasy.formula1.com/feeds/popup/playerstats_111.json,Official public feed; Formula 1 terms apply,official,True,True,False,official_recorded,historical_fantasy_scores_v3_recorded_2023_2026
2026,9,British Grand Prix,2026-07-05,driver,lawson,114,Liam Lawson,LAW,Racing Bulls,22.0,1.0,,6.0,15.0,0.0,8.9,Formula 1 Fantasy playerstats,https://fantasy.formula1.com/feeds/popup/playerstats_114.json,Official public feed; Formula 1 terms apply,official,True,True,False,official_recorded,historical_fantasy_scores_v3_recorded_2023_2026
2026,9,British Grand Prix,2026-07-05,driver,leclerc,115,Charles Leclerc,LEC,Ferrari,54.0,9.0,,8.0,37.0,0.0,23.2,Formula 1 Fantasy playerstats,https://fantasy.formula1.com/feeds/popup/playerstats_115.json,Official public feed; Formula 1 terms apply,official,True,True,False,official_recorded,historical_fantasy_scores_v3_recorded_2023_2026
2026,9,British Grand Prix,2026-07-05,driver,max_verstappen,131,Max Verstappen,VER,Red Bull Racing,-3.0,4.0,,3.0,-10.0,0.0,27.9,Formula 1 Fantasy playerstats,https://fantasy.formula1.com/feeds/popup/playerstats_131.json,Official public feed; Formula 1 terms apply,official,True,True,False,official_recorded,historical_fantasy_scores_v3_recorded_2023_2026
2026,9,British Grand Prix,2026-07-05,driver,norris,117,Lando Norris,NOR,McLaren,38.0,5.0,,14.0,19.0,0.0,25.6,Formula 1 Fantasy playerstats,https://fantasy.formula1.com/feeds/popup/playerstats_117.json,Official public feed; Formula 1 terms apply,official,True,True,False,official_recorded,historical_fantasy_scores_v3_recorded_2023_2026
2026,9,British Grand Prix,2026-07-05,driver,ocon,118,Esteban Ocon,OCO,Haas F1 Team,19.0,,,6.0,13.0,,10.1,Formula 1 Fantasy playerstats,https://fantasy.formula1.com/feeds/popup/playerstats_118.json,Official public feed; Formula 1 terms apply,official,True,True,False,official_recorded,historical_fantasy_scores_v3_recorded_2023_2026
2026,9,British Grand Prix,2026-07-05,driver,perez,121,Sergio Pérez,PER,Cadillac,7.0,,,-3.0,10.0,,5.6,Formula 1 Fantasy playerstats,https://fantasy.formula1.com/feeds/popup/playerstats_121.json,Official public feed; Formula 1 terms apply,official,True,True,False,official_recorded,historical_fantasy_scores_v3_recorded_2023_2026
2026,9,British Grand Prix,2026-07-05,driver,piastri,1982,Oscar Piastri,PIA,McLaren,19.0,3.0,,8.0,8.0,0.0,24.9,Formula 1 Fantasy playerstats,https://fantasy.formula1.com/feeds/popup/playerstats_1982.json,Official public feed; Formula 1 terms apply,official,True,True,False,official_recorded,historical_fantasy_scores_v3_recorded_2023_2026
2026,9,British Grand Prix,2026-07-05,driver,russell,124,George Russell,RUS,Mercedes,44.0,7.0,,14.0,23.0,0.0,27.8,Formula 1 Fantasy playerstats,https://fantasy.formula1.com/feeds/popup/playerstats_124.json,Official public feed; Formula 1 terms apply,official,True,True,False,official_recorded,historical_fantasy_scores_v3_recorded_2023_2026
2026,9,British Grand Prix,2026-07-05,driver,sainz,125,Carlos Sainz,SAI,Williams,8.0,,,,8.0,,11.4,Formula 1 Fantasy playerstats,https://fantasy.formula1.com/feeds/popup/playerstats_125.json,Official public feed; Formula 1 terms apply,official,True,True,False,official_recorded,historical_fantasy_scores_v3_recorded_2023_2026
2026,9,British Grand Prix,2026-07-05,driver,stroll,129,Lance Stroll,STR,Aston Martin,7.0,,,3.0,4.0,,3.6,Formula 1 Fantasy playerstats,https://fantasy.formula1.com/feeds/popup/playerstats_129.json,Official public feed; Formula 1 terms apply,official,True,True,False,official_recorded,historical_fantasy_scores_v3_recorded_2023_2026
2026,10,Belgian Grand Prix,2026-07-19,constructor,alpine,23,Alpine,ALP,,19.0,3.0,,,16.0,0.0,17.9,Formula 1 Fantasy playerstats,https://fantasy.formula1.com/feeds/popup/playerstats_23.json,Official public feed; Formula 1 terms apply,official,True,True,False,official_recorded,historical_fantasy_scores_v3_recorded_2023_2026
2026,10,Belgian Grand Prix,2026-07-19,constructor,aston_martin,24,Aston Martin,AST,,-13.0,-1.0,,,-12.0,0.0,5.7,Formula 1 Fantasy playerstats,https://fantasy.formula1.com/feeds/popup/playerstats_24.json,Official public feed; Formula 1 terms apply,official,True,True,False,official_recorded,historical_fantasy_scores_v3_recorded_2023_2026
2026,10,Belgian Grand Prix,2026-07-19,constructor,audi,2640,Audi,AUD,,19.0,7.0,,,12.0,0.0,5.6,Formula 1 Fantasy playerstats,https://fantasy.formula1.com/feeds/popup/playerstats_2640.json,Official public feed; Formula 1 terms apply,official,True,True,False,official_recorded,historical_fantasy_scores_v3_recorded_2023_2026
2026,10,Belgian Grand Prix,2026-07-19,constructor,cadillac,2641,Cadillac,CAD,,-17.0,-1.0,,,-16.0,0.0,4.2,Formula 1 Fantasy playerstats,https://fantasy.formula1.com/feeds/popup/playerstats_2641.json,Official public feed; Formula 1 terms apply,official,True,True,False,official_recorded,historical_fantasy_scores_v3_recorded_2023_2026
2026,10,Belgian Grand Prix,2026-07-19,constructor,ferrari,25,Ferrari,FER,,71.0,21.0,,,50.0,0.0,26.0,Formula 1 Fantasy playerstats,https://fantasy.formula1.com/feeds/popup/playerstats_25.json,Official public feed; Formula 1 terms apply,official,True,True,False,official_recorded,historical_fantasy_scores_v3_recorded_2023_2026
2026,10,Belgian Grand Prix,2026-07-19,constructor,haas,26,Haas,HAA,,15.0,1.0,,,14.0,0.0,10.8,Formula 1 Fantasy playerstats,https://fantasy.formula1.com/feeds/popup/playerstats_26.json,Official public feed; Formula 1 terms apply,official,True,True,False,official_recorded,historical_fantasy_scores_v3_recorded_2023_2026
2026,10,Belgian Grand Prix,2026-07-19,constructor,mclaren,27,McLaren,MCL,,71.0,22.0,,,49.0,0.0,30.4,Formula 1 Fantasy playerstats,https://fantasy.formula1.com/feeds/popup/playerstats_27.json,Official public feed; Formula 1 terms apply,official,True,True,False,official_recorded,historical_fantasy_scores_v3_recorded_2023_2026
2026,10,Belgian Grand Prix,2026-07-19,constructor,mercedes,28,Mercedes,MER,,42.0,27.0,,,15.0,0.0,32.0,Formula 1 Fantasy playerstats,https://fantasy.formula1.com/feeds/popup/playerstats_28.json,Official public feed; Formula 1 terms apply,official,True,True,False,official_recorded,historical_fantasy_scores_v3_recorded_2023_2026
2026,10,Belgian Grand Prix,2026-07-19,constructor,rb,2636,Racing Bulls,RBS,,15.0,8.0,,,7.0,0.0,11.7,Formula 1 Fantasy playerstats,https://fantasy.formula1.com/feeds/popup/playerstats_2636.json,Official public feed; Formula 1 terms apply,official,True,True,False,official_recorded,historical_fantasy_scores_v3_recorded_2023_2026
2026,10,Belgian Grand Prix,2026-07-19,constructor,red_bull,29,Red Bull,RBR,,79.0,20.0,,,59.0,0.0,30.3,Formula 1 Fantasy playerstats,https://fantasy.formula1.com/feeds/popup/playerstats_29.json,Official public feed; Formula 1 terms apply,official,True,True,False,official_recorded,historical_fantasy_scores_v3_recorded_2023_2026
2026,10,Belgian Grand Prix,2026-07-19,constructor,williams,210,Williams,WIL,,19.0,1.0,,,18.0,0.0,13.8,Formula 1 Fantasy playerstats,https://fantasy.formula1.com/feeds/popup/playerstats_210.json,Official public feed; Formula 1 terms apply,official,True,True,False,official_recorded,historical_fantasy_scores_v3_recorded_2023_2026
2026,10,Belgian Grand Prix,2026-07-19,driver,albon,11,Alexander Albon,ALB,Williams,3.0,,,,3.0,,7.0,Formula 1 Fantasy playerstats,https://fantasy.formula1.com/feeds/popup/playerstats_11.json,Official public feed; Formula 1 terms apply,official,True,True,False,official_recorded,historical_fantasy_scores_v3_recorded_2023_2026
2026,10,Belgian Grand Prix,2026-07-19,driver,alonso,12,Fernando Alonso,ALO,Aston Martin,5.0,,,,5.0,,5.0,Formula 1 Fantasy playerstats,https://fantasy.formula1.com/feeds/popup/playerstats_12.json,Official public feed; Formula 1 terms apply,official,True,True,False,official_recorded,historical_fantasy_scores_v3_recorded_2023_2026
2026,10,Belgian Grand Prix,2026-07-19,driver,antonelli,11161,Andrea Kimi Antonelli,ANT,Mercedes,38.0,10.0,,,28.0,0.0,25.3,Formula 1 Fantasy playerstats,https://fantasy.formula1.com/feeds/popup/playerstats_11161.json,Official public feed; Formula 1 terms apply,official,True,True,False,official_recorded,historical_fantasy_scores_v3_recorded_2023_2026
2026,10,Belgian Grand Prix,2026-07-19,driver,arvid_lindblad,11149,Arvid Lindblad,LIN,Racing Bulls,5.0,3.0,,,2.0,0.0,6.8,Formula 1 Fantasy playerstats,https://fantasy.formula1.com/feeds/popup/playerstats_11149.json,Official public feed; Formula 1 terms apply,official,True,True,False,official_recorded,historical_fantasy_scores_v3_recorded_2023_2026
2026,10,Belgian Grand Prix,2026-07-19,driver,bearman,11031,Oliver Bearman,BEA,Haas F1 Team,8.0,,,,8.0,,7.2,Formula 1 Fantasy playerstats,https://fantasy.formula1.com/feeds/popup/playerstats_11031.json,Official public feed; Formula 1 terms apply,official,True,True,False,official_recorded,historical_fantasy_scores_v3_recorded_2023_2026
2026,10,Belgian Grand Prix,2026-07-19,driver,bortoleto,11051,Gabriel Bortoleto,BOR,Audi,8.0,2.0,,,6.0,0.0,6.6,Formula 1 Fantasy playerstats,https://fantasy.formula1.com/feeds/popup/playerstats_11051.json,Official public feed; Formula 1 terms apply,official,True,True,False,official_recorded,historical_fantasy_scores_v3_recorded_2023_2026
2026,10,Belgian Grand Prix,2026-07-19,driver,bottas,13,Valtteri Bottas,BOT,Cadillac,1.0,,,,1.0,,3.0,Formula 1 Fantasy playerstats,https://fantasy.formula1.com/feeds/popup/playerstats_13.json,Official public feed; Formula 1 terms apply,official,True,True,False,official_recorded,historical_fantasy_scores_v3_recorded_2023_2026
2026,10,Belgian Grand Prix,2026-07-19,driver,colapinto,11059,Franco Colapinto,COL,Alpine,8.0,,,,8.0,,10.4,Formula 1 Fantasy playerstats,https://fantasy.formula1.com/feeds/popup/playerstats_11059.json,Official public feed; Formula 1 terms apply,official,True,True,False,official_recorded,historical_fantasy_scores_v3_recorded_2023_2026
2026,10,Belgian Grand Prix,2026-07-19,driver,gasly,18,Pierre Gasly,GAS,Alpine,8.0,,,,8.0,,13.0,Formula 1 Fantasy playerstats,https://fantasy.formula1.com/feeds/popup/playerstats_18.json,Official public feed; Formula 1 terms apply,official,True,True,False,official_recorded,historical_fantasy_scores_v3_recorded_2023_2026
2026,10,Belgian Grand Prix,2026-07-19,driver,hadjar,11032,Isack Hadjar,HAD,Red Bull Racing,38.0,1.0,,,37.0,0.0,13.3,Formula 1 Fantasy playerstats,https://fantasy.formula1.com/feeds/popup/playerstats_11032.json,Official public feed; Formula 1 terms apply,official,True,True,False,official_recorded,historical_fantasy_scores_v3_recorded_2023_2026
2026,10,Belgian Grand Prix,2026-07-19,driver,hamilton,110,Lewis Hamilton,HAM,Ferrari,22.0,5.0,,,17.0,0.0,24.8,Formula 1 Fantasy playerstats,https://fantasy.formula1.com/feeds/popup/playerstats_110.json,Official public feed; Formula 1 terms apply,official,True,True,False,official_recorded,historical_fantasy_scores_v3_recorded_2023_2026
2026,10,Belgian Grand Prix,2026-07-19,driver,hulkenberg,111,Nico Hülkenberg,HUL,Audi,4.0,,,,4.0,,3.0,Formula 1 Fantasy playerstats,https://fantasy.formula1.com/feeds/popup/playerstats_111.json,Official public feed; Formula 1 terms apply,official,True,True,False,official_recorded,historical_fantasy_scores_v3_recorded_2023_2026
2026,10,Belgian Grand Prix,2026-07-19,driver,lawson,114,Liam Lawson,LAW,Racing Bulls,3.0,,,,3.0,,9.5,Formula 1 Fantasy playerstats,https://fantasy.formula1.com/feeds/popup/playerstats_114.json,Official public feed; Formula 1 terms apply,official,True,True,False,official_recorded,historical_fantasy_scores_v3_recorded_2023_2026
2026,10,Belgian Grand Prix,2026-07-19,driver,leclerc,115,Charles Leclerc,LEC,Ferrari,39.0,6.0,,,33.0,0.0,23.3,Formula 1 Fantasy playerstats,https://fantasy.formula1.com/feeds/popup/playerstats_115.json,Official public feed; Formula 1 terms apply,official,True,True,False,official_recorded,historical_fantasy_scores_v3_recorded_2023_2026
2026,10,Belgian Grand Prix,2026-07-19,driver,max_verstappen,131,Max Verstappen,VER,Red Bull Racing,26.0,9.0,,,17.0,0.0,27.8,Formula 1 Fantasy playerstats,https://fantasy.formula1.com/feeds/popup/playerstats_131.json,Official public feed; Formula 1 terms apply,official,True,True,False,official_recorded,historical_fantasy_scores_v3_recorded_2023_2026
2026,10,Belgian Grand Prix,2026-07-19,driver,norris,117,Lando Norris,NOR,McLaren,40.0,8.0,,,32.0,0.0,25.7,Formula 1 Fantasy playerstats,https://fantasy.formula1.com/feeds/popup/playerstats_117.json,Official public feed; Formula 1 terms apply,official,True,True,False,official_recorded,historical_fantasy_scores_v3_recorded_2023_2026
2026,10,Belgian Grand Prix,2026-07-19,driver,ocon,118,Esteban Ocon,OCO,Haas F1 Team,6.0,,,,6.0,,10.3,Formula 1 Fantasy playerstats,https://fantasy.formula1.com/feeds/popup/playerstats_118.json,Official public feed; Formula 1 terms apply,official,True,True,False,official_recorded,historical_fantasy_scores_v3_recorded_2023_2026
2026,10,Belgian Grand Prix,2026-07-19,driver,perez,121,Sergio Pérez,PER,Cadillac,-17.0,,,,-17.0,,5.0,Formula 1 Fantasy playerstats,https://fantasy.formula1.com/feeds/popup/playerstats_121.json,Official public feed; Formula 1 terms apply,official,True,True,False,official_recorded,historical_fantasy_scores_v3_recorded_2023_2026
2026,10,Belgian Grand Prix,2026-07-19,driver,piastri,1982,Oscar Piastri,PIA,McLaren,19.0,4.0,,,15.0,0.0,24.8,Formula 1 Fantasy playerstats,https://fantasy.formula1.com/feeds/popup/playerstats_1982.json,Official public feed; Formula 1 terms apply,official,True,True,False,official_recorded,historical_fantasy_scores_v3_recorded_2023_2026
2026,10,Belgian Grand Prix,2026-07-19,driver,russell,124,George Russell,RUS,Mercedes,-11.0,7.0,,,-18.0,0.0,28.1,Formula 1 Fantasy playerstats,https://fantasy.formula1.com/feeds/popup/playerstats_124.json,Official public feed; Formula 1 terms apply,official,True,True,False,official_recorded,historical_fantasy_scores_v3_recorded_2023_2026
2026,10,Belgian Grand Prix,2026-07-19,driver,sainz,125,Carlos Sainz,SAI,Williams,10.0,,,,10.0,,10.8,Formula 1 Fantasy playerstats,https://fantasy.formula1.com/feeds/popup/playerstats_125.json,Official public feed; Formula 1 terms apply,official,True,True,False,official_recorded,historical_fantasy_scores_v3_recorded_2023_2026
2026,10,Belgian Grand Prix,2026-07-19,driver,stroll,129,Lance Stroll,STR,Aston Martin,-19.0,,,,-19.0,,3.0,Formula 1 Fantasy playerstats,https://fantasy.formula1.com/feeds/popup/playerstats_129.json,Official public feed; Formula 1 terms apply,official,True,True,False,official_recorded,historical_fantasy_scores_v3_recorded_2023_2026
2026,11,Hungarian Grand Prix,2026-07-26,constructor,alpine,23,Alpine,ALP,,17.0,3.0,,,14.0,0.0,18.5,Formula 1 Fantasy playerstats,https://fantasy.formula1.com/feeds/popup/playerstats_23.json,Official public feed; Formula 1 terms apply,official,True,True,False,official_recorded,historical_fantasy_scores_v3_recorded_2023_2026
2026,11,Hungarian Grand Prix,2026-07-26,constructor,aston_martin,24,Aston Martin,AST,,36.0,1.0,,,35.0,0.0,5.1,Formula 1 Fantasy playerstats,https://fantasy.formula1.com/feeds/popup/playerstats_24.json,Official public feed; Formula 1 terms apply,official,True,True,False,official_recorded,historical_fantasy_scores_v3_recorded_2023_2026
2026,11,Hungarian Grand Prix,2026-07-26,constructor,audi,2640,Audi,AUD,,29.0,6.0,,,23.0,0.0,6.2,Formula 1 Fantasy playerstats,https://fantasy.formula1.com/feeds/popup/playerstats_2640.json,Official public feed; Formula 1 terms apply,official,True,True,False,official_recorded,historical_fantasy_scores_v3_recorded_2023_2026
2026,11,Hungarian Grand Prix,2026-07-26,constructor,cadillac,2641,Cadillac,CAD,,-37.0,-1.0,,,-36.0,0.0,3.6,Formula 1 Fantasy playerstats,https://fantasy.formula1.com/feeds/popup/playerstats_2641.json,Official public feed; Formula 1 terms apply,official,True,True,False,official_recorded,historical_fantasy_scores_v3_recorded_2023_2026
2026,11,Hungarian Grand Prix,2026-07-26,constructor,ferrari,25,Ferrari,FER,,71.0,27.0,,,44.0,0.0,26.3,Formula 1 Fantasy playerstats,https://fantasy.formula1.com/feeds/popup/playerstats_25.json,Official public feed; Formula 1 terms apply,official,True,True,False,official_recorded,historical_fantasy_scores_v3_recorded_2023_2026
2026,11,Hungarian Grand Prix,2026-07-26,constructor,haas,26,Haas,HAA,,10.0,1.0,,,9.0,0.0,11.4,Formula 1 Fantasy playerstats,https://fantasy.formula1.com/feeds/popup/playerstats_26.json,Official public feed; Formula 1 terms apply,official,True,True,False,official_recorded,historical_fantasy_scores_v3_recorded_2023_2026
2026,11,Hungarian Grand Prix,2026-07-26,constructor,mclaren,27,McLaren,MCL,,38.0,26.0,,,12.0,0.0,30.7,Formula 1 Fantasy playerstats,https://fantasy.formula1.com/feeds/popup/playerstats_27.json,Official public feed; Formula 1 terms apply,official,True,True,False,official_recorded,historical_fantasy_scores_v3_recorded_2023_2026
2026,11,Hungarian Grand Prix,2026-07-26,constructor,mercedes,28,Mercedes,MER,,71.0,21.0,,,50.0,0.0,32.3,Formula 1 Fantasy playerstats,https://fantasy.formula1.com/feeds/popup/playerstats_28.json,Official public feed; Formula 1 terms apply,official,True,True,False,official_recorded,historical_fantasy_scores_v3_recorded_2023_2026
2026,11,Hungarian Grand Prix,2026-07-26,constructor,rb,2636,Racing Bulls,RBS,,47.0,7.0,,,40.0,0.0,12.3,Formula 1 Fantasy playerstats,https://fantasy.formula1.com/feeds/popup/playerstats_2636.json,Official public feed; Formula 1 terms apply,official,True,True,False,official_recorded,historical_fantasy_scores_v3_recorded_2023_2026
2026,11,Hungarian Grand Prix,2026-07-26,constructor,red_bull,29,Red Bull,RBR,,59.0,18.0,,,41.0,0.0,30.6,Formula 1 Fantasy playerstats,https://fantasy.formula1.com/feeds/popup/playerstats_29.json,Official public feed; Formula 1 terms apply,official,True,True,False,official_recorded,historical_fantasy_scores_v3_recorded_2023_2026
2026,11,Hungarian Grand Prix,2026-07-26,constructor,williams,210,Williams,WIL,,10.0,-1.0,,,11.0,0.0,13.2,Formula 1 Fantasy playerstats,https://fantasy.formula1.com/feeds/popup/playerstats_210.json,Official public feed; Formula 1 terms apply,official,True,True,False,official_recorded,historical_fantasy_scores_v3_recorded_2023_2026
2026,11,Hungarian Grand Prix,2026-07-26,driver,albon,11,Alexander Albon,ALB,Williams,4.0,,,,4.0,,6.4,Formula 1 Fantasy playerstats,https://fantasy.formula1.com/feeds/popup/playerstats_11.json,Official public feed; Formula 1 terms apply,official,True,True,False,official_recorded,historical_fantasy_scores_v3_recorded_2023_2026
2026,11,Hungarian Grand Prix,2026-07-26,driver,alonso,12,Fernando Alonso,ALO,Aston Martin,10.0,,,,10.0,,5.6,Formula 1 Fantasy playerstats,https://fantasy.formula1.com/feeds/popup/playerstats_12.json,Official public feed; Formula 1 terms apply,official,True,True,False,official_recorded,historical_fantasy_scores_v3_recorded_2023_2026
2026,11,Hungarian Grand Prix,2026-07-26,driver,antonelli,11161,Andrea Kimi Antonelli,ANT,Mercedes,28.0,7.0,,,21.0,0.0,25.6,Formula 1 Fantasy playerstats,https://fantasy.formula1.com/feeds/popup/playerstats_11161.json,Official public feed; Formula 1 terms apply,official,True,True,False,official_recorded,historical_fantasy_scores_v3_recorded_2023_2026
2026,11,Hungarian Grand Prix,2026-07-26,driver,arvid_lindblad,11149,Arvid Lindblad,LIN,Racing Bulls,4.0,2.0,,,2.0,0.0,7.4,Formula 1 Fantasy playerstats,https://fantasy.formula1.com/feeds/popup/playerstats_11149.json,Official public feed; Formula 1 terms apply,official,True,True,False,official_recorded,historical_fantasy_scores_v3_recorded_2023_2026
2026,11,Hungarian Grand Prix,2026-07-26,driver,bearman,11031,Oliver Bearman,BEA,Haas F1 Team,3.0,,,,3.0,,7.4,Formula 1 Fantasy playerstats,https://fantasy.formula1.com/feeds/popup/playerstats_11031.json,Official public feed; Formula 1 terms apply,official,True,True,False,official_recorded,historical_fantasy_scores_v3_recorded_2023_2026
2026,11,Hungarian Grand Prix,2026-07-26,driver,bortoleto,11051,Gabriel Bortoleto,BOR,Audi,10.0,,,,10.0,,7.2,Formula 1 Fantasy playerstats,https://fantasy.formula1.com/feeds/popup/playerstats_11051.json,Official public feed; Formula 1 terms apply,official,True,True,False,official_recorded,historical_fantasy_scores_v3_recorded_2023_2026
2026,11,Hungarian Grand Prix,2026-07-26,driver,bottas,13,Valtteri Bottas,BOT,Cadillac,-16.0,,,,-16.0,,3.0,Formula 1 Fantasy playerstats,https://fantasy.formula1.com/feeds/popup/playerstats_13.json,Official public feed; Formula 1 terms apply,official,True,True,False,official_recorded,historical_fantasy_scores_v3_recorded_2023_2026
2026,11,Hungarian Grand Prix,2026-07-26,driver,colapinto,11059,Franco Colapinto,COL,Alpine,3.0,,,,3.0,,11.0,Formula 1 Fantasy playerstats,https://fantasy.formula1.com/feeds/popup/playerstats_11059.json,Official public feed; Formula 1 terms apply,official,True,True,False,official_recorded,historical_fantasy_scores_v3_recorded_2023_2026
2026,11,Hungarian Grand Prix,2026-07-26,driver,gasly,18,Pierre Gasly,GAS,Alpine,6.0,,,,6.0,,12.8,Formula 1 Fantasy playerstats,https://fantasy.formula1.com/feeds/popup/playerstats_18.json,Official public feed; Formula 1 terms apply,official,True,True,False,official_recorded,historical_fantasy_scores_v3_recorded_2023_2026
2026,11,Hungarian Grand Prix,2026-07-26,driver,hadjar,11032,Isack Hadjar,HAD,Red Bull Racing,15.0,3.0,,,12.0,0.0,13.9,Formula 1 Fantasy playerstats,https://fantasy.formula1.com/feeds/popup/playerstats_11032.json,Official public feed; Formula 1 terms apply,official,True,True,False,official_recorded,historical_fantasy_scores_v3_recorded_2023_2026
2026,11,Hungarian Grand Prix,2026-07-26,driver,hamilton,110,Lewis Hamilton,HAM,Ferrari,25.0,9.0,,,16.0,0.0,24.9,Formula 1 Fantasy playerstats,https://fantasy.formula1.com/feeds/popup/playerstats_110.json,Official public feed; Formula 1 terms apply,official,True,True,False,official_recorded,historical_fantasy_scores_v3_recorded_2023_2026
2026,11,Hungarian Grand Prix,2026-07-26,driver,hulkenberg,111,Nico Hülkenberg,HUL,Audi,9.0,1.0,,,8.0,0.0,3.0,Formula 1 Fantasy playerstats,https://fantasy.formula1.com/feeds/popup/playerstats_111.json,Official public feed; Formula 1 terms apply,official,True,True,False,official_recorded,historical_fantasy_scores_v3_recorded_2023_2026
2026,11,Hungarian Grand Prix,2026-07-26,driver,lawson,114,Liam Lawson,LAW,Racing Bulls,13.0,,,,13.0,,9.7,Formula 1 Fantasy playerstats,https://fantasy.formula1.com/feeds/popup/playerstats_114.json,Official public feed; Formula 1 terms apply,official,True,True,False,official_recorded,historical_fantasy_scores_v3_recorded_2023_2026
2026,11,Hungarian Grand Prix,2026-07-26,driver,leclerc,115,Charles Leclerc,LEC,Ferrari,31.0,8.0,,,23.0,0.0,23.6,Formula 1 Fantasy playerstats,https://fantasy.formula1.com/feeds/popup/playerstats_115.json,Official public feed; Formula 1 terms apply,official,True,True,False,official_recorded,historical_fantasy_scores_v3_recorded_2023_2026
2026,11,Hungarian Grand Prix,2026-07-26,driver,max_verstappen,131,Max Verstappen,VER,Red Bull Racing,39.0,5.0,,,34.0,0.0,27.7,Formula 1 Fantasy playerstats,https://fantasy.formula1.com/feeds/popup/playerstats_131.json,Official public feed; Formula 1 terms apply,official,True,True,False,official_recorded,historical_fantasy_scores_v3_recorded_2023_2026
2026,11,Hungarian Grand Prix,2026-07-26,driver,norris,117,Lando Norris,NOR,McLaren,37.0,10.0,,,27.0,0.0,25.8,Formula 1 Fantasy playerstats,https://fantasy.formula1.com/feeds/popup/playerstats_117.json,Official public feed; Formula 1 terms apply,official,True,True,False,official_recorded,historical_fantasy_scores_v3_recorded_2023_2026
2026,11,Hungarian Grand Prix,2026-07-26,driver,ocon,118,Esteban Ocon,OCO,Haas F1 Team,4.0,,,,4.0,,10.5,Formula 1 Fantasy playerstats,https://fantasy.formula1.com/feeds/popup/playerstats_118.json,Official public feed; Formula 1 terms apply,official,True,True,False,official_recorded,historical_fantasy_scores_v3_recorded_2023_2026
2026,11,Hungarian Grand Prix,2026-07-26,driver,perez,121,Sergio Pérez,PER,Cadillac,-20.0,,,,-20.0,,4.4,Formula 1 Fantasy playerstats,https://fantasy.formula1.com/feeds/popup/playerstats_121.json,Official public feed; Formula 1 terms apply,official,True,True,False,official_recorded,historical_fantasy_scores_v3_recorded_2023_2026
2026,11,Hungarian Grand Prix,2026-07-26,driver,piastri,1982,Oscar Piastri,PIA,McLaren,-11.0,6.0,,,-17.0,0.0,24.7,Formula 1 Fantasy playerstats,https://fantasy.formula1.com/feeds/popup/playerstats_1982.json,Official public feed; Formula 1 terms apply,official,True,True,False,official_recorded,historical_fantasy_scores_v3_recorded_2023_2026
2026,11,Hungarian Grand Prix,2026-07-26,driver,russell,124,George Russell,RUS,Mercedes,23.0,4.0,,,19.0,0.0,28.0,Formula 1 Fantasy playerstats,https://fantasy.formula1.com/feeds/popup/playerstats_124.json,Official public feed; Formula 1 terms apply,official,True,True,False,official_recorded,historical_fantasy_scores_v3_recorded_2023_2026
2026,11,Hungarian Grand Prix,2026-07-26,driver,sainz,125,Carlos Sainz,SAI,Williams,2.0,,,,2.0,,10.2,Formula 1 Fantasy playerstats,https://fantasy.formula1.com/feeds/popup/playerstats_125.json,Official public feed; Formula 1 terms apply,official,True,True,False,official_recorded,historical_fantasy_scores_v3_recorded_2023_2026
2026,11,Hungarian Grand Prix,2026-07-26,driver,stroll,129,Lance Stroll,STR,Aston Martin,15.0,,,,15.0,,3.0,Formula 1 Fantasy playerstats,https://fantasy.formula1.com/feeds/popup/playerstats_129.json,Official public feed; Formula 1 terms apply,official,True,True,False,official_recorded,historical_fantasy_scores_v3_recorded_2023_2026
