season,round,event_name,event_date,event_cluster,entity_type,canonical_entity_id,entity,price,sprint_score,x_strict_prior_normal,x_recency_prior_normal,x_all_prior_adjusted,x_shrunk_prior,x_descriptive_full_season,strict_prior_normal_count,strict_excluded,shrunk_prior_imputed,baseline_method_strict,baseline_method_recency,baseline_method_all_prior,baseline_method_shrunk,baseline_method_descriptive,prior_global_sprint_factor,season_normal_mean,x_strict_normalised,y_normalised,price_percentile,form_rank,form_tier,price_tier
2023,4,Azerbaijan Grand Prix,2023-04-30,2023-4,constructor,alfa,Alfa Romeo,6,-10,21.3333333333,21.0819672131,21.3333333333,24.85,10.4375,3,False,False,same_season_prior_normal_mean_walk_forward,same_season_prior_normal_recency_decay_0.8,all_prior_weekends_sprint_scores_divided_by_prior_global_factor,same_season_plus_prior_group_prior,full_season_normal_mean_non_predictive,1,29.9875,0.711407530916,-0.333472280117,0.3,5,middle,low
2023,4,Azerbaijan Grand Prix,2023-04-30,2023-4,constructor,alphatauri,AlphaTauri,6.1,-23,15,14.7049180328,15,21.6833333333,14.5,3,False,False,same_season_prior_normal_mean_walk_forward,same_season_prior_normal_recency_decay_0.8,all_prior_weekends_sprint_scores_divided_by_prior_global_factor,same_season_plus_prior_group_prior,full_season_normal_mean_non_predictive,1,29.9875,0.500208420175,-0.766986244268,0.4,7,middle,medium
2023,4,Azerbaijan Grand Prix,2023-04-30,2023-4,constructor,alpine,Alpine,9.9,25,15.6666666667,15.7868852459,15.6666666667,22.0166666667,17.75,3,False,False,same_season_prior_normal_mean_walk_forward,same_season_prior_normal_recency_decay_0.8,all_prior_weekends_sprint_scores_divided_by_prior_global_factor,same_season_plus_prior_group_prior,full_season_normal_mean_non_predictive,1,29.9875,0.522439905516,0.833680700292,0.7,6,middle,high
2023,4,Azerbaijan Grand Prix,2023-04-30,2023-4,constructor,aston_martin,Aston Martin,7,55,43,43.0491803279,43,35.6833333333,30.6875,3,False,False,same_season_prior_normal_mean_walk_forward,same_season_prior_normal_recency_decay_0.8,all_prior_weekends_sprint_scores_divided_by_prior_global_factor,same_season_plus_prior_group_prior,full_season_normal_mean_non_predictive,1,29.9875,1.4339308045,1.83409754064,0.5,2,top,medium
2023,4,Azerbaijan Grand Prix,2023-04-30,2023-4,constructor,ferrari,Ferrari,22.2,63,31,28.7049180328,31,29.6833333333,47,3,False,False,same_season_prior_normal_mean_walk_forward,same_season_prior_normal_recency_decay_0.8,all_prior_weekends_sprint_scores_divided_by_prior_global_factor,same_season_plus_prior_group_prior,full_season_normal_mean_non_predictive,1,29.9875,1.03376406836,2.10087536474,0.8,4,middle,high
2023,4,Azerbaijan Grand Prix,2023-04-30,2023-4,constructor,haas,Haas,5.2,17,14.3333333333,14.7868852459,14.3333333333,21.35,9,3,False,False,same_season_prior_normal_mean_walk_forward,same_season_prior_normal_recency_decay_0.8,all_prior_weekends_sprint_scores_divided_by_prior_global_factor,same_season_plus_prior_group_prior,full_season_normal_mean_non_predictive,1,29.9875,0.477976934834,0.566902876198,0.2,8,lower,low
2023,4,Azerbaijan Grand Prix,2023-04-30,2023-4,constructor,mclaren,McLaren,9,23,11.3333333333,15.1475409836,11.3333333333,19.85,37.0625,3,False,False,same_season_prior_normal_mean_walk_forward,same_season_prior_normal_recency_decay_0.8,all_prior_weekends_sprint_scores_divided_by_prior_global_factor,same_season_plus_prior_group_prior,full_season_normal_mean_non_predictive,1,29.9875,0.377935250799,0.766986244268,0.6,9,lower,medium
2023,4,Azerbaijan Grand Prix,2023-04-30,2023-4,constructor,mercedes,Mercedes,25.1,49,40.3333333333,39.3442622951,40.3333333333,34.35,47.6875,3,False,False,same_season_prior_normal_mean_walk_forward,same_season_prior_normal_recency_decay_0.8,all_prior_weekends_sprint_scores_divided_by_prior_global_factor,same_season_plus_prior_group_prior,full_season_normal_mean_non_predictive,1,29.9875,1.34500486314,1.63401417257,0.9,3,top,high
2023,4,Azerbaijan Grand Prix,2023-04-30,2023-4,constructor,red_bull,Red Bull,27.6,108,90.3333333333,91.7704918033,90.3333333333,59.35,80.1875,3,False,False,same_season_prior_normal_mean_walk_forward,same_season_prior_normal_recency_decay_0.8,all_prior_weekends_sprint_scores_divided_by_prior_global_factor,same_season_plus_prior_group_prior,full_season_normal_mean_non_predictive,1,29.9875,3.01236626372,3.60150062526,1,1,top,high
2023,4,Azerbaijan Grand Prix,2023-04-30,2023-4,constructor,williams,Williams,4.8,-15,1.33333333333,-0.737704918033,1.33333333333,14.85,5.5625,3,False,False,same_season_prior_normal_mean_walk_forward,same_season_prior_normal_recency_decay_0.8,all_prior_weekends_sprint_scores_divided_by_prior_global_factor,same_season_plus_prior_group_prior,full_season_normal_mean_non_predictive,1,29.9875,0.0444629706822,-0.500208420175,0.1,10,lower,low
2023,4,Azerbaijan Grand Prix,2023-04-30,2023-4,driver,albon,Alexander Albon,5.2,2,-6.33333333333,-8.31147540984,-6.33333333333,2.36666666667,4.25,3,False,False,same_season_prior_normal_mean_walk_forward,same_season_prior_normal_recency_decay_0.8,all_prior_weekends_sprint_scores_divided_by_prior_global_factor,same_season_plus_prior_group_prior,full_season_normal_mean_non_predictive,1,11.978125,-0.528741629707,0.16697104096,0.3,20,lower,low
2023,4,Azerbaijan Grand Prix,2023-04-30,2023-4,driver,alonso,Fernando Alonso,9.1,27,28.3333333333,27.1967213115,28.3333333333,19.7,18.1875,3,False,False,same_season_prior_normal_mean_walk_forward,same_season_prior_normal_recency_decay_0.8,all_prior_weekends_sprint_scores_divided_by_prior_global_factor,same_season_plus_prior_group_prior,full_season_normal_mean_non_predictive,1,11.978125,2.36542308027,2.25410905296,0.6,3,top,medium
2023,4,Azerbaijan Grand Prix,2023-04-30,2023-4,driver,bottas,Valtteri Bottas,7.6,-1,7.66666666667,7.67213114754,7.66666666667,9.36666666667,1.625,3,False,False,same_season_prior_normal_mean_walk_forward,same_season_prior_normal_recency_decay_0.8,all_prior_weekends_sprint_scores_divided_by_prior_global_factor,same_season_plus_prior_group_prior,full_season_normal_mean_non_predictive,1,11.978125,0.640055657014,-0.08348552048,0.45,12,middle,medium
2023,4,Azerbaijan Grand Prix,2023-04-30,2023-4,driver,de_vries,Nyck de Vries,4.8,-15,6,5.62295081967,6,8.53333333333,3.25,3,False,False,same_season_prior_normal_mean_walk_forward,same_season_prior_normal_recency_decay_0.8,all_prior_weekends_sprint_scores_divided_by_prior_global_factor,same_season_plus_prior_group_prior,full_season_normal_mean_non_predictive,1,11.978125,0.50091312288,-1.2522828072,0.225,14,middle,low
2023,4,Azerbaijan Grand Prix,2023-04-30,2023-4,driver,gasly,Pierre Gasly,8.1,17,9,7.62295081967,9,10.0333333333,8.25,3,False,False,same_season_prior_normal_mean_walk_forward,same_season_prior_normal_recency_decay_0.8,all_prior_weekends_sprint_scores_divided_by_prior_global_factor,same_season_plus_prior_group_prior,full_season_normal_mean_non_predictive,1,11.978125,0.75136968432,1.41925384816,0.55,7,middle,medium
2023,4,Azerbaijan Grand Prix,2023-04-30,2023-4,driver,hamilton,Lewis Hamilton,23.8,19,21.3333333333,22.1147540984,21.3333333333,16.2,25.5625,3,False,False,same_season_prior_normal_mean_walk_forward,same_season_prior_normal_recency_decay_0.8,all_prior_weekends_sprint_scores_divided_by_prior_global_factor,same_season_plus_prior_group_prior,full_season_normal_mean_non_predictive,1,11.978125,1.78102443691,1.58622488912,0.95,4,top,high
2023,4,Azerbaijan Grand Prix,2023-04-30,2023-4,driver,hulkenberg,Nico Hülkenberg,4,2,3.66666666667,4.5737704918,3.66666666667,7.36666666667,3.125,3,False,False,same_season_prior_normal_mean_walk_forward,same_season_prior_normal_recency_decay_0.8,all_prior_weekends_sprint_scores_divided_by_prior_global_factor,same_season_plus_prior_group_prior,full_season_normal_mean_non_predictive,1,11.978125,0.306113575093,0.16697104096,0.1,16,lower,low
2023,4,Azerbaijan Grand Prix,2023-04-30,2023-4,driver,kevin_magnussen,Kevin Magnussen,6.6,16,6.33333333333,5.86885245902,6.33333333333,8.7,2.3125,3,False,False,same_season_prior_normal_mean_walk_forward,same_season_prior_normal_recency_decay_0.8,all_prior_weekends_sprint_scores_divided_by_prior_global_factor,same_season_plus_prior_group_prior,full_season_normal_mean_non_predictive,1,11.978125,0.528741629707,1.33576832768,0.35,13,middle,medium
2023,4,Azerbaijan Grand Prix,2023-04-30,2023-4,driver,leclerc,Charles Leclerc,21.2,29,0.333333333333,-0.180327868852,0.333333333333,5.7,14.9375,3,False,False,same_season_prior_normal_mean_walk_forward,same_season_prior_normal_recency_decay_0.8,all_prior_weekends_sprint_scores_divided_by_prior_global_factor,same_season_plus_prior_group_prior,full_season_normal_mean_non_predictive,1,11.978125,0.0278285068267,2.42108009392,0.9,18,lower,high
2023,4,Azerbaijan Grand Prix,2023-04-30,2023-4,driver,max_verstappen,Max Verstappen,27.3,37,44,43.9344262295,44,27.5333333333,43.3125,3,False,False,same_season_prior_normal_mean_walk_forward,same_season_prior_normal_recency_decay_0.8,all_prior_weekends_sprint_scores_divided_by_prior_global_factor,same_season_plus_prior_group_prior,full_season_normal_mean_non_predictive,1,11.978125,3.67336290112,3.08896425776,1,1,top,high
2023,4,Azerbaijan Grand Prix,2023-04-30,2023-4,driver,norris,Lando Norris,11.1,0,8.33333333333,9.81967213115,8.33333333333,9.7,15.625,3,False,False,same_season_prior_normal_mean_walk_forward,same_season_prior_normal_recency_decay_0.8,all_prior_weekends_sprint_scores_divided_by_prior_global_factor,same_season_plus_prior_group_prior,full_season_normal_mean_non_predictive,1,11.978125,0.695712670667,0,0.7,9,middle,high
2023,4,Azerbaijan Grand Prix,2023-04-30,2023-4,driver,ocon,Esteban Ocon,9.2,7,-2.66666666667,-1.34426229508,-2.66666666667,4.2,4.5,3,False,False,same_season_prior_normal_mean_walk_forward,same_season_prior_normal_recency_decay_0.8,all_prior_weekends_sprint_scores_divided_by_prior_global_factor,same_season_plus_prior_group_prior,full_season_normal_mean_non_predictive,1,11.978125,-0.222628054613,0.58439864336,0.65,19,lower,medium
2023,4,Azerbaijan Grand Prix,2023-04-30,2023-4,driver,perez,Sergio Pérez,18.4,61,38.6666666667,40.4590163934,38.6666666667,24.8666666667,24.625,3,False,False,same_season_prior_normal_mean_walk_forward,same_season_prior_normal_recency_decay_0.8,all_prior_weekends_sprint_scores_divided_by_prior_global_factor,same_season_plus_prior_group_prior,full_season_normal_mean_non_predictive,1,11.978125,3.22810679189,5.09261674928,0.8,2,top,high
2023,4,Azerbaijan Grand Prix,2023-04-30,2023-4,driver,piastri,Oscar Piastri,6.8,8,0.666666666667,3.01639344262,0.666666666667,5.86666666667,13.6875,3,False,False,same_season_prior_normal_mean_walk_forward,same_season_prior_normal_recency_decay_0.8,all_prior_weekends_sprint_scores_divided_by_prior_global_factor,same_season_plus_prior_group_prior,full_season_normal_mean_non_predictive,1,11.978125,0.0556570136534,0.66788416384,0.4,17,lower,medium
2023,4,Azerbaijan Grand Prix,2023-04-30,2023-4,driver,russell,George Russell,18.6,25,9,7.22950819672,9,10.0333333333,14.625,3,False,False,same_season_prior_normal_mean_walk_forward,same_season_prior_normal_recency_decay_0.8,all_prior_weekends_sprint_scores_divided_by_prior_global_factor,same_season_plus_prior_group_prior,full_season_normal_mean_non_predictive,1,11.978125,0.75136968432,2.087138012,0.85,8,middle,high
2023,4,Azerbaijan Grand Prix,2023-04-30,2023-4,driver,sainz,Carlos Sainz,17.2,21,13,12.1967213115,13,12.0333333333,19.4375,3,False,False,same_season_prior_normal_mean_walk_forward,same_season_prior_normal_recency_decay_0.8,all_prior_weekends_sprint_scores_divided_by_prior_global_factor,same_season_plus_prior_group_prior,full_season_normal_mean_non_predictive,1,11.978125,1.08531176624,1.75319593008,0.75,5,top,high
2023,4,Azerbaijan Grand Prix,2023-04-30,2023-4,driver,sargeant,Logan Sargeant,3.7,-20,6,5.59016393443,6,8.53333333333,-0.8125,3,False,False,same_season_prior_normal_mean_walk_forward,same_season_prior_normal_recency_decay_0.8,all_prior_weekends_sprint_scores_divided_by_prior_global_factor,same_season_plus_prior_group_prior,full_season_normal_mean_non_predictive,1,11.978125,0.50091312288,-1.6697104096,0.05,15,middle,low
2023,4,Azerbaijan Grand Prix,2023-04-30,2023-4,driver,stroll,Lance Stroll,7.7,18,8,8.47540983607,8,9.53333333333,7.5625,3,False,False,same_season_prior_normal_mean_walk_forward,same_season_prior_normal_recency_decay_0.8,all_prior_weekends_sprint_scores_divided_by_prior_global_factor,same_season_plus_prior_group_prior,full_season_normal_mean_non_predictive,1,11.978125,0.66788416384,1.50273936864,0.5,10,middle,medium
2023,4,Azerbaijan Grand Prix,2023-04-30,2023-4,driver,tsunoda,Yuki Tsunoda,4.7,-13,8,7.91803278689,8,9.53333333333,6.1875,3,False,False,same_season_prior_normal_mean_walk_forward,same_season_prior_normal_recency_decay_0.8,all_prior_weekends_sprint_scores_divided_by_prior_global_factor,same_season_plus_prior_group_prior,full_season_normal_mean_non_predictive,1,11.978125,0.66788416384,-1.08531176624,0.15,11,middle,low
2023,4,Azerbaijan Grand Prix,2023-04-30,2023-4,driver,zhou,Guanyu Zhou,4.8,-10,12,12.0491803279,12,11.5333333333,6.6875,3,False,False,same_season_prior_normal_mean_walk_forward,same_season_prior_normal_recency_decay_0.8,all_prior_weekends_sprint_scores_divided_by_prior_global_factor,same_season_plus_prior_group_prior,full_season_normal_mean_non_predictive,1,11.978125,1.00182624576,-0.8348552048,0.225,6,middle,low
2023,9,Austrian Grand Prix,2023-07-02,2023-9,constructor,alfa,Alfa Romeo,5.9,16,17.7142857143,16.5625921187,14.285673516,21.1342857143,10.4375,7,False,False,same_season_prior_normal_mean_walk_forward,same_season_prior_normal_recency_decay_0.8,all_prior_weekends_sprint_scores_divided_by_prior_global_factor,same_season_plus_prior_group_prior,full_season_normal_mean_non_predictive,1.02937720329,29.9875,0.590722324778,0.533555648187,0.3,6,middle,low
2023,9,Austrian Grand Prix,2023-07-02,2023-9,constructor,alphatauri,AlphaTauri,6,20,12.7142857143,11.6516091414,8.33204908676,17.6342857143,14.5,7,False,False,same_season_prior_normal_mean_walk_forward,same_season_prior_normal_recency_decay_0.8,all_prior_weekends_sprint_scores_divided_by_prior_global_factor,same_season_plus_prior_group_prior,full_season_normal_mean_non_predictive,1.02937720329,29.9875,0.42398618472,0.666944560233,0.4,7,middle,medium
2023,9,Austrian Grand Prix,2023-07-02,2023-9,constructor,alpine,Alpine,10.5,21,24.8571428571,27.1785037495,24.78581621,26.1342857143,17.75,7,False,False,same_season_prior_normal_mean_walk_forward,same_season_prior_normal_recency_decay_0.8,all_prior_weekends_sprint_scores_divided_by_prior_global_factor,same_season_plus_prior_group_prior,full_season_normal_mean_non_predictive,1.02937720329,29.9875,0.828916810576,0.700291788245,0.7,5,middle,high
2023,9,Austrian Grand Prix,2023-07-02,2023-9,constructor,aston_martin,Aston Martin,8.5,63,38.8571428571,38.4996355744,40.6787956621,35.9342857143,30.6875,7,False,False,same_season_prior_normal_mean_walk_forward,same_season_prior_normal_recency_decay_0.8,all_prior_weekends_sprint_scores_divided_by_prior_global_factor,same_season_plus_prior_group_prior,full_season_normal_mean_non_predictive,1.02937720329,29.9875,1.29577800274,2.10087536474,0.5,3,top,medium
2023,9,Austrian Grand Prix,2023-07-02,2023-9,constructor,ferrari,Ferrari,22.8,73,38.5714285714,39.8439610632,41.4002568493,35.7342857143,47,7,False,False,same_season_prior_normal_mean_walk_forward,same_season_prior_normal_recency_decay_0.8,all_prior_weekends_sprint_scores_divided_by_prior_global_factor,same_season_plus_prior_group_prior,full_season_normal_mean_non_predictive,1.02937720329,29.9875,1.28625022331,2.43434764485,0.8,4,middle,high
2023,9,Austrian Grand Prix,2023-07-02,2023-9,constructor,haas,Haas,5,14,12.2857142857,11.2714727653,12.8143550228,17.3342857143,9,7,False,False,same_season_prior_normal_mean_walk_forward,same_season_prior_normal_recency_decay_0.8,all_prior_weekends_sprint_scores_divided_by_prior_global_factor,same_season_plus_prior_group_prior,full_season_normal_mean_non_predictive,1.02937720329,29.9875,0.409694515572,0.466861192163,0.15,8,lower,low
2023,9,Austrian Grand Prix,2023-07-02,2023-9,constructor,mclaren,McLaren,9.8,54,11.8571428571,13.3204677605,13.1679509132,17.0342857143,37.0625,7,False,False,same_season_prior_normal_mean_walk_forward,same_season_prior_normal_recency_decay_0.8,all_prior_weekends_sprint_scores_divided_by_prior_global_factor,same_season_plus_prior_group_prior,full_season_normal_mean_non_predictive,1.02937720329,29.9875,0.395402846424,1.80075031263,0.6,9,lower,medium
2023,9,Austrian Grand Prix,2023-07-02,2023-9,constructor,mercedes,Mercedes,25.2,70,45.4285714286,44.5575063572,45.7001997717,40.5342857143,47.6875,7,False,False,same_season_prior_normal_mean_walk_forward,same_season_prior_normal_recency_decay_0.8,all_prior_weekends_sprint_scores_divided_by_prior_global_factor,same_season_plus_prior_group_prior,full_season_normal_mean_non_predictive,1.02937720329,29.9875,1.51491692967,2.33430596082,0.9,2,top,high
2023,9,Austrian Grand Prix,2023-07-02,2023-9,constructor,red_bull,Red Bull,28.2,112,87.5714285714,87.184172592,89.7397260274,70.0342857143,80.1875,7,False,False,same_season_prior_normal_mean_walk_forward,same_season_prior_normal_recency_decay_0.8,all_prior_weekends_sprint_scores_divided_by_prior_global_factor,same_season_plus_prior_group_prior,full_season_normal_mean_non_predictive,1.02937720329,29.9875,2.92026439588,3.73488953731,1,1,top,high
2023,9,Austrian Grand Prix,2023-07-02,2023-9,constructor,williams,Williams,5,35,1.28571428571,0.611101213132,-0.696489726027,9.63428571429,5.5625,7,False,False,same_season_prior_normal_mean_walk_forward,same_season_prior_normal_recency_decay_0.8,all_prior_weekends_sprint_scores_divided_by_prior_global_factor,same_season_plus_prior_group_prior,full_season_normal_mean_non_predictive,1.02937720329,29.9875,0.0428750074436,1.16715298041,0.15,10,lower,low
2023,9,Austrian Grand Prix,2023-07-02,2023-9,driver,albon,Alexander Albon,6.4,11,1,4.3481317115,1.11557971014,4.15857142857,4.25,7,False,False,same_season_prior_normal_mean_walk_forward,same_season_prior_normal_recency_decay_0.8,all_prior_weekends_sprint_scores_divided_by_prior_global_factor,same_season_plus_prior_group_prior,full_season_normal_mean_non_predictive,1.03915662651,11.978125,0.08348552048,0.91834072528,0.3,19,lower,low
2023,9,Austrian Grand Prix,2023-07-02,2023-9,driver,alonso,Fernando Alonso,10.9,28,25.4285714286,24.1586466044,25.497826087,21.2585714286,18.1875,7,False,False,same_season_prior_normal_mean_walk_forward,same_season_prior_normal_recency_decay_0.8,all_prior_weekends_sprint_scores_divided_by_prior_global_factor,same_season_plus_prior_group_prior,full_season_normal_mean_non_predictive,1.03915662651,11.978125,2.12291752078,2.33759457344,0.65,3,top,medium
2023,9,Austrian Grand Prix,2023-07-02,2023-9,driver,bottas,Valtteri Bottas,7.9,5,6.14285714286,5.74266694741,5.25471014493,7.75857142857,1.625,7,False,False,same_season_prior_normal_mean_walk_forward,same_season_prior_normal_recency_decay_0.8,all_prior_weekends_sprint_scores_divided_by_prior_global_factor,same_season_plus_prior_group_prior,full_season_normal_mean_non_predictive,1.03915662651,11.978125,0.512839625806,0.4174276024,0.45,13,middle,medium
2023,9,Austrian Grand Prix,2023-07-02,2023-9,driver,de_vries,Nyck de Vries,4.5,9,3.28571428571,2.38387781215,1.07065217391,5.75857142857,3.25,7,False,False,same_season_prior_normal_mean_walk_forward,same_season_prior_normal_recency_decay_0.8,all_prior_weekends_sprint_scores_divided_by_prior_global_factor,same_season_plus_prior_group_prior,full_season_normal_mean_non_predictive,1.03915662651,11.978125,0.274309567292,0.75136968432,0.15,17,lower,low
2023,9,Austrian Grand Prix,2023-07-02,2023-9,driver,gasly,Pierre Gasly,8.6,7,9.85714285714,9.70246675629,10.6699275362,10.3585714286,8.25,7,False,False,same_season_prior_normal_mean_walk_forward,same_season_prior_normal_recency_decay_0.8,all_prior_weekends_sprint_scores_divided_by_prior_global_factor,same_season_plus_prior_group_prior,full_season_normal_mean_non_predictive,1.03915662651,11.978125,0.822928701875,0.58439864336,0.525,7,middle,medium
2023,9,Austrian Grand Prix,2023-07-02,2023-9,driver,hamilton,Lewis Hamilton,24.4,31,25.4285714286,26.9548436209,24.5355072464,21.2585714286,25.5625,7,False,False,same_season_prior_normal_mean_walk_forward,same_season_prior_normal_recency_decay_0.8,all_prior_weekends_sprint_scores_divided_by_prior_global_factor,same_season_plus_prior_group_prior,full_season_normal_mean_non_predictive,1.03915662651,11.978125,2.12291752078,2.58805113488,0.95,4,top,high
2023,9,Austrian Grand Prix,2023-07-02,2023-9,driver,hulkenberg,Nico Hülkenberg,3.8,-4,3.42857142857,3.16319787499,3.24057971014,5.85857142857,3.125,7,False,False,same_season_prior_normal_mean_walk_forward,same_season_prior_normal_recency_decay_0.8,all_prior_weekends_sprint_scores_divided_by_prior_global_factor,same_season_plus_prior_group_prior,full_season_normal_mean_non_predictive,1.03915662651,11.978125,0.286236070217,-0.33394208192,0.05,16,lower,low
2023,9,Austrian Grand Prix,2023-07-02,2023-9,driver,kevin_magnussen,Kevin Magnussen,6.9,13,5,4.24593058098,6.29963768116,6.95857142857,2.3125,7,False,False,same_season_prior_normal_mean_walk_forward,same_season_prior_normal_recency_decay_0.8,all_prior_weekends_sprint_scores_divided_by_prior_global_factor,same_season_plus_prior_group_prior,full_season_normal_mean_non_predictive,1.03915662651,11.978125,0.4174276024,1.08531176624,0.35,14,middle,medium
2023,9,Austrian Grand Prix,2023-07-02,2023-9,driver,leclerc,Charles Leclerc,21.8,32,9.42857142857,12.2618519298,11.7384057971,10.0585714286,14.9375,7,False,False,same_season_prior_normal_mean_walk_forward,same_season_prior_normal_recency_decay_0.8,all_prior_weekends_sprint_scores_divided_by_prior_global_factor,same_season_plus_prior_group_prior,full_season_normal_mean_non_predictive,1.03915662651,11.978125,0.787149193098,2.67153665536,0.9,9,middle,high
2023,9,Austrian Grand Prix,2023-07-02,2023-9,driver,max_verstappen,Max Verstappen,27.9,56,44.5714285714,43.2444404853,43.4507246377,34.6585714286,43.3125,7,False,False,same_season_prior_normal_mean_walk_forward,same_season_prior_normal_recency_decay_0.8,all_prior_weekends_sprint_scores_divided_by_prior_global_factor,same_season_plus_prior_group_prior,full_season_normal_mean_non_predictive,1.03915662651,11.978125,3.72106891282,4.67518914688,1,1,top,high
2023,9,Austrian Grand Prix,2023-07-02,2023-9,driver,norris,Lando Norris,11.4,29,4.57142857143,3.68627006365,4,6.65857142857,15.625,7,False,False,same_season_prior_normal_mean_walk_forward,same_season_prior_normal_recency_decay_0.8,all_prior_weekends_sprint_scores_divided_by_prior_global_factor,same_season_plus_prior_group_prior,full_season_normal_mean_non_predictive,1.03915662651,11.978125,0.381648093623,2.42108009392,0.7,15,middle,high
2023,9,Austrian Grand Prix,2023-07-02,2023-9,driver,ocon,Esteban Ocon,9.9,9,7.42857142857,10.4854634684,7.34202898551,8.65857142857,4.5,7,False,False,same_season_prior_normal_mean_walk_forward,same_season_prior_normal_recency_decay_0.8,all_prior_weekends_sprint_scores_divided_by_prior_global_factor,same_season_plus_prior_group_prior,full_season_normal_mean_non_predictive,1.03915662651,11.978125,0.620178152137,0.75136968432,0.6,11,middle,medium
2023,9,Austrian Grand Prix,2023-07-02,2023-9,driver,perez,Sergio Pérez,19,51,29.8571428571,28.0333651868,33.4626811594,24.3585714286,24.625,7,False,False,same_season_prior_normal_mean_walk_forward,same_season_prior_normal_recency_decay_0.8,all_prior_weekends_sprint_scores_divided_by_prior_global_factor,same_season_plus_prior_group_prior,full_season_normal_mean_non_predictive,1.03915662651,11.978125,2.49263911148,4.25776154448,0.85,2,top,high
2023,9,Austrian Grand Prix,2023-07-02,2023-9,driver,piastri,Oscar Piastri,7,20,2.42857142857,3.42526036183,3.08731884058,5.15857142857,13.6875,7,False,False,same_season_prior_normal_mean_walk_forward,same_season_prior_normal_recency_decay_0.8,all_prior_weekends_sprint_scores_divided_by_prior_global_factor,same_season_plus_prior_group_prior,full_season_normal_mean_non_predictive,1.03915662651,11.978125,0.202750549737,1.6697104096,0.4,18,lower,medium
2023,9,Austrian Grand Prix,2023-07-02,2023-9,driver,russell,George Russell,18.5,34,12.8571428571,11.2874103108,14.2572463768,12.4585714286,14.625,7,False,False,same_season_prior_normal_mean_walk_forward,same_season_prior_normal_recency_decay_0.8,all_prior_weekends_sprint_scores_divided_by_prior_global_factor,same_season_plus_prior_group_prior,full_season_normal_mean_non_predictive,1.03915662651,11.978125,1.07338526331,2.83850769632,0.8,6,middle,high
2023,9,Austrian Grand Prix,2023-07-02,2023-9,driver,sainz,Carlos Sainz,17.6,31,15.1428571429,16.0624868402,15.7760869565,14.0585714286,19.4375,7,False,False,same_season_prior_normal_mean_walk_forward,same_season_prior_normal_recency_decay_0.8,all_prior_weekends_sprint_scores_divided_by_prior_global_factor,same_season_plus_prior_group_prior,full_season_normal_mean_non_predictive,1.03915662651,11.978125,1.26420931013,2.58805113488,0.75,5,top,high
2023,9,Austrian Grand Prix,2023-07-02,2023-9,driver,sargeant,Logan Sargeant,4,19,0.142857142857,-3.0624544468,-2.28079710145,3.55857142857,-0.8125,7,False,False,same_season_prior_normal_mean_walk_forward,same_season_prior_normal_recency_decay_0.8,all_prior_weekends_sprint_scores_divided_by_prior_global_factor,same_season_plus_prior_group_prior,full_season_normal_mean_non_predictive,1.03915662651,11.978125,0.0119265029257,1.58622488912,0.1,20,lower,low
2023,9,Austrian Grand Prix,2023-07-02,2023-9,driver,stroll,Lance Stroll,8.6,25,7,7.72747444972,8.2902173913,8.35857142857,7.5625,7,False,False,same_season_prior_normal_mean_walk_forward,same_season_prior_normal_recency_decay_0.8,all_prior_weekends_sprint_scores_divided_by_prior_global_factor,same_season_plus_prior_group_prior,full_season_normal_mean_non_predictive,1.03915662651,11.978125,0.58439864336,2.087138012,0.525,12,middle,medium
2023,9,Austrian Grand Prix,2023-07-02,2023-9,driver,tsunoda,Yuki Tsunoda,5.1,4,7.85714285714,7.67962941967,5.31123188406,8.95857142857,6.1875,7,False,False,same_season_prior_normal_mean_walk_forward,same_season_prior_normal_recency_decay_0.8,all_prior_weekends_sprint_scores_divided_by_prior_global_factor,same_season_plus_prior_group_prior,full_season_normal_mean_non_predictive,1.03915662651,11.978125,0.655957660915,0.33394208192,0.25,10,middle,low
2023,9,Austrian Grand Prix,2023-07-02,2023-9,driver,zhou,Guanyu Zhou,4.7,10,9.71428571429,9.21041123403,7.29710144928,10.2585714286,6.6875,7,False,False,same_season_prior_normal_mean_walk_forward,same_season_prior_normal_recency_decay_0.8,all_prior_weekends_sprint_scores_divided_by_prior_global_factor,same_season_plus_prior_group_prior,full_season_normal_mean_non_predictive,1.03915662651,11.978125,0.811002198949,0.8348552048,0.2,8,middle,low
2023,12,Belgian Grand Prix,2023-07-30,2023-12,constructor,alfa,Alfa Romeo,6.4,26,14.4444444444,11.0617481805,12.225366841,17.8694444444,10.4375,9,False,False,same_season_prior_normal_mean_walk_forward,same_season_prior_normal_recency_decay_0.8,all_prior_weekends_sprint_scores_divided_by_prior_global_factor,same_season_plus_prior_group_prior,full_season_normal_mean_non_predictive,1.33957418607,29.9875,0.481682182391,0.867027928303,0.4,6,middle,medium
2023,12,Belgian Grand Prix,2023-07-30,2023-12,constructor,alphatauri,AlphaTauri,6,18,11.3333333333,9.57882554564,9.06913476134,15.5361111111,14.5,9,False,False,same_season_prior_normal_mean_walk_forward,same_season_prior_normal_recency_decay_0.8,all_prior_weekends_sprint_scores_divided_by_prior_global_factor,same_season_plus_prior_group_prior,full_season_normal_mean_non_predictive,1.33957418607,29.9875,0.377935250799,0.60025010421,0.25,8,lower,low
2023,12,Belgian Grand Prix,2023-07-30,2023-12,constructor,alpine,Alpine,10.8,43,13.6666666667,4.8354020536,14.3035700231,17.2861111111,17.75,9,False,False,same_season_prior_normal_mean_walk_forward,same_season_prior_normal_recency_decay_0.8,all_prior_weekends_sprint_scores_divided_by_prior_global_factor,same_season_plus_prior_group_prior,full_season_normal_mean_non_predictive,1.33957418607,29.9875,0.455745449493,1.4339308045,0.6,7,middle,medium
2023,12,Belgian Grand Prix,2023-07-30,2023-12,constructor,aston_martin,Aston Martin,10,24,35,31.4079348023,36.6443357508,33.2861111111,30.6875,9,False,False,same_season_prior_normal_mean_walk_forward,same_season_prior_normal_recency_decay_0.8,all_prior_weekends_sprint_scores_divided_by_prior_global_factor,same_season_plus_prior_group_prior,full_season_normal_mean_non_predictive,1.33957418607,29.9875,1.16715298041,0.80033347228,0.5,4,middle,medium
2023,12,Belgian Grand Prix,2023-07-30,2023-12,constructor,ferrari,Ferrari,23.1,38,36.3333333333,35.288744226,38.95679991,34.2861111111,47,9,False,False,same_season_prior_normal_mean_walk_forward,same_season_prior_normal_recency_decay_0.8,all_prior_weekends_sprint_scores_divided_by_prior_global_factor,same_season_plus_prior_group_prior,full_season_normal_mean_non_predictive,1.33957418607,29.9875,1.21161595109,1.26719466444,0.8,3,top,high
2023,12,Belgian Grand Prix,2023-07-30,2023-12,constructor,haas,Haas,5.4,23,8.66666666667,5.56827190844,9.19469837522,13.5361111111,9,9,False,False,same_season_prior_normal_mean_walk_forward,same_season_prior_normal_recency_decay_0.8,all_prior_weekends_sprint_scores_divided_by_prior_global_factor,same_season_plus_prior_group_prior,full_season_normal_mean_non_predictive,1.33957418607,29.9875,0.289009309434,0.766986244268,0.1,9,lower,low
2023,12,Belgian Grand Prix,2023-07-30,2023-12,constructor,mclaren,McLaren,11.8,18,23.6666666667,34.6706757793,24.5891774892,24.7861111111,37.0625,9,False,False,same_season_prior_normal_mean_walk_forward,same_season_prior_normal_recency_decay_0.8,all_prior_weekends_sprint_scores_divided_by_prior_global_factor,same_season_plus_prior_group_prior,full_season_normal_mean_non_predictive,1.33957418607,29.9875,0.78921772961,0.60025010421,0.7,5,middle,high
2023,12,Belgian Grand Prix,2023-07-30,2023-12,constructor,mercedes,Mercedes,25.5,70,47,47.836965643,46.5303817395,42.2861111111,47.6875,9,False,False,same_season_prior_normal_mean_walk_forward,same_season_prior_normal_recency_decay_0.8,all_prior_weekends_sprint_scores_divided_by_prior_global_factor,same_season_plus_prior_group_prior,full_season_normal_mean_non_predictive,1.33957418607,29.9875,1.56731971655,2.33430596082,0.9,2,top,high
2023,12,Belgian Grand Prix,2023-07-30,2023-12,constructor,red_bull,Red Bull,28.7,80,87.2222222222,87.1075919836,86.2937538652,72.4527777778,80.1875,9,False,False,same_season_prior_normal_mean_walk_forward,same_season_prior_normal_recency_decay_0.8,all_prior_weekends_sprint_scores_divided_by_prior_global_factor,same_season_plus_prior_group_prior,full_season_normal_mean_non_predictive,1.33957418607,29.9875,2.90861933213,2.66777824093,1,1,top,high
2023,12,Belgian Grand Prix,2023-07-30,2023-12,constructor,williams,Williams,6,21,4.11111111111,5.94731992849,4.72091977287,10.1194444444,5.5625,9,False,False,same_season_prior_normal_mean_walk_forward,same_season_prior_normal_recency_decay_0.8,all_prior_weekends_sprint_scores_divided_by_prior_global_factor,same_season_plus_prior_group_prior,full_season_normal_mean_non_predictive,1.33957418607,29.9875,0.137094159604,0.700291788245,0.25,10,lower,low
2023,12,Belgian Grand Prix,2023-07-30,2023-12,driver,albon,Alexander Albon,7.9,19,2.55555555556,5.86661115648,2.91255411255,4.68194444444,4.25,9,False,False,same_season_prior_normal_mean_walk_forward,same_season_prior_normal_recency_decay_0.8,all_prior_weekends_sprint_scores_divided_by_prior_global_factor,same_season_plus_prior_group_prior,full_season_normal_mean_non_predictive,1.43835616438,11.978125,0.213351885671,1.58622488912,0.375,16,lower,medium
2023,12,Belgian Grand Prix,2023-07-30,2023-12,driver,alonso,Fernando Alonso,11.9,2,21.8888888889,17.9479479663,21.3852813853,19.1819444444,18.1875,9,False,False,same_season_prior_normal_mean_walk_forward,same_season_prior_normal_recency_decay_0.8,all_prior_weekends_sprint_scores_divided_by_prior_global_factor,same_season_plus_prior_group_prior,full_season_normal_mean_non_predictive,1.43835616438,11.978125,1.82740528162,0.16697104096,0.65,4,top,medium
2023,12,Belgian Grand Prix,2023-07-30,2023-12,driver,bottas,Valtteri Bottas,7.9,7,4.22222222222,2.43079490544,3.70735930736,5.93194444444,1.625,9,False,False,same_season_prior_normal_mean_walk_forward,same_season_prior_normal_recency_decay_0.8,all_prior_weekends_sprint_scores_divided_by_prior_global_factor,same_season_plus_prior_group_prior,full_season_normal_mean_non_predictive,1.43835616438,11.978125,0.352494419805,0.58439864336,0.375,14,middle,medium
2023,12,Belgian Grand Prix,2023-07-30,2023-12,driver,gasly,Pierre Gasly,9,17,5.22222222222,0.724588271542,5.78961038961,6.68194444444,8.25,9,False,False,same_season_prior_normal_mean_walk_forward,same_season_prior_normal_recency_decay_0.8,all_prior_weekends_sprint_scores_divided_by_prior_global_factor,same_season_plus_prior_group_prior,full_season_normal_mean_non_predictive,1.43835616438,11.978125,0.435979940285,1.41925384816,0.475,13,middle,medium
2023,12,Belgian Grand Prix,2023-07-30,2023-12,driver,hamilton,Lewis Hamilton,25.1,32,24.7777777778,24.9869773818,23.4329004329,21.3486111111,25.5625,9,False,False,same_season_prior_normal_mean_walk_forward,same_season_prior_normal_recency_decay_0.8,all_prior_weekends_sprint_scores_divided_by_prior_global_factor,same_season_plus_prior_group_prior,full_season_normal_mean_non_predictive,1.43835616438,11.978125,2.06858567412,2.67153665536,0.95,3,top,high
2023,12,Belgian Grand Prix,2023-07-30,2023-12,driver,hulkenberg,Nico Hülkenberg,4.3,13,2.66666666667,1.8479119517,2.05541125541,4.76527777778,3.125,9,False,False,same_season_prior_normal_mean_walk_forward,same_season_prior_normal_recency_decay_0.8,all_prior_weekends_sprint_scores_divided_by_prior_global_factor,same_season_plus_prior_group_prior,full_season_normal_mean_non_predictive,1.43835616438,11.978125,0.222628054613,1.08531176624,0.05,15,middle,low
2023,12,Belgian Grand Prix,2023-07-30,2023-12,driver,kevin_magnussen,Kevin Magnussen,7.3,9,2.33333333333,0.124184127438,3.74199134199,4.51527777778,2.3125,9,False,False,same_season_prior_normal_mean_walk_forward,same_season_prior_normal_recency_decay_0.8,all_prior_weekends_sprint_scores_divided_by_prior_global_factor,same_season_plus_prior_group_prior,full_season_normal_mean_non_predictive,1.43835616438,11.978125,0.194799547787,0.75136968432,0.3,17,lower,low
2023,12,Belgian Grand Prix,2023-07-30,2023-12,driver,leclerc,Charles Leclerc,22.3,26,9.33333333333,11.0441477462,11.4917748918,9.76527777778,14.9375,9,False,False,same_season_prior_normal_mean_walk_forward,same_season_prior_normal_recency_decay_0.8,all_prior_weekends_sprint_scores_divided_by_prior_global_factor,same_season_plus_prior_group_prior,full_season_normal_mean_non_predictive,1.43835616438,11.978125,0.779198191147,2.17062353248,0.9,8,middle,high
2023,12,Belgian Grand Prix,2023-07-30,2023-12,driver,max_verstappen,Max Verstappen,28.5,68,44.8888888889,44.3902267382,42.6051948052,36.4319444444,43.3125,9,False,False,same_season_prior_normal_mean_walk_forward,same_season_prior_normal_recency_decay_0.8,all_prior_weekends_sprint_scores_divided_by_prior_global_factor,same_season_plus_prior_group_prior,full_season_normal_mean_non_predictive,1.43835616438,11.978125,3.74757225266,5.67701539264,1,1,top,high
2023,12,Belgian Grand Prix,2023-07-30,2023-12,driver,norris,Lando Norris,14.4,15,11,15.8751807383,10.8329004329,11.0152777778,15.625,9,False,False,same_season_prior_normal_mean_walk_forward,same_season_prior_normal_recency_decay_0.8,all_prior_weekends_sprint_scores_divided_by_prior_global_factor,same_season_plus_prior_group_prior,full_season_normal_mean_non_predictive,1.43835616438,11.978125,0.91834072528,1.2522828072,0.7,7,middle,high
2023,12,Belgian Grand Prix,2023-07-30,2023-12,driver,ocon,Esteban Ocon,10.7,23,1.66666666667,-1.59005157361,2.37489177489,4.01527777778,4.5,9,False,False,same_season_prior_normal_mean_walk_forward,same_season_prior_normal_recency_decay_0.8,all_prior_weekends_sprint_scores_divided_by_prior_global_factor,same_season_plus_prior_group_prior,full_season_normal_mean_non_predictive,1.43835616438,11.978125,0.139142534133,1.92016697104,0.6,19,lower,medium
2023,12,Belgian Grand Prix,2023-07-30,2023-12,driver,perez,Sergio Pérez,20.1,7,30.4444444444,30.1909382778,31.9878787879,25.5986111111,24.625,9,False,False,same_season_prior_normal_mean_walk_forward,same_season_prior_normal_recency_decay_0.8,all_prior_weekends_sprint_scores_divided_by_prior_global_factor,same_season_plus_prior_group_prior,full_season_normal_mean_non_predictive,1.43835616438,11.978125,2.54167029017,0.58439864336,0.85,2,top,high
2023,12,Belgian Grand Prix,2023-07-30,2023-12,driver,piastri,Oscar Piastri,9,-7,6.11111111111,9.85517519121,6.7696969697,7.34861111111,13.6875,9,False,False,same_season_prior_normal_mean_walk_forward,same_season_prior_normal_recency_decay_0.8,all_prior_weekends_sprint_scores_divided_by_prior_global_factor,same_season_plus_prior_group_prior,full_season_normal_mean_non_predictive,1.43835616438,11.978125,0.510189291822,-0.58439864336,0.475,12,middle,medium
2023,12,Belgian Grand Prix,2023-07-30,2023-12,driver,ricciardo,Daniel Ricciardo,4.5,7,2,2,2,8.79583333333,7.75,1,False,True,same_season_prior_normal_mean_walk_forward,same_season_prior_normal_recency_decay_0.8,all_prior_weekends_sprint_scores_divided_by_prior_global_factor,same_season_plus_prior_group_prior,full_season_normal_mean_non_predictive,1.43835616438,11.978125,0.16697104096,0.58439864336,0.125,18,lower,low
2023,12,Belgian Grand Prix,2023-07-30,2023-12,driver,russell,George Russell,19.4,28,15,16.1576096952,16.0017316017,14.0152777778,14.625,9,False,False,same_season_prior_normal_mean_walk_forward,same_season_prior_normal_recency_decay_0.8,all_prior_weekends_sprint_scores_divided_by_prior_global_factor,same_season_plus_prior_group_prior,full_season_normal_mean_non_predictive,1.43835616438,11.978125,1.2522828072,2.33759457344,0.8,5,top,high
2023,12,Belgian Grand Prix,2023-07-30,2023-12,driver,sainz,Carlos Sainz,17.3,-8,13.5555555556,12.8948367841,14.3774891775,12.9319444444,19.4375,9,False,False,same_season_prior_normal_mean_walk_forward,same_season_prior_normal_recency_decay_0.8,all_prior_weekends_sprint_scores_divided_by_prior_global_factor,same_season_plus_prior_group_prior,full_season_normal_mean_non_predictive,1.43835616438,11.978125,1.13169261095,-0.66788416384,0.75,6,middle,high
2023,12,Belgian Grand Prix,2023-07-30,2023-12,driver,sargeant,Logan Sargeant,4.5,3,1,-0.218224805601,0.754978354978,3.51527777778,-0.8125,9,False,False,same_season_prior_normal_mean_walk_forward,same_season_prior_normal_recency_decay_0.8,all_prior_weekends_sprint_scores_divided_by_prior_global_factor,same_season_plus_prior_group_prior,full_season_normal_mean_non_predictive,1.43835616438,11.978125,0.08348552048,0.25045656144,0.125,20,lower,low
2023,12,Belgian Grand Prix,2023-07-30,2023-12,driver,stroll,Lance Stroll,9.6,12,6.66666666667,6.96297415524,8.17229437229,7.76527777778,7.5625,9,False,False,same_season_prior_normal_mean_walk_forward,same_season_prior_normal_recency_decay_0.8,all_prior_weekends_sprint_scores_divided_by_prior_global_factor,same_season_plus_prior_group_prior,full_season_normal_mean_non_predictive,1.43835616438,11.978125,0.556570136534,1.00182624576,0.55,11,middle,medium
2023,12,Belgian Grand Prix,2023-07-30,2023-12,driver,tsunoda,Yuki Tsunoda,5.1,7,7,6.19580764065,5.15844155844,8.01527777778,6.1875,9,False,False,same_season_prior_normal_mean_walk_forward,same_season_prior_normal_recency_decay_0.8,all_prior_weekends_sprint_scores_divided_by_prior_global_factor,same_season_plus_prior_group_prior,full_season_normal_mean_non_predictive,1.43835616438,11.978125,0.58439864336,0.58439864336,0.2,10,middle,low
2023,12,Belgian Grand Prix,2023-07-30,2023-12,driver,zhou,Guanyu Zhou,5.7,18,7.77777777778,5.56544396418,6.36363636364,8.59861111111,6.6875,9,False,False,same_season_prior_normal_mean_walk_forward,same_season_prior_normal_recency_decay_0.8,all_prior_weekends_sprint_scores_divided_by_prior_global_factor,same_season_plus_prior_group_prior,full_season_normal_mean_non_predictive,1.43835616438,11.978125,0.649331825956,1.50273936864,0.25,9,middle,low
2023,17,Qatar Grand Prix,2023-10-08,2023-17,constructor,alfa,Alfa Romeo,6.7,39,9.84615384615,2.73894088487,9.51415379002,13.3927884615,10.4375,13,False,False,same_season_prior_normal_mean_walk_forward,same_season_prior_normal_recency_decay_0.8,all_prior_weekends_sprint_scores_divided_by_prior_global_factor,same_season_plus_prior_group_prior,full_season_normal_mean_non_predictive,1.32086979089,29.9875,0.328341937346,1.30054189246,0.15,9,lower,low
2023,17,Qatar Grand Prix,2023-10-08,2023-17,constructor,alphatauri,AlphaTauri,6.7,-4,10.5384615385,8.36728161133,9.27225958907,13.9552884615,14.5,13,False,False,same_season_prior_normal_mean_walk_forward,same_season_prior_normal_recency_decay_0.8,all_prior_weekends_sprint_scores_divided_by_prior_global_factor,same_season_plus_prior_group_prior,full_season_normal_mean_non_predictive,1.32086979089,29.9875,0.351428479815,-0.133388912047,0.15,7,middle,low
2023,17,Qatar Grand Prix,2023-10-08,2023-17,constructor,alpine,Alpine,12.2,23,15.8461538462,13.2326227722,17.0862402285,18.2677884615,17.75,13,False,False,same_season_prior_normal_mean_walk_forward,same_season_prior_normal_recency_decay_0.8,all_prior_weekends_sprint_scores_divided_by_prior_global_factor,same_season_plus_prior_group_prior,full_season_normal_mean_non_predictive,1.32086979089,29.9875,0.528425305416,0.766986244268,0.6,6,middle,medium
2023,17,Qatar Grand Prix,2023-10-08,2023-17,constructor,aston_martin,Aston Martin,12,47,31.5384615385,23.5071392671,32.3440574432,31.0177884615,30.6875,13,False,False,same_season_prior_normal_mean_walk_forward,same_season_prior_normal_recency_decay_0.8,all_prior_weekends_sprint_scores_divided_by_prior_global_factor,same_season_plus_prior_group_prior,full_season_normal_mean_non_predictive,1.32086979089,29.9875,1.05172026806,1.56731971655,0.5,5,middle,medium
2023,17,Qatar Grand Prix,2023-10-08,2023-17,constructor,ferrari,Ferrari,24.2,18,43.3076923077,51.6090901401,43.4207112332,40.5802884615,47,13,False,False,same_season_prior_normal_mean_walk_forward,same_season_prior_normal_recency_decay_0.8,all_prior_weekends_sprint_scores_divided_by_prior_global_factor,same_season_plus_prior_group_prior,full_season_normal_mean_non_predictive,1.32086979089,29.9875,1.44419149004,0.60025010421,0.8,3,top,high
2023,17,Qatar Grand Prix,2023-10-08,2023-17,constructor,haas,Haas,6.9,6,10.5384615385,11.1288607798,11.1176345207,13.9552884615,9,13,False,False,same_season_prior_normal_mean_walk_forward,same_season_prior_normal_recency_decay_0.8,all_prior_weekends_sprint_scores_divided_by_prior_global_factor,same_season_plus_prior_group_prior,full_season_normal_mean_non_predictive,1.32086979089,29.9875,0.351428479815,0.20008336807,0.4,8,lower,medium
2023,17,Qatar Grand Prix,2023-10-08,2023-17,constructor,mclaren,McLaren,16.3,110,34.0769230769,49.8415356402,32.1826440641,33.0802884615,37.0625,13,False,False,same_season_prior_normal_mean_walk_forward,same_season_prior_normal_recency_decay_0.8,all_prior_weekends_sprint_scores_divided_by_prior_global_factor,same_season_plus_prior_group_prior,full_season_normal_mean_non_predictive,1.32086979089,29.9875,1.13637092378,3.66819508128,0.7,4,middle,high
2023,17,Qatar Grand Prix,2023-10-08,2023-17,constructor,mercedes,Mercedes,25.9,53,46,45.5143330502,46.3179708223,42.7677884615,47.6875,13,False,False,same_season_prior_normal_mean_walk_forward,same_season_prior_normal_recency_decay_0.8,all_prior_weekends_sprint_scores_divided_by_prior_global_factor,same_season_plus_prior_group_prior,full_season_normal_mean_non_predictive,1.32086979089,29.9875,1.53397248854,1.76740308462,0.9,2,top,high
2023,17,Qatar Grand Prix,2023-10-08,2023-17,constructor,red_bull,Red Bull,29.3,64,82.0769230769,73.4805130918,80.8826917814,72.0802884615,80.1875,13,False,False,same_season_prior_normal_mean_walk_forward,same_season_prior_normal_recency_decay_0.8,all_prior_weekends_sprint_scores_divided_by_prior_global_factor,same_season_plus_prior_group_prior,full_season_normal_mean_non_predictive,1.32086979089,29.9875,2.73703786834,2.13422259275,1,1,top,high
2023,17,Qatar Grand Prix,2023-10-08,2023-17,constructor,williams,Williams,6.8,-10,3.84615384615,1.72552670579,5.06500954346,8.51778846154,5.5625,13,False,False,same_season_prior_normal_mean_walk_forward,same_season_prior_normal_recency_decay_0.8,all_prior_weekends_sprint_scores_divided_by_prior_global_factor,same_season_plus_prior_group_prior,full_season_normal_mean_non_predictive,1.32086979089,29.9875,0.128258569276,-0.333472280117,0.3,10,lower,low
2023,17,Qatar Grand Prix,2023-10-08,2023-17,driver,albon,Alexander Albon,10.3,23,3.76923076923,4.52606671992,4.48025500636,5.19134615385,4.25,13,False,False,same_season_prior_normal_mean_walk_forward,same_season_prior_normal_recency_decay_0.8,all_prior_weekends_sprint_scores_divided_by_prior_global_factor,same_season_plus_prior_group_prior,full_season_normal_mean_non_predictive,1.41068096464,11.978125,0.314676192579,1.92016697104,0.4,14,middle,medium
2023,17,Qatar Grand Prix,2023-10-08,2023-17,driver,alonso,Fernando Alonso,15.4,25,21.4615384615,17.3472561026,19.9628761051,19.5663461538,18.1875,13,False,False,same_season_prior_normal_mean_walk_forward,same_season_prior_normal_recency_decay_0.8,all_prior_weekends_sprint_scores_divided_by_prior_global_factor,same_season_plus_prior_group_prior,full_season_normal_mean_non_predictive,1.41068096464,11.978125,1.79172770876,2.087138012,0.65,4,top,medium
2023,17,Qatar Grand Prix,2023-10-08,2023-17,driver,bottas,Valtteri Bottas,9.2,15,1.92307692308,-3.1325971177,2.04985328344,3.69134615385,1.625,13,False,False,same_season_prior_normal_mean_walk_forward,same_season_prior_normal_recency_decay_0.8,all_prior_weekends_sprint_scores_divided_by_prior_global_factor,same_season_plus_prior_group_prior,full_season_normal_mean_non_predictive,1.41068096464,11.978125,0.160549077846,1.2522828072,0.3,18,lower,low
2023,17,Qatar Grand Prix,2023-10-08,2023-17,driver,gasly,Pierre Gasly,12,11,9,9.94107296014,9.1289986019,9.44134615385,8.25,13,False,False,same_season_prior_normal_mean_walk_forward,same_season_prior_normal_recency_decay_0.8,all_prior_weekends_sprint_scores_divided_by_prior_global_factor,same_season_plus_prior_group_prior,full_season_normal_mean_non_predictive,1.41068096464,11.978125,0.75136968432,0.91834072528,0.55,11,middle,medium
2023,17,Qatar Grand Prix,2023-10-08,2023-17,driver,hamilton,Lewis Hamilton,25.3,6,25.2307692308,25.6571066835,24.1329972038,22.6288461538,25.5625,13,False,False,same_season_prior_normal_mean_walk_forward,same_season_prior_normal_recency_decay_0.8,all_prior_weekends_sprint_scores_divided_by_prior_global_factor,same_season_plus_prior_group_prior,full_season_normal_mean_non_predictive,1.41068096464,11.978125,2.10640390134,0.50091312288,0.95,3,top,high
2023,17,Qatar Grand Prix,2023-10-08,2023-17,driver,hulkenberg,Nico Hülkenberg,5.2,-18,3.30769230769,3.73081862445,3.17485328344,4.81634615385,3.125,13,False,False,same_season_prior_normal_mean_walk_forward,same_season_prior_normal_recency_decay_0.8,all_prior_weekends_sprint_scores_divided_by_prior_global_factor,same_season_plus_prior_group_prior,full_season_normal_mean_non_predictive,1.41068096464,11.978125,0.276144413896,-1.50273936864,0.15,17,lower,low
2023,17,Qatar Grand Prix,2023-10-08,2023-17,driver,kevin_magnussen,Kevin Magnussen,9.3,23,3.69230769231,3.90004602147,4.68358407006,5.12884615385,2.3125,13,False,False,same_season_prior_normal_mean_walk_forward,same_season_prior_normal_recency_decay_0.8,all_prior_weekends_sprint_scores_divided_by_prior_global_factor,same_season_plus_prior_group_prior,full_season_normal_mean_non_predictive,1.41068096464,11.978125,0.308254229465,1.92016697104,0.35,15,middle,medium
2023,17,Qatar Grand Prix,2023-10-08,2023-17,driver,lawson,Liam Lawson,0,-16,9.25,8.24119241192,9.25,10.1516483516,9.25,4,False,False,same_season_prior_normal_mean_walk_forward,same_season_prior_normal_recency_decay_0.8,all_prior_weekends_sprint_scores_divided_by_prior_global_factor,same_season_plus_prior_group_prior,full_season_normal_mean_non_predictive,1.41068096464,11.978125,0.77224106444,-1.33576832768,0.05,10,middle,low
2023,17,Qatar Grand Prix,2023-10-08,2023-17,driver,leclerc,Charles Leclerc,23.3,22,11.1538461538,15.0173098113,12.9170214235,11.1913461538,14.9375,13,False,False,same_season_prior_normal_mean_walk_forward,same_season_prior_normal_recency_decay_0.8,all_prior_weekends_sprint_scores_divided_by_prior_global_factor,same_season_plus_prior_group_prior,full_season_normal_mean_non_predictive,1.41068096464,11.978125,0.931184651508,1.83668145056,0.9,9,middle,high
2023,17,Qatar Grand Prix,2023-10-08,2023-17,driver,max_verstappen,Max Verstappen,29.3,62,43.0769230769,40.968526936,42.1330798758,37.1288461538,43.3125,13,False,False,same_season_prior_normal_mean_walk_forward,same_season_prior_normal_recency_decay_0.8,all_prior_weekends_sprint_scores_divided_by_prior_global_factor,same_season_plus_prior_group_prior,full_season_normal_mean_non_predictive,1.41068096464,11.978125,3.59629934376,5.17610226976,1,1,top,high
2023,17,Qatar Grand Prix,2023-10-08,2023-17,driver,norris,Lando Norris,17,41,14.9230769231,21.5250805578,14.0744131337,14.2538461538,15.625,13,False,False,same_season_prior_normal_mean_walk_forward,same_season_prior_normal_recency_decay_0.8,all_prior_weekends_sprint_scores_divided_by_prior_global_factor,same_season_plus_prior_group_prior,full_season_normal_mean_non_predictive,1.41068096464,11.978125,1.24586084409,3.42290633968,0.7,6,middle,high
2023,17,Qatar Grand Prix,2023-10-08,2023-17,driver,ocon,Esteban Ocon,11.5,2,1.53846153846,-0.302078030189,2.977888914,3.37884615385,4.5,13,False,False,same_season_prior_normal_mean_walk_forward,same_season_prior_normal_recency_decay_0.8,all_prior_weekends_sprint_scores_divided_by_prior_global_factor,same_season_plus_prior_group_prior,full_season_normal_mean_non_predictive,1.41068096464,11.978125,0.128439262277,0.16697104096,0.5,19,lower,medium
2023,17,Qatar Grand Prix,2023-10-08,2023-17,driver,perez,Sergio Pérez,20.1,-3,26.0769230769,19.0243168113,26.4597764299,23.3163461538,24.625,13,False,False,same_season_prior_normal_mean_walk_forward,same_season_prior_normal_recency_decay_0.8,all_prior_weekends_sprint_scores_divided_by_prior_global_factor,same_season_plus_prior_group_prior,full_season_normal_mean_non_predictive,1.41068096464,11.978125,2.17704549559,-0.25045656144,0.85,2,top,high
2023,17,Qatar Grand Prix,2023-10-08,2023-17,driver,piastri,Oscar Piastri,14,56,11.3076923077,19.15091866,10.1179017229,11.3163461538,13.6875,13,False,False,same_season_prior_normal_mean_walk_forward,same_season_prior_normal_recency_decay_0.8,all_prior_weekends_sprint_scores_divided_by_prior_global_factor,same_season_plus_prior_group_prior,full_season_normal_mean_non_predictive,1.41068096464,11.978125,0.944028577736,4.67518914688,0.6,8,middle,medium
2023,17,Qatar Grand Prix,2023-10-08,2023-17,driver,russell,George Russell,19.9,37,13.0769230769,11.6402102715,14.4795214235,12.7538461538,14.625,13,False,False,same_season_prior_normal_mean_walk_forward,same_season_prior_normal_recency_decay_0.8,all_prior_weekends_sprint_scores_divided_by_prior_global_factor,same_season_plus_prior_group_prior,full_season_normal_mean_non_predictive,1.41068096464,11.978125,1.09173372935,3.08896425776,0.8,7,middle,high
2023,17,Qatar Grand Prix,2023-10-08,2023-17,driver,sainz,Carlos Sainz,19.4,-14,19.5384615385,24.7731418751,17.8244131337,18.0038461538,19.4375,13,False,False,same_season_prior_normal_mean_walk_forward,same_season_prior_normal_recency_decay_0.8,all_prior_weekends_sprint_scores_divided_by_prior_global_factor,same_season_plus_prior_group_prior,full_season_normal_mean_non_predictive,1.41068096464,11.978125,1.63117863092,-1.16879728672,0.75,5,top,high
2023,17,Qatar Grand Prix,2023-10-08,2023-17,driver,sargeant,Logan Sargeant,4.8,-34,-1.61538461538,-5.05445970574,-1.2238903121,0.816346153846,-0.8125,13,False,False,same_season_prior_normal_mean_walk_forward,same_season_prior_normal_recency_decay_0.8,all_prior_weekends_sprint_scores_divided_by_prior_global_factor,same_season_plus_prior_group_prior,full_season_normal_mean_non_predictive,1.41068096464,11.978125,-0.134861225391,-2.83850769632,0.1,20,lower,low
2023,17,Qatar Grand Prix,2023-10-08,2023-17,driver,stroll,Lance Stroll,11,17,4.84615384615,1.68169269524,6.37426641719,6.06634615385,7.5625,13,False,False,same_season_prior_normal_mean_walk_forward,same_season_prior_normal_recency_decay_0.8,all_prior_weekends_sprint_scores_divided_by_prior_global_factor,same_season_plus_prior_group_prior,full_season_normal_mean_non_predictive,1.41068096464,11.978125,0.404583676173,1.41925384816,0.45,13,middle,medium
2023,17,Qatar Grand Prix,2023-10-08,2023-17,driver,tsunoda,Yuki Tsunoda,5.9,11,3.38461538462,-1.10517283685,2.6613903121,4.87884615385,6.1875,13,False,False,same_season_prior_normal_mean_walk_forward,same_season_prior_normal_recency_decay_0.8,all_prior_weekends_sprint_scores_divided_by_prior_global_factor,same_season_plus_prior_group_prior,full_season_normal_mean_non_predictive,1.41068096464,11.978125,0.282566377009,0.91834072528,0.2,16,lower,low
2023,17,Qatar Grand Prix,2023-10-08,2023-17,driver,zhou,Guanyu Zhou,7.2,19,6.38461538462,5.07504593073,5.98498719108,7.31634615385,6.6875,13,False,False,same_season_prior_normal_mean_walk_forward,same_season_prior_normal_recency_decay_0.8,all_prior_weekends_sprint_scores_divided_by_prior_global_factor,same_season_plus_prior_group_prior,full_season_normal_mean_non_predictive,1.41068096464,11.978125,0.533022938449,1.58622488912,0.25,12,middle,low
2023,18,United States Grand Prix,2023-10-22,2023-18,constructor,alfa,Alfa Romeo,6.7,15,9.84615384615,2.73894088487,10.7638983653,13.3927884615,10.4375,13,False,False,same_season_prior_normal_mean_walk_forward,same_season_prior_normal_recency_decay_0.8,all_prior_weekends_sprint_scores_divided_by_prior_global_factor,same_season_plus_prior_group_prior,full_season_normal_mean_non_predictive,1.29123137734,29.9875,0.328341937346,0.500208420175,0.1,9,lower,low
2023,18,United States Grand Prix,2023-10-22,2023-18,constructor,alphatauri,AlphaTauri,7.2,34,10.5384615385,8.36728161133,8.55994117175,13.9552884615,14.5,13,False,False,same_season_prior_normal_mean_walk_forward,same_season_prior_normal_recency_decay_0.8,all_prior_weekends_sprint_scores_divided_by_prior_global_factor,same_season_plus_prior_group_prior,full_season_normal_mean_non_predictive,1.29123137734,29.9875,0.351428479815,1.1338057524,0.2,7,middle,low
2023,18,United States Grand Prix,2023-10-22,2023-18,constructor,alpine,Alpine,12.7,27,15.8461538462,13.2326227722,17.2199357809,18.2677884615,17.75,13,False,False,same_season_prior_normal_mean_walk_forward,same_season_prior_normal_recency_decay_0.8,all_prior_weekends_sprint_scores_divided_by_prior_global_factor,same_season_plus_prior_group_prior,full_season_normal_mean_non_predictive,1.29123137734,29.9875,0.528425305416,0.900375156315,0.6,6,middle,medium
2023,18,United States Grand Prix,2023-10-22,2023-18,constructor,aston_martin,Aston Martin,12,0,31.5384615385,23.5071392671,32.7277592772,31.0177884615,30.6875,13,False,False,same_season_prior_normal_mean_walk_forward,same_season_prior_normal_recency_decay_0.8,all_prior_weekends_sprint_scores_divided_by_prior_global_factor,same_season_plus_prior_group_prior,full_season_normal_mean_non_predictive,1.29123137734,29.9875,1.05172026806,0,0.5,5,middle,medium
2023,18,United States Grand Prix,2023-10-22,2023-18,constructor,ferrari,Ferrari,24.3,35,43.3076923077,51.6090901401,41.8644277252,40.5802884615,47,13,False,False,same_season_prior_normal_mean_walk_forward,same_season_prior_normal_recency_decay_0.8,all_prior_weekends_sprint_scores_divided_by_prior_global_factor,same_season_plus_prior_group_prior,full_season_normal_mean_non_predictive,1.29123137734,29.9875,1.44419149004,1.16715298041,0.8,3,top,high
2023,18,United States Grand Prix,2023-10-22,2023-18,constructor,haas,Haas,7.4,30,10.5384615385,11.1288607798,10.7921924876,13.9552884615,9,13,False,False,same_season_prior_normal_mean_walk_forward,same_season_prior_normal_recency_decay_0.8,all_prior_weekends_sprint_scores_divided_by_prior_global_factor,same_season_plus_prior_group_prior,full_season_normal_mean_non_predictive,1.29123137734,29.9875,0.351428479815,1.00041684035,0.4,8,lower,medium
2023,18,United States Grand Prix,2023-10-22,2023-18,constructor,mclaren,McLaren,16.4,36,34.0769230769,49.8415356402,35.3978341367,33.0802884615,37.0625,13,False,False,same_season_prior_normal_mean_walk_forward,same_season_prior_normal_recency_decay_0.8,all_prior_weekends_sprint_scores_divided_by_prior_global_factor,same_season_plus_prior_group_prior,full_season_normal_mean_non_predictive,1.29123137734,29.9875,1.13637092378,1.20050020842,0.7,4,middle,high
2023,18,United States Grand Prix,2023-10-22,2023-18,constructor,mercedes,Mercedes,25.9,31,46,45.5143330502,46.2010587198,42.7677884615,47.6875,13,False,False,same_season_prior_normal_mean_walk_forward,same_season_prior_normal_recency_decay_0.8,all_prior_weekends_sprint_scores_divided_by_prior_global_factor,same_season_plus_prior_group_prior,full_season_normal_mean_non_predictive,1.29123137734,29.9875,1.53397248854,1.03376406836,0.9,2,top,high
2023,18,United States Grand Prix,2023-10-22,2023-18,constructor,red_bull,Red Bull,29.4,95,82.0769230769,73.4805130918,79.3471442289,72.0802884615,80.1875,13,False,False,same_season_prior_normal_mean_walk_forward,same_season_prior_normal_recency_decay_0.8,all_prior_weekends_sprint_scores_divided_by_prior_global_factor,same_season_plus_prior_group_prior,full_season_normal_mean_non_predictive,1.29123137734,29.9875,2.73703786834,3.16798666111,1,1,top,high
2023,18,United States Grand Prix,2023-10-22,2023-18,constructor,williams,Williams,7.3,29,3.84615384615,1.72552670579,4.35341709901,8.51778846154,5.5625,13,False,False,same_season_prior_normal_mean_walk_forward,same_season_prior_normal_recency_decay_0.8,all_prior_weekends_sprint_scores_divided_by_prior_global_factor,same_season_plus_prior_group_prior,full_season_normal_mean_non_predictive,1.29123137734,29.9875,0.128258569276,0.967069612338,0.3,10,lower,low
2023,18,United States Grand Prix,2023-10-22,2023-18,driver,albon,Alexander Albon,10.8,14,3.76923076923,4.52606671992,5.25265272578,5.19134615385,4.25,13,False,False,same_season_prior_normal_mean_walk_forward,same_season_prior_normal_recency_decay_0.8,all_prior_weekends_sprint_scores_divided_by_prior_global_factor,same_season_plus_prior_group_prior,full_season_normal_mean_non_predictive,1.36493035128,11.978125,0.314676192579,1.16879728672,0.4,13,middle,medium
2023,18,United States Grand Prix,2023-10-22,2023-18,driver,alonso,Fernando Alonso,15.2,-9,21.4615384615,17.3472561026,19.9456662029,19.5663461538,18.1875,13,False,False,same_season_prior_normal_mean_walk_forward,same_season_prior_normal_recency_decay_0.8,all_prior_weekends_sprint_scores_divided_by_prior_global_factor,same_season_plus_prior_group_prior,full_season_normal_mean_non_predictive,1.36493035128,11.978125,1.79172770876,-0.75136968432,0.65,4,top,medium
2023,18,United States Grand Prix,2023-10-22,2023-18,driver,bottas,Valtteri Bottas,9.7,10,1.92307692308,-3.1325971177,2.59109358802,3.69134615385,1.625,13,False,False,same_season_prior_normal_mean_walk_forward,same_season_prior_normal_recency_decay_0.8,all_prior_weekends_sprint_scores_divided_by_prior_global_factor,same_season_plus_prior_group_prior,full_season_normal_mean_non_predictive,1.36493035128,11.978125,0.160549077846,0.8348552048,0.3,18,lower,low
2023,18,United States Grand Prix,2023-10-22,2023-18,driver,gasly,Pierre Gasly,13,22,9,9.94107296014,9.12336364662,9.44134615385,8.25,13,False,False,same_season_prior_normal_mean_walk_forward,same_season_prior_normal_recency_decay_0.8,all_prior_weekends_sprint_scores_divided_by_prior_global_factor,same_season_plus_prior_group_prior,full_season_normal_mean_non_predictive,1.36493035128,11.978125,0.75136968432,1.83668145056,0.55,10,middle,medium
2023,18,United States Grand Prix,2023-10-22,2023-18,driver,hamilton,Lewis Hamilton,25,-4,25.2307692308,25.6571066835,23.0865973024,22.6288461538,25.5625,13,False,False,same_season_prior_normal_mean_walk_forward,same_season_prior_normal_recency_decay_0.8,all_prior_weekends_sprint_scores_divided_by_prior_global_factor,same_season_plus_prior_group_prior,full_season_normal_mean_non_predictive,1.36493035128,11.978125,2.10640390134,-0.33394208192,0.95,3,top,high
2023,18,United States Grand Prix,2023-10-22,2023-18,driver,hulkenberg,Nico Hülkenberg,5.7,17,3.30769230769,3.73081862445,2.22773724667,4.81634615385,3.125,13,False,False,same_season_prior_normal_mean_walk_forward,same_season_prior_normal_recency_decay_0.8,all_prior_weekends_sprint_scores_divided_by_prior_global_factor,same_season_plus_prior_group_prior,full_season_normal_mean_non_predictive,1.36493035128,11.978125,0.276144413896,1.41925384816,0.15,16,lower,low
2023,18,United States Grand Prix,2023-10-22,2023-18,driver,kevin_magnussen,Kevin Magnussen,9.8,12,3.69230769231,3.90004602147,5.45240735469,5.12884615385,2.3125,13,False,False,same_season_prior_normal_mean_walk_forward,same_season_prior_normal_recency_decay_0.8,all_prior_weekends_sprint_scores_divided_by_prior_global_factor,same_season_plus_prior_group_prior,full_season_normal_mean_non_predictive,1.36493035128,11.978125,0.308254229465,1.00182624576,0.35,14,middle,medium
2023,18,United States Grand Prix,2023-10-22,2023-18,driver,leclerc,Charles Leclerc,23.1,-10,11.1538461538,15.0173098113,13.2269149742,11.1913461538,14.9375,13,False,False,same_season_prior_normal_mean_walk_forward,same_season_prior_normal_recency_decay_0.8,all_prior_weekends_sprint_scores_divided_by_prior_global_factor,same_season_plus_prior_group_prior,full_season_normal_mean_non_predictive,1.36493035128,11.978125,0.931184651508,-0.8348552048,0.9,9,middle,high
2023,18,United States Grand Prix,2023-10-22,2023-18,driver,max_verstappen,Max Verstappen,29.5,53,43.0769230769,40.968526936,42.5516646882,37.1288461538,43.3125,13,False,False,same_season_prior_normal_mean_walk_forward,same_season_prior_normal_recency_decay_0.8,all_prior_weekends_sprint_scores_divided_by_prior_global_factor,same_season_plus_prior_group_prior,full_season_normal_mean_non_predictive,1.36493035128,11.978125,3.59629934376,4.42473258544,1,1,top,high
2023,18,United States Grand Prix,2023-10-22,2023-18,driver,norris,Lando Norris,18,46,14.9230769231,21.5250805578,15.0749552821,14.2538461538,15.625,13,False,False,same_season_prior_normal_mean_walk_forward,same_season_prior_normal_recency_decay_0.8,all_prior_weekends_sprint_scores_divided_by_prior_global_factor,same_season_plus_prior_group_prior,full_season_normal_mean_non_predictive,1.36493035128,11.978125,1.24586084409,3.84033394208,0.7,6,middle,high
2023,18,United States Grand Prix,2023-10-22,2023-18,driver,ocon,Esteban Ocon,11.5,-10,1.53846153846,-0.302078030189,2.94342133676,3.37884615385,4.5,13,False,False,same_season_prior_normal_mean_walk_forward,same_season_prior_normal_recency_decay_0.8,all_prior_weekends_sprint_scores_divided_by_prior_global_factor,same_season_plus_prior_group_prior,full_season_normal_mean_non_predictive,1.36493035128,11.978125,0.128439262277,-0.8348552048,0.475,19,lower,medium
2023,18,United States Grand Prix,2023-10-22,2023-18,driver,perez,Sergio Pérez,20.4,32,26.0769230769,19.0243168113,24.9403541981,23.3163461538,24.625,13,False,False,same_season_prior_normal_mean_walk_forward,same_season_prior_normal_recency_decay_0.8,all_prior_weekends_sprint_scores_divided_by_prior_global_factor,same_season_plus_prior_group_prior,full_season_normal_mean_non_predictive,1.36493035128,11.978125,2.17704549559,2.67153665536,0.85,2,top,high
2023,18,United States Grand Prix,2023-10-22,2023-18,driver,piastri,Oscar Piastri,13.9,-20,11.3076923077,19.15091866,11.965478522,11.3163461538,13.6875,13,False,False,same_season_prior_normal_mean_walk_forward,same_season_prior_normal_recency_decay_0.8,all_prior_weekends_sprint_scores_divided_by_prior_global_factor,same_season_plus_prior_group_prior,full_season_normal_mean_non_predictive,1.36493035128,11.978125,0.944028577736,-1.6697104096,0.6,8,middle,medium
2023,18,United States Grand Prix,2023-10-22,2023-18,driver,ricciardo,Daniel Ricciardo,4.5,1,2,2,3.56423340335,9.01538461538,7.75,1,False,True,same_season_prior_normal_mean_walk_forward,same_season_prior_normal_recency_decay_0.8,all_prior_weekends_sprint_scores_divided_by_prior_global_factor,same_season_plus_prior_group_prior,full_season_normal_mean_non_predictive,1.36493035128,11.978125,0.16697104096,0.08348552048,0.05,17,lower,low
2023,18,United States Grand Prix,2023-10-22,2023-18,driver,russell,George Russell,20.2,25,13.0769230769,11.6402102715,15.3439486053,12.7538461538,14.625,13,False,False,same_season_prior_normal_mean_walk_forward,same_season_prior_normal_recency_decay_0.8,all_prior_weekends_sprint_scores_divided_by_prior_global_factor,same_season_plus_prior_group_prior,full_season_normal_mean_non_predictive,1.36493035128,11.978125,1.09173372935,2.087138012,0.8,7,middle,high
2023,18,United States Grand Prix,2023-10-22,2023-18,driver,sainz,Carlos Sainz,19.7,32,19.5384615385,24.7731418751,16.2340672622,18.0038461538,19.4375,13,False,False,same_season_prior_normal_mean_walk_forward,same_season_prior_normal_recency_decay_0.8,all_prior_weekends_sprint_scores_divided_by_prior_global_factor,same_season_plus_prior_group_prior,full_season_normal_mean_non_predictive,1.36493035128,11.978125,1.63117863092,2.67153665536,0.75,5,top,high
2023,18,United States Grand Prix,2023-10-22,2023-18,driver,sargeant,Logan Sargeant,5.3,16,-1.61538461538,-5.05445970574,-2.61437762869,0.816346153846,-0.8125,13,False,False,same_season_prior_normal_mean_walk_forward,same_season_prior_normal_recency_decay_0.8,all_prior_weekends_sprint_scores_divided_by_prior_global_factor,same_season_plus_prior_group_prior,full_season_normal_mean_non_predictive,1.36493035128,11.978125,-0.134861225391,1.33576832768,0.1,20,lower,low
2023,18,United States Grand Prix,2023-10-22,2023-18,driver,stroll,Lance Stroll,11.5,10,4.84615384615,1.68169269524,6.80882025279,6.06634615385,7.5625,13,False,False,same_season_prior_normal_mean_walk_forward,same_season_prior_normal_recency_decay_0.8,all_prior_weekends_sprint_scores_divided_by_prior_global_factor,same_season_plus_prior_group_prior,full_season_normal_mean_non_predictive,1.36493035128,11.978125,0.404583676173,0.8348552048,0.475,12,middle,medium
2023,18,United States Grand Prix,2023-10-22,2023-18,driver,tsunoda,Yuki Tsunoda,6.9,30,3.38461538462,-1.10517283685,2.9761025316,4.87884615385,6.1875,13,False,False,same_season_prior_normal_mean_walk_forward,same_season_prior_normal_recency_decay_0.8,all_prior_weekends_sprint_scores_divided_by_prior_global_factor,same_season_plus_prior_group_prior,full_season_normal_mean_non_predictive,1.36493035128,11.978125,0.282566377009,2.5045656144,0.2,15,middle,low
2023,18,United States Grand Prix,2023-10-22,2023-18,driver,zhou,Guanyu Zhou,7.2,2,6.38461538462,5.07504593073,6.47691825082,7.31634615385,6.6875,13,False,False,same_season_prior_normal_mean_walk_forward,same_season_prior_normal_recency_decay_0.8,all_prior_weekends_sprint_scores_divided_by_prior_global_factor,same_season_plus_prior_group_prior,full_season_normal_mean_non_predictive,1.36493035128,11.978125,0.533022938449,0.16697104096,0.25,11,middle,low
2023,20,São Paulo Grand Prix,2023-11-05,2023-20,constructor,alfa,Alfa Romeo,6.6,-31,10.1428571429,5.09476285381,11.055415537,13.4655462185,10.4375,14,False,False,same_season_prior_normal_mean_walk_forward,same_season_prior_normal_recency_decay_0.8,all_prior_weekends_sprint_scores_divided_by_prior_global_factor,same_season_plus_prior_group_prior,full_season_normal_mean_non_predictive,1.26372286943,29.9875,0.338236169833,-1.03376406836,0.1,8,lower,low
2023,20,São Paulo Grand Prix,2023-11-05,2023-20,constructor,alphatauri,AlphaTauri,8.2,31,12.7857142857,15.4032713921,11.2952143722,15.6420168067,14.5,14,False,False,same_season_prior_normal_mean_walk_forward,same_season_prior_normal_recency_decay_0.8,all_prior_weekends_sprint_scores_divided_by_prior_global_factor,same_season_plus_prior_group_prior,full_season_normal_mean_non_predictive,1.26372286943,29.9875,0.426368129578,1.03376406836,0.4,7,middle,medium
2023,20,São Paulo Grand Prix,2023-11-05,2023-20,constructor,alpine,Alpine,13.7,44,16.2142857143,14.8575638836,17.7364457976,18.4655462185,17.75,14,False,False,same_season_prior_normal_mean_walk_forward,same_season_prior_normal_recency_decay_0.8,all_prior_weekends_sprint_scores_divided_by_prior_global_factor,same_season_plus_prior_group_prior,full_season_normal_mean_non_predictive,1.26372286943,29.9875,0.540701482761,1.46727803251,0.6,6,middle,medium
2023,20,São Paulo Grand Prix,2023-11-05,2023-20,constructor,aston_martin,Aston Martin,12.9,77,28.7857142857,17.1250229705,29.0820056264,28.818487395,30.6875,14,False,False,same_season_prior_normal_mean_walk_forward,same_season_prior_normal_recency_decay_0.8,all_prior_weekends_sprint_scores_divided_by_prior_global_factor,same_season_plus_prior_group_prior,full_season_normal_mean_non_predictive,1.26372286943,29.9875,0.959923777765,2.5677365569,0.5,5,middle,medium
2023,20,São Paulo Grand Prix,2023-11-05,2023-20,constructor,ferrari,Ferrari,24.7,28,44.7142857143,53.9920769817,42.4014732015,41.9361344538,47,14,False,False,same_season_prior_normal_mean_walk_forward,same_season_prior_normal_recency_decay_0.8,all_prior_weekends_sprint_scores_divided_by_prior_global_factor,same_season_plus_prior_group_prior,full_season_normal_mean_non_predictive,1.26372286943,29.9875,1.49109748109,0.933722384327,0.8,3,top,high
2023,20,São Paulo Grand Prix,2023-11-05,2023-20,constructor,haas,Haas,7.2,-19,9.28571428571,7.33628957841,10.5904287444,12.7596638655,9,14,False,False,same_season_prior_normal_mean_walk_forward,same_season_prior_normal_recency_decay_0.8,all_prior_weekends_sprint_scores_divided_by_prior_global_factor,same_season_plus_prior_group_prior,full_season_normal_mean_non_predictive,1.26372286943,29.9875,0.309652831537,-0.633597332222,0.2,9,lower,low
2023,20,São Paulo Grand Prix,2023-11-05,2023-20,constructor,mclaren,McLaren,17,65,35.7142857143,51.3390917253,36.3529667957,34.5243697479,37.0625,14,False,False,same_season_prior_normal_mean_walk_forward,same_season_prior_normal_recency_decay_0.8,all_prior_weekends_sprint_scores_divided_by_prior_global_factor,same_season_plus_prior_group_prior,full_season_normal_mean_non_predictive,1.26372286943,29.9875,1.19097242899,2.16756982076,0.7,4,middle,high
2023,20,São Paulo Grand Prix,2023-11-05,2023-20,constructor,mercedes,Mercedes,26,24,47.6428571429,50.4275520992,46.4751777176,44.3478991597,47.6875,14,False,False,same_season_prior_normal_mean_walk_forward,same_season_prior_normal_recency_decay_0.8,all_prior_weekends_sprint_scores_divided_by_prior_global_factor,same_season_plus_prior_group_prior,full_season_normal_mean_non_predictive,1.26372286943,29.9875,1.58875722027,0.80033347228,0.9,2,top,high
2023,20,São Paulo Grand Prix,2023-11-05,2023-20,constructor,red_bull,Red Bull,29.6,105,79.4285714286,67.5223685032,77.6427655438,70.5243697479,80.1875,14,False,False,same_season_prior_normal_mean_walk_forward,same_season_prior_normal_recency_decay_0.8,all_prior_weekends_sprint_scores_divided_by_prior_global_factor,same_season_plus_prior_group_prior,full_season_normal_mean_non_predictive,1.26372286943,29.9875,2.64872268207,3.50145894123,1,1,top,high
2023,20,São Paulo Grand Prix,2023-11-05,2023-20,constructor,williams,Williams,7.8,2,5,5.54856015381,6.18309284714,9.23025210084,5.5625,14,False,False,same_season_prior_normal_mean_walk_forward,same_season_prior_normal_recency_decay_0.8,all_prior_weekends_sprint_scores_divided_by_prior_global_factor,same_season_plus_prior_group_prior,full_season_normal_mean_non_predictive,1.26372286943,29.9875,0.166736140058,0.0666944560233,0.3,10,lower,low
2023,20,São Paulo Grand Prix,2023-11-05,2023-20,driver,albon,Alexander Albon,11.3,-11,4.42857142857,6.29881988465,5.98906582881,5.66827731092,4.25,14,False,False,same_season_prior_normal_mean_walk_forward,same_season_prior_normal_recency_decay_0.8,all_prior_weekends_sprint_scores_divided_by_prior_global_factor,same_season_plus_prior_group_prior,full_season_normal_mean_non_predictive,1.33224563529,11.978125,0.369721590697,-0.91834072528,0.4,15,middle,medium
2023,20,São Paulo Grand Prix,2023-11-05,2023-20,driver,alonso,Fernando Alonso,15.7,39,18.7857142857,10.370985245,16.7260368456,17.4918067227,18.1875,14,False,False,same_season_prior_normal_mean_walk_forward,same_season_prior_normal_recency_decay_0.8,all_prior_weekends_sprint_scores_divided_by_prior_global_factor,same_season_plus_prior_group_prior,full_season_normal_mean_non_predictive,1.33224563529,11.978125,1.56833513473,3.25593529872,0.65,5,top,medium
2023,20,São Paulo Grand Prix,2023-11-05,2023-20,driver,bottas,Valtteri Bottas,9.6,-19,1.92857142857,-2.05885397116,2.84326546675,3.60945378151,1.625,14,False,False,same_season_prior_normal_mean_walk_forward,same_season_prior_normal_recency_decay_0.8,all_prior_weekends_sprint_scores_divided_by_prior_global_factor,same_season_plus_prior_group_prior,full_season_normal_mean_non_predictive,1.33224563529,11.978125,0.161007789497,-1.58622488912,0.325,19,lower,low
2023,20,São Paulo Grand Prix,2023-11-05,2023-20,driver,gasly,Pierre Gasly,14.5,24,9.07142857143,9.95340054085,9.60764802083,9.49180672269,8.25,14,False,False,same_season_prior_normal_mean_walk_forward,same_season_prior_normal_recency_decay_0.8,all_prior_weekends_sprint_scores_divided_by_prior_global_factor,same_season_plus_prior_group_prior,full_season_normal_mean_non_predictive,1.33224563529,11.978125,0.757332935783,2.00365249152,0.6,10,middle,medium
2023,20,São Paulo Grand Prix,2023-11-05,2023-20,driver,hamilton,Lewis Hamilton,25.2,13,26.3571428571,28.8668514129,22.739549247,23.7271008403,25.5625,14,False,False,same_season_prior_normal_mean_walk_forward,same_season_prior_normal_recency_decay_0.8,all_prior_weekends_sprint_scores_divided_by_prior_global_factor,same_season_plus_prior_group_prior,full_season_normal_mean_non_predictive,1.33224563529,11.978125,2.2004397898,1.08531176624,0.95,2,top,high
2023,20,São Paulo Grand Prix,2023-11-05,2023-20,driver,hulkenberg,Nico Hülkenberg,6.2,-1,3.64285714286,4.62393455352,3.0792696472,5.02121848739,3.125,14,False,False,same_season_prior_normal_mean_walk_forward,same_season_prior_normal_recency_decay_0.8,all_prior_weekends_sprint_scores_divided_by_prior_global_factor,same_season_plus_prior_group_prior,full_season_normal_mean_non_predictive,1.33224563529,11.978125,0.304125824606,-0.08348552048,0.15,16,lower,low
2023,20,São Paulo Grand Prix,2023-11-05,2023-20,driver,kevin_magnussen,Kevin Magnussen,9.6,-21,2.28571428571,-0.263058453962,4.56814210875,3.90357142857,2.3125,14,False,False,same_season_prior_normal_mean_walk_forward,same_season_prior_normal_recency_decay_0.8,all_prior_weekends_sprint_scores_divided_by_prior_global_factor,same_season_plus_prior_group_prior,full_season_normal_mean_non_predictive,1.33224563529,11.978125,0.190824046812,-1.75319593008,0.325,17,lower,low
2023,20,São Paulo Grand Prix,2023-11-05,2023-20,driver,leclerc,Charles Leclerc,23.2,-3,12.0714285714,16.8964953009,12.8058221388,11.962394958,14.9375,14,False,False,same_season_prior_normal_mean_walk_forward,same_season_prior_normal_recency_decay_0.8,all_prior_weekends_sprint_scores_divided_by_prior_global_factor,same_season_plus_prior_group_prior,full_season_normal_mean_non_predictive,1.33224563529,11.978125,1.00778949722,-0.25045656144,0.9,8,middle,high
2023,20,São Paulo Grand Prix,2023-11-05,2023-20,driver,max_verstappen,Max Verstappen,29.9,45,43,41.1843118706,42.5878422626,37.4329831933,43.3125,14,False,False,same_season_prior_normal_mean_walk_forward,same_season_prior_normal_recency_decay_0.8,all_prior_weekends_sprint_scores_divided_by_prior_global_factor,same_season_plus_prior_group_prior,full_season_normal_mean_non_predictive,1.33224563529,11.978125,3.58987738064,3.7568484216,1,1,top,high
2023,20,São Paulo Grand Prix,2023-11-05,2023-20,driver,norris,Lando Norris,20,57,17.2857142857,27.0636534584,17.9121165888,16.256512605,15.625,14,False,False,same_season_prior_normal_mean_walk_forward,same_season_prior_normal_recency_decay_0.8,all_prior_weekends_sprint_scores_divided_by_prior_global_factor,same_season_plus_prior_group_prior,full_season_normal_mean_non_predictive,1.33224563529,11.978125,1.44310685401,4.75867466736,0.7,6,middle,high
2023,20,São Paulo Grand Prix,2023-11-05,2023-20,driver,ocon,Esteban Ocon,12.5,17,2.14285714286,1.85312438027,2.80363064315,3.78592436975,4.5,14,False,False,same_season_prior_normal_mean_walk_forward,same_season_prior_normal_recency_decay_0.8,all_prior_weekends_sprint_scores_divided_by_prior_global_factor,same_season_plus_prior_group_prior,full_season_normal_mean_non_predictive,1.33224563529,11.978125,0.178897543886,1.41925384816,0.45,18,lower,medium
2023,20,São Paulo Grand Prix,2023-11-05,2023-20,driver,perez,Sergio Pérez,20.5,37,23.5,12.9524080789,23.1626644627,21.3741596639,24.625,14,False,False,same_season_prior_normal_mean_walk_forward,same_season_prior_normal_recency_decay_0.8,all_prior_weekends_sprint_scores_divided_by_prior_global_factor,same_season_plus_prior_group_prior,full_season_normal_mean_non_predictive,1.33224563529,11.978125,1.96190973128,3.08896425776,0.85,3,top,high
2023,20,São Paulo Grand Prix,2023-11-05,2023-20,driver,piastri,Oscar Piastri,14.4,3,11.5,18.0733426331,10.7255211995,11.4918067227,13.6875,14,False,False,same_season_prior_normal_mean_walk_forward,same_season_prior_normal_recency_decay_0.8,all_prior_weekends_sprint_scores_divided_by_prior_global_factor,same_season_plus_prior_group_prior,full_season_normal_mean_non_predictive,1.33224563529,11.978125,0.96008348552,0.25045656144,0.55,9,middle,medium
2023,20,São Paulo Grand Prix,2023-11-05,2023-20,driver,ricciardo,Daniel Ricciardo,5.5,10,7,7.55555555556,5.00122465935,9.67214285714,7.75,2,False,True,same_season_prior_normal_mean_walk_forward,same_season_prior_normal_recency_decay_0.8,all_prior_weekends_sprint_scores_divided_by_prior_global_factor,same_season_plus_prior_group_prior,full_season_normal_mean_non_predictive,1.33224563529,11.978125,0.58439864336,0.8348552048,0.05,11,middle,low
2023,20,São Paulo Grand Prix,2023-11-05,2023-20,driver,russell,George Russell,20.1,1,13.4285714286,12.9706830278,15.7811177432,13.0800420168,14.625,14,False,False,same_season_prior_normal_mean_walk_forward,same_season_prior_normal_recency_decay_0.8,all_prior_weekends_sprint_scores_divided_by_prior_global_factor,same_season_plus_prior_group_prior,full_season_normal_mean_non_predictive,1.33224563529,11.978125,1.12109127502,0.08348552048,0.775,7,middle,high
2023,20,São Paulo Grand Prix,2023-11-05,2023-20,driver,sainz,Carlos Sainz,20.1,21,19.5,23.5653962874,16.8177876021,18.0800420168,19.4375,14,False,False,same_season_prior_normal_mean_walk_forward,same_season_prior_normal_recency_decay_0.8,all_prior_weekends_sprint_scores_divided_by_prior_global_factor,same_season_plus_prior_group_prior,full_season_normal_mean_non_predictive,1.33224563529,11.978125,1.62796764936,1.75319593008,0.775,4,top,high
2023,20,São Paulo Grand Prix,2023-11-05,2023-20,driver,sargeant,Logan Sargeant,5.8,12,-1.07142857143,-2.74185848739,-1.42156827762,1.13886554622,-0.8125,14,False,False,same_season_prior_normal_mean_walk_forward,same_season_prior_normal_recency_decay_0.8,all_prior_weekends_sprint_scores_divided_by_prior_global_factor,same_season_plus_prior_group_prior,full_season_normal_mean_non_predictive,1.33224563529,11.978125,-0.0894487719429,1.00182624576,0.1,20,lower,low
2023,20,São Paulo Grand Prix,2023-11-05,2023-20,driver,stroll,Lance Stroll,13,28,5.07142857143,3.00348729759,6.97632689649,6.19768907563,7.5625,14,False,False,same_season_prior_normal_mean_walk_forward,same_season_prior_normal_recency_decay_0.8,all_prior_weekends_sprint_scores_divided_by_prior_global_factor,same_season_plus_prior_group_prior,full_season_normal_mean_non_predictive,1.33224563529,11.978125,0.423390853863,2.33759457344,0.5,13,middle,medium
2023,20,São Paulo Grand Prix,2023-11-05,2023-20,driver,tsunoda,Yuki Tsunoda,8.9,22,4.57142857143,3.31004506752,4.90915162407,5.78592436975,6.1875,14,False,False,same_season_prior_normal_mean_walk_forward,same_season_prior_normal_recency_decay_0.8,all_prior_weekends_sprint_scores_divided_by_prior_global_factor,same_season_plus_prior_group_prior,full_season_normal_mean_non_predictive,1.33224563529,11.978125,0.381648093623,1.83668145056,0.25,14,middle,low
2023,20,São Paulo Grand Prix,2023-11-05,2023-20,driver,zhou,Guanyu Zhou,7.2,-11,6.07142857143,4.43174402768,6.01441478196,7.02121848739,6.6875,14,False,False,same_season_prior_normal_mean_walk_forward,same_season_prior_normal_recency_decay_0.8,all_prior_weekends_sprint_scores_divided_by_prior_global_factor,same_season_plus_prior_group_prior,full_season_normal_mean_non_predictive,1.33224563529,11.978125,0.506876374343,-0.91834072528,0.2,12,middle,low
2024,5,Chinese Grand Prix,2024-04-21,2024-5,constructor,alpine,Alpine,7.9,28,4,4.61517615176,17.2127440325,9.89285714286,8,4,False,False,same_season_prior_normal_mean_walk_forward,same_season_prior_normal_recency_decay_0.8,all_prior_weekends_sprint_scores_divided_by_prior_global_factor,same_season_plus_previous_season_prior,full_season_normal_mean_non_predictive,1.24041436883,27.5,0.145454545455,1.01818181818,0.4,8,lower,medium
2024,5,Chinese Grand Prix,2024-04-21,2024-5,constructor,aston_martin,Aston Martin,15,29,24,25.7452574526,30.8247872486,26.8660714286,18.6666666667,4,False,False,same_season_prior_normal_mean_walk_forward,same_season_prior_normal_recency_decay_0.8,all_prior_weekends_sprint_scores_divided_by_prior_global_factor,same_season_plus_previous_season_prior,full_season_normal_mean_non_predictive,1.24041436883,27.5,0.872727272727,1.05454545455,0.6,4,middle,medium
2024,5,Chinese Grand Prix,2024-04-21,2024-5,constructor,ferrari,Ferrari,21.2,74,70.5,70.1544715447,47.6760178511,60.4285714286,55.6111111111,4,False,False,same_season_prior_normal_mean_walk_forward,same_season_prior_normal_recency_decay_0.8,all_prior_weekends_sprint_scores_divided_by_prior_global_factor,same_season_plus_previous_season_prior,full_season_normal_mean_non_predictive,1.24041436883,27.5,2.56363636364,2.69090909091,0.8,2,top,high
2024,5,Chinese Grand Prix,2024-04-21,2024-5,constructor,haas,Haas,7.7,26,17,17.8753387534,10.3553437335,13.5714285714,14.4444444444,4,False,False,same_season_prior_normal_mean_walk_forward,same_season_prior_normal_recency_decay_0.8,all_prior_weekends_sprint_scores_divided_by_prior_global_factor,same_season_plus_previous_season_prior,full_season_normal_mean_non_predictive,1.24041436883,27.5,0.618181818182,0.945454545455,0.3,6,middle,low
2024,5,Chinese Grand Prix,2024-04-21,2024-5,constructor,mclaren,McLaren,24,48,42.5,42.9783197832,38.8342983444,40.1696428571,63.7222222222,4,False,False,same_season_prior_normal_mean_walk_forward,same_season_prior_normal_recency_decay_0.8,all_prior_weekends_sprint_scores_divided_by_prior_global_factor,same_season_plus_previous_season_prior,full_season_normal_mean_non_predictive,1.24041436883,27.5,1.54545454545,1.74545454545,0.9,3,top,high
2024,5,Chinese Grand Prix,2024-04-21,2024-5,constructor,mercedes,Mercedes,19.9,62,22.25,19.9674796748,41.978312194,33.1517857143,46.8333333333,4,False,False,same_season_prior_normal_mean_walk_forward,same_season_prior_normal_recency_decay_0.8,all_prior_weekends_sprint_scores_divided_by_prior_global_factor,same_season_plus_previous_season_prior,full_season_normal_mean_non_predictive,1.24041436883,27.5,0.809090909091,2.25454545455,0.7,5,middle,high
2024,5,Chinese Grand Prix,2024-04-21,2024-5,constructor,rb,RB,8.6,-14,7.75,7.23035230352,7.75,17.0435714286,9.16666666667,4,False,False,same_season_prior_normal_mean_walk_forward,same_season_prior_normal_recency_decay_0.8,all_prior_weekends_sprint_scores_divided_by_prior_global_factor,same_season_plus_prior_group_prior,full_season_normal_mean_non_predictive,1.24041436883,27.5,0.281818181818,-0.509090909091,0.5,7,middle,medium
2024,5,Chinese Grand Prix,2024-04-21,2024-5,constructor,red_bull,Red Bull,28.4,126,79.75,80.2059620596,79.10333722,79.9375,52.3333333333,4,False,False,same_season_prior_normal_mean_walk_forward,same_season_prior_normal_recency_decay_0.8,all_prior_weekends_sprint_scores_divided_by_prior_global_factor,same_season_plus_previous_season_prior,full_season_normal_mean_non_predictive,1.24041436883,27.5,2.9,4.58181818182,1,1,top,high
2024,5,Chinese Grand Prix,2024-04-21,2024-5,constructor,sauber,Kick Sauber,6,4,1.25,0.0542005420054,1.25,13.3292857143,4.33333333333,4,False,False,same_season_prior_normal_mean_walk_forward,same_season_prior_normal_recency_decay_0.8,all_prior_weekends_sprint_scores_divided_by_prior_global_factor,same_season_plus_prior_group_prior,full_season_normal_mean_non_predictive,1.24041436883,27.5,0.0454545454545,0.145454545455,0.1,10,lower,low
2024,5,Chinese Grand Prix,2024-04-21,2024-5,constructor,williams,Williams,6.4,20,3.25,1.69647696477,5.84551142926,4.24107142857,1.88888888889,4,False,False,same_season_prior_normal_mean_walk_forward,same_season_prior_normal_recency_decay_0.8,all_prior_weekends_sprint_scores_divided_by_prior_global_factor,same_season_plus_previous_season_prior,full_season_normal_mean_non_predictive,1.24041436883,27.5,0.118181818182,0.727272727273,0.2,9,lower,low
2024,5,Chinese Grand Prix,2024-04-21,2024-5,driver,albon,Alexander Albon,7.2,11,-2.5,-4.39024390244,3.94712326365,0.392857142857,-2.38888888889,4,False,False,same_season_prior_normal_mean_walk_forward,same_season_prior_normal_recency_decay_0.8,all_prior_weekends_sprint_scores_divided_by_prior_global_factor,same_season_plus_previous_season_prior,full_season_normal_mean_non_predictive,1.29971392151,10.6777777778,-0.234131113424,1.03017689906,0.2,20,lower,low
2024,5,Chinese Grand Prix,2024-04-21,2024-5,driver,alonso,Fernando Alonso,16.4,15,11.5,11.864498645,16.2758772837,14.3660714286,6.88888888889,4,False,False,same_season_prior_normal_mean_walk_forward,same_season_prior_normal_recency_decay_0.8,all_prior_weekends_sprint_scores_divided_by_prior_global_factor,same_season_plus_previous_season_prior,full_season_normal_mean_non_predictive,1.29971392151,10.6777777778,1.07700312175,1.40478668054,0.6,7,middle,medium
2024,5,Chinese Grand Prix,2024-04-21,2024-5,driver,bottas,Valtteri Bottas,6.4,-14,2.25,3.0352303523,1.84922313165,1.98214285714,1.72222222222,4,False,False,same_season_prior_normal_mean_walk_forward,same_season_prior_normal_recency_decay_0.8,all_prior_weekends_sprint_scores_divided_by_prior_global_factor,same_season_plus_previous_season_prior,full_season_normal_mean_non_predictive,1.29971392151,10.6777777778,0.210718002081,-1.31113423517,0.075,15,middle,low
2024,5,Chinese Grand Prix,2024-04-21,2024-5,driver,gasly,Pierre Gasly,7.3,13,-1,-0.246612466125,7.82312339243,2.96428571429,0.111111111111,4,False,False,same_season_prior_normal_mean_walk_forward,same_season_prior_normal_recency_decay_0.8,all_prior_weekends_sprint_scores_divided_by_prior_global_factor,same_season_plus_previous_season_prior,full_season_normal_mean_non_predictive,1.29971392151,10.6777777778,-0.0936524453694,1.2174817898,0.25,17,lower,low
2024,5,Chinese Grand Prix,2024-04-21,2024-5,driver,hamilton,Lewis Hamilton,18.7,30,1,-0.0731707317073,18.7550695431,11.5267857143,22.5,4,False,False,same_season_prior_normal_mean_walk_forward,same_season_prior_normal_recency_decay_0.8,all_prior_weekends_sprint_scores_divided_by_prior_global_factor,same_season_plus_previous_season_prior,full_season_normal_mean_non_predictive,1.29971392151,10.6777777778,0.0936524453694,2.80957336108,0.65,16,lower,medium
2024,5,Chinese Grand Prix,2024-04-21,2024-5,driver,hulkenberg,Nico Hülkenberg,7.7,4,6.75,7.79945799458,3.22786925974,5.19642857143,5.11111111111,4,False,False,same_season_prior_normal_mean_walk_forward,same_season_prior_normal_recency_decay_0.8,all_prior_weekends_sprint_scores_divided_by_prior_global_factor,same_season_plus_previous_season_prior,full_season_normal_mean_non_predictive,1.29971392151,10.6777777778,0.632154006243,0.374609781478,0.3,10,middle,low
2024,5,Chinese Grand Prix,2024-04-21,2024-5,driver,kevin_magnussen,Kevin Magnussen,8.2,17,7.75,7.94850948509,4.1541847828,5.41964285714,5.94117647059,4,False,False,same_season_prior_normal_mean_walk_forward,same_season_prior_normal_recency_decay_0.8,all_prior_weekends_sprint_scores_divided_by_prior_global_factor,same_season_plus_previous_season_prior,full_season_normal_mean_non_predictive,1.29971392151,10.6777777778,0.725806451613,1.59209157128,0.35,9,middle,medium
2024,5,Chinese Grand Prix,2024-04-21,2024-5,driver,leclerc,Charles Leclerc,21.7,34,32,32.6368563686,16.9562464629,24.6875,26.7777777778,4,False,False,same_season_prior_normal_mean_walk_forward,same_season_prior_normal_recency_decay_0.8,all_prior_weekends_sprint_scores_divided_by_prior_global_factor,same_season_plus_previous_season_prior,full_season_normal_mean_non_predictive,1.29971392151,10.6777777778,2.99687825182,3.18418314256,0.85,2,top,high
2024,5,Chinese Grand Prix,2024-04-21,2024-5,driver,max_verstappen,Max Verstappen,29.9,58,29.5,28.8211382114,40.691439495,35.4196428571,26.5,4,False,False,same_season_prior_normal_mean_walk_forward,same_season_prior_normal_recency_decay_0.8,all_prior_weekends_sprint_scores_divided_by_prior_global_factor,same_season_plus_previous_season_prior,full_season_normal_mean_non_predictive,1.29971392151,10.6777777778,2.7627471384,5.43184183143,1,3,top,high
2024,5,Chinese Grand Prix,2024-04-21,2024-5,driver,norris,Lando Norris,23.8,36,16.5,17.1788617886,17.7172006053,16.125,30.1111111111,4,False,False,same_season_prior_normal_mean_walk_forward,same_season_prior_normal_recency_decay_0.8,all_prior_weekends_sprint_scores_divided_by_prior_global_factor,same_season_plus_previous_season_prior,full_season_normal_mean_non_predictive,1.29971392151,10.6777777778,1.5452653486,3.3714880333,0.95,5,top,high
2024,5,Chinese Grand Prix,2024-04-21,2024-5,driver,ocon,Esteban Ocon,8.5,12,5,4.64227642276,4.95889246223,4.78571428571,4.11764705882,4,False,False,same_season_prior_normal_mean_walk_forward,same_season_prior_normal_recency_decay_0.8,all_prior_weekends_sprint_scores_divided_by_prior_global_factor,same_season_plus_previous_season_prior,full_season_normal_mean_non_predictive,1.29971392151,10.6777777778,0.468262226847,1.12382934443,0.4,11,middle,medium
2024,5,Chinese Grand Prix,2024-04-21,2024-5,driver,perez,Sergio Pérez,22.7,40,29.25,29.2384823848,25.1284236725,27.2678571429,11.1666666667,4,False,False,same_season_prior_normal_mean_walk_forward,same_season_prior_normal_recency_decay_0.8,all_prior_weekends_sprint_scores_divided_by_prior_global_factor,same_season_plus_previous_season_prior,full_season_normal_mean_non_predictive,1.29971392151,10.6777777778,2.73933402706,3.74609781478,0.9,4,top,high
2024,5,Chinese Grand Prix,2024-04-21,2024-5,driver,piastri,Oscar Piastri,19.8,12,16,15.7994579946,12.6601540393,15.0089285714,23.6666666667,4,False,False,same_season_prior_normal_mean_walk_forward,same_season_prior_normal_recency_decay_0.8,all_prior_weekends_sprint_scores_divided_by_prior_global_factor,same_season_plus_previous_season_prior,full_season_normal_mean_non_predictive,1.29971392151,10.6777777778,1.49843912591,1.12382934443,0.75,6,middle,high
2024,5,Chinese Grand Prix,2024-04-21,2024-5,driver,ricciardo,Daniel Ricciardo,9,-9,-1.5,-3.40108401084,3.53174559152,2.46428571429,3.6,4,False,False,same_season_prior_normal_mean_walk_forward,same_season_prior_normal_recency_decay_0.8,all_prior_weekends_sprint_scores_divided_by_prior_global_factor,same_season_plus_previous_season_prior,full_season_normal_mean_non_predictive,1.29971392151,10.6777777778,-0.140478668054,-0.842872008325,0.5,19,lower,medium
2024,5,Chinese Grand Prix,2024-04-21,2024-5,driver,russell,George Russell,18.8,27,11.25,10.3116531165,15.1696158675,12.6964285714,15.9444444444,4,False,False,same_season_prior_normal_mean_walk_forward,same_season_prior_normal_recency_decay_0.8,all_prior_weekends_sprint_scores_divided_by_prior_global_factor,same_season_plus_previous_season_prior,full_season_normal_mean_non_predictive,1.29971392151,10.6777777778,1.05359001041,2.52861602497,0.7,8,middle,high
2024,5,Chinese Grand Prix,2024-04-21,2024-5,driver,sainz,Carlos Sainz,20.1,30,36.6666666667,36,19.3944082779,28.0520833333,21.6470588235,3,False,False,same_season_prior_normal_mean_walk_forward,same_season_prior_normal_recency_decay_0.8,all_prior_weekends_sprint_scores_divided_by_prior_global_factor,same_season_plus_previous_season_prior,full_season_normal_mean_non_predictive,1.29971392151,10.6777777778,3.43392299688,2.80957336108,0.8,1,top,high
2024,5,Chinese Grand Prix,2024-04-21,2024-5,driver,sargeant,Logan Sargeant,6.4,8,4.75,5.08672086721,0.112399987122,2.36607142857,0.583333333333,4,False,False,same_season_prior_normal_mean_walk_forward,same_season_prior_normal_recency_decay_0.8,all_prior_weekends_sprint_scores_divided_by_prior_global_factor,same_season_plus_previous_season_prior,full_season_normal_mean_non_predictive,1.29971392151,10.6777777778,0.444849115505,0.749219562955,0.075,13,middle,low
2024,5,Chinese Grand Prix,2024-04-21,2024-5,driver,stroll,Lance Stroll,12.5,9,5,6.44173441734,8.67823112337,6.09821428571,6.05555555556,4,False,False,same_season_prior_normal_mean_walk_forward,same_season_prior_normal_recency_decay_0.8,all_prior_weekends_sprint_scores_divided_by_prior_global_factor,same_season_plus_previous_season_prior,full_season_normal_mean_non_predictive,1.29971392151,10.6777777778,0.468262226847,0.842872008325,0.55,12,middle,medium
2024,5,Chinese Grand Prix,2024-04-21,2024-5,driver,tsunoda,Yuki Tsunoda,8.6,-6,4.75,5.9783197832,6.34359250408,5.36607142857,0.722222222222,4,False,False,same_season_prior_normal_mean_walk_forward,same_season_prior_normal_recency_decay_0.8,all_prior_weekends_sprint_scores_divided_by_prior_global_factor,same_season_plus_previous_season_prior,full_season_normal_mean_non_predictive,1.29971392151,10.6777777778,0.444849115505,-0.561914672216,0.45,14,middle,medium
2024,5,Chinese Grand Prix,2024-04-21,2024-5,driver,zhou,Guanyu Zhou,6.6,13,-1,-3.20054200542,4.79012316707,2.29464285714,1.55555555556,4,False,False,same_season_prior_normal_mean_walk_forward,same_season_prior_normal_recency_decay_0.8,all_prior_weekends_sprint_scores_divided_by_prior_global_factor,same_season_plus_previous_season_prior,full_season_normal_mean_non_predictive,1.29971392151,10.6777777778,-0.0936524453694,1.2174817898,0.15,18,lower,low
2024,6,Miami Grand Prix,2024-05-05,2024-6,constructor,alpine,Alpine,8.4,29,4,4.61517615176,17.2491863511,9.89285714286,8,4,False,False,same_season_prior_normal_mean_walk_forward,same_season_prior_normal_recency_decay_0.8,all_prior_weekends_sprint_scores_divided_by_prior_global_factor,same_season_plus_previous_season_prior,full_season_normal_mean_non_predictive,1.2731702544,27.5,0.145454545455,1.05454545455,0.45,8,lower,medium
2024,6,Miami Grand Prix,2024-05-05,2024-6,constructor,aston_martin,Aston Martin,15.1,-7,24,25.7452574526,30.3224099151,26.8660714286,18.6666666667,4,False,False,same_season_prior_normal_mean_walk_forward,same_season_prior_normal_recency_decay_0.8,all_prior_weekends_sprint_scores_divided_by_prior_global_factor,same_season_plus_previous_season_prior,full_season_normal_mean_non_predictive,1.2731702544,27.5,0.872727272727,-0.254545454545,0.6,4,middle,medium
2024,6,Miami Grand Prix,2024-05-05,2024-6,constructor,ferrari,Ferrari,21.5,79,70.5,70.1544715447,47.867039206,60.4285714286,55.6111111111,4,False,False,same_season_prior_normal_mean_walk_forward,same_season_prior_normal_recency_decay_0.8,all_prior_weekends_sprint_scores_divided_by_prior_global_factor,same_season_plus_previous_season_prior,full_season_normal_mean_non_predictive,1.2731702544,27.5,2.56363636364,2.87272727273,0.8,2,top,high
2024,6,Miami Grand Prix,2024-05-05,2024-6,constructor,haas,Haas,8.2,19,17,17.8753387534,10.673621038,13.5714285714,14.4444444444,4,False,False,same_season_prior_normal_mean_walk_forward,same_season_prior_normal_recency_decay_0.8,all_prior_weekends_sprint_scores_divided_by_prior_global_factor,same_season_plus_previous_season_prior,full_season_normal_mean_non_predictive,1.2731702544,27.5,0.618181818182,0.690909090909,0.3,6,middle,low
2024,6,Miami Grand Prix,2024-05-05,2024-6,constructor,mclaren,McLaren,24.1,50,42.5,42.9783197832,38.5572622685,40.1696428571,63.7222222222,4,False,False,same_season_prior_normal_mean_walk_forward,same_season_prior_normal_recency_decay_0.8,all_prior_weekends_sprint_scores_divided_by_prior_global_factor,same_season_plus_previous_season_prior,full_season_normal_mean_non_predictive,1.2731702544,27.5,1.54545454545,1.81818181818,0.9,3,top,high
2024,6,Miami Grand Prix,2024-05-05,2024-6,constructor,mercedes,Mercedes,20.2,40,22.25,19.9674796748,41.9990105847,33.1517857143,46.8333333333,4,False,False,same_season_prior_normal_mean_walk_forward,same_season_prior_normal_recency_decay_0.8,all_prior_weekends_sprint_scores_divided_by_prior_global_factor,same_season_plus_previous_season_prior,full_season_normal_mean_non_predictive,1.2731702544,27.5,0.809090909091,1.45454545455,0.7,5,middle,high
2024,6,Miami Grand Prix,2024-05-05,2024-6,constructor,rb,RB,8.4,44,7.75,7.23035230352,4.00076545904,17.0435714286,9.16666666667,4,False,False,same_season_prior_normal_mean_walk_forward,same_season_prior_normal_recency_decay_0.8,all_prior_weekends_sprint_scores_divided_by_prior_global_factor,same_season_plus_prior_group_prior,full_season_normal_mean_non_predictive,1.2731702544,27.5,0.281818181818,1.6,0.45,7,middle,medium
2024,6,Miami Grand Prix,2024-05-05,2024-6,constructor,red_bull,Red Bull,28.6,85,79.75,80.2059620596,79.4057120802,79.9375,52.3333333333,4,False,False,same_season_prior_normal_mean_walk_forward,same_season_prior_normal_recency_decay_0.8,all_prior_weekends_sprint_scores_divided_by_prior_global_factor,same_season_plus_previous_season_prior,full_season_normal_mean_non_predictive,1.2731702544,27.5,2.9,3.09090909091,1,1,top,high
2024,6,Miami Grand Prix,2024-05-05,2024-6,constructor,sauber,Kick Sauber,5.9,29,1.25,0.0542005420054,1.62835272599,13.3292857143,4.33333333333,4,False,False,same_season_prior_normal_mean_walk_forward,same_season_prior_normal_recency_decay_0.8,all_prior_weekends_sprint_scores_divided_by_prior_global_factor,same_season_plus_prior_group_prior,full_season_normal_mean_non_predictive,1.2731702544,27.5,0.0454545454545,1.05454545455,0.1,10,lower,low
2024,6,Miami Grand Prix,2024-05-05,2024-6,constructor,williams,Williams,6.3,4,3.25,1.69647696477,6.16319090422,4.24107142857,1.88888888889,4,False,False,same_season_prior_normal_mean_walk_forward,same_season_prior_normal_recency_decay_0.8,all_prior_weekends_sprint_scores_divided_by_prior_global_factor,same_season_plus_previous_season_prior,full_season_normal_mean_non_predictive,1.2731702544,27.5,0.118181818182,0.145454545455,0.2,9,lower,low
2024,6,Miami Grand Prix,2024-05-05,2024-6,driver,albon,Alexander Albon,7.5,10,-2.5,-4.39024390244,4.05650812341,0.392857142857,-2.38888888889,4,False,False,same_season_prior_normal_mean_walk_forward,same_season_prior_normal_recency_decay_0.8,all_prior_weekends_sprint_scores_divided_by_prior_global_factor,same_season_plus_previous_season_prior,full_season_normal_mean_non_predictive,1.33913705416,10.6777777778,-0.234131113424,0.936524453694,0.2,20,lower,low
2024,6,Miami Grand Prix,2024-05-05,2024-6,driver,alonso,Fernando Alonso,16.5,9,11.5,11.864498645,15.9939701316,14.3660714286,6.88888888889,4,False,False,same_season_prior_normal_mean_walk_forward,same_season_prior_normal_recency_decay_0.8,all_prior_weekends_sprint_scores_divided_by_prior_global_factor,same_season_plus_previous_season_prior,full_season_normal_mean_non_predictive,1.33913705416,10.6777777778,1.07700312175,0.842872008325,0.6,7,middle,medium
2024,6,Miami Grand Prix,2024-05-05,2024-6,driver,bottas,Valtteri Bottas,6.2,10,2.25,3.0352303523,1.37926846913,1.98214285714,1.72222222222,4,False,False,same_season_prior_normal_mean_walk_forward,same_season_prior_normal_recency_decay_0.8,all_prior_weekends_sprint_scores_divided_by_prior_global_factor,same_season_plus_previous_season_prior,full_season_normal_mean_non_predictive,1.33913705416,10.6777777778,0.210718002081,0.936524453694,0.1,15,middle,low
2024,6,Miami Grand Prix,2024-05-05,2024-6,driver,gasly,Pierre Gasly,8,15,-1,-0.246612466125,7.81071113573,2.96428571429,0.111111111111,4,False,False,same_season_prior_normal_mean_walk_forward,same_season_prior_normal_recency_decay_0.8,all_prior_weekends_sprint_scores_divided_by_prior_global_factor,same_season_plus_previous_season_prior,full_season_normal_mean_non_predictive,1.33913705416,10.6777777778,-0.0936524453694,1.40478668054,0.3,17,lower,low
2024,6,Miami Grand Prix,2024-05-05,2024-6,driver,hamilton,Lewis Hamilton,19,20,1,-0.0731707317073,18.8087849464,11.5267857143,22.5,4,False,False,same_season_prior_normal_mean_walk_forward,same_season_prior_normal_recency_decay_0.8,all_prior_weekends_sprint_scores_divided_by_prior_global_factor,same_season_plus_previous_season_prior,full_season_normal_mean_non_predictive,1.33913705416,10.6777777778,0.0936524453694,1.87304890739,0.65,16,lower,medium
2024,6,Miami Grand Prix,2024-05-05,2024-6,driver,hulkenberg,Nico Hülkenberg,7.6,13,6.75,7.79945799458,3.21139793415,5.19642857143,5.11111111111,4,False,False,same_season_prior_normal_mean_walk_forward,same_season_prior_normal_recency_decay_0.8,all_prior_weekends_sprint_scores_divided_by_prior_global_factor,same_season_plus_previous_season_prior,full_season_normal_mean_non_predictive,1.33913705416,10.6777777778,0.632154006243,1.2174817898,0.25,10,middle,low
2024,6,Miami Grand Prix,2024-05-05,2024-6,driver,kevin_magnussen,Kevin Magnussen,8.7,1,7.75,7.94850948509,4.42687849378,5.41964285714,5.94117647059,4,False,False,same_season_prior_normal_mean_walk_forward,same_season_prior_normal_recency_decay_0.8,all_prior_weekends_sprint_scores_divided_by_prior_global_factor,same_season_plus_previous_season_prior,full_season_normal_mean_non_predictive,1.33913705416,10.6777777778,0.725806451613,0.0936524453694,0.4,9,middle,medium
2024,6,Miami Grand Prix,2024-05-05,2024-6,driver,leclerc,Charles Leclerc,22,33,32,32.6368563686,17.1880534156,24.6875,26.7777777778,4,False,False,same_season_prior_normal_mean_walk_forward,same_season_prior_normal_recency_decay_0.8,all_prior_weekends_sprint_scores_divided_by_prior_global_factor,same_season_plus_previous_season_prior,full_season_normal_mean_non_predictive,1.33913705416,10.6777777778,2.99687825182,3.09053069719,0.85,2,top,high
2024,6,Miami Grand Prix,2024-05-05,2024-6,driver,max_verstappen,Max Verstappen,30.1,40,29.5,28.8211382114,40.5191882055,35.4196428571,26.5,4,False,False,same_season_prior_normal_mean_walk_forward,same_season_prior_normal_recency_decay_0.8,all_prior_weekends_sprint_scores_divided_by_prior_global_factor,same_season_plus_previous_season_prior,full_season_normal_mean_non_predictive,1.33913705416,10.6777777778,2.7627471384,3.74609781478,1,3,top,high
2024,6,Miami Grand Prix,2024-05-05,2024-6,driver,norris,Lando Norris,24.1,25,16.5,17.1788617886,17.8989592756,16.125,30.1111111111,4,False,False,same_season_prior_normal_mean_walk_forward,same_season_prior_normal_recency_decay_0.8,all_prior_weekends_sprint_scores_divided_by_prior_global_factor,same_season_plus_previous_season_prior,full_season_normal_mean_non_predictive,1.33913705416,10.6777777778,1.5452653486,2.34131113424,0.95,5,top,high
2024,6,Miami Grand Prix,2024-05-05,2024-6,driver,ocon,Esteban Ocon,9,11,5,4.64227642276,5.06685086416,4.78571428571,4.11764705882,4,False,False,same_season_prior_normal_mean_walk_forward,same_season_prior_normal_recency_decay_0.8,all_prior_weekends_sprint_scores_divided_by_prior_global_factor,same_season_plus_previous_season_prior,full_season_normal_mean_non_predictive,1.33913705416,10.6777777778,0.468262226847,1.03017689906,0.5,11,middle,medium
2024,6,Miami Grand Prix,2024-05-05,2024-6,driver,perez,Sergio Pérez,23,30,29.25,29.2384823848,25.1488388887,27.2678571429,11.1666666667,4,False,False,same_season_prior_normal_mean_walk_forward,same_season_prior_normal_recency_decay_0.8,all_prior_weekends_sprint_scores_divided_by_prior_global_factor,same_season_plus_previous_season_prior,full_season_normal_mean_non_predictive,1.33913705416,10.6777777778,2.73933402706,2.80957336108,0.9,4,top,high
2024,6,Miami Grand Prix,2024-05-05,2024-6,driver,piastri,Oscar Piastri,19.9,22,16,15.7994579946,12.4728136296,15.0089285714,23.6666666667,4,False,False,same_season_prior_normal_mean_walk_forward,same_season_prior_normal_recency_decay_0.8,all_prior_weekends_sprint_scores_divided_by_prior_global_factor,same_season_plus_previous_season_prior,full_season_normal_mean_non_predictive,1.33913705416,10.6777777778,1.49843912591,2.06035379813,0.75,6,middle,high
2024,6,Miami Grand Prix,2024-05-05,2024-6,driver,ricciardo,Daniel Ricciardo,8.8,16,-1.5,-3.40108401084,2.64339549999,2.46428571429,3.6,4,False,False,same_season_prior_normal_mean_walk_forward,same_season_prior_normal_recency_decay_0.8,all_prior_weekends_sprint_scores_divided_by_prior_global_factor,same_season_plus_previous_season_prior,full_season_normal_mean_non_predictive,1.33913705416,10.6777777778,-0.140478668054,1.49843912591,0.45,19,lower,medium
2024,6,Miami Grand Prix,2024-05-05,2024-6,driver,russell,George Russell,19.1,10,11.25,10.3116531165,15.2286915308,12.6964285714,15.9444444444,4,False,False,same_season_prior_normal_mean_walk_forward,same_season_prior_normal_recency_decay_0.8,all_prior_weekends_sprint_scores_divided_by_prior_global_factor,same_season_plus_previous_season_prior,full_season_normal_mean_non_predictive,1.33913705416,10.6777777778,1.05359001041,0.936524453694,0.7,8,middle,high
2024,6,Miami Grand Prix,2024-05-05,2024-6,driver,sainz,Carlos Sainz,20.4,26,36.6666666667,36,19.4377961452,28.0520833333,21.6470588235,3,False,False,same_season_prior_normal_mean_walk_forward,same_season_prior_normal_recency_decay_0.8,all_prior_weekends_sprint_scores_divided_by_prior_global_factor,same_season_plus_previous_season_prior,full_season_normal_mean_non_predictive,1.33913705416,10.6777777778,3.43392299688,2.4349635796,0.8,1,top,high
2024,6,Miami Grand Prix,2024-05-05,2024-6,driver,sargeant,Logan Sargeant,5.9,-7,4.75,5.08672086721,0.332851786006,2.36607142857,0.583333333333,4,False,False,same_season_prior_normal_mean_walk_forward,same_season_prior_normal_recency_decay_0.8,all_prior_weekends_sprint_scores_divided_by_prior_global_factor,same_season_plus_previous_season_prior,full_season_normal_mean_non_predictive,1.33913705416,10.6777777778,0.444849115505,-0.655567117586,0.05,13,middle,low
2024,6,Miami Grand Prix,2024-05-05,2024-6,driver,stroll,Lance Stroll,13,-19,5,6.44173441734,8.51345174478,6.09821428571,6.05555555556,4,False,False,same_season_prior_normal_mean_walk_forward,same_season_prior_normal_recency_decay_0.8,all_prior_weekends_sprint_scores_divided_by_prior_global_factor,same_season_plus_previous_season_prior,full_season_normal_mean_non_predictive,1.33913705416,10.6777777778,0.468262226847,-1.77939646202,0.55,12,middle,medium
2024,6,Miami Grand Prix,2024-05-05,2024-6,driver,tsunoda,Yuki Tsunoda,8.4,23,4.75,5.9783197832,5.89152687239,5.36607142857,0.722222222222,4,False,False,same_season_prior_normal_mean_walk_forward,same_season_prior_normal_recency_decay_0.8,all_prior_weekends_sprint_scores_divided_by_prior_global_factor,same_season_plus_previous_season_prior,full_season_normal_mean_non_predictive,1.33913705416,10.6777777778,0.444849115505,2.1540062435,0.35,14,middle,medium
2024,6,Miami Grand Prix,2024-05-05,2024-6,driver,zhou,Guanyu Zhou,7.1,20,-1,-3.20054200542,4.94876784359,2.29464285714,1.55555555556,4,False,False,same_season_prior_normal_mean_walk_forward,same_season_prior_normal_recency_decay_0.8,all_prior_weekends_sprint_scores_divided_by_prior_global_factor,same_season_plus_previous_season_prior,full_season_normal_mean_non_predictive,1.33913705416,10.6777777778,-0.0936524453694,1.87304890739,0.15,18,lower,low
2024,11,Austrian Grand Prix,2024-06-30,2024-11,constructor,alpine,Alpine,9.6,21,8,11.838198155,16.7144304722,10.6590909091,8,8,False,False,same_season_prior_normal_mean_walk_forward,same_season_prior_normal_recency_decay_0.8,all_prior_weekends_sprint_scores_divided_by_prior_global_factor,same_season_plus_previous_season_prior,full_season_normal_mean_non_predictive,1.28437182971,27.5,0.290909090909,0.763636363636,0.4,8,lower,medium
2024,11,Austrian Grand Prix,2024-06-30,2024-11,constructor,aston_martin,Aston Martin,15.2,27,21.5,21.0350088745,27.7260665666,24.0056818182,18.6666666667,8,False,False,same_season_prior_normal_mean_walk_forward,same_season_prior_normal_recency_decay_0.8,all_prior_weekends_sprint_scores_divided_by_prior_global_factor,same_season_plus_previous_season_prior,full_season_normal_mean_non_predictive,1.28437182971,27.5,0.781818181818,0.981818181818,0.6,5,middle,medium
2024,11,Austrian Grand Prix,2024-06-30,2024-11,constructor,ferrari,Ferrari,22.7,69,53.625,44.6172340498,46.8332818027,51.8181818182,55.6111111111,8,False,False,same_season_prior_normal_mean_walk_forward,same_season_prior_normal_recency_decay_0.8,all_prior_weekends_sprint_scores_divided_by_prior_global_factor,same_season_plus_previous_season_prior,full_season_normal_mean_non_predictive,1.28437182971,27.5,1.95,2.50909090909,0.8,2,top,high
2024,11,Austrian Grand Prix,2024-06-30,2024-11,constructor,haas,Haas,9.4,41,8.625,6.96101990532,9.47864139488,8.72727272727,14.4444444444,8,False,False,same_season_prior_normal_mean_walk_forward,same_season_prior_normal_recency_decay_0.8,all_prior_weekends_sprint_scores_divided_by_prior_global_factor,same_season_plus_previous_season_prior,full_season_normal_mean_non_predictive,1.28437182971,27.5,0.313636363636,1.49090909091,0.3,7,middle,low
2024,11,Austrian Grand Prix,2024-06-30,2024-11,constructor,mclaren,McLaren,25.7,55,51.625,55.7959635669,41.2672079615,47.6534090909,63.7222222222,8,False,False,same_season_prior_normal_mean_walk_forward,same_season_prior_normal_recency_decay_0.8,all_prior_weekends_sprint_scores_divided_by_prior_global_factor,same_season_plus_previous_season_prior,full_season_normal_mean_non_predictive,1.28437182971,27.5,1.87727272727,2,0.9,3,top,high
2024,11,Austrian Grand Prix,2024-06-30,2024-11,constructor,mercedes,Mercedes,22.2,76,41.125,49.6093623592,43.83305316,42.9147727273,46.8333333333,8,False,False,same_season_prior_normal_mean_walk_forward,same_season_prior_normal_recency_decay_0.8,all_prior_weekends_sprint_scores_divided_by_prior_global_factor,same_season_plus_previous_season_prior,full_season_normal_mean_non_predictive,1.28437182971,27.5,1.49545454545,2.76363636364,0.7,4,middle,high
2024,11,Austrian Grand Prix,2024-06-30,2024-11,constructor,rb,RB,9.7,23,10.5,11.479188776,10.7357721889,15.4477272727,9.16666666667,8,False,False,same_season_prior_normal_mean_walk_forward,same_season_prior_normal_recency_decay_0.8,all_prior_weekends_sprint_scores_divided_by_prior_global_factor,same_season_plus_prior_group_prior,full_season_normal_mean_non_predictive,1.28437182971,27.5,0.381818181818,0.836363636364,0.5,6,middle,medium
2024,11,Austrian Grand Prix,2024-06-30,2024-11,constructor,red_bull,Red Bull,28.9,56,61.875,56.5547465463,74.418994233,66.8693181818,52.3333333333,8,False,False,same_season_prior_normal_mean_walk_forward,same_season_prior_normal_recency_decay_0.8,all_prior_weekends_sprint_scores_divided_by_prior_global_factor,same_season_plus_previous_season_prior,full_season_normal_mean_non_predictive,1.28437182971,27.5,2.25,2.03636363636,1,1,top,high
2024,11,Austrian Grand Prix,2024-06-30,2024-11,constructor,sauber,Kick Sauber,7.2,9,5,6.52935042404,6.56934940775,11.4477272727,4.33333333333,8,False,False,same_season_prior_normal_mean_walk_forward,same_season_prior_normal_recency_decay_0.8,all_prior_weekends_sprint_scores_divided_by_prior_global_factor,same_season_plus_prior_group_prior,full_season_normal_mean_non_predictive,1.28437182971,27.5,0.181818181818,0.327272727273,0.2,9,lower,low
2024,11,Austrian Grand Prix,2024-06-30,2024-11,constructor,williams,Williams,6.2,11,-2.375,-4.43645893894,4.27996258586,-0.210227272727,1.88888888889,8,False,False,same_season_prior_normal_mean_walk_forward,same_season_prior_normal_recency_decay_0.8,all_prior_weekends_sprint_scores_divided_by_prior_global_factor,same_season_plus_previous_season_prior,full_season_normal_mean_non_predictive,1.28437182971,27.5,-0.0863636363636,0.4,0.1,10,lower,low
2024,11,Austrian Grand Prix,2024-06-30,2024-11,driver,albon,Alexander Albon,8,12,-4.125,-4.31334188484,2.92083420541,-1.84090909091,-2.38888888889,8,False,False,same_season_prior_normal_mean_walk_forward,same_season_prior_normal_recency_decay_0.8,all_prior_weekends_sprint_scores_divided_by_prior_global_factor,same_season_plus_previous_season_prior,full_season_normal_mean_non_predictive,1.35119661847,10.6777777778,-0.386316337149,1.12382934443,0.2,20,lower,low
2024,11,Austrian Grand Prix,2024-06-30,2024-11,driver,alonso,Fernando Alonso,16.4,10,8.5,7.39456887191,14.3641101511,11.1420454545,6.88888888889,8,False,False,same_season_prior_normal_mean_walk_forward,same_season_prior_normal_recency_decay_0.8,all_prior_weekends_sprint_scores_divided_by_prior_global_factor,same_season_plus_previous_season_prior,full_season_normal_mean_non_predictive,1.35119661847,10.6777777778,0.79604578564,0.936524453694,0.6,9,middle,medium
2024,11,Austrian Grand Prix,2024-06-30,2024-11,driver,bottas,Valtteri Bottas,7.9,8,3,3.64467884179,1.86315942621,2.625,1.72222222222,8,False,False,same_season_prior_normal_mean_walk_forward,same_season_prior_normal_recency_decay_0.8,all_prior_weekends_sprint_scores_divided_by_prior_global_factor,same_season_plus_previous_season_prior,full_season_normal_mean_non_predictive,1.35119661847,10.6777777778,0.280957336108,0.749219562955,0.15,13,middle,low
2024,11,Austrian Grand Prix,2024-06-30,2024-11,driver,gasly,Pierre Gasly,9.6,12,2.5,4.73279317356,7.66408366939,4.06818181818,0.111111111111,8,False,False,same_season_prior_normal_mean_walk_forward,same_season_prior_normal_recency_decay_0.8,all_prior_weekends_sprint_scores_divided_by_prior_global_factor,same_season_plus_previous_season_prior,full_season_normal_mean_non_predictive,1.35119661847,10.6777777778,0.234131113424,1.12382934443,0.35,16,lower,medium
2024,11,Austrian Grand Prix,2024-06-30,2024-11,driver,hamilton,Lewis Hamilton,21.7,23,12.625,18.144917238,19.337264281,16.1534090909,22.5,8,False,False,same_season_prior_normal_mean_walk_forward,same_season_prior_normal_recency_decay_0.8,all_prior_weekends_sprint_scores_divided_by_prior_global_factor,same_season_plus_previous_season_prior,full_season_normal_mean_non_predictive,1.35119661847,10.6777777778,1.18236212279,2.1540062435,0.775,8,middle,high
2024,11,Austrian Grand Prix,2024-06-30,2024-11,driver,hulkenberg,Nico Hülkenberg,8.7,20,2.875,2.80851705225,2.88256885241,2.94318181818,5.11111111111,8,False,False,same_season_prior_normal_mean_walk_forward,same_season_prior_normal_recency_decay_0.8,all_prior_weekends_sprint_scores_divided_by_prior_global_factor,same_season_plus_previous_season_prior,full_season_normal_mean_non_predictive,1.35119661847,10.6777777778,0.269250780437,1.87304890739,0.25,14,middle,low
2024,11,Austrian Grand Prix,2024-06-30,2024-11,driver,kevin_magnussen,Kevin Magnussen,10,16,3.625,2.48654368496,3.68143537188,3.26704545455,5.94117647059,8,False,False,same_season_prior_normal_mean_walk_forward,same_season_prior_normal_recency_decay_0.8,all_prior_weekends_sprint_scores_divided_by_prior_global_factor,same_season_plus_previous_season_prior,full_season_normal_mean_non_predictive,1.35119661847,10.6777777778,0.339490114464,1.49843912591,0.45,12,middle,medium
2024,11,Austrian Grand Prix,2024-06-30,2024-11,driver,leclerc,Charles Leclerc,23.2,16,24.875,20.6074582653,17.4573066517,22.1647727273,26.7777777778,8,False,False,same_season_prior_normal_mean_walk_forward,same_season_prior_normal_recency_decay_0.8,all_prior_weekends_sprint_scores_divided_by_prior_global_factor,same_season_plus_previous_season_prior,full_season_normal_mean_non_predictive,1.35119661847,10.6777777778,2.32960457856,1.49843912591,0.9,3,top,high
2024,11,Austrian Grand Prix,2024-06-30,2024-11,driver,max_verstappen,Max Verstappen,30.8,25,30.125,30.9263309432,38.8779845831,33.7215909091,26.5,8,False,False,same_season_prior_normal_mean_walk_forward,same_season_prior_normal_recency_decay_0.8,all_prior_weekends_sprint_scores_divided_by_prior_global_factor,same_season_plus_previous_season_prior,full_season_normal_mean_non_predictive,1.35119661847,10.6777777778,2.82127991675,2.34131113424,1,1,top,high
2024,11,Austrian Grand Prix,2024-06-30,2024-11,driver,norris,Lando Norris,26,13,26.625,32.4131514754,20.2275343943,23.625,30.1111111111,8,False,False,same_season_prior_normal_mean_walk_forward,same_season_prior_normal_recency_decay_0.8,all_prior_weekends_sprint_scores_divided_by_prior_global_factor,same_season_plus_previous_season_prior,full_season_normal_mean_non_predictive,1.35119661847,10.6777777778,2.49349635796,1.2174817898,0.95,2,top,high
2024,11,Austrian Grand Prix,2024-06-30,2024-11,driver,ocon,Esteban Ocon,10.1,4,2.75,2.58707000237,4.57956302005,3.22727272727,4.11764705882,8,False,False,same_season_prior_normal_mean_walk_forward,same_season_prior_normal_recency_decay_0.8,all_prior_weekends_sprint_scores_divided_by_prior_global_factor,same_season_plus_previous_season_prior,full_season_normal_mean_non_predictive,1.35119661847,10.6777777778,0.257544224766,0.374609781478,0.5,15,middle,medium
2024,11,Austrian Grand Prix,2024-06-30,2024-11,driver,perez,Sergio Pérez,22.5,18,13.75,8.07120204006,21.6475502833,16.7159090909,11.1666666667,8,False,False,same_season_prior_normal_mean_walk_forward,same_season_prior_normal_recency_decay_0.8,all_prior_weekends_sprint_scores_divided_by_prior_global_factor,same_season_plus_previous_season_prior,full_season_normal_mean_non_predictive,1.35119661847,10.6777777778,1.28772112383,1.68574401665,0.85,7,middle,high
2024,11,Austrian Grand Prix,2024-06-30,2024-11,driver,piastri,Oscar Piastri,21.7,42,18.375,18.5698531787,13.611498928,17.0965909091,23.6666666667,8,False,False,same_season_prior_normal_mean_walk_forward,same_season_prior_normal_recency_decay_0.8,all_prior_weekends_sprint_scores_divided_by_prior_global_factor,same_season_plus_previous_season_prior,full_season_normal_mean_non_predictive,1.35119661847,10.6777777778,1.72086368366,3.93340270552,0.775,5,top,high
2024,11,Austrian Grand Prix,2024-06-30,2024-11,driver,ricciardo,Daniel Ricciardo,9.9,10,1,2.17815736614,3.38247756093,2.84090909091,3.6,8,False,False,same_season_prior_normal_mean_walk_forward,same_season_prior_normal_recency_decay_0.8,all_prior_weekends_sprint_scores_divided_by_prior_global_factor,same_season_plus_previous_season_prior,full_season_normal_mean_non_predictive,1.35119661847,10.6777777778,0.0936524453694,0.936524453694,0.4,18,lower,medium
2024,11,Austrian Grand Prix,2024-06-30,2024-11,driver,russell,George Russell,21.1,43,17.25,19.9667014264,15.9498702077,16.5340909091,15.9444444444,8,False,False,same_season_prior_normal_mean_walk_forward,same_season_prior_normal_recency_decay_0.8,all_prior_weekends_sprint_scores_divided_by_prior_global_factor,same_season_plus_previous_season_prior,full_season_normal_mean_non_predictive,1.35119661847,10.6777777778,1.61550468262,4.02705515088,0.65,6,middle,medium
2024,11,Austrian Grand Prix,2024-06-30,2024-11,driver,sainz,Carlos Sainz,21.6,28,21.4285714286,15.8432160153,18.1894122277,20.83125,21.6470588235,7,False,False,same_season_prior_normal_mean_walk_forward,same_season_prior_normal_recency_decay_0.8,all_prior_weekends_sprint_scores_divided_by_prior_global_factor,same_season_plus_previous_season_prior,full_season_normal_mean_non_predictive,1.35119661847,10.6777777778,2.00683811506,2.62226847034,0.7,4,top,high
2024,11,Austrian Grand Prix,2024-06-30,2024-11,driver,sargeant,Logan Sargeant,5.5,0,0,-2.02671576091,-0.475632944509,-0.221590909091,0.583333333333,8,False,False,same_season_prior_normal_mean_walk_forward,same_season_prior_normal_recency_decay_0.8,all_prior_weekends_sprint_scores_divided_by_prior_global_factor,same_season_plus_previous_season_prior,full_season_normal_mean_non_predictive,1.35119661847,10.6777777778,0,0,0.05,19,lower,low
2024,11,Austrian Grand Prix,2024-06-30,2024-11,driver,stroll,Lance Stroll,14.1,16,6.75,7.78944227581,7.78151481697,6.97159090909,6.05555555556,8,False,False,same_season_prior_normal_mean_walk_forward,same_season_prior_normal_recency_decay_0.8,all_prior_weekends_sprint_scores_divided_by_prior_global_factor,same_season_plus_previous_season_prior,full_season_normal_mean_non_predictive,1.35119661847,10.6777777778,0.632154006243,1.49843912591,0.55,10,middle,medium
2024,11,Austrian Grand Prix,2024-06-30,2024-11,driver,tsunoda,Yuki Tsunoda,9.5,10,4.25,4.26724989157,5.96020655724,4.77840909091,0.722222222222,8,False,False,same_season_prior_normal_mean_walk_forward,same_season_prior_normal_recency_decay_0.8,all_prior_weekends_sprint_scores_divided_by_prior_global_factor,same_season_plus_previous_season_prior,full_season_normal_mean_non_predictive,1.35119661847,10.6777777778,0.39802289282,0.936524453694,0.3,11,middle,low
2024,11,Austrian Grand Prix,2024-06-30,2024-11,driver,zhou,Guanyu Zhou,7.8,2,1.625,2.10761975951,5.16078653835,3.00568181818,1.55555555556,8,False,False,same_season_prior_normal_mean_walk_forward,same_season_prior_normal_recency_decay_0.8,all_prior_weekends_sprint_scores_divided_by_prior_global_factor,same_season_plus_previous_season_prior,full_season_normal_mean_non_predictive,1.35119661847,10.6777777778,0.152185223725,0.187304890739,0.1,17,lower,low
2024,19,United States Grand Prix,2024-10-20,2024-19,constructor,alpine,Alpine,11,14,7.2,9.14266381035,14.7960350595,8.95833333333,8,15,False,False,same_season_prior_normal_mean_walk_forward,same_season_prior_normal_recency_decay_0.8,all_prior_weekends_sprint_scores_divided_by_prior_global_factor,same_season_plus_previous_season_prior,full_season_normal_mean_non_predictive,1.30603567073,27.5,0.261818181818,0.509090909091,0.35,8,lower,medium
2024,19,United States Grand Prix,2024-10-20,2024-19,constructor,aston_martin,Aston Martin,15.6,5,20.6,18.483322407,26.0296974857,22.28125,18.6666666667,15,False,False,same_season_prior_normal_mean_walk_forward,same_season_prior_normal_recency_decay_0.8,all_prior_weekends_sprint_scores_divided_by_prior_global_factor,same_season_plus_previous_season_prior,full_season_normal_mean_non_predictive,1.30603567073,27.5,0.749090909091,0.181818181818,0.6,5,middle,medium
2024,19,United States Grand Prix,2024-10-20,2024-19,constructor,ferrari,Ferrari,24.7,97,51,47.8372462703,47.055684764,50.3333333333,55.6111111111,15,False,False,same_season_prior_normal_mean_walk_forward,same_season_prior_normal_recency_decay_0.8,all_prior_weekends_sprint_scores_divided_by_prior_global_factor,same_season_plus_previous_season_prior,full_season_normal_mean_non_predictive,1.30603567073,27.5,1.85454545455,3.52727272727,0.8,3,top,high
2024,19,United States Grand Prix,2024-10-20,2024-19,constructor,haas,Haas,11,25,11.2666666667,12.0468369613,10.8302777944,10.8888888889,14.4444444444,15,False,False,same_season_prior_normal_mean_walk_forward,same_season_prior_normal_recency_decay_0.8,all_prior_weekends_sprint_scores_divided_by_prior_global_factor,same_season_plus_previous_season_prior,full_season_normal_mean_non_predictive,1.30603567073,27.5,0.409696969697,0.909090909091,0.35,6,middle,medium
2024,19,United States Grand Prix,2024-10-20,2024-19,constructor,mclaren,McLaren,26.5,80,62.8666666667,74.5096957758,47.186130622,58.5659722222,63.7222222222,15,False,False,same_season_prior_normal_mean_walk_forward,same_season_prior_normal_recency_decay_0.8,all_prior_weekends_sprint_scores_divided_by_prior_global_factor,same_season_plus_previous_season_prior,full_season_normal_mean_non_predictive,1.30603567073,27.5,2.28606060606,2.90909090909,0.9,1,top,high
2024,19,United States Grand Prix,2024-10-20,2024-19,constructor,mercedes,Mercedes,24,33,43.4666666667,48.6780521854,44.4674009704,44.1701388889,46.8333333333,15,False,False,same_season_prior_normal_mean_walk_forward,same_season_prior_normal_recency_decay_0.8,all_prior_weekends_sprint_scores_divided_by_prior_global_factor,same_season_plus_previous_season_prior,full_season_normal_mean_non_predictive,1.30603567073,27.5,1.58060606061,1.2,0.7,4,middle,high
2024,19,United States Grand Prix,2024-10-20,2024-19,constructor,rb,RB,12.3,28,10.0666666667,8.01323371758,10.6433789541,13.1431899642,9.16666666667,15,False,False,same_season_prior_normal_mean_walk_forward,same_season_prior_normal_recency_decay_0.8,all_prior_weekends_sprint_scores_divided_by_prior_global_factor,same_season_plus_prior_group_prior,full_season_normal_mean_non_predictive,1.30603567073,27.5,0.366060606061,1.01818181818,0.5,7,middle,medium
2024,19,United States Grand Prix,2024-10-20,2024-19,constructor,red_bull,Red Bull,29.3,72,55.4,47.1505657879,68.7569162241,59.53125,52.3333333333,15,False,False,same_season_prior_normal_mean_walk_forward,same_season_prior_normal_recency_decay_0.8,all_prior_weekends_sprint_scores_divided_by_prior_global_factor,same_season_plus_previous_season_prior,full_season_normal_mean_non_predictive,1.30603567073,27.5,2.01454545455,2.61818181818,1,2,top,high
2024,19,United States Grand Prix,2024-10-20,2024-19,constructor,sauber,Kick Sauber,6.8,6,4.2,5.7505819503,5.28657703279,8.25430107527,4.33333333333,15,False,False,same_season_prior_normal_mean_walk_forward,same_season_prior_normal_recency_decay_0.8,all_prior_weekends_sprint_scores_divided_by_prior_global_factor,same_season_plus_prior_group_prior,full_season_normal_mean_non_predictive,1.30603567073,27.5,0.152727272727,0.218181818182,0.1,9,lower,low
2024,19,United States Grand Prix,2024-10-20,2024-19,constructor,williams,Williams,7,19,3.6,7.44469403335,5.43176398765,3.92708333333,1.88888888889,15,False,False,same_season_prior_normal_mean_walk_forward,same_season_prior_normal_recency_decay_0.8,all_prior_weekends_sprint_scores_divided_by_prior_global_factor,same_season_plus_previous_season_prior,full_season_normal_mean_non_predictive,1.30603567073,27.5,0.130909090909,0.690909090909,0.2,10,lower,low
2024,19,United States Grand Prix,2024-10-20,2024-19,driver,albon,Alexander Albon,8.8,11,-1.33333333333,-0.68771515617,2.84638957295,-0.402777777778,-2.38888888889,15,False,False,same_season_prior_normal_mean_walk_forward,same_season_prior_normal_recency_decay_0.8,all_prior_weekends_sprint_scores_divided_by_prior_global_factor,same_season_plus_previous_season_prior,full_season_normal_mean_non_predictive,1.38181147244,10.6777777778,-0.124869927159,1.03017689906,0.2,19,lower,low
2024,19,United States Grand Prix,2024-10-20,2024-19,driver,alonso,Fernando Alonso,16.4,-4,8.33333333333,8.48272269903,13.041460194,9.97569444444,6.88888888889,15,False,False,same_season_prior_normal_mean_walk_forward,same_season_prior_normal_recency_decay_0.8,all_prior_weekends_sprint_scores_divided_by_prior_global_factor,same_season_plus_previous_season_prior,full_season_normal_mean_non_predictive,1.38181147244,10.6777777778,0.780437044745,-0.374609781478,0.6,10,middle,medium
2024,19,United States Grand Prix,2024-10-20,2024-19,driver,bottas,Valtteri Bottas,7.1,1,2.86666666667,2.88917378107,2.1049360553,2.65972222222,1.72222222222,15,False,False,same_season_prior_normal_mean_walk_forward,same_season_prior_normal_recency_decay_0.8,all_prior_weekends_sprint_scores_divided_by_prior_global_factor,same_season_plus_previous_season_prior,full_season_normal_mean_non_predictive,1.38181147244,10.6777777778,0.268470343392,0.0936524453694,0.1,15,middle,low
2024,19,United States Grand Prix,2024-10-20,2024-19,driver,colapinto,Franco Colapinto,6.8,9,8.66666666667,8.29508196721,8.66666666667,9.94301075269,4,3,False,False,same_season_prior_normal_mean_walk_forward,same_season_prior_normal_recency_decay_0.8,all_prior_weekends_sprint_scores_divided_by_prior_global_factor,same_season_plus_prior_group_prior,full_season_normal_mean_non_predictive,1.38181147244,10.6777777778,0.811654526535,0.842872008325,0.05,9,middle,low
2024,19,United States Grand Prix,2024-10-20,2024-19,driver,gasly,Pierre Gasly,9.7,-1,-0.4,-0.012833217796,5.64672264908,1.04166666667,0.111111111111,15,False,False,same_season_prior_normal_mean_walk_forward,same_season_prior_normal_recency_decay_0.8,all_prior_weekends_sprint_scores_divided_by_prior_global_factor,same_season_plus_previous_season_prior,full_season_normal_mean_non_predictive,1.38181147244,10.6777777778,-0.0374609781478,-0.0936524453694,0.25,18,lower,low
2024,19,United States Grand Prix,2024-10-20,2024-19,driver,hamilton,Lewis Hamilton,25.1,-10,20.1333333333,23.9606991835,20.8506728286,21.0381944444,22.5,15,False,False,same_season_prior_normal_mean_walk_forward,same_season_prior_normal_recency_decay_0.8,all_prior_weekends_sprint_scores_divided_by_prior_global_factor,same_season_plus_previous_season_prior,full_season_normal_mean_non_predictive,1.38181147244,10.6777777778,1.8855359001,-0.936524453694,0.8,5,top,high
2024,19,United States Grand Prix,2024-10-20,2024-19,driver,hulkenberg,Nico Hülkenberg,10.7,11,3.6,3.91620522826,3.43224088303,3.52083333333,5.11111111111,15,False,False,same_season_prior_normal_mean_walk_forward,same_season_prior_normal_recency_decay_0.8,all_prior_weekends_sprint_scores_divided_by_prior_global_factor,same_season_plus_previous_season_prior,full_season_normal_mean_non_predictive,1.38181147244,10.6777777778,0.33714880333,1.03017689906,0.4,14,middle,medium
2024,19,United States Grand Prix,2024-10-20,2024-19,driver,kevin_magnussen,Kevin Magnussen,12.4,9,4.85714285714,4.79823789427,4.28813190502,4.40808823529,5.94117647059,14,False,False,same_season_prior_normal_mean_walk_forward,same_season_prior_normal_recency_decay_0.8,all_prior_weekends_sprint_scores_divided_by_prior_global_factor,same_season_plus_previous_season_prior,full_season_normal_mean_non_predictive,1.38181147244,10.6777777778,0.45488330608,0.842872008325,0.5,12,middle,medium
2024,19,United States Grand Prix,2024-10-20,2024-19,driver,lawson,Liam Lawson,10.2,20,,,5.08419928201,9.25,1,0,True,True,same_season_prior_normal_mean_walk_forward,same_season_prior_normal_recency_decay_0.8,all_prior_weekends_sprint_scores_divided_by_prior_global_factor,same_season_plus_previous_season_prior,full_season_normal_mean_non_predictive,1.38181147244,10.6777777778,,1.87304890739,0.325,,lower,low
2024,19,United States Grand Prix,2024-10-20,2024-19,driver,leclerc,Charles Leclerc,25.3,55,24.2666666667,24.921709036,18.3135025666,22.7118055556,26.7777777778,15,False,False,same_season_prior_normal_mean_walk_forward,same_season_prior_normal_recency_decay_0.8,all_prior_weekends_sprint_scores_divided_by_prior_global_factor,same_season_plus_previous_season_prior,full_season_normal_mean_non_predictive,1.38181147244,10.6777777778,2.2726326743,5.15088449532,0.875,4,top,high
2024,19,United States Grand Prix,2024-10-20,2024-19,driver,max_verstappen,Max Verstappen,31.6,38,27.4,25.0478377885,35.6329337405,30.0520833333,26.5,15,False,False,same_season_prior_normal_mean_walk_forward,same_season_prior_normal_recency_decay_0.8,all_prior_weekends_sprint_scores_divided_by_prior_global_factor,same_season_plus_previous_season_prior,full_season_normal_mean_non_predictive,1.38181147244,10.6777777778,2.56607700312,3.55879292404,1,2,top,high
2024,19,United States Grand Prix,2024-10-20,2024-19,driver,norris,Lando Norris,27,30,29.9333333333,34.8981608384,22.2151545946,27.5486111111,30.1111111111,15,False,False,same_season_prior_normal_mean_walk_forward,same_season_prior_normal_recency_decay_0.8,all_prior_weekends_sprint_scores_divided_by_prior_global_factor,same_season_plus_previous_season_prior,full_season_normal_mean_non_predictive,1.38181147244,10.6777777778,2.80332986472,2.80957336108,0.95,1,top,high
2024,19,United States Grand Prix,2024-10-20,2024-19,driver,ocon,Esteban Ocon,12.3,10,4.33333333333,5.37226815096,4.7819144832,4.36111111111,4.11764705882,15,False,False,same_season_prior_normal_mean_walk_forward,same_season_prior_normal_recency_decay_0.8,all_prior_weekends_sprint_scores_divided_by_prior_global_factor,same_season_plus_previous_season_prior,full_season_normal_mean_non_predictive,1.38181147244,10.6777777778,0.405827263267,0.936524453694,0.45,13,middle,medium
2024,19,United States Grand Prix,2024-10-20,2024-19,driver,perez,Sergio Pérez,23.1,19,12.7333333333,9.76771737694,19.5641687188,14.7152777778,11.1666666667,15,False,False,same_season_prior_normal_mean_walk_forward,same_season_prior_normal_recency_decay_0.8,all_prior_weekends_sprint_scores_divided_by_prior_global_factor,same_season_plus_previous_season_prior,full_season_normal_mean_non_predictive,1.38181147244,10.6777777778,1.19250780437,1.77939646202,0.75,8,middle,high
2024,19,United States Grand Prix,2024-10-20,2024-19,driver,piastri,Oscar Piastri,25.3,30,24.5333333333,29.4347743008,17.1355382629,22.7256944444,23.6666666667,15,False,False,same_season_prior_normal_mean_walk_forward,same_season_prior_normal_recency_decay_0.8,all_prior_weekends_sprint_scores_divided_by_prior_global_factor,same_season_plus_previous_season_prior,full_season_normal_mean_non_predictive,1.38181147244,10.6777777778,2.29760665973,2.80957336108,0.875,3,top,high
2024,19,United States Grand Prix,2024-10-20,2024-19,driver,russell,George Russell,21.7,38,14.2666666667,15.5898156036,15.3612044151,14.3263888889,15.9444444444,15,False,False,same_season_prior_normal_mean_walk_forward,same_season_prior_normal_recency_decay_0.8,all_prior_weekends_sprint_scores_divided_by_prior_global_factor,same_season_plus_previous_season_prior,full_season_normal_mean_non_predictive,1.38181147244,10.6777777778,1.3361082206,3.55879292404,0.65,7,middle,medium
2024,19,United States Grand Prix,2024-10-20,2024-19,driver,sainz,Carlos Sainz,23,42,18.7857142857,14.515069096,17.8168166659,18.9007352941,21.6470588235,14,False,False,same_season_prior_normal_mean_walk_forward,same_season_prior_normal_recency_decay_0.8,all_prior_weekends_sprint_scores_divided_by_prior_global_factor,same_season_plus_previous_season_prior,full_season_normal_mean_non_predictive,1.38181147244,10.6777777778,1.75932808087,3.93340270552,0.7,6,middle,high
2024,19,United States Grand Prix,2024-10-20,2024-19,driver,stroll,Lance Stroll,14.4,4,5.86666666667,4.23532464768,7.32369440068,6.14930555556,6.05555555556,15,False,False,same_season_prior_normal_mean_walk_forward,same_season_prior_normal_recency_decay_0.8,all_prior_weekends_sprint_scores_divided_by_prior_global_factor,same_season_plus_previous_season_prior,full_season_normal_mean_non_predictive,1.38181147244,10.6777777778,0.549427679501,0.374609781478,0.55,11,middle,medium
2024,19,United States Grand Prix,2024-10-20,2024-19,driver,tsunoda,Yuki Tsunoda,10.2,2,1.06666666667,-2.96198326483,4.46711299362,1.92013888889,0.722222222222,15,False,False,same_season_prior_normal_mean_walk_forward,same_season_prior_normal_recency_decay_0.8,all_prior_weekends_sprint_scores_divided_by_prior_global_factor,same_season_plus_previous_season_prior,full_season_normal_mean_non_predictive,1.38181147244,10.6777777778,0.0998959417274,0.187304890739,0.325,16,lower,low
2024,19,United States Grand Prix,2024-10-20,2024-19,driver,zhou,Guanyu Zhou,7.8,6,0.533333333333,1.46725133859,4.01480816589,1.55902777778,1.55555555556,15,False,False,same_season_prior_normal_mean_walk_forward,same_season_prior_normal_recency_decay_0.8,all_prior_weekends_sprint_scores_divided_by_prior_global_factor,same_season_plus_previous_season_prior,full_season_normal_mean_non_predictive,1.38181147244,10.6777777778,0.0499479708637,0.561914672216,0.15,17,lower,low
2024,21,São Paulo Grand Prix,2024-11-03,2024-21,constructor,alpine,Alpine,11.4,71,8.0625,11.5828152039,14.8101393781,9.59210526316,8,16,False,False,same_season_prior_normal_mean_walk_forward,same_season_prior_normal_recency_decay_0.8,all_prior_weekends_sprint_scores_divided_by_prior_global_factor,same_season_plus_previous_season_prior,full_season_normal_mean_non_predictive,1.31562672701,27.5,0.293181818182,2.58181818182,0.3,8,lower,low
2024,21,São Paulo Grand Prix,2024-11-03,2024-21,constructor,aston_martin,Aston Martin,14.8,-4,19,13.6506297194,24.719763917,20.8453947368,18.6666666667,16,False,False,same_season_prior_normal_mean_walk_forward,same_season_prior_normal_recency_decay_0.8,all_prior_weekends_sprint_scores_divided_by_prior_global_factor,same_season_plus_previous_season_prior,full_season_normal_mean_non_predictive,1.31562672701,27.5,0.690909090909,-0.145454545455,0.6,5,middle,medium
2024,21,São Paulo Grand Prix,2024-11-03,2024-21,constructor,ferrari,Ferrari,25.1,24,52.9375,54.8676863109,48.4593800975,52,55.6111111111,16,False,False,same_season_prior_normal_mean_walk_forward,same_season_prior_normal_recency_decay_0.8,all_prior_weekends_sprint_scores_divided_by_prior_global_factor,same_season_plus_previous_season_prior,full_season_normal_mean_non_predictive,1.31562672701,27.5,1.925,0.872727272727,0.8,3,top,high
2024,21,São Paulo Grand Prix,2024-11-03,2024-21,constructor,haas,Haas,12,-29,12.6875,16.5646342579,11.5556454897,12.1052631579,14.4444444444,16,False,False,same_season_prior_normal_mean_walk_forward,same_season_prior_normal_recency_decay_0.8,all_prior_weekends_sprint_scores_divided_by_prior_global_factor,same_season_plus_previous_season_prior,full_season_normal_mean_non_predictive,1.31562672701,27.5,0.461363636364,-1.05454545455,0.4,6,middle,medium
2024,21,São Paulo Grand Prix,2024-11-03,2024-21,constructor,mclaren,McLaren,26.7,50,63.5,74.1990116397,48.0640636572,59.3256578947,63.7222222222,16,False,False,same_season_prior_normal_mean_walk_forward,same_season_prior_normal_recency_decay_0.8,all_prior_weekends_sprint_scores_divided_by_prior_global_factor,same_season_plus_previous_season_prior,full_season_normal_mean_non_predictive,1.31562672701,27.5,2.30909090909,1.81818181818,0.9,1,top,high
2024,21,São Paulo Grand Prix,2024-11-03,2024-21,constructor,mercedes,Mercedes,24.4,45,44.125,49.7732693715,44.1697085516,44.6875,46.8333333333,16,False,False,same_season_prior_normal_mean_walk_forward,same_season_prior_normal_recency_decay_0.8,all_prior_weekends_sprint_scores_divided_by_prior_global_factor,same_season_plus_previous_season_prior,full_season_normal_mean_non_predictive,1.31562672701,27.5,1.60454545455,1.63636363636,0.7,4,middle,high
2024,21,São Paulo Grand Prix,2024-11-03,2024-21,constructor,rb,RB,12.6,36,8.625,3.68886686824,9.97838075713,11.7705592105,9.16666666667,16,False,False,same_season_prior_normal_mean_walk_forward,same_season_prior_normal_recency_decay_0.8,all_prior_weekends_sprint_scores_divided_by_prior_global_factor,same_season_plus_prior_group_prior,full_season_normal_mean_non_predictive,1.31562672701,27.5,0.313636363636,1.30909090909,0.5,7,middle,medium
2024,21,São Paulo Grand Prix,2024-11-03,2024-21,constructor,red_bull,Red Bull,29.4,96,54.5,45.8848252001,67.6515451128,58.5559210526,52.3333333333,16,False,False,same_season_prior_normal_mean_walk_forward,same_season_prior_normal_recency_decay_0.8,all_prior_weekends_sprint_scores_divided_by_prior_global_factor,same_season_plus_previous_season_prior,full_season_normal_mean_non_predictive,1.31562672701,27.5,1.98181818182,3.49090909091,1,2,top,high
2024,21,São Paulo Grand Prix,2024-11-03,2024-21,constructor,sauber,Kick Sauber,6.6,18,4.5625,6.62508050631,5.47422563385,8.34950657895,4.33333333333,16,False,False,same_season_prior_normal_mean_walk_forward,same_season_prior_normal_recency_decay_0.8,all_prior_weekends_sprint_scores_divided_by_prior_global_factor,same_season_plus_prior_group_prior,full_season_normal_mean_non_predictive,1.31562672701,27.5,0.165909090909,0.654545454545,0.1,9,lower,low
2024,21,São Paulo Grand Prix,2024-11-03,2024-21,constructor,williams,Williams,6.7,-20,3.0625,4.88366877416,5.38502156277,3.45723684211,1.88888888889,16,False,False,same_season_prior_normal_mean_walk_forward,same_season_prior_normal_recency_decay_0.8,all_prior_weekends_sprint_scores_divided_by_prior_global_factor,same_season_plus_previous_season_prior,full_season_normal_mean_non_predictive,1.31562672701,27.5,0.111363636364,-0.727272727273,0.2,10,lower,low
2024,21,São Paulo Grand Prix,2024-11-03,2024-21,driver,albon,Alexander Albon,9.1,-15,-2.375,-4.25045431717,2.46649154244,-1.32894736842,-2.38888888889,16,False,False,same_season_prior_normal_mean_walk_forward,same_season_prior_normal_recency_decay_0.8,all_prior_weekends_sprint_scores_divided_by_prior_global_factor,same_season_plus_previous_season_prior,full_season_normal_mean_non_predictive,1.38600807596,10.6777777778,-0.222424557752,-1.40478668054,0.2,20,lower,low
2024,21,São Paulo Grand Prix,2024-11-03,2024-21,driver,alonso,Fernando Alonso,15.4,1,6.625,2.82698324615,11.891726321,8.45065789474,6.88888888889,16,False,False,same_season_prior_normal_mean_walk_forward,same_season_prior_normal_recency_decay_0.8,all_prior_weekends_sprint_scores_divided_by_prior_global_factor,same_season_plus_previous_season_prior,full_season_normal_mean_non_predictive,1.38600807596,10.6777777778,0.620447450572,0.0936524453694,0.6,11,middle,medium
2024,21,São Paulo Grand Prix,2024-11-03,2024-21,driver,bearman,Oliver Bearman,13.3,14,16.5,15.4444444444,16.5,13.3340625,16.5,2,False,True,same_season_prior_normal_mean_walk_forward,same_season_prior_normal_recency_decay_0.8,all_prior_weekends_sprint_scores_divided_by_prior_global_factor,same_season_plus_prior_group_prior,full_season_normal_mean_non_predictive,1.38600807596,10.6777777778,1.5452653486,1.31113423517,0.475,7,middle,medium
2024,21,São Paulo Grand Prix,2024-11-03,2024-21,driver,bottas,Valtteri Bottas,6.9,-2,2.8125,2.70618844555,2.06840293773,2.625,1.72222222222,16,False,False,same_season_prior_normal_mean_walk_forward,same_season_prior_normal_recency_decay_0.8,all_prior_weekends_sprint_scores_divided_by_prior_global_factor,same_season_plus_previous_season_prior,full_season_normal_mean_non_predictive,1.38600807596,10.6777777778,0.263397502601,-0.187304890739,0.05,16,lower,low
2024,21,São Paulo Grand Prix,2024-11-03,2024-21,driver,colapinto,Franco Colapinto,7.3,-10,8.5,8.19512195122,8.09869373146,9.6671875,4,4,False,False,same_season_prior_normal_mean_walk_forward,same_season_prior_normal_recency_decay_0.8,all_prior_weekends_sprint_scores_divided_by_prior_global_factor,same_season_plus_prior_group_prior,full_season_normal_mean_non_predictive,1.38600807596,10.6777777778,0.79604578564,-0.936524453694,0.1,10,middle,low
2024,21,São Paulo Grand Prix,2024-11-03,2024-21,driver,gasly,Pierre Gasly,10,30,0,1.22456303388,5.49631006891,1.30263157895,0.111111111111,16,False,False,same_season_prior_normal_mean_walk_forward,same_season_prior_normal_recency_decay_0.8,all_prior_weekends_sprint_scores_divided_by_prior_global_factor,same_season_plus_previous_season_prior,full_season_normal_mean_non_predictive,1.38600807596,10.6777777778,0,2.80957336108,0.3,18,lower,low
2024,21,São Paulo Grand Prix,2024-11-03,2024-21,driver,hamilton,Lewis Hamilton,24.7,15,20.375,23.9687869986,20.2485581618,21.1940789474,22.5,16,False,False,same_season_prior_normal_mean_walk_forward,same_season_prior_normal_recency_decay_0.8,all_prior_weekends_sprint_scores_divided_by_prior_global_factor,same_season_plus_previous_season_prior,full_season_normal_mean_non_predictive,1.38600807596,10.6777777778,1.9081685744,1.40478668054,0.8,6,middle,high
2024,21,São Paulo Grand Prix,2024-11-03,2024-21,driver,hulkenberg,Nico Hülkenberg,11.7,-42,3.9375,4.96241229354,3.66965003562,3.80921052632,5.11111111111,16,False,False,same_season_prior_normal_mean_walk_forward,same_season_prior_normal_recency_decay_0.8,all_prior_weekends_sprint_scores_divided_by_prior_global_factor,same_season_plus_previous_season_prior,full_season_normal_mean_non_predictive,1.38600807596,10.6777777778,0.368756503642,-3.93340270552,0.4,15,middle,medium
2024,21,São Paulo Grand Prix,2024-11-03,2024-21,driver,lawson,Liam Lawson,10.7,9,4,4,6.26942658142,7.9375,1,1,False,True,same_season_prior_normal_mean_walk_forward,same_season_prior_normal_recency_decay_0.8,all_prior_weekends_sprint_scores_divided_by_prior_global_factor,same_season_plus_previous_season_prior,full_season_normal_mean_non_predictive,1.38600807596,10.6777777778,0.374609781478,0.842872008325,0.35,14,middle,medium
2024,21,São Paulo Grand Prix,2024-11-03,2024-21,driver,leclerc,Charles Leclerc,25.7,26,24.9375,26.9957461846,19.2102425021,23.3585526316,26.7777777778,16,False,False,same_season_prior_normal_mean_walk_forward,same_season_prior_normal_recency_decay_0.8,all_prior_weekends_sprint_scores_divided_by_prior_global_factor,same_season_plus_previous_season_prior,full_season_normal_mean_non_predictive,1.38600807596,10.6777777778,2.3354578564,2.4349635796,0.9,3,top,high
2024,21,São Paulo Grand Prix,2024-11-03,2024-21,driver,max_verstappen,Max Verstappen,31.8,77,27,24.2148229475,35.0657457482,29.5756578947,26.5,16,False,False,same_season_prior_normal_mean_walk_forward,same_season_prior_normal_recency_decay_0.8,all_prior_weekends_sprint_scores_divided_by_prior_global_factor,same_season_plus_previous_season_prior,full_season_normal_mean_non_predictive,1.38600807596,10.6777777778,2.52861602497,7.21123829344,1,2,top,high
2024,21,São Paulo Grand Prix,2024-11-03,2024-21,driver,norris,Lando Norris,27.2,24,29.875,33.6843633075,22.3494519786,27.625,30.1111111111,16,False,False,same_season_prior_normal_mean_walk_forward,same_season_prior_normal_recency_decay_0.8,all_prior_weekends_sprint_scores_divided_by_prior_global_factor,same_season_plus_previous_season_prior,full_season_normal_mean_non_predictive,1.38600807596,10.6777777778,2.79786680541,2.24765868887,0.95,1,top,high
2024,21,São Paulo Grand Prix,2024-11-03,2024-21,driver,ocon,Esteban Ocon,13.3,36,4.6875,6.32462086662,4.96017152346,4.65789473684,4.11764705882,16,False,False,same_season_prior_normal_mean_walk_forward,same_season_prior_normal_recency_decay_0.8,all_prior_weekends_sprint_scores_divided_by_prior_global_factor,same_season_plus_previous_season_prior,full_season_normal_mean_non_predictive,1.38600807596,10.6777777778,0.438995837669,3.3714880333,0.475,13,middle,medium
2024,21,São Paulo Grand Prix,2024-11-03,2024-21,driver,perez,Sergio Pérez,23.3,26,12.5625,9.81551940914,19.182785312,14.4671052632,11.1666666667,16,False,False,same_season_prior_normal_mean_walk_forward,same_season_prior_normal_recency_decay_0.8,all_prior_weekends_sprint_scores_divided_by_prior_global_factor,same_season_plus_previous_season_prior,full_season_normal_mean_non_predictive,1.38600807596,10.6777777778,1.17650884495,2.4349635796,0.7,9,middle,high
2024,21,São Paulo Grand Prix,2024-11-03,2024-21,driver,piastri,Oscar Piastri,25.5,16,24.625,28.7279233553,17.4468671881,22.8980263158,23.6666666667,16,False,False,same_season_prior_normal_mean_walk_forward,same_season_prior_normal_recency_decay_0.8,all_prior_weekends_sprint_scores_divided_by_prior_global_factor,same_season_plus_previous_season_prior,full_season_normal_mean_non_predictive,1.38600807596,10.6777777778,2.30619146722,1.49843912591,0.85,4,top,high
2024,21,São Paulo Grand Prix,2024-11-03,2024-21,driver,russell,George Russell,22.3,25,14.625,16.4973986753,15.7466920639,14.625,15.9444444444,16,False,False,same_season_prior_normal_mean_walk_forward,same_season_prior_normal_recency_decay_0.8,all_prior_weekends_sprint_scores_divided_by_prior_global_factor,same_season_plus_previous_season_prior,full_season_normal_mean_non_predictive,1.38600807596,10.6777777778,1.36966701353,2.34131113424,0.65,8,middle,medium
2024,21,São Paulo Grand Prix,2024-11-03,2024-21,driver,sainz,Carlos Sainz,24.3,-12,20.6666666667,21.2489838388,18.8242139549,20.4618055556,21.6470588235,15,False,False,same_season_prior_normal_mean_walk_forward,same_season_prior_normal_recency_decay_0.8,all_prior_weekends_sprint_scores_divided_by_prior_global_factor,same_season_plus_previous_season_prior,full_season_normal_mean_non_predictive,1.38600807596,10.6777777778,1.93548387097,-1.12382934443,0.75,5,top,high
2024,21,São Paulo Grand Prix,2024-11-03,2024-21,driver,stroll,Lance Stroll,14.8,-18,6.1875,5.6274444058,7.29951385946,6.40460526316,6.05555555556,16,False,False,same_season_prior_normal_mean_walk_forward,same_season_prior_normal_recency_decay_0.8,all_prior_weekends_sprint_scores_divided_by_prior_global_factor,same_season_plus_previous_season_prior,full_season_normal_mean_non_predictive,1.38600807596,10.6777777778,0.579474505723,-1.68574401665,0.55,12,middle,medium
2024,21,São Paulo Grand Prix,2024-11-03,2024-21,driver,tsunoda,Yuki Tsunoda,9.9,17,-0.25,-6.46828009369,3.80796872793,0.766447368421,0.722222222222,16,False,False,same_season_prior_normal_mean_walk_forward,same_season_prior_normal_recency_decay_0.8,all_prior_weekends_sprint_scores_divided_by_prior_global_factor,same_season_plus_previous_season_prior,full_season_normal_mean_non_predictive,1.38600807596,10.6777777778,-0.0234131113424,1.59209157128,0.25,19,lower,low
2024,21,São Paulo Grand Prix,2024-11-03,2024-21,driver,zhou,Guanyu Zhou,8.2,9,0.9375,2.6058497675,4.09007761204,1.84539473684,1.55555555556,16,False,False,same_season_prior_normal_mean_walk_forward,same_season_prior_normal_recency_decay_0.8,all_prior_weekends_sprint_scores_divided_by_prior_global_factor,same_season_plus_previous_season_prior,full_season_normal_mean_non_predictive,1.38600807596,10.6777777778,0.0877991675338,0.842872008325,0.15,17,lower,low
2024,23,Qatar Grand Prix,2024-12-01,2024-23,constructor,alpine,Alpine,12.2,9,6.88235294118,6.75759792956,15.1957111371,8.5125,8,17,False,False,same_season_prior_normal_mean_walk_forward,same_season_prior_normal_recency_decay_0.8,all_prior_weekends_sprint_scores_divided_by_prior_global_factor,same_season_plus_previous_season_prior,full_season_normal_mean_non_predictive,1.29292004069,27.5,0.250267379679,0.327272727273,0.3,8,lower,low
2024,23,Qatar Grand Prix,2024-12-01,2024-23,constructor,aston_martin,Aston Martin,14.5,9,18.7058823529,13.722113446,23.9410908861,20.503125,18.6666666667,17,False,False,same_season_prior_normal_mean_walk_forward,same_season_prior_normal_recency_decay_0.8,all_prior_weekends_sprint_scores_divided_by_prior_global_factor,same_season_plus_previous_season_prior,full_season_normal_mean_non_predictive,1.29292004069,27.5,0.680213903743,0.327272727273,0.6,5,middle,medium
2024,23,Qatar Grand Prix,2024-12-01,2024-23,constructor,ferrari,Ferrari,25.2,70,54.0588235294,58.3730835778,48.4890667,53,55.6111111111,17,False,False,same_season_prior_normal_mean_walk_forward,same_season_prior_normal_recency_decay_0.8,all_prior_weekends_sprint_scores_divided_by_prior_global_factor,same_season_plus_previous_season_prior,full_season_normal_mean_non_predictive,1.29292004069,27.5,1.96577540107,2.54545454545,0.8,3,top,high
2024,23,Qatar Grand Prix,2024-12-01,2024-23,constructor,haas,Haas,12.3,14,13.5294117647,18.6997867666,11.1894723709,12.85,14.4444444444,17,False,False,same_season_prior_normal_mean_walk_forward,same_season_prior_normal_recency_decay_0.8,all_prior_weekends_sprint_scores_divided_by_prior_global_factor,same_season_plus_previous_season_prior,full_season_normal_mean_non_predictive,1.29292004069,27.5,0.491978609626,0.509090909091,0.4,6,middle,medium
2024,23,Qatar Grand Prix,2024-12-01,2024-23,constructor,mclaren,McLaren,26.9,76,63.6470588235,72.5214336129,48.4217715338,59.659375,63.7222222222,17,False,False,same_season_prior_normal_mean_walk_forward,same_season_prior_normal_recency_decay_0.8,all_prior_weekends_sprint_scores_divided_by_prior_global_factor,same_season_plus_previous_season_prior,full_season_normal_mean_non_predictive,1.29292004069,27.5,2.31443850267,2.76363636364,0.9,1,top,high
2024,23,Qatar Grand Prix,2024-12-01,2024-23,constructor,mercedes,Mercedes,25,47,46.3529411765,56.3670952562,44.9707726871,46.553125,46.8333333333,17,False,False,same_season_prior_normal_mean_walk_forward,same_season_prior_normal_recency_decay_0.8,all_prior_weekends_sprint_scores_divided_by_prior_global_factor,same_season_plus_previous_season_prior,full_season_normal_mean_non_predictive,1.29292004069,27.5,1.68556149733,1.70909090909,0.7,4,middle,high
2024,23,Qatar Grand Prix,2024-12-01,2024-23,constructor,rb,RB,13,14,9.05882352941,6.20781516771,11.113310685,11.9990909091,9.16666666667,17,False,False,same_season_prior_normal_mean_walk_forward,same_season_prior_normal_recency_decay_0.8,all_prior_weekends_sprint_scores_divided_by_prior_global_factor,same_season_plus_prior_group_prior,full_season_normal_mean_non_predictive,1.29292004069,27.5,0.329411764706,0.509090909091,0.5,7,middle,medium
2024,23,Qatar Grand Prix,2024-12-01,2024-23,constructor,red_bull,Red Bull,29.7,44,54.5294117647,47.7498569413,67.7879452669,58.378125,52.3333333333,17,False,False,same_season_prior_normal_mean_walk_forward,same_season_prior_normal_recency_decay_0.8,all_prior_weekends_sprint_scores_divided_by_prior_global_factor,same_season_plus_previous_season_prior,full_season_normal_mean_non_predictive,1.29292004069,27.5,1.98288770053,1.6,1,2,top,high
2024,23,Qatar Grand Prix,2024-12-01,2024-23,constructor,sauber,Kick Sauber,7,35,4.76470588235,6.90639913746,6.00214728616,8.34909090909,4.33333333333,17,False,False,same_season_prior_normal_mean_walk_forward,same_season_prior_normal_recency_decay_0.8,all_prior_weekends_sprint_scores_divided_by_prior_global_factor,same_season_plus_prior_group_prior,full_season_normal_mean_non_predictive,1.29292004069,27.5,0.173262032086,1.27272727273,0.2,9,lower,low
2024,23,Qatar Grand Prix,2024-12-01,2024-23,constructor,williams,Williams,6.3,-12,2.58823529412,2.86139751897,4.71023934861,3.034375,1.88888888889,17,False,False,same_season_prior_normal_mean_walk_forward,same_season_prior_normal_recency_decay_0.8,all_prior_weekends_sprint_scores_divided_by_prior_global_factor,same_season_plus_previous_season_prior,full_season_normal_mean_non_predictive,1.29292004069,27.5,0.0941176470588,-0.436363636364,0.1,10,lower,low
2024,23,Qatar Grand Prix,2024-12-01,2024-23,driver,albon,Alexander Albon,8.7,5,-3.17647058824,-6.65449769811,1.78300989676,-2.0625,-2.38888888889,17,False,False,same_season_prior_normal_mean_walk_forward,same_season_prior_normal_recency_decay_0.8,all_prior_weekends_sprint_scores_divided_by_prior_global_factor,same_season_plus_previous_season_prior,full_season_normal_mean_non_predictive,1.34983262281,10.6777777778,-0.297484238232,0.468262226847,0.2,20,lower,low
2024,23,Qatar Grand Prix,2024-12-01,2024-23,driver,alonso,Fernando Alonso,15.2,18,6.88235294118,4.49924252832,11.680433195,8.578125,6.88888888889,17,False,False,same_season_prior_normal_mean_walk_forward,same_season_prior_normal_recency_decay_0.8,all_prior_weekends_sprint_scores_divided_by_prior_global_factor,same_season_plus_previous_season_prior,full_season_normal_mean_non_predictive,1.34983262281,10.6777777778,0.644549182837,1.68574401665,0.6,10,middle,medium
2024,23,Qatar Grand Prix,2024-12-01,2024-23,driver,bottas,Valtteri Bottas,6.6,12,2.76470588235,2.5616971006,1.99583299612,2.59375,1.72222222222,17,False,False,same_season_prior_normal_mean_walk_forward,same_season_prior_normal_recency_decay_0.8,all_prior_weekends_sprint_scores_divided_by_prior_global_factor,same_season_plus_previous_season_prior,full_season_normal_mean_non_predictive,1.34983262281,10.6777777778,0.25892146661,1.12382934443,0.05,16,lower,low
2024,23,Qatar Grand Prix,2024-12-01,2024-23,driver,colapinto,Franco Colapinto,7.6,-16,8.8,8.73203236554,6.17988105836,9.73125,4,5,False,False,same_season_prior_normal_mean_walk_forward,same_season_prior_normal_recency_decay_0.8,all_prior_weekends_sprint_scores_divided_by_prior_global_factor,same_season_plus_prior_group_prior,full_season_normal_mean_non_predictive,1.34983262281,10.6777777778,0.824141519251,-1.49843912591,0.1,9,middle,low
2024,23,Qatar Grand Prix,2024-12-01,2024-23,driver,gasly,Pierre Gasly,10.8,21,-0.705882352941,-1.48127973534,5.53906915397,0.6375,0.111111111111,17,False,False,same_season_prior_normal_mean_walk_forward,same_season_prior_normal_recency_decay_0.8,all_prior_weekends_sprint_scores_divided_by_prior_global_factor,same_season_plus_previous_season_prior,full_season_normal_mean_non_predictive,1.34983262281,10.6777777778,-0.0661076084961,1.96670135276,0.25,19,lower,low
2024,23,Qatar Grand Prix,2024-12-01,2024-23,driver,hamilton,Lewis Hamilton,25.8,12,21.8823529412,28.4765350613,20.6964932615,22.434375,22.5,17,False,False,same_season_prior_normal_mean_walk_forward,same_season_prior_normal_recency_decay_0.8,all_prior_weekends_sprint_scores_divided_by_prior_global_factor,same_season_plus_previous_season_prior,full_season_normal_mean_non_predictive,1.34983262281,10.6777777778,2.04933586338,1.12382934443,0.85,5,top,high
2024,23,Qatar Grand Prix,2024-12-01,2024-23,driver,hulkenberg,Nico Hülkenberg,12,-12,4.70588235294,7.42539118901,3.20710201982,4.46875,5.11111111111,17,False,False,same_season_prior_normal_mean_walk_forward,same_season_prior_normal_recency_decay_0.8,all_prior_weekends_sprint_scores_divided_by_prior_global_factor,same_season_plus_previous_season_prior,full_season_normal_mean_non_predictive,1.34983262281,10.6777777778,0.440717389974,-1.12382934443,0.4,13,middle,medium
2024,23,Qatar Grand Prix,2024-12-01,2024-23,driver,kevin_magnussen,Kevin Magnussen,13.3,21,5.5,6.51931630283,4.6518832426,4.99671052632,5.94117647059,16,False,False,same_season_prior_normal_mean_walk_forward,same_season_prior_normal_recency_decay_0.8,all_prior_weekends_sprint_scores_divided_by_prior_global_factor,same_season_plus_previous_season_prior,full_season_normal_mean_non_predictive,1.34983262281,10.6777777778,0.515088449532,1.96670135276,0.45,12,middle,medium
2024,23,Qatar Grand Prix,2024-12-01,2024-23,driver,lawson,Liam Lawson,11,3,3,2.88888888889,5.84786929878,6.75,1,2,False,True,same_season_prior_normal_mean_walk_forward,same_season_prior_normal_recency_decay_0.8,all_prior_weekends_sprint_scores_divided_by_prior_global_factor,same_season_plus_previous_season_prior,full_season_normal_mean_non_predictive,1.34983262281,10.6777777778,0.280957336108,0.280957336108,0.3,15,middle,low
2024,23,Qatar Grand Prix,2024-12-01,2024-23,driver,leclerc,Charles Leclerc,25.9,38,25.1176470588,27.2012238944,19.5140107677,23.590625,26.7777777778,17,False,False,same_season_prior_normal_mean_walk_forward,same_season_prior_normal_recency_decay_0.8,all_prior_weekends_sprint_scores_divided_by_prior_global_factor,same_season_plus_previous_season_prior,full_season_normal_mean_non_predictive,1.34983262281,10.6777777778,2.35232906898,3.55879292404,0.9,3,top,high
2024,23,Qatar Grand Prix,2024-12-01,2024-23,driver,max_verstappen,Max Verstappen,32.1,39,26.7058823529,23.7616538982,35.4801231506,29.196875,26.5,17,False,False,same_season_prior_normal_mean_walk_forward,same_season_prior_normal_recency_decay_0.8,all_prior_weekends_sprint_scores_divided_by_prior_global_factor,same_season_plus_previous_season_prior,full_season_normal_mean_non_predictive,1.34983262281,10.6777777778,2.5010711881,3.65244536941,1,2,top,high
2024,23,Qatar Grand Prix,2024-12-01,2024-23,driver,norris,Lando Norris,27.4,25,29.8235294118,32.7259081547,22.5250704296,27.69375,30.1111111111,17,False,False,same_season_prior_normal_mean_walk_forward,same_season_prior_normal_recency_decay_0.8,all_prior_weekends_sprint_scores_divided_by_prior_global_factor,same_season_plus_previous_season_prior,full_season_normal_mean_non_predictive,1.34983262281,10.6777777778,2.79304645896,2.34131113424,0.95,1,top,high
2024,23,Qatar Grand Prix,2024-12-01,2024-23,driver,ocon,Esteban Ocon,14.8,-13,4.11764705882,4.00752022537,5.2645623538,4.175,4.11764705882,17,False,False,same_season_prior_normal_mean_walk_forward,same_season_prior_normal_recency_decay_0.8,all_prior_weekends_sprint_scores_divided_by_prior_global_factor,same_season_plus_previous_season_prior,full_season_normal_mean_non_predictive,1.34983262281,10.6777777778,0.385627716227,-1.2174817898,0.55,14,middle,medium
2024,23,Qatar Grand Prix,2024-12-01,2024-23,driver,perez,Sergio Pérez,23.7,-15,12.8823529412,11.4901242766,19.2860173656,14.64375,11.1666666667,17,False,False,same_season_prior_normal_mean_walk_forward,same_season_prior_normal_recency_decay_0.8,all_prior_weekends_sprint_scores_divided_by_prior_global_factor,same_season_plus_previous_season_prior,full_season_normal_mean_non_predictive,1.34983262281,10.6777777778,1.20646385505,-1.40478668054,0.7,8,middle,high
2024,23,Qatar Grand Prix,2024-12-01,2024-23,driver,piastri,Oscar Piastri,25.6,36,24.4705882353,27.3513408008,17.4961711738,22.853125,23.6666666667,17,False,False,same_season_prior_normal_mean_walk_forward,same_season_prior_normal_recency_decay_0.8,all_prior_weekends_sprint_scores_divided_by_prior_global_factor,same_season_plus_previous_season_prior,full_season_normal_mean_non_predictive,1.34983262281,10.6777777778,2.29173042786,3.3714880333,0.8,4,top,high
2024,23,Qatar Grand Prix,2024-12-01,2024-23,driver,russell,George Russell,22.9,25,15.8823529412,20.4877742091,16.3878170295,15.69375,15.9444444444,17,False,False,same_season_prior_normal_mean_walk_forward,same_season_prior_normal_recency_decay_0.8,all_prior_weekends_sprint_scores_divided_by_prior_global_factor,same_season_plus_previous_season_prior,full_season_normal_mean_non_predictive,1.34983262281,10.6777777778,1.48742119116,2.34131113424,0.65,7,middle,medium
2024,23,Qatar Grand Prix,2024-12-01,2024-23,driver,sainz,Carlos Sainz,24.1,22,21.3125,23.2556702727,18.5568376865,21.0164473684,21.6470588235,16,False,False,same_season_prior_normal_mean_walk_forward,same_season_prior_normal_recency_decay_0.8,all_prior_weekends_sprint_scores_divided_by_prior_global_factor,same_season_plus_previous_season_prior,full_season_normal_mean_non_predictive,1.34983262281,10.6777777778,1.99596774194,2.06035379813,0.75,6,middle,high
2024,23,Qatar Grand Prix,2024-12-01,2024-23,driver,stroll,Lance Stroll,14.5,-14,6.05882352941,5.29445732211,6.80829373476,6.284375,6.05555555556,17,False,False,same_season_prior_normal_mean_walk_forward,same_season_prior_normal_recency_decay_0.8,all_prior_weekends_sprint_scores_divided_by_prior_global_factor,same_season_plus_previous_season_prior,full_season_normal_mean_non_predictive,1.34983262281,10.6777777778,0.567423639591,-1.31113423517,0.5,11,middle,medium
2024,23,Qatar Grand Prix,2024-12-01,2024-23,driver,tsunoda,Yuki Tsunoda,11.4,10,0.294117647059,-3.30335632748,4.16520652924,1.178125,0.722222222222,17,False,False,same_season_prior_normal_mean_walk_forward,same_season_prior_normal_recency_decay_0.8,all_prior_weekends_sprint_scores_divided_by_prior_global_factor,same_season_plus_previous_season_prior,full_season_normal_mean_non_predictive,1.34983262281,10.6777777778,0.0275448368734,0.936524453694,0.35,18,lower,medium
2024,23,Qatar Grand Prix,2024-12-01,2024-23,driver,zhou,Guanyu Zhou,8.6,27,1.17647058824,3.095710497,4.19965777578,2.003125,1.55555555556,17,False,False,same_season_prior_normal_mean_walk_forward,same_season_prior_normal_recency_decay_0.8,all_prior_weekends_sprint_scores_divided_by_prior_global_factor,same_season_plus_previous_season_prior,full_season_normal_mean_non_predictive,1.34983262281,10.6777777778,0.110179347493,2.52861602497,0.15,17,lower,low
2025,2,Chinese Grand Prix,2025-03-23,2025-2,constructor,alpine,Alpine,8.9,-6,-14,-14,14.7167087155,2.5,7.22222222222,1,False,True,same_season_prior_normal_mean_walk_forward,same_season_prior_normal_recency_decay_0.8,all_prior_weekends_sprint_scores_divided_by_prior_global_factor,same_season_plus_previous_season_prior,full_season_normal_mean_non_predictive,1.27842556913,30.1666666667,-0.46408839779,-0.198895027624,0.5,10,lower,medium
2025,2,Chinese Grand Prix,2025-03-23,2025-2,constructor,aston_martin,Aston Martin,7.9,4,1,1,23.0259350092,14.25,16.0555555556,1,False,True,same_season_prior_normal_mean_walk_forward,same_season_prior_normal_recency_decay_0.8,all_prior_weekends_sprint_scores_divided_by_prior_global_factor,same_season_plus_previous_season_prior,full_season_normal_mean_non_predictive,1.27842556913,30.1666666667,0.0331491712707,0.132596685083,0.4,8,lower,medium
2025,2,Chinese Grand Prix,2025-03-23,2025-2,constructor,ferrari,Ferrari,27.4,-23,36,36,49.1812278592,50.7083333333,53.3333333333,1,False,True,same_season_prior_normal_mean_walk_forward,same_season_prior_normal_recency_decay_0.8,all_prior_weekends_sprint_scores_divided_by_prior_global_factor,same_season_plus_previous_season_prior,full_season_normal_mean_non_predictive,1.27842556913,30.1666666667,1.19337016575,-0.762430939227,0.9,3,top,high
2025,2,Chinese Grand Prix,2025-03-23,2025-2,constructor,haas,Haas,7.6,47,14,14,11.6729665393,14.3333333333,19.4444444444,1,False,True,same_season_prior_normal_mean_walk_forward,same_season_prior_normal_recency_decay_0.8,all_prior_weekends_sprint_scores_divided_by_prior_global_factor,same_season_plus_previous_season_prior,full_season_normal_mean_non_predictive,1.27842556913,30.1666666667,0.46408839779,1.55801104972,0.3,5,middle,low
2025,2,Chinese Grand Prix,2025-03-23,2025-2,constructor,mclaren,McLaren,30.3,101,71,71,49.5993845311,65.5416666667,69.5,1,False,True,same_season_prior_normal_mean_walk_forward,same_season_prior_normal_recency_decay_0.8,all_prior_weekends_sprint_scores_divided_by_prior_global_factor,same_season_plus_previous_season_prior,full_season_normal_mean_non_predictive,1.27842556913,30.1666666667,2.35359116022,3.34806629834,1,1,top,high
2025,2,Chinese Grand Prix,2025-03-23,2025-2,constructor,mercedes,Mercedes,23,69,67,67,45.5814315719,51.875,44.7777777778,1,False,True,same_season_prior_normal_mean_walk_forward,same_season_prior_normal_recency_decay_0.8,all_prior_weekends_sprint_scores_divided_by_prior_global_factor,same_season_plus_previous_season_prior,full_season_normal_mean_non_predictive,1.27842556913,30.1666666667,2.22099447514,2.28729281768,0.7,2,top,high
2025,2,Chinese Grand Prix,2025-03-23,2025-2,constructor,rb,Racing Bulls,7.4,42,-10,-10,10.2987916125,4.375,17,1,False,True,same_season_prior_normal_mean_walk_forward,same_season_prior_normal_recency_decay_0.8,all_prior_weekends_sprint_scores_divided_by_prior_global_factor,same_season_plus_previous_season_prior,full_season_normal_mean_non_predictive,1.27842556913,30.1666666667,-0.331491712707,1.39226519337,0.2,9,lower,low
2025,2,Chinese Grand Prix,2025-03-23,2025-2,constructor,red_bull,Red Bull,25.1,67,19,19,65.1031332299,44,44.3333333333,1,False,True,same_season_prior_normal_mean_walk_forward,same_season_prior_normal_recency_decay_0.8,all_prior_weekends_sprint_scores_divided_by_prior_global_factor,same_season_plus_previous_season_prior,full_season_normal_mean_non_predictive,1.27842556913,30.1666666667,0.629834254144,2.22099447514,0.8,4,middle,high
2025,2,Chinese Grand Prix,2025-03-23,2025-2,constructor,sauber,Kick Sauber,5.6,12,3,3,6.40013704477,4,13.4444444444,1,False,True,same_season_prior_normal_mean_walk_forward,same_season_prior_normal_recency_decay_0.8,all_prior_weekends_sprint_scores_divided_by_prior_global_factor,same_season_plus_previous_season_prior,full_season_normal_mean_non_predictive,1.27842556913,30.1666666667,0.0994475138122,0.397790055249,0.1,7,middle,low
2025,2,Chinese Grand Prix,2025-03-23,2025-2,constructor,williams,Williams,12.9,26,10,10,4.22778339878,3.91666666667,16.5555555556,1,False,True,same_season_prior_normal_mean_walk_forward,same_season_prior_normal_recency_decay_0.8,all_prior_weekends_sprint_scores_divided_by_prior_global_factor,same_season_plus_previous_season_prior,full_season_normal_mean_non_predictive,1.27842556913,30.1666666667,0.331491712707,0.861878453039,0.6,6,middle,medium
2025,2,Chinese Grand Prix,2025-03-23,2025-2,driver,albon,Alexander Albon,12.6,11,17,17,2.36423600896,2.45833333333,6.11111111111,1,False,True,same_season_prior_normal_mean_walk_forward,same_season_prior_normal_recency_decay_0.8,all_prior_weekends_sprint_scores_divided_by_prior_global_factor,same_season_plus_previous_season_prior,full_season_normal_mean_non_predictive,1.33103599566,10.425,1.63069544365,1.0551558753,0.6,6,middle,medium
2025,2,Chinese Grand Prix,2025-03-23,2025-2,driver,alonso,Fernando Alonso,8.2,-16,-20,-20,10.9778385476,0.166666666667,4.55555555556,1,False,True,same_season_prior_normal_mean_walk_forward,same_season_prior_normal_recency_decay_0.8,all_prior_weekends_sprint_scores_divided_by_prior_global_factor,same_season_plus_previous_season_prior,full_season_normal_mean_non_predictive,1.33103599566,10.425,-1.91846522782,-1.53477218225,0.35,18,lower,medium
2025,2,Chinese Grand Prix,2025-03-23,2025-2,driver,antonelli,Andrea Kimi Antonelli,19,29,32,32,32,16.355,9.16666666667,1,False,True,same_season_prior_normal_mean_walk_forward,same_season_prior_normal_recency_decay_0.8,all_prior_weekends_sprint_scores_divided_by_prior_global_factor,same_season_plus_prior_group_prior,full_season_normal_mean_non_predictive,1.33103599566,10.425,3.06954436451,2.78177458034,0.7,2,top,high
2025,2,Chinese Grand Prix,2025-03-23,2025-2,driver,bearman,Oliver Bearman,6.1,20,2,2,11.3795306899,12.875,8.66666666667,1,False,True,same_season_prior_normal_mean_walk_forward,same_season_prior_normal_recency_decay_0.8,all_prior_weekends_sprint_scores_divided_by_prior_global_factor,same_season_plus_previous_season_prior,full_season_normal_mean_non_predictive,1.33103599566,10.425,0.191846522782,1.91846522782,0.15,12,middle,low
2025,2,Chinese Grand Prix,2025-03-23,2025-2,driver,bortoleto,Gabriel Bortoleto,5.4,7,-18,-18,-18,3.855,2.38888888889,1,False,True,same_season_prior_normal_mean_walk_forward,same_season_prior_normal_recency_decay_0.8,all_prior_weekends_sprint_scores_divided_by_prior_global_factor,same_season_plus_prior_group_prior,full_season_normal_mean_non_predictive,1.33103599566,10.425,-1.72661870504,0.671462829736,0.05,16,lower,low
2025,2,Chinese Grand Prix,2025-03-23,2025-2,driver,doohan,Jack Doohan,6.6,11,-20,-20,-6,1,-2.75,1,False,True,same_season_prior_normal_mean_walk_forward,same_season_prior_normal_recency_decay_0.8,all_prior_weekends_sprint_scores_divided_by_prior_global_factor,same_season_plus_previous_season_prior,full_season_normal_mean_non_predictive,1.33103599566,10.425,-1.91846522782,1.0551558753,0.2,19,lower,low
2025,2,Chinese Grand Prix,2025-03-23,2025-2,driver,gasly,Pierre Gasly,11.4,-8,1,1,5.87751835689,0.333333333333,1.94444444444,1,False,True,same_season_prior_normal_mean_walk_forward,same_season_prior_normal_recency_decay_0.8,all_prior_weekends_sprint_scores_divided_by_prior_global_factor,same_season_plus_previous_season_prior,full_season_normal_mean_non_predictive,1.33103599566,10.425,0.0959232613909,-0.767386091127,0.5,13,middle,medium
2025,2,Chinese Grand Prix,2025-03-23,2025-2,driver,hadjar,Isack Hadjar,5.6,11,-20,-20,-20,3.355,5,1,False,True,same_season_prior_normal_mean_walk_forward,same_season_prior_normal_recency_decay_0.8,all_prior_weekends_sprint_scores_divided_by_prior_global_factor,same_season_plus_prior_group_prior,full_season_normal_mean_non_predictive,1.33103599566,10.425,-1.91846522782,1.0551558753,0.1,20,lower,low
2025,2,Chinese Grand Prix,2025-03-23,2025-2,driver,hamilton,Lewis Hamilton,23.9,-1,4,4,20.3934482615,17.875,16.0555555556,1,False,True,same_season_prior_normal_mean_walk_forward,same_season_prior_normal_recency_decay_0.8,all_prior_weekends_sprint_scores_divided_by_prior_global_factor,same_season_plus_previous_season_prior,full_season_normal_mean_non_predictive,1.33103599566,10.425,0.383693045564,-0.0959232613909,0.85,11,middle,high
2025,2,Chinese Grand Prix,2025-03-23,2025-2,driver,hulkenberg,Nico Hülkenberg,7,2,20,20,3.49476347763,8.83333333333,7.77777777778,1,False,True,same_season_prior_normal_mean_walk_forward,same_season_prior_normal_recency_decay_0.8,all_prior_weekends_sprint_scores_divided_by_prior_global_factor,same_season_plus_previous_season_prior,full_season_normal_mean_non_predictive,1.33103599566,10.425,1.91846522782,0.191846522782,0.25,5,top,low
2025,2,Chinese Grand Prix,2025-03-23,2025-2,driver,lawson,Liam Lawson,17.4,22,-17,-17,2.91839264379,-3.5,0.388888888889,1,False,True,same_season_prior_normal_mean_walk_forward,same_season_prior_normal_recency_decay_0.8,all_prior_weekends_sprint_scores_divided_by_prior_global_factor,same_season_plus_previous_season_prior,full_season_normal_mean_non_predictive,1.33103599566,10.425,-1.63069544365,2.1103117506,0.65,15,middle,medium
2025,2,Chinese Grand Prix,2025-03-23,2025-2,driver,leclerc,Charles Leclerc,25.6,-12,12,12,20.3592714018,23.0833333333,19.2222222222,1,False,True,same_season_prior_normal_mean_walk_forward,same_season_prior_normal_recency_decay_0.8,all_prior_weekends_sprint_scores_divided_by_prior_global_factor,same_season_plus_previous_season_prior,full_season_normal_mean_non_predictive,1.33103599566,10.425,1.15107913669,-1.15107913669,0.9,8,middle,high
2025,2,Chinese Grand Prix,2025-03-23,2025-2,driver,max_verstappen,Max Verstappen,28.5,30,29,29,35.0696617178,27.125,29.8888888889,1,False,True,same_season_prior_normal_mean_walk_forward,same_season_prior_normal_recency_decay_0.8,all_prior_weekends_sprint_scores_divided_by_prior_global_factor,same_season_plus_previous_season_prior,full_season_normal_mean_non_predictive,1.33103599566,10.425,2.78177458034,2.87769784173,0.95,3,top,high
2025,2,Chinese Grand Prix,2025-03-23,2025-2,driver,norris,Lando Norris,29.3,41,59,59,23.5572642266,37.3333333333,27.1666666667,1,False,True,same_season_prior_normal_mean_walk_forward,same_season_prior_normal_recency_decay_0.8,all_prior_weekends_sprint_scores_divided_by_prior_global_factor,same_season_plus_previous_season_prior,full_season_normal_mean_non_predictive,1.33103599566,10.425,5.65947242206,3.93285371703,1,1,top,high
2025,2,Chinese Grand Prix,2025-03-23,2025-2,driver,ocon,Esteban Ocon,7.5,24,8,8,5.02477835102,5.08823529412,7.11111111111,1,False,True,same_season_prior_normal_mean_walk_forward,same_season_prior_normal_recency_decay_0.8,all_prior_weekends_sprint_scores_divided_by_prior_global_factor,same_season_plus_previous_season_prior,full_season_normal_mean_non_predictive,1.33103599566,10.425,0.767386091127,2.30215827338,0.3,10,middle,low
2025,2,Chinese Grand Prix,2025-03-23,2025-2,driver,piastri,Oscar Piastri,22.7,45,10,10,17.420897814,20.25,25.3333333333,1,False,True,same_season_prior_normal_mean_walk_forward,same_season_prior_normal_recency_decay_0.8,all_prior_weekends_sprint_scores_divided_by_prior_global_factor,same_season_plus_previous_season_prior,full_season_normal_mean_non_predictive,1.33103599566,10.425,0.959232613909,4.31654676259,0.8,9,middle,high
2025,2,Chinese Grand Prix,2025-03-23,2025-2,driver,russell,George Russell,21.1,35,25,25,16.7002477775,18.2083333333,23.2777777778,1,False,True,same_season_prior_normal_mean_walk_forward,same_season_prior_normal_recency_decay_0.8,all_prior_weekends_sprint_scores_divided_by_prior_global_factor,same_season_plus_previous_season_prior,full_season_normal_mean_non_predictive,1.33103599566,10.425,2.39808153477,3.35731414868,0.75,4,top,high
2025,2,Chinese Grand Prix,2025-03-23,2025-2,driver,sainz,Carlos Sainz,12.5,8,-19,-19,17.9246411248,11.4852941176,4.27777777778,1,False,True,same_season_prior_normal_mean_walk_forward,same_season_prior_normal_recency_decay_0.8,all_prior_weekends_sprint_scores_divided_by_prior_global_factor,same_season_plus_previous_season_prior,full_season_normal_mean_non_predictive,1.33103599566,10.425,-1.82254196643,0.767386091127,0.55,17,lower,medium
2025,2,Chinese Grand Prix,2025-03-23,2025-2,driver,stroll,Lance Stroll,8.7,17,16,16,6.64072158489,8.54166666667,5.38888888889,1,False,True,same_season_prior_normal_mean_walk_forward,same_season_prior_normal_recency_decay_0.8,all_prior_weekends_sprint_scores_divided_by_prior_global_factor,same_season_plus_previous_season_prior,full_season_normal_mean_non_predictive,1.33103599566,10.425,1.53477218225,1.63069544365,0.4,7,middle,medium
2025,2,Chinese Grand Prix,2025-03-23,2025-2,driver,tsunoda,Yuki Tsunoda,9,6,0,0,4.25322243601,0.541666666667,4.66666666667,1,False,True,same_season_prior_normal_mean_walk_forward,same_season_prior_normal_recency_decay_0.8,all_prior_weekends_sprint_scores_divided_by_prior_global_factor,same_season_plus_previous_season_prior,full_season_normal_mean_non_predictive,1.33103599566,10.425,0,0.575539568345,0.45,14,middle,medium
2025,6,Miami Grand Prix,2025-05-04,2025-6,constructor,alpine,Alpine,8.1,10,2.75,3.45257452575,13.8594140071,5,7.22222222222,4,False,False,same_season_prior_normal_mean_walk_forward,same_season_prior_normal_recency_decay_0.8,all_prior_weekends_sprint_scores_divided_by_prior_global_factor,same_season_plus_previous_season_prior,full_season_normal_mean_non_predictive,1.3030648209,30.1666666667,0.0911602209945,0.331491712707,0.2,9,lower,low
2025,6,Miami Grand Prix,2025-05-04,2025-6,constructor,aston_martin,Aston Martin,8.3,13,9.75,10.72899729,21.9310134066,13.5714285714,16.0555555556,4,False,False,same_season_prior_normal_mean_walk_forward,same_season_prior_normal_recency_decay_0.8,all_prior_weekends_sprint_scores_divided_by_prior_global_factor,same_season_plus_previous_season_prior,full_season_normal_mean_non_predictive,1.3030648209,30.1666666667,0.32320441989,0.430939226519,0.3,8,lower,low
2025,6,Miami Grand Prix,2025-05-04,2025-6,constructor,ferrari,Ferrari,27.6,34,57.25,59.8482384824,48.5683703445,56.5476190476,53.3333333333,4,False,False,same_season_prior_normal_mean_walk_forward,same_season_prior_normal_recency_decay_0.8,all_prior_weekends_sprint_scores_divided_by_prior_global_factor,same_season_plus_previous_season_prior,full_season_normal_mean_non_predictive,1.3030648209,30.1666666667,1.89779005525,1.1270718232,0.9,2,top,high
2025,6,Miami Grand Prix,2025-05-04,2025-6,constructor,haas,Haas,10,8,19,19.5013550136,12.6319256404,17.0476190476,19.4444444444,4,False,False,same_season_prior_normal_mean_walk_forward,same_season_prior_normal_recency_decay_0.8,all_prior_weekends_sprint_scores_divided_by_prior_global_factor,same_season_plus_previous_season_prior,full_season_normal_mean_non_predictive,1.3030648209,30.1666666667,0.629834254144,0.265193370166,0.5,5,middle,medium
2025,6,Miami Grand Prix,2025-05-04,2025-6,constructor,mclaren,McLaren,31.5,118,80,81.7723577236,51.9185273105,73.0238095238,69.5,4,False,False,same_season_prior_normal_mean_walk_forward,same_season_prior_normal_recency_decay_0.8,all_prior_weekends_sprint_scores_divided_by_prior_global_factor,same_season_plus_previous_season_prior,full_season_normal_mean_non_predictive,1.3030648209,30.1666666667,2.65193370166,3.91160220994,1,1,top,high
2025,6,Miami Grand Prix,2025-05-04,2025-6,constructor,mercedes,Mercedes,24.2,51,57.25,55.6043360434,46.0471569474,52.7857142857,44.7777777778,4,False,False,same_season_prior_normal_mean_walk_forward,same_season_prior_normal_recency_decay_0.8,all_prior_weekends_sprint_scores_divided_by_prior_global_factor,same_season_plus_previous_season_prior,full_season_normal_mean_non_predictive,1.3030648209,30.1666666667,1.89779005525,1.69060773481,0.7,3,top,high
2025,6,Miami Grand Prix,2025-05-04,2025-6,constructor,rb,Racing Bulls,9.8,-6,11,13.3604336043,11.784962927,10.2142857143,17,4,False,False,same_season_prior_normal_mean_walk_forward,same_season_prior_normal_recency_decay_0.8,all_prior_weekends_sprint_scores_divided_by_prior_global_factor,same_season_plus_previous_season_prior,full_season_normal_mean_non_predictive,1.3030648209,30.1666666667,0.364640883978,-0.198895027624,0.4,7,middle,medium
2025,6,Miami Grand Prix,2025-05-04,2025-6,constructor,red_bull,Red Bull,26.3,60,33,32.8482384824,62.9183901871,41.2857142857,44.3333333333,4,False,False,same_season_prior_normal_mean_walk_forward,same_season_prior_normal_recency_decay_0.8,all_prior_weekends_sprint_scores_divided_by_prior_global_factor,same_season_plus_previous_season_prior,full_season_normal_mean_non_predictive,1.3030648209,30.1666666667,1.09392265193,1.98895027624,0.8,4,middle,high
2025,6,Miami Grand Prix,2025-05-04,2025-6,constructor,sauber,Kick Sauber,4.8,9,-2.25,-2.05420054201,5.36960803505,0.571428571429,13.4444444444,4,False,False,same_season_prior_normal_mean_walk_forward,same_season_prior_normal_recency_decay_0.8,all_prior_weekends_sprint_scores_divided_by_prior_global_factor,same_season_plus_previous_season_prior,full_season_normal_mean_non_predictive,1.3030648209,30.1666666667,-0.0745856353591,0.298342541436,0.1,10,lower,low
2025,6,Miami Grand Prix,2025-05-04,2025-6,constructor,williams,Williams,15.3,31,17.25,18.5230352304,5.41992879261,10.6666666667,16.5555555556,4,False,False,same_season_prior_normal_mean_walk_forward,same_season_prior_normal_recency_decay_0.8,all_prior_weekends_sprint_scores_divided_by_prior_global_factor,same_season_plus_previous_season_prior,full_season_normal_mean_non_predictive,1.3030648209,30.1666666667,0.57182320442,1.02762430939,0.6,6,middle,medium
2025,6,Miami Grand Prix,2025-05-04,2025-6,driver,albon,Alexander Albon,12.6,19,12.5,12.135501355,2.93952677385,6.11904761905,6.11111111111,4,False,False,same_season_prior_normal_mean_walk_forward,same_season_prior_normal_recency_decay_0.8,all_prior_weekends_sprint_scores_divided_by_prior_global_factor,same_season_plus_previous_season_prior,full_season_normal_mean_non_predictive,1.3748756603,10.425,1.19904076739,1.82254196643,0.6,8,middle,medium
2025,6,Miami Grand Prix,2025-05-04,2025-6,driver,alonso,Fernando Alonso,6.1,-13,-1,1.12466124661,10.1267467148,2.38095238095,4.55555555556,4,False,False,same_season_prior_normal_mean_walk_forward,same_season_prior_normal_recency_decay_0.8,all_prior_weekends_sprint_scores_divided_by_prior_global_factor,same_season_plus_previous_season_prior,full_season_normal_mean_non_predictive,1.3748756603,10.425,-0.0959232613909,-1.24700239808,0.2,16,lower,low
2025,6,Miami Grand Prix,2025-05-04,2025-6,driver,antonelli,Andrea Kimi Antonelli,19.6,11,21,19.4119241192,21.0185632981,16.7887218045,9.16666666667,4,False,False,same_season_prior_normal_mean_walk_forward,same_season_prior_normal_recency_decay_0.8,all_prior_weekends_sprint_scores_divided_by_prior_global_factor,same_season_plus_prior_group_prior,full_season_normal_mean_non_predictive,1.3748756603,10.425,2.01438848921,1.0551558753,0.7,5,top,high
2025,6,Miami Grand Prix,2025-05-04,2025-6,driver,bearman,Oliver Bearman,8.5,-4,8.25,8.86991869919,11.3411886236,11.7857142857,8.66666666667,4,False,False,same_season_prior_normal_mean_walk_forward,same_season_prior_normal_recency_decay_0.8,all_prior_weekends_sprint_scores_divided_by_prior_global_factor,same_season_plus_previous_season_prior,full_season_normal_mean_non_predictive,1.3748756603,10.425,0.791366906475,-0.383693045564,0.35,9,middle,medium
2025,6,Miami Grand Prix,2025-05-04,2025-6,driver,bortoleto,Gabriel Bortoleto,4.5,-11,-3.25,-1.45528455285,-1.58172610046,2.93157894737,2.38888888889,4,False,False,same_season_prior_normal_mean_walk_forward,same_season_prior_normal_recency_decay_0.8,all_prior_weekends_sprint_scores_divided_by_prior_global_factor,same_season_plus_prior_group_prior,full_season_normal_mean_non_predictive,1.3748756603,10.425,-0.31175059952,-1.0551558753,0.05,20,lower,low
2025,6,Miami Grand Prix,2025-05-04,2025-6,driver,doohan,Jack Doohan,5,-14,-2.75,-1.28726287263,0.833453916064,1.85714285714,-2.75,4,False,False,same_season_prior_normal_mean_walk_forward,same_season_prior_normal_recency_decay_0.8,all_prior_weekends_sprint_scores_divided_by_prior_global_factor,same_season_plus_previous_season_prior,full_season_normal_mean_non_predictive,1.3748756603,10.425,-0.263788968825,-1.34292565947,0.1,18,lower,low
2025,6,Miami Grand Prix,2025-05-04,2025-6,driver,gasly,Pierre Gasly,8.8,18,-0.75,-2.06233062331,5.13570450864,-0.380952380952,1.94444444444,4,False,False,same_season_prior_normal_mean_walk_forward,same_season_prior_normal_recency_decay_0.8,all_prior_weekends_sprint_scores_divided_by_prior_global_factor,same_season_plus_previous_season_prior,full_season_normal_mean_non_predictive,1.3748756603,10.425,-0.0719424460432,1.72661870504,0.4,15,middle,medium
2025,6,Miami Grand Prix,2025-05-04,2025-6,driver,hadjar,Isack Hadjar,5.7,0,0.25,2.33062330623,1.80014469928,4.93157894737,5,4,False,False,same_season_prior_normal_mean_walk_forward,same_season_prior_normal_recency_decay_0.8,all_prior_weekends_sprint_scores_divided_by_prior_global_factor,same_season_plus_prior_group_prior,full_season_normal_mean_non_predictive,1.3748756603,10.425,0.0239808153477,0,0.15,14,middle,low
2025,6,Miami Grand Prix,2025-05-04,2025-6,driver,hamilton,Lewis Hamilton,23.3,32,16.75,18.1192411924,19.9271560968,19.2142857143,16.0555555556,4,False,False,same_season_prior_normal_mean_walk_forward,same_season_prior_normal_recency_decay_0.8,all_prior_weekends_sprint_scores_divided_by_prior_global_factor,same_season_plus_previous_season_prior,full_season_normal_mean_non_predictive,1.3748756603,10.425,1.6067146283,3.06954436451,0.8,7,middle,high
2025,6,Miami Grand Prix,2025-05-04,2025-6,driver,hulkenberg,Nico Hülkenberg,6.6,9,1,-0.718157181572,2.93405279409,2.7619047619,7.77777777778,4,False,False,same_season_prior_normal_mean_walk_forward,same_season_prior_normal_recency_decay_0.8,all_prior_weekends_sprint_scores_divided_by_prior_global_factor,same_season_plus_previous_season_prior,full_season_normal_mean_non_predictive,1.3748756603,10.425,0.0959232613909,0.863309352518,0.275,13,middle,low
2025,6,Miami Grand Prix,2025-05-04,2025-6,driver,lawson,Liam Lawson,6.6,-14,-1.25,0.859078590786,3.91492893672,-0.285714285714,0.388888888889,4,False,False,same_season_prior_normal_mean_walk_forward,same_season_prior_normal_recency_decay_0.8,all_prior_weekends_sprint_scores_divided_by_prior_global_factor,same_season_plus_previous_season_prior,full_season_normal_mean_non_predictive,1.3748756603,10.425,-0.119904076739,-1.34292565947,0.275,17,lower,low
2025,6,Miami Grand Prix,2025-05-04,2025-6,driver,leclerc,Charles Leclerc,24.6,-8,19.25,20.3062330623,19.7258590374,22.4761904762,19.2222222222,4,False,False,same_season_prior_normal_mean_walk_forward,same_season_prior_normal_recency_decay_0.8,all_prior_weekends_sprint_scores_divided_by_prior_global_factor,same_season_plus_previous_season_prior,full_season_normal_mean_non_predictive,1.3748756603,10.425,1.84652278177,-0.767386091127,0.9,6,middle,high
2025,6,Miami Grand Prix,2025-05-04,2025-6,driver,max_verstappen,Max Verstappen,28.9,12,31.25,31.6693766938,34.3484034862,29.2142857143,29.8888888889,4,False,False,same_season_prior_normal_mean_walk_forward,same_season_prior_normal_recency_decay_0.8,all_prior_weekends_sprint_scores_divided_by_prior_global_factor,same_season_plus_previous_season_prior,full_season_normal_mean_non_predictive,1.3748756603,10.425,2.99760191847,1.15107913669,0.95,2,top,high
2025,6,Miami Grand Prix,2025-05-04,2025-6,driver,norris,Lando Norris,30.1,55,38.5,36.9539295393,23.9969275858,34.9047619048,27.1666666667,4,False,False,same_season_prior_normal_mean_walk_forward,same_season_prior_normal_recency_decay_0.8,all_prior_weekends_sprint_scores_divided_by_prior_global_factor,same_season_plus_previous_season_prior,full_season_normal_mean_non_predictive,1.3748756603,10.425,3.69304556355,5.2757793765,1,1,top,high
2025,6,Miami Grand Prix,2025-05-04,2025-6,driver,ocon,Esteban Ocon,9.1,7,7.5,7.70189701897,5.36017363913,6.05042016807,7.11111111111,4,False,False,same_season_prior_normal_mean_walk_forward,same_season_prior_normal_recency_decay_0.8,all_prior_weekends_sprint_scores_divided_by_prior_global_factor,same_season_plus_previous_season_prior,full_season_normal_mean_non_predictive,1.3748756603,10.425,0.719424460432,0.671462829736,0.475,10,middle,medium
2025,6,Miami Grand Prix,2025-05-04,2025-6,driver,piastri,Oscar Piastri,23.7,58,29.25,32.0054200542,18.6919612826,26.8571428571,25.3333333333,4,False,False,same_season_prior_normal_mean_walk_forward,same_season_prior_normal_recency_decay_0.8,all_prior_weekends_sprint_scores_divided_by_prior_global_factor,same_season_plus_previous_season_prior,full_season_normal_mean_non_predictive,1.3748756603,10.425,2.80575539568,5.56354916067,0.85,3,top,high
2025,6,Miami Grand Prix,2025-05-04,2025-6,driver,russell,George Russell,22.1,30,22.5,22.0596205962,17.0147154977,19.6904761905,23.2777777778,4,False,False,same_season_prior_normal_mean_walk_forward,same_season_prior_normal_recency_decay_0.8,all_prior_weekends_sprint_scores_divided_by_prior_global_factor,same_season_plus_previous_season_prior,full_season_normal_mean_non_predictive,1.3748756603,10.425,2.15827338129,2.87769784173,0.75,4,top,high
2025,6,Miami Grand Prix,2025-05-04,2025-6,driver,sainz,Carlos Sainz,10.1,0,-3,-0.80216802168,16.6421167885,7.56302521008,4.27777777778,4,False,False,same_season_prior_normal_mean_walk_forward,same_season_prior_normal_recency_decay_0.8,all_prior_weekends_sprint_scores_divided_by_prior_global_factor,same_season_plus_previous_season_prior,full_season_normal_mean_non_predictive,1.3748756603,10.425,-0.287769784173,0,0.55,19,lower,medium
2025,6,Miami Grand Prix,2025-05-04,2025-6,driver,stroll,Lance Stroll,9.1,25,6.5,5.44444444444,6.51706946011,6.30952380952,5.38888888889,4,False,False,same_season_prior_normal_mean_walk_forward,same_season_prior_normal_recency_decay_0.8,all_prior_weekends_sprint_scores_divided_by_prior_global_factor,same_season_plus_previous_season_prior,full_season_normal_mean_non_predictive,1.3748756603,10.425,0.623501199041,2.39808153477,0.475,11,middle,medium
2025,6,Miami Grand Prix,2025-05-04,2025-6,driver,tsunoda,Yuki Tsunoda,15.8,33,1.25,-0.50135501355,4.0482869698,1.02380952381,4.66666666667,4,False,False,same_season_prior_normal_mean_walk_forward,same_season_prior_normal_recency_decay_0.8,all_prior_weekends_sprint_scores_divided_by_prior_global_factor,same_season_plus_previous_season_prior,full_season_normal_mean_non_predictive,1.3748756603,10.425,0.119904076739,3.1654676259,0.65,12,middle,medium
2025,13,Belgian Grand Prix,2025-07-27,2025-13,constructor,alpine,Alpine,9.5,-13,7.4,9.62440718183,13.446978325,7.53846153846,7.22222222222,10,False,False,same_season_prior_normal_mean_walk_forward,same_season_prior_normal_recency_decay_0.8,all_prior_weekends_sprint_scores_divided_by_prior_global_factor,same_season_plus_previous_season_prior,full_season_normal_mean_non_predictive,1.291716586,30.1666666667,0.245303867403,-0.430939226519,0.2,10,lower,low
2025,13,Belgian Grand Prix,2025-07-27,2025-13,constructor,aston_martin,Aston Martin,10.1,20,13.8,18.7769036287,21.2028269165,14.9230769231,16.0555555556,10,False,False,same_season_prior_normal_mean_walk_forward,same_season_prior_normal_recency_decay_0.8,all_prior_weekends_sprint_scores_divided_by_prior_global_factor,same_season_plus_previous_season_prior,full_season_normal_mean_non_predictive,1.291716586,30.1666666667,0.457458563536,0.662983425414,0.3,7,middle,low
2025,13,Belgian Grand Prix,2025-07-27,2025-13,constructor,ferrari,Ferrari,29.7,70,59.3,58.179286247,49.5113293822,58.4487179487,53.3333333333,10,False,False,same_season_prior_normal_mean_walk_forward,same_season_prior_normal_recency_decay_0.8,all_prior_weekends_sprint_scores_divided_by_prior_global_factor,same_season_plus_previous_season_prior,full_season_normal_mean_non_predictive,1.291716586,30.1666666667,1.96574585635,2.32044198895,0.9,2,top,high
2025,13,Belgian Grand Prix,2025-07-27,2025-13,constructor,haas,Haas,11.4,15,17.8,20.7977999206,12.9976607873,17.0256410256,19.4444444444,10,False,False,same_season_prior_normal_mean_walk_forward,same_season_prior_normal_recency_decay_0.8,all_prior_weekends_sprint_scores_divided_by_prior_global_factor,same_season_plus_previous_season_prior,full_season_normal_mean_non_predictive,1.291716586,30.1666666667,0.590055248619,0.497237569061,0.4,5,middle,medium
2025,13,Belgian Grand Prix,2025-07-27,2025-13,constructor,mclaren,McLaren,33.6,93,80.3,81.7368302048,55.6441491058,76.4743589744,69.5,10,False,False,same_season_prior_normal_mean_walk_forward,same_season_prior_normal_recency_decay_0.8,all_prior_weekends_sprint_scores_divided_by_prior_global_factor,same_season_plus_previous_season_prior,full_season_normal_mean_non_predictive,1.291716586,30.1666666667,2.66187845304,3.08287292818,1,1,top,high
2025,13,Belgian Grand Prix,2025-07-27,2025-13,constructor,mercedes,Mercedes,25.3,50,38.1,31.1104254433,43.8689278097,40.1153846154,44.7777777778,10,False,False,same_season_prior_normal_mean_walk_forward,same_season_prior_normal_recency_decay_0.8,all_prior_weekends_sprint_scores_divided_by_prior_global_factor,same_season_plus_previous_season_prior,full_season_normal_mean_non_predictive,1.291716586,30.1666666667,1.26298342541,1.65745856354,0.7,3,top,high
2025,13,Belgian Grand Prix,2025-07-27,2025-13,constructor,rb,Racing Bulls,12.4,17,12.9,8.61746962762,11.7579257239,12.0384615385,17,10,False,False,same_season_prior_normal_mean_walk_forward,same_season_prior_normal_recency_decay_0.8,all_prior_weekends_sprint_scores_divided_by_prior_global_factor,same_season_plus_previous_season_prior,full_season_normal_mean_non_predictive,1.291716586,30.1666666667,0.427624309392,0.563535911602,0.5,8,lower,medium
2025,13,Belgian Grand Prix,2025-07-27,2025-13,constructor,red_bull,Red Bull,28,55,34.7,32.9100181724,59.9615766562,38.7692307692,44.3333333333,10,False,False,same_season_prior_normal_mean_walk_forward,same_season_prior_normal_recency_decay_0.8,all_prior_weekends_sprint_scores_divided_by_prior_global_factor,same_season_plus_previous_season_prior,full_season_normal_mean_non_predictive,1.291716586,30.1666666667,1.15027624309,1.82320441989,0.8,4,middle,high
2025,13,Belgian Grand Prix,2025-07-27,2025-13,constructor,sauber,Kick Sauber,8.1,24,14.8,22.1372487409,8.90133229866,12.3846153846,13.4444444444,10,False,False,same_season_prior_normal_mean_walk_forward,same_season_prior_normal_recency_decay_0.8,all_prior_weekends_sprint_scores_divided_by_prior_global_factor,same_season_plus_previous_season_prior,full_season_normal_mean_non_predictive,1.291716586,30.1666666667,0.490607734807,0.795580110497,0.1,6,middle,low
2025,13,Belgian Grand Prix,2025-07-27,2025-13,constructor,williams,Williams,15.5,27,10.3,4.55155867542,5.77857020181,8.35897435897,16.5555555556,10,False,False,same_season_prior_normal_mean_walk_forward,same_season_prior_normal_recency_decay_0.8,all_prior_weekends_sprint_scores_divided_by_prior_global_factor,same_season_plus_previous_season_prior,full_season_normal_mean_non_predictive,1.291716586,30.1666666667,0.341436464088,0.895027624309,0.6,9,lower,medium
2025,13,Belgian Grand Prix,2025-07-27,2025-13,driver,albon,Alexander Albon,11.2,14,3.1,-1.28347471719,2.50874656867,1.83333333333,6.11111111111,10,False,False,same_season_prior_normal_mean_walk_forward,same_season_prior_normal_recency_decay_0.8,all_prior_weekends_sprint_scores_divided_by_prior_global_factor,same_season_plus_previous_season_prior,full_season_normal_mean_non_predictive,1.36301730317,10.425,0.297362110312,1.34292565947,0.6,14,middle,medium
2025,13,Belgian Grand Prix,2025-07-27,2025-13,driver,alonso,Fernando Alonso,6.3,7,3.6,6.82826722667,9.44558560341,4.35897435897,4.55555555556,10,False,False,same_season_prior_normal_mean_walk_forward,same_season_prior_normal_recency_decay_0.8,all_prior_weekends_sprint_scores_divided_by_prior_global_factor,same_season_plus_previous_season_prior,full_season_normal_mean_non_predictive,1.36301730317,10.425,0.345323741007,0.671462829736,0.225,13,middle,low
2025,13,Belgian Grand Prix,2025-07-27,2025-13,driver,antonelli,Andrea Kimi Antonelli,17.1,21,5.2,-1.38181533682,6.778888005,6.53033216783,9.16666666667,10,False,False,same_season_prior_normal_mean_walk_forward,same_season_prior_normal_recency_decay_0.8,all_prior_weekends_sprint_scores_divided_by_prior_global_factor,same_season_plus_prior_group_prior,full_season_normal_mean_non_predictive,1.36301730317,10.425,0.498800959233,2.01438848921,0.7,10,middle,high
2025,13,Belgian Grand Prix,2025-07-27,2025-13,driver,bearman,Oliver Bearman,7.5,7,8,9.21584334331,9.00066613633,9.96153846154,8.66666666667,10,False,False,same_season_prior_normal_mean_walk_forward,same_season_prior_normal_recency_decay_0.8,all_prior_weekends_sprint_scores_divided_by_prior_global_factor,same_season_plus_previous_season_prior,full_season_normal_mean_non_predictive,1.36301730317,10.425,0.767386091127,0.671462829736,0.4,8,middle,medium
2025,13,Belgian Grand Prix,2025-07-27,2025-13,driver,bortoleto,Gabriel Bortoleto,4.9,7,0.2,1.05201290024,-0.0778888004997,2.68417832168,2.38888888889,10,False,False,same_season_prior_normal_mean_walk_forward,same_season_prior_normal_recency_decay_0.8,all_prior_weekends_sprint_scores_divided_by_prior_global_factor,same_season_plus_prior_group_prior,full_season_normal_mean_non_predictive,1.36301730317,10.425,0.0191846522782,0.671462829736,0.15,17,lower,low
2025,13,Belgian Grand Prix,2025-07-27,2025-13,driver,colapinto,Franco Colapinto,4.5,-2,-0.333333333333,-2.60213374967,0.635178078301,1.11111111111,0.928571428571,6,False,False,same_season_prior_normal_mean_walk_forward,same_season_prior_normal_recency_decay_0.8,all_prior_weekends_sprint_scores_divided_by_prior_global_factor,same_season_plus_previous_season_prior,full_season_normal_mean_non_predictive,1.36301730317,10.425,-0.0319744204636,-0.191846522782,0.075,19,lower,low
2025,13,Belgian Grand Prix,2025-07-27,2025-13,driver,gasly,Pierre Gasly,6.6,-14,1.3,3.75411667412,5.03906806029,1.02564102564,1.94444444444,10,False,False,same_season_prior_normal_mean_walk_forward,same_season_prior_normal_recency_decay_0.8,all_prior_weekends_sprint_scores_divided_by_prior_global_factor,same_season_plus_previous_season_prior,full_season_normal_mean_non_predictive,1.36301730317,10.425,0.124700239808,-1.34292565947,0.3,16,lower,low
2025,13,Belgian Grand Prix,2025-07-27,2025-13,driver,hadjar,Isack Hadjar,6.3,-7,2.2,0.519104573119,2.50586086804,4.22263986014,5,10,False,False,same_season_prior_normal_mean_walk_forward,same_season_prior_normal_recency_decay_0.8,all_prior_weekends_sprint_scores_divided_by_prior_global_factor,same_season_plus_prior_group_prior,full_season_normal_mean_non_predictive,1.36301730317,10.425,0.21103117506,-0.671462829736,0.225,15,middle,low
2025,13,Belgian Grand Prix,2025-07-27,2025-13,driver,hamilton,Lewis Hamilton,23.4,40,18.6,19.7986561737,19.9989530263,19.5,16.0555555556,10,False,False,same_season_prior_normal_mean_walk_forward,same_season_prior_normal_recency_decay_0.8,all_prior_weekends_sprint_scores_divided_by_prior_global_factor,same_season_plus_previous_season_prior,full_season_normal_mean_non_predictive,1.36301730317,10.425,1.78417266187,3.83693045564,0.8,6,middle,high
2025,13,Belgian Grand Prix,2025-07-27,2025-13,driver,hulkenberg,Nico Hülkenberg,8.4,7,12.3,19.8421719323,4.74605740726,10.641025641,7.77777777778,10,False,False,same_season_prior_normal_mean_walk_forward,same_season_prior_normal_recency_decay_0.8,all_prior_weekends_sprint_scores_divided_by_prior_global_factor,same_season_plus_previous_season_prior,full_season_normal_mean_non_predictive,1.36301730317,10.425,1.17985611511,0.671462829736,0.45,7,middle,medium
2025,13,Belgian Grand Prix,2025-07-27,2025-13,driver,lawson,Liam Lawson,4.5,9,-1.1,-2.52669429758,2.02643450591,-0.615384615385,0.388888888889,10,False,False,same_season_prior_normal_mean_walk_forward,same_season_prior_normal_recency_decay_0.8,all_prior_weekends_sprint_scores_divided_by_prior_global_factor,same_season_plus_previous_season_prior,full_season_normal_mean_non_predictive,1.36301730317,10.425,-0.10551558753,0.863309352518,0.075,20,lower,low
2025,13,Belgian Grand Prix,2025-07-27,2025-13,driver,leclerc,Charles Leclerc,24.1,30,20.9,19.1429551446,19.5510217175,22.2564102564,19.2222222222,10,False,False,same_season_prior_normal_mean_walk_forward,same_season_prior_normal_recency_decay_0.8,all_prior_weekends_sprint_scores_divided_by_prior_global_factor,same_season_plus_previous_season_prior,full_season_normal_mean_non_predictive,1.36301730317,10.425,2.00479616307,2.87769784173,0.85,4,top,high
2025,13,Belgian Grand Prix,2025-07-27,2025-13,driver,max_verstappen,Max Verstappen,28.6,30,25.2,19.453140736,32.6128706372,25.5,29.8888888889,10,False,False,same_season_prior_normal_mean_walk_forward,same_season_prior_normal_recency_decay_0.8,all_prior_weekends_sprint_scores_divided_by_prior_global_factor,same_season_plus_previous_season_prior,full_season_normal_mean_non_predictive,1.36301730317,10.425,2.41726618705,2.87769784173,0.95,3,top,high
2025,13,Belgian Grand Prix,2025-07-27,2025-13,driver,norris,Lando Norris,30.8,39,32.9,30.4814944828,24.8553830596,32.2564102564,27.1666666667,10,False,False,same_season_prior_normal_mean_walk_forward,same_season_prior_normal_recency_decay_0.8,all_prior_weekends_sprint_scores_divided_by_prior_global_factor,same_season_plus_previous_season_prior,full_season_normal_mean_non_predictive,1.36301730317,10.425,3.15587529976,3.74100719424,1,1,top,high
2025,13,Belgian Grand Prix,2025-07-27,2025-13,driver,ocon,Esteban Ocon,8.9,3,5.9,7.19088902678,5.3154321019,5.48868778281,7.11111111111,10,False,False,same_season_prior_normal_mean_walk_forward,same_season_prior_normal_recency_decay_0.8,all_prior_weekends_sprint_scores_divided_by_prior_global_factor,same_season_plus_previous_season_prior,full_season_normal_mean_non_predictive,1.36301730317,10.425,0.565947242206,0.287769784173,0.55,9,middle,medium
2025,13,Belgian Grand Prix,2025-07-27,2025-13,driver,piastri,Oscar Piastri,25.8,42,31.5,33.7579850704,20.6121881876,29.6923076923,25.3333333333,10,False,False,same_season_prior_normal_mean_walk_forward,same_season_prior_normal_recency_decay_0.8,all_prior_weekends_sprint_scores_divided_by_prior_global_factor,same_season_plus_previous_season_prior,full_season_normal_mean_non_predictive,1.36301730317,10.425,3.02158273381,4.02877697842,0.9,2,top,high
2025,13,Belgian Grand Prix,2025-07-27,2025-13,driver,russell,George Russell,22.4,19,20.6,20.0860910613,17.3792108927,19.5256410256,23.2777777778,10,False,False,same_season_prior_normal_mean_walk_forward,same_season_prior_normal_recency_decay_0.8,all_prior_weekends_sprint_scores_divided_by_prior_global_factor,same_season_plus_previous_season_prior,full_season_normal_mean_non_predictive,1.36301730317,10.425,1.97601918465,1.82254196643,0.75,5,top,high
2025,13,Belgian Grand Prix,2025-07-27,2025-13,driver,sainz,Carlos Sainz,7.1,6,0.1,-0.216304967426,14.851618827,5.07239819005,4.27777777778,10,False,False,same_season_prior_normal_mean_walk_forward,same_season_prior_normal_recency_decay_0.8,all_prior_weekends_sprint_scores_divided_by_prior_global_factor,same_season_plus_previous_season_prior,full_season_normal_mean_non_predictive,1.36301730317,10.425,0.00959232613909,0.575539568345,0.35,18,lower,medium
2025,13,Belgian Grand Prix,2025-07-27,2025-13,driver,stroll,Lance Stroll,8.5,9,4.2,5.79096366213,6.33407986543,4.62820512821,5.38888888889,10,False,False,same_season_prior_normal_mean_walk_forward,same_season_prior_normal_recency_decay_0.8,all_prior_weekends_sprint_scores_divided_by_prior_global_factor,same_season_plus_previous_season_prior,full_season_normal_mean_non_predictive,1.36301730317,10.425,0.402877697842,0.863309352518,0.5,11,middle,medium
2025,13,Belgian Grand Prix,2025-07-27,2025-13,driver,tsunoda,Yuki Tsunoda,12.4,0,3.8,4.17311408941,4.55951652817,3.08974358974,4.66666666667,10,False,False,same_season_prior_normal_mean_walk_forward,same_season_prior_normal_recency_decay_0.8,all_prior_weekends_sprint_scores_divided_by_prior_global_factor,same_season_plus_previous_season_prior,full_season_normal_mean_non_predictive,1.36301730317,10.425,0.364508393285,0,0.65,12,middle,medium
2025,19,United States Grand Prix,2025-10-19,2025-19,constructor,alpine,Alpine,7.9,18,7.26666666667,7.77406253064,12.5884539057,7.38888888889,7.22222222222,15,False,False,same_season_prior_normal_mean_walk_forward,same_season_prior_normal_recency_decay_0.8,all_prior_weekends_sprint_scores_divided_by_prior_global_factor,same_season_plus_previous_season_prior,full_season_normal_mean_non_predictive,1.28786811502,30.1666666667,0.240883977901,0.596685082873,0.1,10,lower,low
2025,19,United States Grand Prix,2025-10-19,2025-19,constructor,aston_martin,Aston Martin,12.1,-12,16.5333333333,19.743629421,21.1888231615,16.8888888889,16.0555555556,15,False,False,same_season_prior_normal_mean_walk_forward,same_season_prior_normal_recency_decay_0.8,all_prior_weekends_sprint_scores_divided_by_prior_global_factor,same_season_plus_previous_season_prior,full_season_normal_mean_non_predictive,1.28786811502,30.1666666667,0.548066298343,-0.397790055249,0.3,6,middle,low
2025,19,United States Grand Prix,2025-10-19,2025-19,constructor,ferrari,Ferrari,30.9,85,51.4,44.0068191621,48.5247076601,52.1018518519,53.3333333333,15,False,False,same_season_prior_normal_mean_walk_forward,same_season_prior_normal_recency_decay_0.8,all_prior_weekends_sprint_scores_divided_by_prior_global_factor,same_season_plus_previous_season_prior,full_season_normal_mean_non_predictive,1.28786811502,30.1666666667,1.70386740331,2.81767955801,0.9,2,top,high
2025,19,United States Grand Prix,2025-10-19,2025-19,constructor,haas,Haas,13,13,16.4666666667,16.2986430692,13.0472664759,16.1296296296,19.4444444444,15,False,False,same_season_prior_normal_mean_walk_forward,same_season_prior_normal_recency_decay_0.8,all_prior_weekends_sprint_scores_divided_by_prior_global_factor,same_season_plus_previous_season_prior,full_season_normal_mean_non_predictive,1.28786811502,30.1666666667,0.545856353591,0.430939226519,0.4,7,middle,medium
2025,19,United States Grand Prix,2025-10-19,2025-19,constructor,mclaren,McLaren,35.4,22,74.8,65.919812692,56.5721570546,72.9537037037,69.5,15,False,False,same_season_prior_normal_mean_walk_forward,same_season_prior_normal_recency_decay_0.8,all_prior_weekends_sprint_scores_divided_by_prior_global_factor,same_season_plus_previous_season_prior,full_season_normal_mean_non_predictive,1.28786811502,30.1666666667,2.47955801105,0.729281767956,1,1,top,high
2025,19,United States Grand Prix,2025-10-19,2025-19,constructor,mercedes,Mercedes,26.9,61,42.4,47.1088383208,44.3732391833,43.1388888889,44.7777777778,15,False,False,same_season_prior_normal_mean_walk_forward,same_season_prior_normal_recency_decay_0.8,all_prior_weekends_sprint_scores_divided_by_prior_global_factor,same_season_plus_previous_season_prior,full_season_normal_mean_non_predictive,1.28786811502,30.1666666667,1.40552486188,2.02209944751,0.7,3,top,high
2025,19,United States Grand Prix,2025-10-19,2025-19,constructor,rb,Racing Bulls,13.6,34,18.6666666667,22.8058621287,13.996946958,17.0833333333,17,15,False,False,same_season_prior_normal_mean_walk_forward,same_season_prior_normal_recency_decay_0.8,all_prior_weekends_sprint_scores_divided_by_prior_global_factor,same_season_plus_previous_season_prior,full_season_normal_mean_non_predictive,1.28786811502,30.1666666667,0.618784530387,1.1270718232,0.5,5,middle,medium
2025,19,United States Grand Prix,2025-10-19,2025-19,constructor,red_bull,Red Bull,29.6,92,41.6666666667,50.3740974171,59.3935055189,43.4444444444,44.3333333333,15,False,False,same_season_prior_normal_mean_walk_forward,same_season_prior_normal_recency_decay_0.8,all_prior_weekends_sprint_scores_divided_by_prior_global_factor,same_season_plus_previous_season_prior,full_season_normal_mean_non_predictive,1.28786811502,30.1666666667,1.38121546961,3.04972375691,0.8,4,middle,high
2025,19,United States Grand Prix,2025-10-19,2025-19,constructor,sauber,Kick Sauber,10.1,25,13.8666666667,12.8934981056,9.50870584195,12.2777777778,13.4444444444,15,False,False,same_season_prior_normal_mean_walk_forward,same_season_prior_normal_recency_decay_0.8,all_prior_weekends_sprint_scores_divided_by_prior_global_factor,same_season_plus_previous_season_prior,full_season_normal_mean_non_predictive,1.28786811502,30.1666666667,0.459668508287,0.828729281768,0.2,9,lower,low
2025,19,United States Grand Prix,2025-10-19,2025-19,constructor,williams,Williams,17.9,27,15.7333333333,18.8485659712,7.64762718544,13.4259259259,16.5555555556,15,False,False,same_season_prior_normal_mean_walk_forward,same_season_prior_normal_recency_decay_0.8,all_prior_weekends_sprint_scores_divided_by_prior_global_factor,same_season_plus_previous_season_prior,full_season_normal_mean_non_predictive,1.28786811502,30.1666666667,0.521546961326,0.895027624309,0.6,8,lower,medium
2025,19,United States Grand Prix,2025-10-19,2025-19,driver,albon,Alexander Albon,12.8,20,6.93333333333,8.88504394902,3.57579042191,5.37962962963,6.11111111111,15,False,False,same_season_prior_normal_mean_walk_forward,same_season_prior_normal_recency_decay_0.8,all_prior_weekends_sprint_scores_divided_by_prior_global_factor,same_season_plus_previous_season_prior,full_season_normal_mean_non_predictive,1.36203505741,10.425,0.665067945643,1.91846522782,0.65,9,middle,medium
2025,19,United States Grand Prix,2025-10-19,2025-19,driver,alonso,Fernando Alonso,6.7,-16,5.2,8.62452687259,9.29770583563,5.48148148148,4.55555555556,15,False,False,same_season_prior_normal_mean_walk_forward,same_season_prior_normal_recency_decay_0.8,all_prior_weekends_sprint_scores_divided_by_prior_global_factor,same_season_plus_previous_season_prior,full_season_normal_mean_non_predictive,1.36203505741,10.425,0.498800959233,-1.53477218225,0.3,13,middle,low
2025,19,United States Grand Prix,2025-10-19,2025-19,driver,antonelli,Andrea Kimi Antonelli,15.1,22,7.2,8.50465603793,8.48810694736,7.8287414966,9.16666666667,15,False,False,same_season_prior_normal_mean_walk_forward,same_season_prior_normal_recency_decay_0.8,all_prior_weekends_sprint_scores_divided_by_prior_global_factor,same_season_plus_prior_group_prior,full_season_normal_mean_non_predictive,1.36203505741,10.425,0.690647482014,2.1103117506,0.7,8,middle,high
2025,19,United States Grand Prix,2025-10-19,2025-19,driver,bearman,Oliver Bearman,7.1,14,6.93333333333,6.7679603196,7.8173920585,8.52777777778,8.66666666667,15,False,False,same_season_prior_normal_mean_walk_forward,same_season_prior_normal_recency_decay_0.8,all_prior_weekends_sprint_scores_divided_by_prior_global_factor,same_season_plus_previous_season_prior,full_season_normal_mean_non_predictive,1.36203505741,10.425,0.665067945643,1.34292565947,0.375,10,middle,medium
2025,19,United States Grand Prix,2025-10-19,2025-19,driver,bortoleto,Gabriel Bortoleto,6.1,17,3,5.03494038995,2.62236591544,4.3287414966,2.38888888889,15,False,False,same_season_prior_normal_mean_walk_forward,same_season_prior_normal_recency_decay_0.8,all_prior_weekends_sprint_scores_divided_by_prior_global_factor,same_season_plus_prior_group_prior,full_season_normal_mean_non_predictive,1.36203505741,10.425,0.287769784173,1.63069544365,0.15,17,lower,low
2025,19,United States Grand Prix,2025-10-19,2025-19,driver,colapinto,Franco Colapinto,4.5,7,0.818181818182,1.01692783596,0.907156459018,1.5,0.928571428571,11,False,False,same_season_prior_normal_mean_walk_forward,same_season_prior_normal_recency_decay_0.8,all_prior_weekends_sprint_scores_divided_by_prior_global_factor,same_season_plus_previous_season_prior,full_season_normal_mean_non_predictive,1.36203505741,10.425,0.0784826684107,0.671462829736,0.075,20,lower,low
2025,19,United States Grand Prix,2025-10-19,2025-19,driver,gasly,Pierre Gasly,4.5,3,1.66666666667,3.04520638851,4.59518704141,1.40740740741,1.94444444444,15,False,False,same_season_prior_normal_mean_walk_forward,same_season_prior_normal_recency_decay_0.8,all_prior_weekends_sprint_scores_divided_by_prior_global_factor,same_season_plus_previous_season_prior,full_season_normal_mean_non_predictive,1.36203505741,10.425,0.159872102318,0.287769784173,0.075,18,lower,low
2025,19,United States Grand Prix,2025-10-19,2025-19,driver,hadjar,Isack Hadjar,7.1,3,5.2,6.87666702957,4.49648788726,6.16207482993,5,15,False,False,same_season_prior_normal_mean_walk_forward,same_season_prior_normal_recency_decay_0.8,all_prior_weekends_sprint_scores_divided_by_prior_global_factor,same_season_plus_prior_group_prior,full_season_normal_mean_non_predictive,1.36203505741,10.425,0.498800959233,0.287769784173,0.375,14,middle,medium
2025,19,United States Grand Prix,2025-10-19,2025-19,driver,hamilton,Lewis Hamilton,22.8,32,15.2666666667,13.607056094,19.2566005798,16.4722222222,16.0555555556,15,False,False,same_season_prior_normal_mean_walk_forward,same_season_prior_normal_recency_decay_0.8,all_prior_weekends_sprint_scores_divided_by_prior_global_factor,same_season_plus_previous_season_prior,full_season_normal_mean_non_predictive,1.36203505741,10.425,1.46442845723,3.06954436451,0.75,6,middle,high
2025,19,United States Grand Prix,2025-10-19,2025-19,driver,hulkenberg,Nico Hülkenberg,8,2,8.06666666667,4.40480897646,4.35028289603,7.57407407407,7.77777777778,15,False,False,same_season_prior_normal_mean_walk_forward,same_season_prior_normal_recency_decay_0.8,all_prior_weekends_sprint_scores_divided_by_prior_global_factor,same_season_plus_previous_season_prior,full_season_normal_mean_non_predictive,1.36203505741,10.425,0.77378097522,0.191846522782,0.5,7,middle,medium
2025,19,United States Grand Prix,2025-10-19,2025-19,driver,lawson,Liam Lawson,6.5,15,1.66666666667,4.32015490246,3.07684314683,1.55555555556,0.388888888889,15,False,False,same_season_prior_normal_mean_walk_forward,same_season_prior_normal_recency_decay_0.8,all_prior_weekends_sprint_scores_divided_by_prior_global_factor,same_season_plus_previous_season_prior,full_season_normal_mean_non_predictive,1.36203505741,10.425,0.159872102318,1.43884892086,0.25,19,lower,low
2025,19,United States Grand Prix,2025-10-19,2025-19,driver,leclerc,Charles Leclerc,22.9,48,17.2666666667,13.2195523332,18.8458158084,18.8518518519,19.2222222222,15,False,False,same_season_prior_normal_mean_walk_forward,same_season_prior_normal_recency_decay_0.8,all_prior_weekends_sprint_scores_divided_by_prior_global_factor,same_season_plus_previous_season_prior,full_season_normal_mean_non_predictive,1.36203505741,10.425,1.65627498002,4.60431654676,0.8,5,top,high
2025,19,United States Grand Prix,2025-10-19,2025-19,driver,max_verstappen,Max Verstappen,28.8,48,27.3333333333,29.071542586,32.3736090638,27.1944444444,29.8888888889,15,False,False,same_season_prior_normal_mean_walk_forward,same_season_prior_normal_recency_decay_0.8,all_prior_weekends_sprint_scores_divided_by_prior_global_factor,same_season_plus_previous_season_prior,full_season_normal_mean_non_predictive,1.36203505741,10.425,2.62190247802,4.60431654676,0.95,3,top,high
2025,19,United States Grand Prix,2025-10-19,2025-19,driver,norris,Lando Norris,30.8,9,28.9333333333,23.8478971555,24.6168289767,29.1296296296,27.1666666667,15,False,False,same_season_prior_normal_mean_walk_forward,same_season_prior_normal_recency_decay_0.8,all_prior_weekends_sprint_scores_divided_by_prior_global_factor,same_season_plus_previous_season_prior,full_season_normal_mean_non_predictive,1.36203505741,10.425,2.77537969624,0.863309352518,1,1,top,high
2025,19,United States Grand Prix,2025-10-19,2025-19,driver,ocon,Esteban Ocon,7.7,-8,5.93333333333,5.82372780724,5.32151999934,5.63071895425,7.11111111111,15,False,False,same_season_prior_normal_mean_walk_forward,same_season_prior_normal_recency_decay_0.8,all_prior_weekends_sprint_scores_divided_by_prior_global_factor,same_season_plus_previous_season_prior,full_season_normal_mean_non_predictive,1.36203505741,10.425,0.569144684253,-0.767386091127,0.45,11,middle,medium
2025,19,United States Grand Prix,2025-10-19,2025-19,driver,piastri,Oscar Piastri,26.6,-2,27.8,22.0744175613,20.75801506,27.1111111111,25.3333333333,15,False,False,same_season_prior_normal_mean_walk_forward,same_season_prior_normal_recency_decay_0.8,all_prior_weekends_sprint_scores_divided_by_prior_global_factor,same_season_plus_previous_season_prior,full_season_normal_mean_non_predictive,1.36203505741,10.425,2.66666666667,-0.191846522782,0.9,2,top,high
2025,19,United States Grand Prix,2025-10-19,2025-19,driver,russell,George Russell,23,24,23.0666666667,25.9984737929,18.1585404383,21.8796296296,23.2777777778,15,False,False,same_season_prior_normal_mean_walk_forward,same_season_prior_normal_recency_decay_0.8,all_prior_weekends_sprint_scores_divided_by_prior_global_factor,same_season_plus_previous_season_prior,full_season_normal_mean_non_predictive,1.36203505741,10.425,2.21262989608,2.30215827338,0.85,4,top,high
2025,19,United States Grand Prix,2025-10-19,2025-19,driver,sainz,Carlos Sainz,6.3,-3,3.46666666667,8.07890286728,14.3185325364,6.49673202614,4.27777777778,15,False,False,same_season_prior_normal_mean_walk_forward,same_season_prior_normal_recency_decay_0.8,all_prior_weekends_sprint_scores_divided_by_prior_global_factor,same_season_plus_previous_season_prior,full_season_normal_mean_non_predictive,1.36203505741,10.425,0.332533972822,-0.287769784173,0.2,16,lower,low
2025,19,United States Grand Prix,2025-10-19,2025-19,driver,stroll,Lance Stroll,9.3,-3,5.53333333333,6.69681477543,6.48520583563,5.62037037037,5.38888888889,15,False,False,same_season_prior_normal_mean_walk_forward,same_season_prior_normal_recency_decay_0.8,all_prior_weekends_sprint_scores_divided_by_prior_global_factor,same_season_plus_previous_season_prior,full_season_normal_mean_non_predictive,1.36203505741,10.425,0.530775379696,-0.287769784173,0.55,12,middle,medium
2025,19,United States Grand Prix,2025-10-19,2025-19,driver,tsunoda,Yuki Tsunoda,9.6,37,4.73333333333,6.0040254929,4.64897651337,4.06481481481,4.66666666667,15,False,False,same_season_prior_normal_mean_walk_forward,same_season_prior_normal_recency_decay_0.8,all_prior_weekends_sprint_scores_divided_by_prior_global_factor,same_season_plus_previous_season_prior,full_season_normal_mean_non_predictive,1.36203505741,10.425,0.454036770584,3.54916067146,0.6,15,middle,medium
2025,21,São Paulo Grand Prix,2025-11-09,2025-21,constructor,alpine,Alpine,9.1,12,7.6875,9.05531404863,12.6458654156,7.73684210526,7.22222222222,16,False,False,same_season_prior_normal_mean_walk_forward,same_season_prior_normal_recency_decay_0.8,all_prior_weekends_sprint_scores_divided_by_prior_global_factor,same_season_plus_previous_season_prior,full_season_normal_mean_non_predictive,1.28337516984,30.1666666667,0.254834254144,0.397790055249,0.1,10,lower,low
2025,21,São Paulo Grand Prix,2025-11-09,2025-21,constructor,aston_martin,Aston Martin,11.7,9,15.625,16.0921227616,20.4502785173,16.1052631579,16.0555555556,16,False,False,same_season_prior_normal_mean_walk_forward,same_season_prior_normal_recency_decay_0.8,all_prior_weekends_sprint_scores_divided_by_prior_global_factor,same_season_plus_previous_season_prior,full_season_normal_mean_non_predictive,1.28337516984,30.1666666667,0.517955801105,0.298342541436,0.3,8,lower,low
2025,21,São Paulo Grand Prix,2025-11-09,2025-21,constructor,ferrari,Ferrari,31.5,-3,51.8125,46.886511462,48.9674082557,52.4122807018,53.3333333333,16,False,False,same_season_prior_normal_mean_walk_forward,same_season_prior_normal_recency_decay_0.8,all_prior_weekends_sprint_scores_divided_by_prior_global_factor,same_season_plus_previous_season_prior,full_season_normal_mean_non_predictive,1.28337516984,30.1666666667,1.71754143646,-0.0994475138122,0.9,2,top,high
2025,21,São Paulo Grand Prix,2025-11-09,2025-21,constructor,haas,Haas,13.8,54,18.25,22.2051683623,13.4969521877,17.649122807,19.4444444444,16,False,False,same_season_prior_normal_mean_walk_forward,same_season_prior_normal_recency_decay_0.8,all_prior_weekends_sprint_scores_divided_by_prior_global_factor,same_season_plus_previous_season_prior,full_season_normal_mean_non_predictive,1.28337516984,30.1666666667,0.604972375691,1.79005524862,0.4,5,middle,medium
2025,21,São Paulo Grand Prix,2025-11-09,2025-21,constructor,mclaren,McLaren,35.6,63,75.5,70.0521655459,56.460851245,73.6403508772,69.5,16,False,False,same_season_prior_normal_mean_walk_forward,same_season_prior_normal_recency_decay_0.8,all_prior_weekends_sprint_scores_divided_by_prior_global_factor,same_season_plus_previous_season_prior,full_season_normal_mean_non_predictive,1.28337516984,30.1666666667,2.50276243094,2.08839779006,1,1,top,high
2025,21,São Paulo Grand Prix,2025-11-09,2025-21,constructor,mercedes,Mercedes,27.5,91,43.375,49.3501582028,44.6592630113,43.9210526316,44.7777777778,16,False,False,same_season_prior_normal_mean_walk_forward,same_season_prior_normal_recency_decay_0.8,all_prior_weekends_sprint_scores_divided_by_prior_global_factor,same_season_plus_previous_season_prior,full_season_normal_mean_non_predictive,1.28337516984,30.1666666667,1.43784530387,3.01657458564,0.7,3,top,high
2025,21,São Paulo Grand Prix,2025-11-09,2025-21,constructor,rb,Racing Bulls,14.4,47,16.875,16.0546602642,13.7469225524,15.6578947368,17,16,False,False,same_season_prior_normal_mean_walk_forward,same_season_prior_normal_recency_decay_0.8,all_prior_weekends_sprint_scores_divided_by_prior_global_factor,same_season_plus_previous_season_prior,full_season_normal_mean_non_predictive,1.28337516984,30.1666666667,0.559392265193,1.55801104972,0.5,6,middle,medium
2025,21,São Paulo Grand Prix,2025-11-09,2025-21,constructor,red_bull,Red Bull,30.2,88,41.3125,47.4160153249,59.2757623065,43.0526315789,44.3333333333,16,False,False,same_season_prior_normal_mean_walk_forward,same_season_prior_normal_recency_decay_0.8,all_prior_weekends_sprint_scores_divided_by_prior_global_factor,same_season_plus_previous_season_prior,full_season_normal_mean_non_predictive,1.28337516984,30.1666666667,1.36947513812,2.91712707182,0.8,4,middle,high
2025,21,São Paulo Grand Prix,2025-11-09,2025-21,constructor,sauber,Kick Sauber,10.5,-9,13.125,10.6516974045,9.57369112638,11.7368421053,13.4444444444,16,False,False,same_season_prior_normal_mean_walk_forward,same_season_prior_normal_recency_decay_0.8,all_prior_weekends_sprint_scores_divided_by_prior_global_factor,same_season_plus_previous_season_prior,full_season_normal_mean_non_predictive,1.28337516984,30.1666666667,0.435082872928,-0.298342541436,0.2,9,lower,low
2025,21,São Paulo Grand Prix,2025-11-09,2025-21,constructor,williams,Williams,18.6,42,16.5625,20.9376554173,8.18095603973,14.2456140351,16.5555555556,16,False,False,same_season_prior_normal_mean_walk_forward,same_season_prior_normal_recency_decay_0.8,all_prior_weekends_sprint_scores_divided_by_prior_global_factor,same_season_plus_previous_season_prior,full_season_normal_mean_non_predictive,1.28337516984,30.1666666667,0.549033149171,1.39226519337,0.6,7,middle,medium
2025,21,São Paulo Grand Prix,2025-11-09,2025-21,driver,albon,Alexander Albon,13.2,19,7.3125,9.73187122808,3.89128885707,5.78070175439,6.11111111111,16,False,False,same_season_prior_normal_mean_walk_forward,same_season_prior_normal_recency_decay_0.8,all_prior_weekends_sprint_scores_divided_by_prior_global_factor,same_season_plus_previous_season_prior,full_season_normal_mean_non_predictive,1.35858839347,10.425,0.701438848921,1.82254196643,0.65,9,middle,medium
2025,21,São Paulo Grand Prix,2025-11-09,2025-21,driver,alonso,Fernando Alonso,5.5,2,3.9375,3.76277535865,8.61416889488,4.40350877193,4.55555555556,16,False,False,same_season_prior_normal_mean_walk_forward,same_season_prior_normal_recency_decay_0.8,all_prior_weekends_sprint_scores_divided_by_prior_global_factor,same_season_plus_previous_season_prior,full_season_normal_mean_non_predictive,1.35858839347,10.425,0.377697841727,0.191846522782,0.15,15,middle,low
2025,21,São Paulo Grand Prix,2025-11-09,2025-21,driver,antonelli,Andrea Kimi Antonelli,16.3,40,8,10.8703121297,9.45464114071,8.47068421053,9.16666666667,16,False,False,same_season_prior_normal_mean_walk_forward,same_season_prior_normal_recency_decay_0.8,all_prior_weekends_sprint_scores_divided_by_prior_global_factor,same_season_plus_prior_group_prior,full_season_normal_mean_non_predictive,1.35858839347,10.425,0.767386091127,3.83693045564,0.7,8,middle,high
2025,21,São Paulo Grand Prix,2025-11-09,2025-21,driver,bearman,Oliver Bearman,8.3,30,8.75,12.7836961664,9.15386797461,9.97368421053,8.66666666667,16,False,False,same_season_prior_normal_mean_walk_forward,same_season_prior_normal_recency_decay_0.8,all_prior_weekends_sprint_scores_divided_by_prior_global_factor,same_season_plus_previous_season_prior,full_season_normal_mean_non_predictive,1.35858839347,10.425,0.83932853717,2.87769784173,0.5,7,middle,medium
2025,21,São Paulo Grand Prix,2025-11-09,2025-21,driver,bortoleto,Gabriel Bortoleto,7.3,-24,3.5625,6.46829773448,3.5860581062,4.73384210526,2.38888888889,16,False,False,same_season_prior_normal_mean_walk_forward,same_season_prior_normal_recency_decay_0.8,all_prior_weekends_sprint_scores_divided_by_prior_global_factor,same_season_plus_prior_group_prior,full_season_normal_mean_non_predictive,1.35858839347,10.425,0.341726618705,-2.30215827338,0.45,17,lower,medium
2025,21,São Paulo Grand Prix,2025-11-09,2025-21,driver,colapinto,Franco Colapinto,4.7,-16,1.08333333333,1.65756663158,1.2246653359,1.66666666667,0.928571428571,12,False,False,same_season_prior_normal_mean_walk_forward,same_season_prior_normal_recency_decay_0.8,all_prior_weekends_sprint_scores_divided_by_prior_global_factor,same_season_plus_previous_season_prior,full_season_normal_mean_non_predictive,1.35858839347,10.425,0.103916866507,-1.53477218225,0.075,19,lower,low
2025,21,São Paulo Grand Prix,2025-11-09,2025-21,driver,gasly,Pierre Gasly,4.7,21,2.125,4.27065852188,4.63095251301,1.80701754386,1.94444444444,16,False,False,same_season_prior_normal_mean_walk_forward,same_season_prior_normal_recency_decay_0.8,all_prior_weekends_sprint_scores_divided_by_prior_global_factor,same_season_plus_previous_season_prior,full_season_normal_mean_non_predictive,1.35858839347,10.425,0.203836930456,2.01438848921,0.075,18,lower,low
2025,21,São Paulo Grand Prix,2025-11-09,2025-21,driver,hadjar,Isack Hadjar,5.9,13,4.75,5.04991512878,4.05762033717,5.73384210526,5,16,False,False,same_season_prior_normal_mean_walk_forward,same_season_prior_normal_recency_decay_0.8,all_prior_weekends_sprint_scores_divided_by_prior_global_factor,same_season_plus_prior_group_prior,full_season_normal_mean_non_predictive,1.35858839347,10.425,0.455635491607,1.24700239808,0.2,13,middle,low
2025,21,São Paulo Grand Prix,2025-11-09,2025-21,driver,hamilton,Lewis Hamilton,22.8,-11,15.1875,13.6879210205,19.2493462242,16.3421052632,16.0555555556,16,False,False,same_season_prior_normal_mean_walk_forward,same_season_prior_normal_recency_decay_0.8,all_prior_weekends_sprint_scores_divided_by_prior_global_factor,same_season_plus_previous_season_prior,full_season_normal_mean_non_predictive,1.35858839347,10.425,1.45683453237,-1.0551558753,0.75,6,middle,high
2025,21,São Paulo Grand Prix,2025-11-09,2025-21,driver,hulkenberg,Nico Hülkenberg,6.8,5,6.5625,0.205651403151,3.99892934004,6.33333333333,7.77777777778,16,False,False,same_season_prior_normal_mean_walk_forward,same_season_prior_normal_recency_decay_0.8,all_prior_weekends_sprint_scores_divided_by_prior_global_factor,same_season_plus_previous_season_prior,full_season_normal_mean_non_predictive,1.35858839347,10.425,0.629496402878,0.479616306954,0.4,10,middle,medium
2025,21,São Paulo Grand Prix,2025-11-09,2025-21,driver,lawson,Liam Lawson,6.5,14,0.4375,-0.273166583871,2.65583190637,0.526315789474,0.388888888889,16,False,False,same_season_prior_normal_mean_walk_forward,same_season_prior_normal_recency_decay_0.8,all_prior_weekends_sprint_scores_divided_by_prior_global_factor,same_season_plus_previous_season_prior,full_season_normal_mean_non_predictive,1.35858839347,10.425,0.0419664268585,1.34292565947,0.325,20,lower,low
2025,21,São Paulo Grand Prix,2025-11-09,2025-21,driver,leclerc,Charles Leclerc,23.3,-2,18,16.4670508228,19.2581316031,19.3859649123,19.2222222222,16,False,False,same_season_prior_normal_mean_walk_forward,same_season_prior_normal_recency_decay_0.8,all_prior_weekends_sprint_scores_divided_by_prior_global_factor,same_season_plus_previous_season_prior,full_season_normal_mean_non_predictive,1.35858839347,10.425,1.72661870504,-0.191846522782,0.8,5,top,high
2025,21,São Paulo Grand Prix,2025-11-09,2025-21,driver,max_verstappen,Max Verstappen,29.2,63,27.25,28.4394420196,32.3407533371,27.1315789474,29.8888888889,16,False,False,same_season_prior_normal_mean_walk_forward,same_season_prior_normal_recency_decay_0.8,all_prior_weekends_sprint_scores_divided_by_prior_global_factor,same_season_plus_previous_season_prior,full_season_normal_mean_non_predictive,1.35858839347,10.425,2.6139088729,6.04316546763,0.95,3,top,high
2025,21,São Paulo Grand Prix,2025-11-09,2025-21,driver,norris,Lando Norris,30.4,49,29.375,26.3487093292,24.5301239622,29.4912280702,27.1666666667,16,False,False,same_season_prior_normal_mean_walk_forward,same_season_prior_normal_recency_decay_0.8,all_prior_weekends_sprint_scores_divided_by_prior_global_factor,same_season_plus_previous_season_prior,full_season_normal_mean_non_predictive,1.35858839347,10.425,2.81774580336,4.70023980815,1,1,top,high
2025,21,São Paulo Grand Prix,2025-11-09,2025-21,driver,ocon,Esteban Ocon,6.5,17,6.125,6.47738094599,5.20971978816,5.8080495356,7.11111111111,16,False,False,same_season_prior_normal_mean_walk_forward,same_season_prior_normal_recency_decay_0.8,all_prior_weekends_sprint_scores_divided_by_prior_global_factor,same_season_plus_previous_season_prior,full_season_normal_mean_non_predictive,1.35858839347,10.425,0.587529976019,1.63069544365,0.325,11,middle,low
2025,21,São Paulo Grand Prix,2025-11-09,2025-21,driver,piastri,Oscar Piastri,26,-1,27.625,22.6764806175,20.4957117627,27,25.3333333333,16,False,False,same_season_prior_normal_mean_walk_forward,same_season_prior_normal_recency_decay_0.8,all_prior_weekends_sprint_scores_divided_by_prior_global_factor,same_season_plus_previous_season_prior,full_season_normal_mean_non_predictive,1.35858839347,10.425,2.64988009592,-0.0959232613909,0.9,2,top,high
2025,21,São Paulo Grand Prix,2025-11-09,2025-21,driver,russell,George Russell,23.4,31,23.0625,25.3814102394,18.2357689885,21.9385964912,23.2777777778,16,False,False,same_season_prior_normal_mean_walk_forward,same_season_prior_normal_recency_decay_0.8,all_prior_weekends_sprint_scores_divided_by_prior_global_factor,same_season_plus_previous_season_prior,full_season_normal_mean_non_predictive,1.35858839347,10.425,2.21223021583,2.97362110312,0.85,4,top,high
2025,21,São Paulo Grand Prix,2025-11-09,2025-21,driver,sainz,Carlos Sainz,6.3,15,3.625,7.65108015503,13.9429748373,6.47058823529,4.27777777778,16,False,False,same_season_prior_normal_mean_walk_forward,same_season_prior_normal_recency_decay_0.8,all_prior_weekends_sprint_scores_divided_by_prior_global_factor,same_season_plus_previous_season_prior,full_season_normal_mean_non_predictive,1.35858839347,10.425,0.347721822542,1.43884892086,0.25,16,lower,low
2025,21,São Paulo Grand Prix,2025-11-09,2025-21,driver,stroll,Lance Stroll,8.5,-1,6.0625,8.19975585076,6.47127124913,6.06140350877,5.38888888889,16,False,False,same_season_prior_normal_mean_walk_forward,same_season_prior_normal_recency_decay_0.8,all_prior_weekends_sprint_scores_divided_by_prior_global_factor,same_season_plus_previous_season_prior,full_season_normal_mean_non_predictive,1.35858839347,10.425,0.581534772182,-0.0959232613909,0.55,12,middle,medium
2025,21,São Paulo Grand Prix,2025-11-09,2025-21,driver,tsunoda,Yuki Tsunoda,10.8,11,4.625,5.38581944091,4.97059415903,4.00877192982,4.66666666667,16,False,False,same_season_prior_normal_mean_walk_forward,same_season_prior_normal_recency_decay_0.8,all_prior_weekends_sprint_scores_divided_by_prior_global_factor,same_season_plus_previous_season_prior,full_season_normal_mean_non_predictive,1.35858839347,10.425,0.443645083933,1.0551558753,0.6,14,middle,medium
2025,23,Qatar Grand Prix,2025-11-30,2025-23,constructor,alpine,Alpine,9.9,14,7.41176470588,7.81635230057,12.4492689196,7.5,7.22222222222,17,False,False,same_season_prior_normal_mean_walk_forward,same_season_prior_normal_recency_decay_0.8,all_prior_weekends_sprint_scores_divided_by_prior_global_factor,same_season_plus_previous_season_prior,full_season_normal_mean_non_predictive,1.28524912573,30.1666666667,0.245693857654,0.46408839779,0.2,10,lower,low
2025,23,Qatar Grand Prix,2025-11-30,2025-23,constructor,aston_martin,Aston Martin,10.5,21,14.2352941176,11.1626974186,19.8282835132,14.9,16.0555555556,17,False,False,same_season_prior_normal_mean_walk_forward,same_season_prior_normal_recency_decay_0.8,all_prior_weekends_sprint_scores_divided_by_prior_global_factor,same_season_plus_previous_season_prior,full_season_normal_mean_non_predictive,1.28524912573,30.1666666667,0.471888202795,0.696132596685,0.3,8,lower,low
2025,23,Qatar Grand Prix,2025-11-30,2025-23,constructor,ferrari,Ferrari,31.9,22,51.5882352941,47.1143393986,48.1848125826,52.1916666667,53.3333333333,17,False,False,same_season_prior_normal_mean_walk_forward,same_season_prior_normal_recency_decay_0.8,all_prior_weekends_sprint_scores_divided_by_prior_global_factor,same_season_plus_previous_season_prior,full_season_normal_mean_non_predictive,1.28524912573,30.1666666667,1.71010724732,0.729281767956,0.9,2,top,high
2025,23,Qatar Grand Prix,2025-11-30,2025-23,constructor,haas,Haas,15,-5,18.5882352941,22.5724041036,14.066617925,17.9666666667,19.4444444444,17,False,False,same_season_prior_normal_mean_walk_forward,same_season_prior_normal_recency_decay_0.8,all_prior_weekends_sprint_scores_divided_by_prior_global_factor,same_season_plus_previous_season_prior,full_season_normal_mean_non_predictive,1.28524912573,30.1666666667,0.616184595385,-0.165745856354,0.4,5,middle,medium
2025,23,Qatar Grand Prix,2025-11-30,2025-23,constructor,mclaren,McLaren,36,96,69.0588235294,48.7623279126,55.0043962883,68.2583333333,69.5,17,False,False,same_season_prior_normal_mean_walk_forward,same_season_prior_normal_recency_decay_0.8,all_prior_weekends_sprint_scores_divided_by_prior_global_factor,same_season_plus_previous_season_prior,full_season_normal_mean_non_predictive,1.28524912573,30.1666666667,2.28924276893,3.18232044199,1,1,top,high
2025,23,Qatar Grand Prix,2025-11-30,2025-23,constructor,mercedes,Mercedes,28.1,57,45.3529411765,55.0075190022,45.5054507269,45.575,44.7777777778,17,False,False,same_season_prior_normal_mean_walk_forward,same_season_prior_normal_recency_decay_0.8,all_prior_weekends_sprint_scores_divided_by_prior_global_factor,same_season_plus_previous_season_prior,full_season_normal_mean_non_predictive,1.28524912573,30.1666666667,1.50341241469,1.88950276243,0.7,3,top,high
2025,23,Qatar Grand Prix,2025-11-30,2025-23,constructor,rb,Racing Bulls,15.6,22,17.6470588235,18.9079792428,14.5909936362,16.375,17,17,False,False,same_season_prior_normal_mean_walk_forward,same_season_prior_normal_recency_decay_0.8,all_prior_weekends_sprint_scores_divided_by_prior_global_factor,same_season_plus_previous_season_prior,full_season_normal_mean_non_predictive,1.28524912573,30.1666666667,0.584985375366,0.729281767956,0.5,6,middle,medium
2025,23,Qatar Grand Prix,2025-11-30,2025-23,constructor,red_bull,Red Bull,30.8,67,43.8823529412,55.1059747519,59.7672540903,45.15,44.3333333333,17,False,False,same_season_prior_normal_mean_walk_forward,same_season_prior_normal_recency_decay_0.8,all_prior_weekends_sprint_scores_divided_by_prior_global_factor,same_season_plus_previous_season_prior,full_season_normal_mean_non_predictive,1.28524912573,30.1666666667,1.45466363341,2.22099447514,0.8,4,middle,high
2025,23,Qatar Grand Prix,2025-11-30,2025-23,constructor,sauber,Kick Sauber,9.3,4,11.8823529412,6.8354230651,8.8270783082,10.75,13.4444444444,17,False,False,same_season_prior_normal_mean_walk_forward,same_season_prior_normal_recency_decay_0.8,all_prior_weekends_sprint_scores_divided_by_prior_global_factor,same_season_plus_previous_season_prior,full_season_normal_mean_non_predictive,1.28524912573,30.1666666667,0.393890152746,0.132596685083,0.1,9,lower,low
2025,23,Qatar Grand Prix,2025-11-30,2025-23,constructor,williams,Williams,19.2,39,16.1176470588,18.4951234025,8.55000070044,13.9833333333,16.5555555556,17,False,False,same_season_prior_normal_mean_walk_forward,same_season_prior_normal_recency_decay_0.8,all_prior_weekends_sprint_scores_divided_by_prior_global_factor,same_season_plus_previous_season_prior,full_season_normal_mean_non_predictive,1.28524912573,30.1666666667,0.534286642834,1.29281767956,0.6,7,middle,medium
2025,23,Qatar Grand Prix,2025-11-30,2025-23,driver,albon,Alexander Albon,13.2,5,5.88235294118,4.26233395228,3.73517862821,4.64166666667,6.11111111111,17,False,False,same_season_prior_normal_mean_walk_forward,same_season_prior_normal_recency_decay_0.8,all_prior_weekends_sprint_scores_divided_by_prior_global_factor,same_season_plus_previous_season_prior,full_season_normal_mean_non_predictive,1.35667173895,10.425,0.56425447877,0.479616306954,0.65,11,middle,medium
2025,23,Qatar Grand Prix,2025-11-30,2025-23,driver,alonso,Fernando Alonso,4.5,12,3.82352941176,3.40209856761,8.41378305376,4.28333333333,4.55555555556,17,False,False,same_season_prior_normal_mean_walk_forward,same_season_prior_normal_recency_decay_0.8,all_prior_weekends_sprint_scores_divided_by_prior_global_factor,same_season_plus_previous_season_prior,full_season_normal_mean_non_predictive,1.35667173895,10.425,0.3667654112,1.15107913669,0.075,16,lower,low
2025,23,Qatar Grand Prix,2025-11-30,2025-23,driver,antonelli,Andrea Kimi Antonelli,17.5,23,9.41176470588,15.1936015263,11.393775077,9.63661764706,9.16666666667,17,False,False,same_season_prior_normal_mean_walk_forward,same_season_prior_normal_recency_decay_0.8,all_prior_weekends_sprint_scores_divided_by_prior_global_factor,same_season_plus_prior_group_prior,full_season_normal_mean_non_predictive,1.35667173895,10.425,0.902807166032,2.20623501199,0.7,7,middle,high
2025,23,Qatar Grand Prix,2025-11-30,2025-23,driver,bearman,Oliver Bearman,9.5,-17,8.82352941176,12.2141314765,9.70819745924,9.975,8.66666666667,17,False,False,same_season_prior_normal_mean_walk_forward,same_season_prior_normal_recency_decay_0.8,all_prior_weekends_sprint_scores_divided_by_prior_global_factor,same_season_plus_previous_season_prior,full_season_normal_mean_non_predictive,1.35667173895,10.425,0.846381718155,-1.63069544365,0.55,8,middle,medium
2025,23,Qatar Grand Prix,2025-11-30,2025-23,driver,bortoleto,Gabriel Bortoleto,6.1,14,2.17647058824,1.05268953217,1.54780036705,3.48661764706,2.38888888889,17,False,False,same_season_prior_normal_mean_walk_forward,same_season_prior_normal_recency_decay_0.8,all_prior_weekends_sprint_scores_divided_by_prior_global_factor,same_season_plus_prior_group_prior,full_season_normal_mean_non_predictive,1.35667173895,10.425,0.208774157145,1.34292565947,0.25,17,lower,low
2025,23,Qatar Grand Prix,2025-11-30,2025-23,driver,colapinto,Franco Colapinto,4.5,6,1,1.30676794343,0.654450261002,1.5625,0.928571428571,13,False,False,same_season_prior_normal_mean_walk_forward,same_season_prior_normal_recency_decay_0.8,all_prior_weekends_sprint_scores_divided_by_prior_global_factor,same_season_plus_previous_season_prior,full_season_normal_mean_non_predictive,1.35667173895,10.425,0.0959232613909,0.575539568345,0.075,19,lower,low
2025,23,Qatar Grand Prix,2025-11-30,2025-23,driver,gasly,Pierre Gasly,5.9,3,1.88235294118,2.98763571226,4.69582911911,1.61666666667,1.94444444444,17,False,False,same_season_prior_normal_mean_walk_forward,same_season_prior_normal_recency_decay_0.8,all_prior_weekends_sprint_scores_divided_by_prior_global_factor,same_season_plus_previous_season_prior,full_season_normal_mean_non_predictive,1.35667173895,10.425,0.180561433206,0.287769784173,0.2,18,lower,low
2025,23,Qatar Grand Prix,2025-11-30,2025-23,driver,hadjar,Isack Hadjar,6.3,1,5.41176470588,7.29038295332,4.85190725568,6.23661764706,5,17,False,False,same_season_prior_normal_mean_walk_forward,same_season_prior_normal_recency_decay_0.8,all_prior_weekends_sprint_scores_divided_by_prior_global_factor,same_season_plus_prior_group_prior,full_season_normal_mean_non_predictive,1.35667173895,10.425,0.519114120468,0.0959232613909,0.3,12,middle,low
2025,23,Qatar Grand Prix,2025-11-30,2025-23,driver,hamilton,Lewis Hamilton,22.2,10,15.3529411765,14.5702040643,18.8330931878,16.425,16.0555555556,17,False,False,same_season_prior_normal_mean_walk_forward,same_season_prior_normal_recency_decay_0.8,all_prior_weekends_sprint_scores_divided_by_prior_global_factor,same_season_plus_previous_season_prior,full_season_normal_mean_non_predictive,1.35667173895,10.425,1.47270418959,0.959232613909,0.75,6,middle,high
2025,23,Qatar Grand Prix,2025-11-30,2025-23,driver,hulkenberg,Nico Hülkenberg,5.8,-18,6.82352941176,2.41425444163,4.09762858051,6.56666666667,7.77777777778,17,False,False,same_season_prior_normal_mean_walk_forward,same_season_prior_normal_recency_decay_0.8,all_prior_weekends_sprint_scores_divided_by_prior_global_factor,same_season_plus_previous_season_prior,full_season_normal_mean_non_predictive,1.35667173895,10.425,0.654535195373,-1.72661870504,0.15,9,middle,low
2025,23,Qatar Grand Prix,2025-11-30,2025-23,driver,lawson,Liam Lawson,6.5,11,0.352941176471,-0.421882041494,2.77879014659,0.45,0.388888888889,17,False,False,same_season_prior_normal_mean_walk_forward,same_season_prior_normal_recency_decay_0.8,all_prior_weekends_sprint_scores_divided_by_prior_global_factor,same_season_plus_previous_season_prior,full_season_normal_mean_non_predictive,1.35667173895,10.425,0.0338552687262,1.0551558753,0.35,20,lower,medium
2025,23,Qatar Grand Prix,2025-11-30,2025-23,driver,leclerc,Charles Leclerc,23.3,5,18.2941176471,17.8037402277,19.0137159612,19.5666666667,19.2222222222,17,False,False,same_season_prior_normal_mean_walk_forward,same_season_prior_normal_recency_decay_0.8,all_prior_weekends_sprint_scores_divided_by_prior_global_factor,same_season_plus_previous_season_prior,full_season_normal_mean_non_predictive,1.35667173895,10.425,1.75483142897,0.479616306954,0.8,5,top,high
2025,23,Qatar Grand Prix,2025-11-30,2025-23,driver,max_verstappen,Max Verstappen,29.8,55,28.9411764706,34.078534694,32.9069635787,28.575,29.8888888889,17,False,False,same_season_prior_normal_mean_walk_forward,same_season_prior_normal_recency_decay_0.8,all_prior_weekends_sprint_scores_divided_by_prior_global_factor,same_season_plus_previous_season_prior,full_season_normal_mean_non_predictive,1.35667173895,10.425,2.77613203555,5.2757793765,0.95,1,top,high
2025,23,Qatar Grand Prix,2025-11-30,2025-23,driver,norris,Lando Norris,30.4,25,27.0588235294,18.9114963146,24.2001517939,27.5166666667,27.1666666667,17,False,False,same_season_prior_normal_mean_walk_forward,same_season_prior_normal_recency_decay_0.8,all_prior_weekends_sprint_scores_divided_by_prior_global_factor,same_season_plus_previous_season_prior,full_season_normal_mean_non_predictive,1.35667173895,10.425,2.59557060234,2.39808153477,1,2,top,high
2025,23,Qatar Grand Prix,2025-11-30,2025-23,driver,ocon,Esteban Ocon,7.3,6,6.29411764706,6.99352734034,5.37763873386,5.96764705882,7.11111111111,17,False,False,same_season_prior_normal_mean_walk_forward,same_season_prior_normal_recency_decay_0.8,all_prior_weekends_sprint_scores_divided_by_prior_global_factor,same_season_plus_previous_season_prior,full_season_normal_mean_non_predictive,1.35667173895,10.425,0.603752292284,0.575539568345,0.475,10,middle,medium
2025,23,Qatar Grand Prix,2025-11-30,2025-23,driver,piastri,Oscar Piastri,25.4,46,25.1764705882,15.1722031889,19.6816951948,24.95,25.3333333333,17,False,False,same_season_prior_normal_mean_walk_forward,same_season_prior_normal_recency_decay_0.8,all_prior_weekends_sprint_scores_divided_by_prior_global_factor,same_season_plus_previous_season_prior,full_season_normal_mean_non_predictive,1.35667173895,10.425,2.41500916914,4.41247002398,0.9,3,top,high
2025,23,Qatar Grand Prix,2025-11-30,2025-23,driver,russell,George Russell,23.6,22,23.4705882353,26.3264076413,18.4831437857,22.3416666667,23.2777777778,17,False,False,same_season_prior_normal_mean_walk_forward,same_season_prior_normal_recency_decay_0.8,all_prior_weekends_sprint_scores_divided_by_prior_global_factor,same_season_plus_previous_season_prior,full_season_normal_mean_non_predictive,1.35667173895,10.425,2.25137537029,2.1103117506,0.85,4,top,high
2025,23,Qatar Grand Prix,2025-11-30,2025-23,driver,sainz,Carlos Sainz,7.1,27,4.35294117647,9.35933050216,13.9341642598,6.94705882353,4.27777777778,17,False,False,same_season_prior_normal_mean_walk_forward,same_season_prior_normal_recency_decay_0.8,all_prior_weekends_sprint_scores_divided_by_prior_global_factor,same_season_plus_previous_season_prior,full_season_normal_mean_non_predictive,1.35667173895,10.425,0.41754831429,2.58992805755,0.4,15,middle,medium
2025,23,Qatar Grand Prix,2025-11-30,2025-23,driver,stroll,Lance Stroll,7.3,2,4.52941176471,2.42987859532,5.97806216865,4.75833333333,5.38888888889,17,False,False,same_season_prior_normal_mean_walk_forward,same_season_prior_normal_recency_decay_0.8,all_prior_weekends_sprint_scores_divided_by_prior_global_factor,same_season_plus_previous_season_prior,full_season_normal_mean_non_predictive,1.35667173895,10.425,0.434475948653,0.191846522782,0.475,14,middle,medium
2025,23,Qatar Grand Prix,2025-11-30,2025-23,driver,tsunoda,Yuki Tsunoda,11.2,12,4.88235294118,6.12530733986,5.07894100257,4.25833333333,4.66666666667,17,False,False,same_season_prior_normal_mean_walk_forward,same_season_prior_normal_recency_decay_0.8,all_prior_weekends_sprint_scores_divided_by_prior_global_factor,same_season_plus_previous_season_prior,full_season_normal_mean_non_predictive,1.35667173895,10.425,0.468331217379,1.15107913669,0.6,13,middle,medium
2026,2,Chinese Grand Prix,2026-03-15,2026-2,constructor,alpine,Alpine,13.1,45,22,22,12.4717039624,10.9166666667,23.5714285714,1,False,True,same_season_prior_normal_mean_walk_forward,same_season_prior_normal_recency_decay_0.8,all_prior_weekends_sprint_scores_divided_by_prior_global_factor,same_season_plus_previous_season_prior,full_season_normal_mean_non_predictive,1.27663343219,26.7631578947,0.822025565388,1.6814159292,0.636363636364,6,middle,medium
2026,2,Chinese Grand Prix,2026-03-15,2026-2,constructor,aston_martin,Aston Martin,9.7,-20,-38,-38,19.375463088,2.54166666667,-11.1428571429,1,False,True,same_season_prior_normal_mean_walk_forward,same_season_prior_normal_recency_decay_0.8,all_prior_weekends_sprint_scores_divided_by_prior_global_factor,same_season_plus_previous_season_prior,full_season_normal_mean_non_predictive,1.27663343219,26.7631578947,-1.41986234022,-0.747295968535,0.454545454545,10,lower,medium
2026,2,Chinese Grand Prix,2026-03-15,2026-2,constructor,audi,Audi,6,-4,,,,29.1773584906,18.1666666667,0,True,True,same_season_prior_normal_mean_walk_forward,same_season_prior_normal_recency_decay_0.8,all_prior_weekends_sprint_scores_divided_by_prior_global_factor,same_season_plus_prior_group_prior,full_season_normal_mean_non_predictive,1.27663343219,26.7631578947,,-0.149459193707,0.181818181818,,lower,low
2026,2,Chinese Grand Prix,2026-03-15,2026-2,constructor,cadillac,Cadillac,5.4,22,-13,-13,-13,18.6330188679,-17,1,False,True,same_season_prior_normal_mean_walk_forward,same_season_prior_normal_recency_decay_0.8,all_prior_weekends_sprint_scores_divided_by_prior_global_factor,same_season_plus_prior_group_prior,full_season_normal_mean_non_predictive,1.27663343219,26.7631578947,-0.485742379548,0.822025565388,0.0909090909091,9,lower,low
2026,2,Chinese Grand Prix,2026-03-15,2026-2,constructor,ferrari,Ferrari,23.6,119,69,69,48.5938536322,57.25,61.2857142857,1,False,True,same_season_prior_normal_mean_walk_forward,same_season_prior_normal_recency_decay_0.8,all_prior_weekends_sprint_scores_divided_by_prior_global_factor,same_season_plus_previous_season_prior,full_season_normal_mean_non_predictive,1.27663343219,26.7631578947,2.57817109145,4.44641101278,0.727272727273,2,top,high
2026,2,Chinese Grand Prix,2026-03-15,2026-2,constructor,haas,Haas,8,65,34,34,14.3973204557,23.0833333333,10.8571428571,1,False,True,same_season_prior_normal_mean_walk_forward,same_season_prior_normal_recency_decay_0.8,all_prior_weekends_sprint_scores_divided_by_prior_global_factor,same_season_plus_previous_season_prior,full_season_normal_mean_non_predictive,1.27663343219,26.7631578947,1.27040314651,2.42871189774,0.363636363636,5,middle,medium
2026,2,Chinese Grand Prix,2026-03-15,2026-2,constructor,mclaren,McLaren,28.8,-7,19,19,55.1700453732,56.875,47.1428571429,1,False,True,same_season_prior_normal_mean_walk_forward,same_season_prior_normal_recency_decay_0.8,all_prior_weekends_sprint_scores_divided_by_prior_global_factor,same_season_plus_previous_season_prior,full_season_normal_mean_non_predictive,1.27663343219,26.7631578947,0.709931170108,-0.261553588987,0.909090909091,8,middle,high
2026,2,Chinese Grand Prix,2026-03-15,2026-2,constructor,mercedes,Mercedes,29.6,115,96,96,46.1247985094,57.5833333333,70.7142857143,1,False,True,same_season_prior_normal_mean_walk_forward,same_season_prior_normal_recency_decay_0.8,all_prior_weekends_sprint_scores_divided_by_prior_global_factor,same_season_plus_previous_season_prior,full_season_normal_mean_non_predictive,1.27663343219,26.7631578947,3.58702064897,4.29695181908,1,1,top,high
2026,2,Chinese Grand Prix,2026-03-15,2026-2,constructor,rb,Racing Bulls,6.9,50,35,35,14.9144904051,21.5,30.7142857143,1,False,True,same_season_prior_normal_mean_walk_forward,same_season_prior_normal_recency_decay_0.8,all_prior_weekends_sprint_scores_divided_by_prior_global_factor,same_season_plus_previous_season_prior,full_season_normal_mean_non_predictive,1.27663343219,26.7631578947,1.30776794494,1.86823992134,0.272727272727,4,middle,low
2026,2,Chinese Grand Prix,2026-03-15,2026-2,constructor,red_bull,Red Bull,28.5,45,42,42,59.4089102391,43.75,50,1,False,True,same_season_prior_normal_mean_walk_forward,same_season_prior_normal_recency_decay_0.8,all_prior_weekends_sprint_scores_divided_by_prior_global_factor,same_season_plus_previous_season_prior,full_season_normal_mean_non_predictive,1.27663343219,26.7631578947,1.56932153392,1.6814159292,0.818181818182,3,top,high
2026,2,Chinese Grand Prix,2026-03-15,2026-2,constructor,williams,Williams,12.6,22,20,20,9.25624813462,17.4166666667,8.85714285714,1,False,True,same_season_prior_normal_mean_walk_forward,same_season_prior_normal_recency_decay_0.8,all_prior_weekends_sprint_scores_divided_by_prior_global_factor,same_season_plus_previous_season_prior,full_season_normal_mean_non_predictive,1.27663343219,26.7631578947,0.747295968535,0.822025565388,0.545454545455,7,middle,medium
2026,2,Chinese Grand Prix,2026-03-15,2026-2,driver,albon,Alexander Albon,11.4,-7,8,8,3.89256184382,6.58333333333,2,1,False,True,same_season_prior_normal_mean_walk_forward,same_season_prior_normal_recency_decay_0.8,all_prior_weekends_sprint_scores_divided_by_prior_global_factor,same_season_plus_previous_season_prior,full_season_normal_mean_non_predictive,1.34960971738,9.27152317881,0.862857142857,-0.755,0.545454545455,13,middle,medium
2026,2,Chinese Grand Prix,2026-03-15,2026-2,driver,alonso,Fernando Alonso,9.4,-7,-14,-14,8.2325468744,-0.0833333333333,1.42857142857,1,False,True,same_season_prior_normal_mean_walk_forward,same_season_prior_normal_recency_decay_0.8,all_prior_weekends_sprint_scores_divided_by_prior_global_factor,same_season_plus_previous_season_prior,full_season_normal_mean_non_predictive,1.34960971738,9.27152317881,-1.51,-0.755,0.5,18,lower,medium
2026,2,Chinese Grand Prix,2026-03-15,2026-2,driver,antonelli,Andrea Kimi Antonelli,23.5,68,32,32,12.2071769051,14.875,33.4285714286,1,False,True,same_season_prior_normal_mean_walk_forward,same_season_prior_normal_recency_decay_0.8,all_prior_weekends_sprint_scores_divided_by_prior_global_factor,same_season_plus_previous_season_prior,full_season_normal_mean_non_predictive,1.34960971738,9.27152317881,3.45142857143,7.33428571429,0.818181818182,3,top,high
2026,2,Chinese Grand Prix,2026-03-15,2026-2,driver,arvid_lindblad,Arvid Lindblad,6.8,7,15,15,15,11.9639830508,8.42857142857,1,False,True,same_season_prior_normal_mean_walk_forward,same_season_prior_normal_recency_decay_0.8,all_prior_weekends_sprint_scores_divided_by_prior_global_factor,same_season_plus_prior_group_prior,full_season_normal_mean_non_predictive,1.34960971738,9.27152317881,1.61785714286,0.755,0.272727272727,8,middle,low
2026,2,Chinese Grand Prix,2026-03-15,2026-2,driver,bearman,Oliver Bearman,8,34,20,20,9.15789702745,11.5,0.857142857143,1,False,True,same_season_prior_normal_mean_walk_forward,same_season_prior_normal_recency_decay_0.8,all_prior_weekends_sprint_scores_divided_by_prior_global_factor,same_season_plus_previous_season_prior,full_season_normal_mean_non_predictive,1.34960971738,9.27152317881,2.15714285714,3.66714285714,0.454545454545,7,middle,medium
2026,2,Chinese Grand Prix,2026-03-15,2026-2,driver,bortoleto,Gabriel Bortoleto,7,-14,13,13,2.5363819798,5.04166666667,7.28571428571,1,False,True,same_season_prior_normal_mean_walk_forward,same_season_prior_normal_recency_decay_0.8,all_prior_weekends_sprint_scores_divided_by_prior_global_factor,same_season_plus_previous_season_prior,full_season_normal_mean_non_predictive,1.34960971738,9.27152317881,1.40214285714,-1.51,0.318181818182,9,middle,low
2026,2,Chinese Grand Prix,2026-03-15,2026-2,driver,bottas,Valtteri Bottas,5.3,3,-16,-16,1.37682039115,4.21398305085,-12,1,False,True,same_season_prior_normal_mean_walk_forward,same_season_prior_normal_recency_decay_0.8,all_prior_weekends_sprint_scores_divided_by_prior_global_factor,same_season_plus_prior_group_prior,full_season_normal_mean_non_predictive,1.34960971738,9.27152317881,-1.72571428571,0.323571428571,0.0454545454545,20,lower,low
2026,2,Chinese Grand Prix,2026-03-15,2026-2,driver,colapinto,Franco Colapinto,6.4,18,6,6,0.953535396815,2.19642857143,6.66666666667,1,False,True,same_season_prior_normal_mean_walk_forward,same_season_prior_normal_recency_decay_0.8,all_prior_weekends_sprint_scores_divided_by_prior_global_factor,same_season_plus_previous_season_prior,full_season_normal_mean_non_predictive,1.34960971738,9.27152317881,0.647142857143,1.94142857143,0.227272727273,14,middle,low
2026,2,Chinese Grand Prix,2026-03-15,2026-2,driver,gasly,Pierre Gasly,12.2,20,11,11,4.73720414572,4.20833333333,12,1,False,True,same_season_prior_normal_mean_walk_forward,same_season_prior_normal_recency_decay_0.8,all_prior_weekends_sprint_scores_divided_by_prior_global_factor,same_season_plus_previous_season_prior,full_season_normal_mean_non_predictive,1.34960971738,9.27152317881,1.18642857143,2.15714285714,0.636363636364,10,middle,medium
2026,2,Chinese Grand Prix,2026-03-15,2026-2,driver,hadjar,Isack Hadjar,14.5,19,-8,-8,3.90240215759,1.75,15.1428571429,1,False,True,same_season_prior_normal_mean_walk_forward,same_season_prior_normal_recency_decay_0.8,all_prior_weekends_sprint_scores_divided_by_prior_global_factor,same_season_plus_previous_season_prior,full_season_normal_mean_non_predictive,1.34960971738,9.27152317881,-0.862857142857,2.04928571429,0.681818181818,17,lower,high
2026,2,Chinese Grand Prix,2026-03-15,2026-2,driver,hamilton,Lewis Hamilton,22.6,48,25,25,18.9033236677,18.2916666667,28.7142857143,1,False,True,same_season_prior_normal_mean_walk_forward,same_season_prior_normal_recency_decay_0.8,all_prior_weekends_sprint_scores_divided_by_prior_global_factor,same_season_plus_previous_season_prior,full_season_normal_mean_non_predictive,1.34960971738,9.27152317881,2.69642857143,5.17714285714,0.727272727273,5,top,high
2026,2,Chinese Grand Prix,2026-03-15,2026-2,driver,hulkenberg,Nico Hülkenberg,6.2,7,-20,-20,3.79450069711,0.833333333333,-0.571428571429,1,False,True,same_season_prior_normal_mean_walk_forward,same_season_prior_normal_recency_decay_0.8,all_prior_weekends_sprint_scores_divided_by_prior_global_factor,same_season_plus_previous_season_prior,full_season_normal_mean_non_predictive,1.34960971738,9.27152317881,-2.15714285714,0.755,0.136363636364,21,lower,low
2026,2,Chinese Grand Prix,2026-03-15,2026-2,driver,lawson,Liam Lawson,6.3,35,5,5,2.94693642539,1.54166666667,8.57142857143,1,False,True,same_season_prior_normal_mean_walk_forward,same_season_prior_normal_recency_decay_0.8,all_prior_weekends_sprint_scores_divided_by_prior_global_factor,same_season_plus_previous_season_prior,full_season_normal_mean_non_predictive,1.34960971738,9.27152317881,0.539285714286,3.775,0.181818181818,15,middle,low
2026,2,Chinese Grand Prix,2026-03-15,2026-2,driver,leclerc,Charles Leclerc,23.1,51,29,29,19.1831384067,21.6666666667,21,1,False,True,same_season_prior_normal_mean_walk_forward,same_season_prior_normal_recency_decay_0.8,all_prior_weekends_sprint_scores_divided_by_prior_global_factor,same_season_plus_previous_season_prior,full_season_normal_mean_non_predictive,1.34960971738,9.27152317881,3.12785714286,5.50071428571,0.772727272727,4,top,high
2026,2,Chinese Grand Prix,2026-03-15,2026-2,driver,max_verstappen,Max Verstappen,28,14,50,50,33.4850470111,34.9166666667,26,1,False,True,same_season_prior_normal_mean_walk_forward,same_season_prior_normal_recency_decay_0.8,all_prior_weekends_sprint_scores_divided_by_prior_global_factor,same_season_plus_previous_season_prior,full_season_normal_mean_non_predictive,1.34960971738,9.27152317881,5.39285714286,1.51,1,1,top,high
2026,2,Chinese Grand Prix,2026-03-15,2026-2,driver,norris,Lando Norris,27.1,-10,21,21,24.1717438982,25.625,19.8571428571,1,False,True,same_season_prior_normal_mean_walk_forward,same_season_prior_normal_recency_decay_0.8,all_prior_weekends_sprint_scores_divided_by_prior_global_factor,same_season_plus_previous_season_prior,full_season_normal_mean_non_predictive,1.34960971738,9.27152317881,2.265,-1.07857142857,0.909090909091,6,middle,high
2026,2,Chinese Grand Prix,2026-03-15,2026-2,driver,ocon,Esteban Ocon,7.9,24,9,9,5.64757038675,7.58333333333,7.85714285714,1,False,True,same_season_prior_normal_mean_walk_forward,same_season_prior_normal_recency_decay_0.8,all_prior_weekends_sprint_scores_divided_by_prior_global_factor,same_season_plus_previous_season_prior,full_season_normal_mean_non_predictive,1.34960971738,9.27152317881,0.970714285714,2.58857142857,0.409090909091,11,middle,medium
2026,2,Chinese Grand Prix,2026-03-15,2026-2,driver,perez,Sergio Pérez,5.8,20,4,4,17.5214755256,9.21398305085,-4.28571428571,1,False,True,same_season_prior_normal_mean_walk_forward,same_season_prior_normal_recency_decay_0.8,all_prior_weekends_sprint_scores_divided_by_prior_global_factor,same_season_plus_prior_group_prior,full_season_normal_mean_non_predictive,1.34960971738,9.27152317881,0.431428571429,2.15714285714,0.0909090909091,16,lower,low
2026,2,Chinese Grand Prix,2026-03-15,2026-2,driver,piastri,Oscar Piastri,25.2,-7,-14,-14,19.5468691479,15.5,13.5714285714,1,False,True,same_season_prior_normal_mean_walk_forward,same_season_prior_normal_recency_decay_0.8,all_prior_weekends_sprint_scores_divided_by_prior_global_factor,same_season_plus_previous_season_prior,full_season_normal_mean_non_predictive,1.34960971738,9.27152317881,-1.51,-0.755,0.863636363636,19,lower,high
2026,2,Chinese Grand Prix,2026-03-15,2026-2,driver,russell,George Russell,27.7,45,39,39,18.7875693072,27.2083333333,23.5,1,False,True,same_season_prior_normal_mean_walk_forward,same_season_prior_normal_recency_decay_0.8,all_prior_weekends_sprint_scores_divided_by_prior_global_factor,same_season_plus_previous_season_prior,full_season_normal_mean_non_predictive,1.34960971738,9.27152317881,4.20642857143,4.85357142857,0.954545454545,2,top,high
2026,2,Chinese Grand Prix,2026-03-15,2026-2,driver,sainz,Carlos Sainz,11.6,28,9,9,13.8077106609,5.45833333333,2.28571428571,1,False,True,same_season_prior_normal_mean_walk_forward,same_season_prior_normal_recency_decay_0.8,all_prior_weekends_sprint_scores_divided_by_prior_global_factor,same_season_plus_previous_season_prior,full_season_normal_mean_non_predictive,1.34960971738,9.27152317881,0.970714285714,3.02,0.590909090909,12,middle,medium
2026,2,Chinese Grand Prix,2026-03-15,2026-2,driver,stroll,Lance Stroll,7.4,-14,-23,-23,5.71142011384,-1.70833333333,-14.4285714286,1,False,True,same_season_prior_normal_mean_walk_forward,same_season_prior_normal_recency_decay_0.8,all_prior_weekends_sprint_scores_divided_by_prior_global_factor,same_season_plus_previous_season_prior,full_season_normal_mean_non_predictive,1.34960971738,9.27152317881,-2.48071428571,-1.51,0.363636363636,22,lower,medium
2026,4,Miami Grand Prix,2026-05-03,2026-4,constructor,alpine,Alpine,14.3,17,23.5,23.6666666667,12.8933858867,13.7333333333,23.5714285714,2,False,True,same_season_prior_normal_mean_walk_forward,same_season_prior_normal_recency_decay_0.8,all_prior_weekends_sprint_scores_divided_by_prior_global_factor,same_season_plus_previous_season_prior,full_season_normal_mean_non_predictive,1.29380662015,26.7631578947,0.878072763029,0.635201573255,0.636363636364,6,middle,medium
2026,4,Miami Grand Prix,2026-05-03,2026-4,constructor,aston_martin,Aston Martin,8.5,38,-25,-23.5555555556,18.4143656464,-0.366666666667,-11.1428571429,2,False,True,same_season_prior_normal_mean_walk_forward,same_season_prior_normal_recency_decay_0.8,all_prior_weekends_sprint_scores_divided_by_prior_global_factor,same_season_plus_previous_season_prior,full_season_normal_mean_non_predictive,1.29380662015,26.7631578947,-0.934119960669,1.41986234022,0.363636363636,11,lower,medium
2026,4,Miami Grand Prix,2026-05-03,2026-4,constructor,audi,Audi,5.6,-27,23,23,9.95417393229,27.6427911275,18.1666666667,1,False,True,same_season_prior_normal_mean_walk_forward,same_season_prior_normal_recency_decay_0.8,all_prior_weekends_sprint_scores_divided_by_prior_global_factor,same_season_plus_prior_group_prior,full_season_normal_mean_non_predictive,1.29380662015,26.7631578947,0.859390363815,-1.00884955752,0.181818181818,7,middle,low
2026,4,Miami Grand Prix,2026-05-03,2026-4,constructor,cadillac,Cadillac,5,24,-4,-3,3.00136224827,15.914232902,-17,2,False,True,same_season_prior_normal_mean_walk_forward,same_season_prior_normal_recency_decay_0.8,all_prior_weekends_sprint_scores_divided_by_prior_global_factor,same_season_plus_prior_group_prior,full_season_normal_mean_non_predictive,1.29380662015,26.7631578947,-0.149459193707,0.896755162242,0.0909090909091,10,lower,low
2026,4,Miami Grand Prix,2026-05-03,2026-4,constructor,ferrari,Ferrari,24.2,57,72,72.3333333333,49.4283762864,60.8,61.2857142857,2,False,True,same_season_prior_normal_mean_walk_forward,same_season_prior_normal_recency_decay_0.8,all_prior_weekends_sprint_scores_divided_by_prior_global_factor,same_season_plus_previous_season_prior,full_season_normal_mean_non_predictive,1.29380662015,26.7631578947,2.69026548673,2.12979351032,0.727272727273,2,top,high
2026,4,Miami Grand Prix,2026-05-03,2026-4,constructor,haas,Haas,9.2,23,15,12.8888888889,14.5937033469,17.6666666667,10.8571428571,2,False,True,same_season_prior_normal_mean_walk_forward,same_season_prior_normal_recency_decay_0.8,all_prior_weekends_sprint_scores_divided_by_prior_global_factor,same_season_plus_previous_season_prior,full_season_normal_mean_non_predictive,1.29380662015,26.7631578947,0.560471976401,0.859390363815,0.454545454545,8,middle,medium
2026,4,Miami Grand Prix,2026-05-03,2026-4,constructor,mclaren,McLaren,28.6,110,45.5,48.4444444444,54.4057931776,59.9,47.1428571429,2,False,True,same_season_prior_normal_mean_walk_forward,same_season_prior_normal_recency_decay_0.8,all_prior_weekends_sprint_scores_divided_by_prior_global_factor,same_season_plus_previous_season_prior,full_season_normal_mean_non_predictive,1.29380662015,26.7631578947,1.70009832842,4.11012782694,0.818181818182,3,top,high
2026,4,Miami Grand Prix,2026-05-03,2026-4,constructor,mercedes,Mercedes,30.2,104,94,93.7777777778,47.1995460142,64.4666666667,70.7142857143,2,False,True,same_season_prior_normal_mean_walk_forward,same_season_prior_normal_recency_decay_0.8,all_prior_weekends_sprint_scores_divided_by_prior_global_factor,same_season_plus_previous_season_prior,full_season_normal_mean_non_predictive,1.29380662015,26.7631578947,3.51229105211,3.88593903638,1,1,top,high
2026,4,Miami Grand Prix,2026-05-03,2026-4,constructor,rb,Racing Bulls,8.1,2,26.5,25.5555555556,15.3817978904,20.8,30.7142857143,2,False,True,same_season_prior_normal_mean_walk_forward,same_season_prior_normal_recency_decay_0.8,all_prior_weekends_sprint_scores_divided_by_prior_global_factor,same_season_plus_previous_season_prior,full_season_normal_mean_non_predictive,1.29380662015,26.7631578947,0.990167158309,0.0747295968535,0.272727272727,5,middle,low
2026,4,Miami Grand Prix,2026-05-03,2026-4,constructor,red_bull,Red Bull,29.1,31,33.5,32.5555555556,58.3905352378,40,50,2,False,True,same_season_prior_normal_mean_walk_forward,same_season_prior_normal_recency_decay_0.8,all_prior_weekends_sprint_scores_divided_by_prior_global_factor,same_season_plus_previous_season_prior,full_season_normal_mean_non_predictive,1.29380662015,26.7631578947,1.2517207473,1.15830875123,0.909090909091,4,middle,high
2026,4,Miami Grand Prix,2026-05-03,2026-4,constructor,williams,Williams,13.8,42,14.5,13.8888888889,9.31956279574,15.7333333333,8.85714285714,2,False,True,same_season_prior_normal_mean_walk_forward,same_season_prior_normal_recency_decay_0.8,all_prior_weekends_sprint_scores_divided_by_prior_global_factor,same_season_plus_previous_season_prior,full_season_normal_mean_non_predictive,1.29380662015,26.7631578947,0.541789577188,1.56932153392,0.545454545455,9,lower,medium
2026,4,Miami Grand Prix,2026-05-03,2026-4,driver,albon,Alexander Albon,10.2,20,3.5,3,3.66569285863,5.06666666667,2,2,False,True,same_season_prior_normal_mean_walk_forward,same_season_prior_normal_recency_decay_0.8,all_prior_weekends_sprint_scores_divided_by_prior_global_factor,same_season_plus_previous_season_prior,full_season_normal_mean_non_predictive,1.37743702301,9.27152317881,0.3775,2.15714285714,0.545454545455,16,lower,medium
2026,4,Miami Grand Prix,2026-05-03,2026-4,driver,alonso,Fernando Alonso,8.2,20,-5,-4,7.96408466453,0.733333333333,1.42857142857,2,False,True,same_season_prior_normal_mean_walk_forward,same_season_prior_normal_recency_decay_0.8,all_prior_weekends_sprint_scores_divided_by_prior_global_factor,same_season_plus_previous_season_prior,full_season_normal_mean_non_predictive,1.37743702301,9.27152317881,-0.539285714286,2.15714285714,0.409090909091,19,lower,medium
2026,4,Miami Grand Prix,2026-05-03,2026-4,driver,antonelli,Andrea Kimi Antonelli,24.1,42,41,42,14.9022594386,21.9,33.4285714286,2,False,True,same_season_prior_normal_mean_walk_forward,same_season_prior_normal_recency_decay_0.8,all_prior_weekends_sprint_scores_divided_by_prior_global_factor,same_season_plus_previous_season_prior,full_season_normal_mean_non_predictive,1.37743702301,9.27152317881,4.42214285714,4.53,0.818181818182,1,top,high
2026,4,Miami Grand Prix,2026-05-03,2026-4,driver,arvid_lindblad,Arvid Lindblad,7.6,-4,8,7.22222222222,7.02730067584,9.77343173432,8.42857142857,2,False,True,same_season_prior_normal_mean_walk_forward,same_season_prior_normal_recency_decay_0.8,all_prior_weekends_sprint_scores_divided_by_prior_global_factor,same_season_plus_prior_group_prior,full_season_normal_mean_non_predictive,1.37743702301,9.27152317881,0.862857142857,-0.431428571429,0.340909090909,10,middle,medium
2026,4,Miami Grand Prix,2026-05-03,2026-4,driver,bearman,Oliver Bearman,9.2,6,3,1.11111111111,8.87155427951,6.4,0.857142857143,2,False,True,same_season_prior_normal_mean_walk_forward,same_season_prior_normal_recency_decay_0.8,all_prior_weekends_sprint_scores_divided_by_prior_global_factor,same_season_plus_previous_season_prior,full_season_normal_mean_non_predictive,1.37743702301,9.27152317881,0.323571428571,0.647142857143,0.5,17,lower,medium
2026,4,Miami Grand Prix,2026-05-03,2026-4,driver,bortoleto,Gabriel Bortoleto,5.8,7,8,7.44444444444,2.07763170312,4.63333333333,7.28571428571,2,False,True,same_season_prior_normal_mean_walk_forward,same_season_prior_normal_recency_decay_0.8,all_prior_weekends_sprint_scores_divided_by_prior_global_factor,same_season_plus_previous_season_prior,full_season_normal_mean_non_predictive,1.37743702301,9.27152317881,0.862857142857,0.755,0.136363636364,11,middle,low
2026,4,Miami Grand Prix,2026-05-03,2026-4,driver,bottas,Valtteri Bottas,4.1,4,-7,-6,1.39611245179,3.77343173432,-12,2,False,True,same_season_prior_normal_mean_walk_forward,same_season_prior_normal_recency_decay_0.8,all_prior_weekends_sprint_scores_divided_by_prior_global_factor,same_season_plus_prior_group_prior,full_season_normal_mean_non_predictive,1.37743702301,9.27152317881,-0.755,0.431428571429,0.0454545454545,21,lower,low
2026,4,Miami Grand Prix,2026-05-03,2026-4,driver,colapinto,Franco Colapinto,7.6,13,5,4.88888888889,1.46986853281,2.55714285714,6.66666666667,2,False,True,same_season_prior_normal_mean_walk_forward,same_season_prior_normal_recency_decay_0.8,all_prior_weekends_sprint_scores_divided_by_prior_global_factor,same_season_plus_previous_season_prior,full_season_normal_mean_non_predictive,1.37743702301,9.27152317881,0.539285714286,1.40214285714,0.340909090909,14,middle,medium
2026,4,Miami Grand Prix,2026-05-03,2026-4,driver,gasly,Pierre Gasly,13,-8,12.5,12.6666666667,4.9548324234,6.16666666667,12,2,False,True,same_season_prior_normal_mean_walk_forward,same_season_prior_normal_recency_decay_0.8,all_prior_weekends_sprint_scores_divided_by_prior_global_factor,same_season_plus_previous_season_prior,full_season_normal_mean_non_predictive,1.37743702301,9.27152317881,1.34821428571,-0.862857142857,0.636363636364,8,middle,medium
2026,4,Miami Grand Prix,2026-05-03,2026-4,driver,hadjar,Isack Hadjar,13.3,-16,-1.5,-0.777777777778,4.29775704286,2.4,15.1428571429,2,False,True,same_season_prior_normal_mean_walk_forward,same_season_prior_normal_recency_decay_0.8,all_prior_weekends_sprint_scores_divided_by_prior_global_factor,same_season_plus_previous_season_prior,full_season_normal_mean_non_predictive,1.37743702301,9.27152317881,-0.161785714286,-1.72571428571,0.681818181818,18,lower,high
2026,4,Miami Grand Prix,2026-05-03,2026-4,driver,hamilton,Lewis Hamilton,23.2,20,22,21.6666666667,19.0637984017,18.4333333333,28.7142857143,2,False,True,same_season_prior_normal_mean_walk_forward,same_season_prior_normal_recency_decay_0.8,all_prior_weekends_sprint_scores_divided_by_prior_global_factor,same_season_plus_previous_season_prior,full_season_normal_mean_non_predictive,1.37743702301,9.27152317881,2.37285714286,2.15714285714,0.727272727273,6,middle,high
2026,4,Miami Grand Prix,2026-05-03,2026-4,driver,hulkenberg,Nico Hülkenberg,5,-29,-5,-3.33333333333,3.89509263105,2.66666666667,-0.571428571429,2,False,True,same_season_prior_normal_mean_walk_forward,same_season_prior_normal_recency_decay_0.8,all_prior_weekends_sprint_scores_divided_by_prior_global_factor,same_season_plus_previous_season_prior,full_season_normal_mean_non_predictive,1.37743702301,9.27152317881,-0.539285714286,-3.12785714286,0.0909090909091,20,lower,low
2026,4,Miami Grand Prix,2026-05-03,2026-4,driver,lawson,Liam Lawson,7.5,-12,7.5,7.77777777778,3.69490759012,3.23333333333,8.57142857143,2,False,True,same_season_prior_normal_mean_walk_forward,same_season_prior_normal_recency_decay_0.8,all_prior_weekends_sprint_scores_divided_by_prior_global_factor,same_season_plus_previous_season_prior,full_season_normal_mean_non_predictive,1.37743702301,9.27152317881,0.808928571429,-1.29428571429,0.272727272727,12,middle,low
2026,4,Miami Grand Prix,2026-05-03,2026-4,driver,leclerc,Charles Leclerc,23.7,27,30,30.1111111111,19.5158118029,23.5333333333,21,2,False,True,same_season_prior_normal_mean_walk_forward,same_season_prior_normal_recency_decay_0.8,all_prior_weekends_sprint_scores_divided_by_prior_global_factor,same_season_plus_previous_season_prior,full_season_normal_mean_non_predictive,1.37743702301,9.27152317881,3.23571428571,2.91214285714,0.772727272727,4,top,high
2026,4,Miami Grand Prix,2026-05-03,2026-4,driver,max_verstappen,Max Verstappen,28.2,52,31.5,29.4444444444,32.7135356622,30.5333333333,26,2,False,True,same_season_prior_normal_mean_walk_forward,same_season_prior_normal_recency_decay_0.8,all_prior_weekends_sprint_scores_divided_by_prior_global_factor,same_season_plus_previous_season_prior,full_season_normal_mean_non_predictive,1.37743702301,9.27152317881,3.3975,5.60857142857,0.954545454545,3,top,high
2026,4,Miami Grand Prix,2026-05-03,2026-4,driver,norris,Lando Norris,26.5,54,22.5,22.6666666667,23.6241961118,25.3,19.8571428571,2,False,True,same_season_prior_normal_mean_walk_forward,same_season_prior_normal_recency_decay_0.8,all_prior_weekends_sprint_scores_divided_by_prior_global_factor,same_season_plus_previous_season_prior,full_season_normal_mean_non_predictive,1.37743702301,9.27152317881,2.42678571429,5.82428571429,0.909090909091,5,top,high
2026,4,Miami Grand Prix,2026-05-03,2026-4,driver,ocon,Esteban Ocon,9.1,14,9,9,5.82504814877,7.86666666667,7.85714285714,2,False,True,same_season_prior_normal_mean_walk_forward,same_season_prior_normal_recency_decay_0.8,all_prior_weekends_sprint_scores_divided_by_prior_global_factor,same_season_plus_previous_season_prior,full_season_normal_mean_non_predictive,1.37743702301,9.27152317881,0.970714285714,1.51,0.454545454545,9,middle,medium
2026,4,Miami Grand Prix,2026-05-03,2026-4,driver,perez,Sergio Pérez,7,19,4,4,17.0917036586,8.17343173432,-4.28571428571,2,False,True,same_season_prior_normal_mean_walk_forward,same_season_prior_normal_recency_decay_0.8,all_prior_weekends_sprint_scores_divided_by_prior_global_factor,same_season_plus_prior_group_prior,full_season_normal_mean_non_predictive,1.37743702301,9.27152317881,0.431428571429,2.04928571429,0.227272727273,15,middle,low
2026,4,Miami Grand Prix,2026-05-03,2026-4,driver,piastri,Oscar Piastri,24.6,41,14.5,17.6666666667,19.447512542,21,13.5714285714,2,False,True,same_season_prior_normal_mean_walk_forward,same_season_prior_normal_recency_decay_0.8,all_prior_weekends_sprint_scores_divided_by_prior_global_factor,same_season_plus_previous_season_prior,full_season_normal_mean_non_predictive,1.37743702301,9.27152317881,1.56392857143,4.42214285714,0.863636363636,7,middle,high
2026,4,Miami Grand Prix,2026-05-03,2026-4,driver,russell,George Russell,28.3,42,33,32.3333333333,18.9920091241,27.1666666667,23.5,2,False,True,same_season_prior_normal_mean_walk_forward,same_season_prior_normal_recency_decay_0.8,all_prior_weekends_sprint_scores_divided_by_prior_global_factor,same_season_plus_previous_season_prior,full_season_normal_mean_non_predictive,1.37743702301,9.27152317881,3.55928571429,4.53,1,2,top,high
2026,4,Miami Grand Prix,2026-05-03,2026-4,driver,sainz,Carlos Sainz,12.4,19,6.5,6.22222222222,13.7054972386,5.16666666667,2.28571428571,2,False,True,same_season_prior_normal_mean_walk_forward,same_season_prior_normal_recency_decay_0.8,all_prior_weekends_sprint_scores_divided_by_prior_global_factor,same_season_plus_previous_season_prior,full_season_normal_mean_non_predictive,1.37743702301,9.27152317881,0.701071428571,2.04928571429,0.590909090909,13,middle,medium
2026,4,Miami Grand Prix,2026-05-03,2026-4,driver,stroll,Lance Stroll,6.2,17,-20,-19.6666666667,5.15474354087,-4.76666666667,-14.4285714286,2,False,True,same_season_prior_normal_mean_walk_forward,same_season_prior_normal_recency_decay_0.8,all_prior_weekends_sprint_scores_divided_by_prior_global_factor,same_season_plus_previous_season_prior,full_season_normal_mean_non_predictive,1.37743702301,9.27152317881,-2.15714285714,1.83357142857,0.181818181818,22,lower,low
2026,5,Canadian Grand Prix,2026-05-24,2026-5,constructor,alpine,Alpine,14.9,46,23.5,23.6666666667,12.890916244,13.7333333333,23.5714285714,2,False,True,same_season_prior_normal_mean_walk_forward,same_season_prior_normal_recency_decay_0.8,all_prior_weekends_sprint_scores_divided_by_prior_global_factor,same_season_plus_previous_season_prior,full_season_normal_mean_non_predictive,1.29539691975,26.7631578947,0.878072763029,1.71878072763,0.636363636364,6,middle,medium
2026,5,Canadian Grand Prix,2026-05-24,2026-5,constructor,aston_martin,Aston Martin,7.9,-14,-25,-23.5555555556,18.5573207731,-0.366666666667,-11.1428571429,2,False,True,same_season_prior_normal_mean_walk_forward,same_season_prior_normal_recency_decay_0.8,all_prior_weekends_sprint_scores_divided_by_prior_global_factor,same_season_plus_previous_season_prior,full_season_normal_mean_non_predictive,1.29539691975,26.7631578947,-0.934119960669,-0.523107177974,0.272727272727,11,lower,low
2026,5,Canadian Grand Prix,2026-05-24,2026-5,constructor,audi,Audi,5,11,23,23,-0.310296359705,27.6427911275,18.1666666667,1,False,True,same_season_prior_normal_mean_walk_forward,same_season_prior_normal_recency_decay_0.8,all_prior_weekends_sprint_scores_divided_by_prior_global_factor,same_season_plus_prior_group_prior,full_season_normal_mean_non_predictive,1.29539691975,26.7631578947,0.859390363815,0.411012782694,0.0909090909091,7,middle,low
2026,5,Canadian Grand Prix,2026-05-24,2026-5,constructor,cadillac,Cadillac,5.6,2,-4,-3,6.87758788419,15.914232902,-17,2,False,True,same_season_prior_normal_mean_walk_forward,same_season_prior_normal_recency_decay_0.8,all_prior_weekends_sprint_scores_divided_by_prior_global_factor,same_season_plus_prior_group_prior,full_season_normal_mean_non_predictive,1.29539691975,26.7631578947,-0.149459193707,0.0747295968535,0.181818181818,10,lower,low
2026,5,Canadian Grand Prix,2026-05-24,2026-5,constructor,ferrari,Ferrari,24.5,69,72,72.3333333333,49.3425827648,60.8,61.2857142857,2,False,True,same_season_prior_normal_mean_walk_forward,same_season_prior_normal_recency_decay_0.8,all_prior_weekends_sprint_scores_divided_by_prior_global_factor,same_season_plus_previous_season_prior,full_season_normal_mean_non_predictive,1.29539691975,26.7631578947,2.69026548673,2.57817109145,0.727272727273,2,top,high
2026,5,Canadian Grand Prix,2026-05-24,2026-5,constructor,haas,Haas,9.8,19,15,12.8888888889,14.6317585325,17.6666666667,10.8571428571,2,False,True,same_season_prior_normal_mean_walk_forward,same_season_prior_normal_recency_decay_0.8,all_prior_weekends_sprint_scores_divided_by_prior_global_factor,same_season_plus_previous_season_prior,full_season_normal_mean_non_predictive,1.29539691975,26.7631578947,0.560471976401,0.709931170108,0.454545454545,8,middle,medium
2026,5,Canadian Grand Prix,2026-05-24,2026-5,constructor,mclaren,McLaren,28.9,33,45.5,48.4444444444,54.8033352785,59.9,47.1428571429,2,False,True,same_season_prior_normal_mean_walk_forward,same_season_prior_normal_recency_decay_0.8,all_prior_weekends_sprint_scores_divided_by_prior_global_factor,same_season_plus_previous_season_prior,full_season_normal_mean_non_predictive,1.29539691975,26.7631578947,1.70009832842,1.23303834808,0.818181818182,3,top,high
2026,5,Canadian Grand Prix,2026-05-24,2026-5,constructor,mercedes,Mercedes,30.5,76,94,93.7777777778,47.6326090309,64.4666666667,70.7142857143,2,False,True,same_season_prior_normal_mean_walk_forward,same_season_prior_normal_recency_decay_0.8,all_prior_weekends_sprint_scores_divided_by_prior_global_factor,same_season_plus_previous_season_prior,full_season_normal_mean_non_predictive,1.29539691975,26.7631578947,3.51229105211,2.83972468043,1,1,top,high
2026,5,Canadian Grand Prix,2026-05-24,2026-5,constructor,rb,Racing Bulls,8.7,22,26.5,25.5555555556,15.1095356066,20.8,30.7142857143,2,False,True,same_season_prior_normal_mean_walk_forward,same_season_prior_normal_recency_decay_0.8,all_prior_weekends_sprint_scores_divided_by_prior_global_factor,same_season_plus_previous_season_prior,full_season_normal_mean_non_predictive,1.29539691975,26.7631578947,0.990167158309,0.822025565388,0.363636363636,5,middle,medium
2026,5,Canadian Grand Prix,2026-05-24,2026-5,constructor,red_bull,Red Bull,29.2,44,33.5,32.5555555556,57.9054125085,40,50,2,False,True,same_season_prior_normal_mean_walk_forward,same_season_prior_normal_recency_decay_0.8,all_prior_weekends_sprint_scores_divided_by_prior_global_factor,same_season_plus_previous_season_prior,full_season_normal_mean_non_predictive,1.29539691975,26.7631578947,1.2517207473,1.64405113078,0.909090909091,4,middle,high
2026,5,Canadian Grand Prix,2026-05-24,2026-5,constructor,williams,Williams,14.4,6,14.5,13.8888888889,9.62794345549,15.7333333333,8.85714285714,2,False,True,same_season_prior_normal_mean_walk_forward,same_season_prior_normal_recency_decay_0.8,all_prior_weekends_sprint_scores_divided_by_prior_global_factor,same_season_plus_previous_season_prior,full_season_normal_mean_non_predictive,1.29539691975,26.7631578947,0.541789577188,0.22418879056,0.545454545455,9,lower,medium
2026,5,Canadian Grand Prix,2026-05-24,2026-5,driver,albon,Alexander Albon,9.6,-8,3.5,3,3.79910548028,5.06666666667,2,2,False,True,same_season_prior_normal_mean_walk_forward,same_season_prior_normal_recency_decay_0.8,all_prior_weekends_sprint_scores_divided_by_prior_global_factor,same_season_plus_previous_season_prior,full_season_normal_mean_non_predictive,1.38715389298,9.27152317881,0.3775,-0.862857142857,0.5,16,lower,medium
2026,5,Canadian Grand Prix,2026-05-24,2026-5,driver,alonso,Fernando Alonso,8,-26,-5,-4,8.04236597333,0.733333333333,1.42857142857,2,False,True,same_season_prior_normal_mean_walk_forward,same_season_prior_normal_recency_decay_0.8,all_prior_weekends_sprint_scores_divided_by_prior_global_factor,same_season_plus_previous_season_prior,full_season_normal_mean_non_predictive,1.38715389298,9.27152317881,-0.539285714286,-2.80428571429,0.318181818182,19,lower,low
2026,5,Canadian Grand Prix,2026-05-24,2026-5,driver,antonelli,Andrea Kimi Antonelli,24.4,62,41,42,15.4125192854,21.9,33.4285714286,2,False,True,same_season_prior_normal_mean_walk_forward,same_season_prior_normal_recency_decay_0.8,all_prior_weekends_sprint_scores_divided_by_prior_global_factor,same_season_plus_previous_season_prior,full_season_normal_mean_non_predictive,1.38715389298,9.27152317881,4.42214285714,6.68714285714,0.818181818182,1,top,high
2026,5,Canadian Grand Prix,2026-05-24,2026-5,driver,arvid_lindblad,Arvid Lindblad,7,-16,8,7.22222222222,4.54067541013,9.77343173432,8.42857142857,2,False,True,same_season_prior_normal_mean_walk_forward,same_season_prior_normal_recency_decay_0.8,all_prior_weekends_sprint_scores_divided_by_prior_global_factor,same_season_plus_prior_group_prior,full_season_normal_mean_non_predictive,1.38715389298,9.27152317881,0.862857142857,-1.72571428571,0.227272727273,10,middle,low
2026,5,Canadian Grand Prix,2026-05-24,2026-5,driver,bearman,Oliver Bearman,9.4,10,3,1.11111111111,8.70882764102,6.4,0.857142857143,2,False,True,same_season_prior_normal_mean_walk_forward,same_season_prior_normal_recency_decay_0.8,all_prior_weekends_sprint_scores_divided_by_prior_global_factor,same_season_plus_previous_season_prior,full_season_normal_mean_non_predictive,1.38715389298,9.27152317881,0.323571428571,1.07857142857,0.454545454545,17,lower,medium
2026,5,Canadian Grand Prix,2026-05-24,2026-5,driver,bortoleto,Gabriel Bortoleto,5.2,5,8,7.44444444444,2.18438220145,4.63333333333,7.28571428571,2,False,True,same_season_prior_normal_mean_walk_forward,same_season_prior_normal_recency_decay_0.8,all_prior_weekends_sprint_scores_divided_by_prior_global_factor,same_season_plus_previous_season_prior,full_season_normal_mean_non_predictive,1.38715389298,9.27152317881,0.862857142857,0.539285714286,0.136363636364,11,middle,low
2026,5,Canadian Grand Prix,2026-05-24,2026-5,driver,bottas,Valtteri Bottas,3.9,12,-7,-6,1.42230242654,3.77343173432,-12,2,False,True,same_season_prior_normal_mean_walk_forward,same_season_prior_normal_recency_decay_0.8,all_prior_weekends_sprint_scores_divided_by_prior_global_factor,same_season_plus_prior_group_prior,full_season_normal_mean_non_predictive,1.38715389298,9.27152317881,-0.755,1.29428571429,0.0454545454545,21,lower,low
2026,5,Canadian Grand Prix,2026-05-24,2026-5,driver,colapinto,Franco Colapinto,8.2,25,5,4.88888888889,1.72542273941,2.55714285714,6.66666666667,2,False,True,same_season_prior_normal_mean_walk_forward,same_season_prior_normal_recency_decay_0.8,all_prior_weekends_sprint_scores_divided_by_prior_global_factor,same_season_plus_previous_season_prior,full_season_normal_mean_non_predictive,1.38715389298,9.27152317881,0.539285714286,2.69642857143,0.409090909091,14,middle,medium
2026,5,Canadian Grand Prix,2026-05-24,2026-5,driver,gasly,Pierre Gasly,12.8,16,12.5,12.6666666667,4.79406516143,6.16666666667,12,2,False,True,same_season_prior_normal_mean_walk_forward,same_season_prior_normal_recency_decay_0.8,all_prior_weekends_sprint_scores_divided_by_prior_global_factor,same_season_plus_previous_season_prior,full_season_normal_mean_non_predictive,1.38715389298,9.27152317881,1.34821428571,1.72571428571,0.636363636364,8,middle,medium
2026,5,Canadian Grand Prix,2026-05-24,2026-5,driver,hadjar,Isack Hadjar,12.7,6,-1.5,-0.777777777778,3.72505761158,2.4,15.1428571429,2,False,True,same_season_prior_normal_mean_walk_forward,same_season_prior_normal_recency_decay_0.8,all_prior_weekends_sprint_scores_divided_by_prior_global_factor,same_season_plus_previous_season_prior,full_season_normal_mean_non_predictive,1.38715389298,9.27152317881,-0.161785714286,0.647142857143,0.590909090909,18,lower,medium
2026,5,Canadian Grand Prix,2026-05-24,2026-5,driver,hamilton,Lewis Hamilton,23.5,42,22,21.6666666667,18.9778580435,18.4333333333,28.7142857143,2,False,True,same_season_prior_normal_mean_walk_forward,same_season_prior_normal_recency_decay_0.8,all_prior_weekends_sprint_scores_divided_by_prior_global_factor,same_season_plus_previous_season_prior,full_season_normal_mean_non_predictive,1.38715389298,9.27152317881,2.37285714286,4.53,0.727272727273,6,middle,high
2026,5,Canadian Grand Prix,2026-05-24,2026-5,driver,hulkenberg,Nico Hülkenberg,4.4,1,-5,-3.33333333333,3.5587728843,2.66666666667,-0.571428571429,2,False,True,same_season_prior_normal_mean_walk_forward,same_season_prior_normal_recency_decay_0.8,all_prior_weekends_sprint_scores_divided_by_prior_global_factor,same_season_plus_previous_season_prior,full_season_normal_mean_non_predictive,1.38715389298,9.27152317881,-0.539285714286,0.107857142857,0.0909090909091,20,lower,low
2026,5,Canadian Grand Prix,2026-05-24,2026-5,driver,lawson,Liam Lawson,8.1,23,7.5,7.77777777778,3.36426801274,3.23333333333,8.57142857143,2,False,True,same_season_prior_normal_mean_walk_forward,same_season_prior_normal_recency_decay_0.8,all_prior_weekends_sprint_scores_divided_by_prior_global_factor,same_season_plus_previous_season_prior,full_season_normal_mean_non_predictive,1.38715389298,9.27152317881,0.808928571429,2.48071428571,0.363636363636,12,middle,medium
2026,5,Canadian Grand Prix,2026-05-24,2026-5,driver,leclerc,Charles Leclerc,24,27,30,30.1111111111,19.4869397158,23.5333333333,21,2,False,True,same_season_prior_normal_mean_walk_forward,same_season_prior_normal_recency_decay_0.8,all_prior_weekends_sprint_scores_divided_by_prior_global_factor,same_season_plus_previous_season_prior,full_season_normal_mean_non_predictive,1.38715389298,9.27152317881,3.23571428571,2.91214285714,0.772727272727,4,top,high
2026,5,Canadian Grand Prix,2026-05-24,2026-5,driver,max_verstappen,Max Verstappen,28.3,26,31.5,29.4444444444,32.7196255845,30.5333333333,26,2,False,True,same_season_prior_normal_mean_walk_forward,same_season_prior_normal_recency_decay_0.8,all_prior_weekends_sprint_scores_divided_by_prior_global_factor,same_season_plus_previous_season_prior,full_season_normal_mean_non_predictive,1.38715389298,9.27152317881,3.3975,2.80428571429,0.954545454545,3,top,high
2026,5,Canadian Grand Prix,2026-05-24,2026-5,driver,norris,Lando Norris,26.4,6,22.5,22.6666666667,23.7932841858,25.3,19.8571428571,2,False,True,same_season_prior_normal_mean_walk_forward,same_season_prior_normal_recency_decay_0.8,all_prior_weekends_sprint_scores_divided_by_prior_global_factor,same_season_plus_previous_season_prior,full_season_normal_mean_non_predictive,1.38715389298,9.27152317881,2.42678571429,0.647142857143,0.909090909091,5,top,high
2026,5,Canadian Grand Prix,2026-05-24,2026-5,driver,ocon,Esteban Ocon,9.7,8,9,9,5.87089872102,7.86666666667,7.85714285714,2,False,True,same_season_prior_normal_mean_walk_forward,same_season_prior_normal_recency_decay_0.8,all_prior_weekends_sprint_scores_divided_by_prior_global_factor,same_season_plus_previous_season_prior,full_season_normal_mean_non_predictive,1.38715389298,9.27152317881,0.970714285714,0.862857142857,0.545454545455,9,middle,medium
2026,5,Canadian Grand Prix,2026-05-24,2026-5,driver,perez,Sergio Pérez,7.6,-11,4,4,16.9909597404,8.17343173432,-4.28571428571,2,False,True,same_season_prior_normal_mean_walk_forward,same_season_prior_normal_recency_decay_0.8,all_prior_weekends_sprint_scores_divided_by_prior_global_factor,same_season_plus_prior_group_prior,full_season_normal_mean_non_predictive,1.38715389298,9.27152317881,0.431428571429,-1.18642857143,0.272727272727,15,middle,low
2026,5,Canadian Grand Prix,2026-05-24,2026-5,driver,piastri,Oscar Piastri,24.7,12,14.5,17.6666666667,19.5567059542,21,13.5714285714,2,False,True,same_season_prior_normal_mean_walk_forward,same_season_prior_normal_recency_decay_0.8,all_prior_weekends_sprint_scores_divided_by_prior_global_factor,same_season_plus_previous_season_prior,full_season_normal_mean_non_predictive,1.38715389298,9.27152317881,1.56392857143,1.29428571429,0.863636363636,7,middle,high
2026,5,Canadian Grand Prix,2026-05-24,2026-5,driver,russell,George Russell,28.6,4,33,32.3333333333,19.108509588,27.1666666667,23.5,2,False,True,same_season_prior_normal_mean_walk_forward,same_season_prior_normal_recency_decay_0.8,all_prior_weekends_sprint_scores_divided_by_prior_global_factor,same_season_plus_previous_season_prior,full_season_normal_mean_non_predictive,1.38715389298,9.27152317881,3.55928571429,0.431428571429,1,2,top,high
2026,5,Canadian Grand Prix,2026-05-24,2026-5,driver,sainz,Carlos Sainz,13,11,6.5,6.22222222222,13.6844832115,5.16666666667,2.28571428571,2,False,True,same_season_prior_normal_mean_walk_forward,same_season_prior_normal_recency_decay_0.8,all_prior_weekends_sprint_scores_divided_by_prior_global_factor,same_season_plus_previous_season_prior,full_season_normal_mean_non_predictive,1.38715389298,9.27152317881,0.701071428571,1.18642857143,0.681818181818,13,middle,high
2026,5,Canadian Grand Prix,2026-05-24,2026-5,driver,stroll,Lance Stroll,5.6,11,-20,-19.6666666667,5.24224427781,-4.76666666667,-14.4285714286,2,False,True,same_season_prior_normal_mean_walk_forward,same_season_prior_normal_recency_decay_0.8,all_prior_weekends_sprint_scores_divided_by_prior_global_factor,same_season_plus_previous_season_prior,full_season_normal_mean_non_predictive,1.38715389298,9.27152317881,-2.15714285714,1.18642857143,0.181818181818,22,lower,low
2026,9,British Grand Prix,2026-07-05,2026-9,constructor,alpine,Alpine,17.3,53,25.8,25.8243693479,13.8004712584,18.8333333333,23.5714285714,5,False,False,same_season_prior_normal_mean_walk_forward,same_season_prior_normal_recency_decay_0.8,all_prior_weekends_sprint_scores_divided_by_prior_global_factor,same_season_plus_previous_season_prior,full_season_normal_mean_non_predictive,1.27876988901,26.7631578947,0.96401179941,1.98033431662,0.6,6,middle,medium
2026,9,British Grand Prix,2026-07-05,2026-9,constructor,aston_martin,Aston Martin,6.3,16,-20.2,-19.0590195145,16.8626741615,-6.60416666667,-11.1428571429,5,False,False,same_season_prior_normal_mean_walk_forward,same_season_prior_normal_recency_decay_0.8,all_prior_weekends_sprint_scores_divided_by_prior_global_factor,same_season_plus_previous_season_prior,full_season_normal_mean_non_predictive,1.27876988901,26.7631578947,-0.75476892822,0.597836774828,0.3,10,lower,low
2026,9,British Grand Prix,2026-07-05,2026-9,constructor,audi,Audi,5,17,15.25,14.1653116531,6.4799956503,21.0644599303,18.1666666667,4,False,False,same_season_prior_normal_mean_walk_forward,same_season_prior_normal_recency_decay_0.8,all_prior_weekends_sprint_scores_divided_by_prior_global_factor,same_season_plus_prior_group_prior,full_season_normal_mean_non_predictive,1.27876988901,26.7631578947,0.569813176008,0.635201573255,0.2,7,middle,low
2026,9,British Grand Prix,2026-07-05,2026-9,constructor,cadillac,Cadillac,4.8,13,-13,-15.8510233222,-3.43299086562,2.68140243902,-17,5,False,False,same_season_prior_normal_mean_walk_forward,same_season_prior_normal_recency_decay_0.8,all_prior_weekends_sprint_scores_divided_by_prior_global_factor,same_season_plus_prior_group_prior,full_season_normal_mean_non_predictive,1.27876988901,26.7631578947,-0.485742379548,0.485742379548,0.1,9,lower,low
2026,9,British Grand Prix,2026-07-05,2026-9,constructor,ferrari,Ferrari,25.7,92,57.4,55.8134221799,49.4697137383,55.875,61.2857142857,5,False,False,same_season_prior_normal_mean_walk_forward,same_season_prior_normal_recency_decay_0.8,all_prior_weekends_sprint_scores_divided_by_prior_global_factor,same_season_plus_previous_season_prior,full_season_normal_mean_non_predictive,1.27876988901,26.7631578947,2.1447394297,3.43756145526,0.7,2,top,high
2026,9,British Grand Prix,2026-07-05,2026-9,constructor,haas,Haas,10.2,33,10.2,9.68538791052,14.3909310012,13.6666666667,10.8571428571,5,False,False,same_season_prior_normal_mean_walk_forward,same_season_prior_normal_recency_decay_0.8,all_prior_weekends_sprint_scores_divided_by_prior_global_factor,same_season_plus_previous_season_prior,full_season_normal_mean_non_predictive,1.27876988901,26.7631578947,0.381120943953,1.23303834808,0.4,8,lower,medium
2026,9,British Grand Prix,2026-07-05,2026-9,constructor,mclaren,McLaren,30.1,72,44.2,46.4678724417,54.1526919228,53.6875,47.1428571429,5,False,False,same_season_prior_normal_mean_walk_forward,same_season_prior_normal_recency_decay_0.8,all_prior_weekends_sprint_scores_divided_by_prior_global_factor,same_season_plus_previous_season_prior,full_season_normal_mean_non_predictive,1.27876988901,26.7631578947,1.65152409046,2.69026548673,0.9,3,top,high
2026,9,British Grand Prix,2026-07-05,2026-9,constructor,mercedes,Mercedes,31.7,92,76.4,73.6035221323,48.593204353,64.5416666667,70.7142857143,5,False,False,same_season_prior_normal_mean_walk_forward,same_season_prior_normal_recency_decay_0.8,all_prior_weekends_sprint_scores_divided_by_prior_global_factor,same_season_plus_previous_season_prior,full_season_normal_mean_non_predictive,1.27876988901,26.7631578947,2.8546705998,3.43756145526,1,1,top,high
2026,9,British Grand Prix,2026-07-05,2026-9,constructor,rb,Racing Bulls,11.1,55,30.6,31.351737268,16.1839740997,25.5,30.7142857143,5,False,False,same_season_prior_normal_mean_walk_forward,same_season_prior_normal_recency_decay_0.8,all_prior_weekends_sprint_scores_divided_by_prior_global_factor,same_season_plus_previous_season_prior,full_season_normal_mean_non_predictive,1.27876988901,26.7631578947,1.14336283186,2.05506391347,0.5,5,middle,medium
2026,9,British Grand Prix,2026-07-05,2026-9,constructor,red_bull,Red Bull,30,32,42.4,46.6216087577,57.4352105597,43.125,50,5,False,False,same_season_prior_normal_mean_walk_forward,same_season_prior_normal_recency_decay_0.8,all_prior_weekends_sprint_scores_divided_by_prior_global_factor,same_season_plus_previous_season_prior,full_season_normal_mean_non_predictive,1.27876988901,26.7631578947,1.58426745329,1.19567354966,0.8,4,middle,high
2026,9,British Grand Prix,2026-07-05,2026-9,driver,albon,Alexander Albon,7.6,-13,1.4,0.810566396954,3.54816696886,3.16666666667,2,5,False,False,same_season_prior_normal_mean_walk_forward,same_season_prior_normal_recency_decay_0.8,all_prior_weekends_sprint_scores_divided_by_prior_global_factor,same_season_plus_previous_season_prior,full_season_normal_mean_non_predictive,1.37284124491,9.27152317881,0.151,-1.40214285714,0.409090909091,15,middle,medium
2026,9,British Grand Prix,2026-07-05,2026-9,driver,alonso,Fernando Alonso,5.6,8,-1,-0.204188481675,7.46568752064,1.08333333333,1.42857142857,5,False,False,same_season_prior_normal_mean_walk_forward,same_season_prior_normal_recency_decay_0.8,all_prior_weekends_sprint_scores_divided_by_prior_global_factor,same_season_plus_previous_season_prior,full_season_normal_mean_non_predictive,1.37284124491,9.27152317881,-0.107857142857,0.862857142857,0.204545454545,18,lower,low
2026,9,British Grand Prix,2026-07-05,2026-9,driver,antonelli,Andrea Kimi Antonelli,25.4,23,33.6,31.4455021418,17.6448874148,24.4375,33.4285714286,5,False,False,same_season_prior_normal_mean_walk_forward,same_season_prior_normal_recency_decay_0.8,all_prior_weekends_sprint_scores_divided_by_prior_global_factor,same_season_plus_previous_season_prior,full_season_normal_mean_non_predictive,1.37284124491,9.27152317881,3.624,2.48071428571,0.863636363636,1,top,high
2026,9,British Grand Prix,2026-07-05,2026-9,driver,arvid_lindblad,Arvid Lindblad,6.2,18,10,9.57163255593,5.0663234416,10.2883609416,8.42857142857,5,False,False,same_season_prior_normal_mean_walk_forward,same_season_prior_normal_recency_decay_0.8,all_prior_weekends_sprint_scores_divided_by_prior_global_factor,same_season_plus_prior_group_prior,full_season_normal_mean_non_predictive,1.37284124491,9.27152317881,1.07857142857,1.94142857143,0.318181818182,10,middle,low
2026,9,British Grand Prix,2026-07-05,2026-9,driver,bearman,Oliver Bearman,7,13,-1,-1.34935744883,7.62969894782,2.625,0.857142857143,5,False,False,same_season_prior_normal_mean_walk_forward,same_season_prior_normal_recency_decay_0.8,all_prior_weekends_sprint_scores_divided_by_prior_global_factor,same_season_plus_previous_season_prior,full_season_normal_mean_non_predictive,1.37284124491,9.27152317881,-0.107857142857,1.40214285714,0.363636363636,19,lower,medium
2026,9,British Grand Prix,2026-07-05,2026-9,driver,bortoleto,Gabriel Bortoleto,6,16,6.6,6.14612089481,2.55710408591,5.02083333333,7.28571428571,5,False,False,same_season_prior_normal_mean_walk_forward,same_season_prior_normal_recency_decay_0.8,all_prior_weekends_sprint_scores_divided_by_prior_global_factor,same_season_plus_previous_season_prior,full_season_normal_mean_non_predictive,1.37284124491,9.27152317881,0.711857142857,1.72571428571,0.272727272727,14,middle,low
2026,9,British Grand Prix,2026-07-05,2026-9,driver,bottas,Valtteri Bottas,3,5,-13.8,-14.7934316992,0.46572654676,-4.58663905841,-12,5,False,False,same_season_prior_normal_mean_walk_forward,same_season_prior_normal_recency_decay_0.8,all_prior_weekends_sprint_scores_divided_by_prior_global_factor,same_season_plus_prior_group_prior,full_season_normal_mean_non_predictive,1.37284124491,9.27152317881,-1.48842857143,0.539285714286,0.0681818181818,21,lower,low
2026,9,British Grand Prix,2026-07-05,2026-9,driver,colapinto,Franco Colapinto,9.8,27,7.25,7.73441734417,2.66959281422,4.54081632653,6.66666666667,4,False,False,same_season_prior_normal_mean_walk_forward,same_season_prior_normal_recency_decay_0.8,all_prior_weekends_sprint_scores_divided_by_prior_global_factor,same_season_plus_previous_season_prior,full_season_normal_mean_non_predictive,1.37284124491,9.27152317881,0.781964285714,2.91214285714,0.5,13,middle,medium
2026,9,British Grand Prix,2026-07-05,2026-9,driver,gasly,Pierre Gasly,12.8,23,14,13.17039505,5.29604495035,9.47916666667,12,5,False,False,same_season_prior_normal_mean_walk_forward,same_season_prior_normal_recency_decay_0.8,all_prior_weekends_sprint_scores_divided_by_prior_global_factor,same_season_plus_previous_season_prior,full_season_normal_mean_non_predictive,1.37284124491,9.27152317881,1.51,2.48071428571,0.681818181818,6,middle,high
2026,9,British Grand Prix,2026-07-05,2026-9,driver,hadjar,Isack Hadjar,12.7,23,10.6,13.1018562589,5.15164032215,8.5,15.1428571429,5,False,False,same_season_prior_normal_mean_walk_forward,same_season_prior_normal_recency_decay_0.8,all_prior_weekends_sprint_scores_divided_by_prior_global_factor,same_season_plus_previous_season_prior,full_season_normal_mean_non_predictive,1.37284124491,9.27152317881,1.14328571429,2.48071428571,0.636363636364,9,middle,medium
2026,9,British Grand Prix,2026-07-05,2026-9,driver,hamilton,Lewis Hamilton,24.5,33,30.8,32.4393146121,19.8415143732,25.2708333333,28.7142857143,5,False,False,same_season_prior_normal_mean_walk_forward,same_season_prior_normal_recency_decay_0.8,all_prior_weekends_sprint_scores_divided_by_prior_global_factor,same_season_plus_previous_season_prior,full_season_normal_mean_non_predictive,1.37284124491,9.27152317881,3.322,3.55928571429,0.772727272727,3,top,high
2026,9,British Grand Prix,2026-07-05,2026-9,driver,hulkenberg,Nico Hülkenberg,3,-7,-3.4,-2.42503569729,3.29471051564,0.791666666667,-0.571428571429,5,False,False,same_season_prior_normal_mean_walk_forward,same_season_prior_normal_recency_decay_0.8,all_prior_weekends_sprint_scores_divided_by_prior_global_factor,same_season_plus_previous_season_prior,full_season_normal_mean_non_predictive,1.37284124491,9.27152317881,-0.366714285714,-0.755,0.0681818181818,20,lower,low
2026,9,British Grand Prix,2026-07-05,2026-9,driver,lawson,Liam Lawson,8.9,22,8.8,8.83150880533,4.13212895097,5.64583333333,8.57142857143,5,False,False,same_season_prior_normal_mean_walk_forward,same_season_prior_normal_recency_decay_0.8,all_prior_weekends_sprint_scores_divided_by_prior_global_factor,same_season_plus_previous_season_prior,full_season_normal_mean_non_predictive,1.37284124491,9.27152317881,0.949142857143,2.37285714286,0.454545454545,12,middle,medium
2026,9,British Grand Prix,2026-07-05,2026-9,driver,leclerc,Charles Leclerc,23.2,54,14,11.2764227642,18.9738335512,16.2380952381,21,4,False,False,same_season_prior_normal_mean_walk_forward,same_season_prior_normal_recency_decay_0.8,all_prior_weekends_sprint_scores_divided_by_prior_global_factor,same_season_plus_previous_season_prior,full_season_normal_mean_non_predictive,1.37284124491,9.27152317881,1.51,5.82428571429,0.727272727273,7,middle,high
2026,9,British Grand Prix,2026-07-05,2026-9,driver,max_verstappen,Max Verstappen,27.9,-3,23.4,24.0052356021,32.0637226524,25.8333333333,26,5,False,False,same_season_prior_normal_mean_walk_forward,same_season_prior_normal_recency_decay_0.8,all_prior_weekends_sprint_scores_divided_by_prior_global_factor,same_season_plus_previous_season_prior,full_season_normal_mean_non_predictive,1.37284124491,9.27152317881,2.52385714286,-0.323571428571,1,4,top,high
2026,9,British Grand Prix,2026-07-05,2026-9,driver,norris,Lando Norris,25.6,38,12.4,11.7234650167,22.9051994009,17.9375,19.8571428571,5,False,False,same_season_prior_normal_mean_walk_forward,same_season_prior_normal_recency_decay_0.8,all_prior_weekends_sprint_scores_divided_by_prior_global_factor,same_season_plus_previous_season_prior,full_season_normal_mean_non_predictive,1.37284124491,9.27152317881,1.33742857143,4.09857142857,0.909090909091,8,middle,high
2026,9,British Grand Prix,2026-07-05,2026-9,driver,ocon,Esteban Ocon,10.1,19,9,8.73821989529,6.01127945138,8.29166666667,7.85714285714,5,False,False,same_season_prior_normal_mean_walk_forward,same_season_prior_normal_recency_decay_0.8,all_prior_weekends_sprint_scores_divided_by_prior_global_factor,same_season_plus_previous_season_prior,full_season_normal_mean_non_predictive,1.37284124491,9.27152317881,0.970714285714,2.04928571429,0.545454545455,11,middle,medium
2026,9,British Grand Prix,2026-07-05,2026-9,driver,perez,Sergio Pérez,5.6,7,1.4,-0.533555449786,15.6130705508,4.91336094159,-4.28571428571,5,False,False,same_season_prior_normal_mean_walk_forward,same_season_prior_normal_recency_decay_0.8,all_prior_weekends_sprint_scores_divided_by_prior_global_factor,same_season_plus_prior_group_prior,full_season_normal_mean_non_predictive,1.37284124491,9.27152317881,0.151,0.755,0.204545454545,16,lower,low
2026,9,British Grand Prix,2026-07-05,2026-9,driver,piastri,Oscar Piastri,24.9,19,17.4,19.2532127558,19.4518485554,20.375,13.5714285714,5,False,False,same_season_prior_normal_mean_walk_forward,same_season_prior_normal_recency_decay_0.8,all_prior_weekends_sprint_scores_divided_by_prior_global_factor,same_season_plus_previous_season_prior,full_season_normal_mean_non_predictive,1.37284124491,9.27152317881,1.87671428571,2.04928571429,0.818181818182,5,top,high
2026,9,British Grand Prix,2026-07-05,2026-9,driver,russell,George Russell,27.8,44,32.25,32.0623306233,19.2752898165,28.4047619048,23.5,4,False,False,same_season_prior_normal_mean_walk_forward,same_season_prior_normal_recency_decay_0.8,all_prior_weekends_sprint_scores_divided_by_prior_global_factor,same_season_plus_previous_season_prior,full_season_normal_mean_non_predictive,1.37284124491,9.27152317881,3.47839285714,4.74571428571,0.954545454545,2,top,high
2026,9,British Grand Prix,2026-07-05,2026-9,driver,sainz,Carlos Sainz,11.4,8,0.8,-1.30461684912,12.9919142,2.10416666667,2.28571428571,5,False,False,same_season_prior_normal_mean_walk_forward,same_season_prior_normal_recency_decay_0.8,all_prior_weekends_sprint_scores_divided_by_prior_global_factor,same_season_plus_previous_season_prior,full_season_normal_mean_non_predictive,1.37284124491,9.27152317881,0.0862857142857,0.862857142857,0.590909090909,17,lower,medium
2026,9,British Grand Prix,2026-07-05,2026-9,driver,stroll,Lance Stroll,3.6,7,-19.4,-19.0161827701,4.35885728061,-10.1041666667,-14.4285714286,5,False,False,same_season_prior_normal_mean_walk_forward,same_season_prior_normal_recency_decay_0.8,all_prior_weekends_sprint_scores_divided_by_prior_global_factor,same_season_plus_previous_season_prior,full_season_normal_mean_non_predictive,1.37284124491,9.27152317881,-2.09242857143,0.755,0.136363636364,22,lower,low
