entity_type,model,excluded_round,training_rounds,entity_id,entity_name,form_tier,actual_bonus,predicted_bonus,prediction_event_effect,error
driver,constant,2,"4,5,9",albon,Alexander Albon,low,13,4.359375,0,-8.640625
driver,constant,2,"4,5,9",alonso,Fernando Alonso,low,6,4.359375,0,-1.640625
driver,constant,2,"4,5,9",antonelli,Kimi Antonelli,high,11,4.359375,0,-6.640625
driver,constant,2,"4,5,9",arvid_lindblad,Arvid Lindblad,middle,-4,4.359375,0,8.359375
driver,constant,2,"4,5,9",bearman,Oliver Bearman,low,5,4.359375,0,-0.640625
driver,constant,2,"4,5,9",bortoleto,Gabriel Bortoleto,middle,6,4.359375,0,-1.640625
driver,constant,2,"4,5,9",bottas,Valtteri Bottas,low,-8,4.359375,0,12.359375
driver,constant,2,"4,5,9",colapinto,Franco Colapinto,middle,9,4.359375,0,-4.640625
driver,constant,2,"4,5,9",hadjar,Isack Hadjar,high,3,4.359375,0,1.359375
driver,constant,2,"4,5,9",hamilton,Lewis Hamilton,high,15,4.359375,0,-10.640625
driver,constant,2,"4,5,9",hulkenberg,Nico Hulkenberg,low,-3,4.359375,0,7.359375
driver,constant,2,"4,5,9",lawson,Liam Lawson,middle,14,4.359375,0,-9.640625
driver,constant,2,"4,5,9",leclerc,Charles Leclerc,high,21,4.359375,0,-16.640625
driver,constant,2,"4,5,9",max_verstappen,Max Verstappen,high,15,4.359375,0,-10.640625
driver,constant,2,"4,5,9",norris,Lando Norris,high,5,4.359375,0,-0.640625
driver,constant,2,"4,5,9",ocon,Esteban Ocon,middle,9,4.359375,0,-4.640625
driver,constant,2,"4,5,9",perez,Sergio Perez,low,9,4.359375,0,-4.640625
driver,constant,2,"4,5,9",piastri,Oscar Piastri,high,7,4.359375,0,-2.640625
driver,constant,2,"4,5,9",russell,George Russell,high,12,4.359375,0,-7.640625
driver,constant,2,"4,5,9",sainz,Carlos Sainz,middle,12,4.359375,0,-7.640625
driver,constant,2,"4,5,9",stroll,Lance Stroll,low,5,4.359375,0,-0.640625
driver,constant,4,"2,5,9",albon,Alexander Albon,low,5,5.777777778,0,0.7777777778
driver,constant,4,"2,5,9",alonso,Fernando Alonso,low,10,5.777777778,0,-4.222222222
driver,constant,4,"2,5,9",antonelli,Kimi Antonelli,high,1,5.777777778,0,4.777777778
driver,constant,4,"2,5,9",arvid_lindblad,Arvid Lindblad,middle,-10,5.777777778,0,15.77777778
driver,constant,4,"2,5,9",bearman,Oliver Bearman,low,3,5.777777778,0,2.777777778
driver,constant,4,"2,5,9",bortoleto,Gabriel Bortoleto,middle,-10,5.777777778,0,15.77777778
driver,constant,4,"2,5,9",bottas,Valtteri Bottas,low,1,5.777777778,0,4.777777778
driver,constant,4,"2,5,9",colapinto,Franco Colapinto,middle,-2,5.777777778,0,7.777777778
driver,constant,4,"2,5,9",gasly,Pierre Gasly,middle,5,5.777777778,0,0.7777777778
driver,constant,4,"2,5,9",hadjar,Isack Hadjar,high,3,5.777777778,0,2.777777778
driver,constant,4,"2,5,9",hamilton,Lewis Hamilton,high,4,5.777777778,0,1.777777778
driver,constant,4,"2,5,9",hulkenberg,Nico Hulkenberg,low,-10,5.777777778,0,15.77777778
driver,constant,4,"2,5,9",lawson,Liam Lawson,middle,4,5.777777778,0,1.777777778
driver,constant,4,"2,5,9",leclerc,Charles Leclerc,high,8,5.777777778,0,-2.222222222
driver,constant,4,"2,5,9",max_verstappen,Max Verstappen,high,6,5.777777778,0,-0.2222222222
driver,constant,4,"2,5,9",norris,Lando Norris,high,13,5.777777778,0,-7.222222222
driver,constant,4,"2,5,9",ocon,Esteban Ocon,middle,9,5.777777778,0,-3.222222222
driver,constant,4,"2,5,9",perez,Sergio Perez,low,4,5.777777778,0,1.777777778
driver,constant,4,"2,5,9",piastri,Oscar Piastri,high,9,5.777777778,0,-3.222222222
driver,constant,4,"2,5,9",russell,George Russell,high,10,5.777777778,0,-4.222222222
driver,constant,4,"2,5,9",sainz,Carlos Sainz,middle,4,5.777777778,0,1.777777778
driver,constant,4,"2,5,9",stroll,Lance Stroll,low,10,5.777777778,0,-4.222222222
driver,constant,5,"2,4,9",albon,Alexander Albon,low,6,5.671875,0,-0.328125
driver,constant,5,"2,4,9",alonso,Fernando Alonso,low,-9,5.671875,0,14.671875
driver,constant,5,"2,4,9",antonelli,Kimi Antonelli,high,12,5.671875,0,-6.328125
driver,constant,5,"2,4,9",arvid_lindblad,Arvid Lindblad,middle,2,5.671875,0,3.671875
driver,constant,5,"2,4,9",bearman,Oliver Bearman,low,2,5.671875,0,3.671875
driver,constant,5,"2,4,9",bortoleto,Gabriel Bortoleto,middle,2,5.671875,0,3.671875
driver,constant,5,"2,4,9",bottas,Valtteri Bottas,low,6,5.671875,0,-0.328125
driver,constant,5,"2,4,9",colapinto,Franco Colapinto,middle,8,5.671875,0,-2.328125
driver,constant,5,"2,4,9",gasly,Pierre Gasly,middle,3,5.671875,0,2.671875
driver,constant,5,"2,4,9",hadjar,Isack Hadjar,high,-10,5.671875,0,15.671875
driver,constant,5,"2,4,9",hamilton,Lewis Hamilton,high,3,5.671875,0,2.671875
driver,constant,5,"2,4,9",hulkenberg,Nico Hulkenberg,low,-1,5.671875,0,6.671875
driver,constant,5,"2,4,9",lawson,Liam Lawson,middle,11,5.671875,0,-5.328125
driver,constant,5,"2,4,9",leclerc,Charles Leclerc,high,6,5.671875,0,-0.328125
driver,constant,5,"2,4,9",max_verstappen,Max Verstappen,high,2,5.671875,0,3.671875
driver,constant,5,"2,4,9",norris,Lando Norris,high,9,5.671875,0,-3.328125
driver,constant,5,"2,4,9",ocon,Esteban Ocon,middle,3,5.671875,0,2.671875
driver,constant,5,"2,4,9",perez,Sergio Perez,low,5,5.671875,0,0.671875
driver,constant,5,"2,4,9",piastri,Oscar Piastri,high,6,5.671875,0,-0.328125
driver,constant,5,"2,4,9",russell,George Russell,high,9,5.671875,0,-3.328125
driver,constant,5,"2,4,9",stroll,Lance Stroll,low,3,5.671875,0,2.671875
driver,constant,9,"2,4,5",albon,Alexander Albon,low,7,4.953125,0,-2.046875
driver,constant,9,"2,4,5",alonso,Fernando Alonso,low,3,4.953125,0,1.953125
driver,constant,9,"2,4,5",antonelli,Kimi Antonelli,high,16,4.953125,0,-11.046875
driver,constant,9,"2,4,5",arvid_lindblad,Arvid Lindblad,middle,4,4.953125,0,0.953125
driver,constant,9,"2,4,5",bearman,Oliver Bearman,low,6,4.953125,0,-1.046875
driver,constant,9,"2,4,5",bortoleto,Gabriel Bortoleto,middle,3,4.953125,0,1.953125
driver,constant,9,"2,4,5",bottas,Valtteri Bottas,low,2,4.953125,0,2.953125
driver,constant,9,"2,4,5",colapinto,Franco Colapinto,middle,7,4.953125,0,-2.046875
driver,constant,9,"2,4,5",gasly,Pierre Gasly,middle,5,4.953125,0,-0.046875
driver,constant,9,"2,4,5",hadjar,Isack Hadjar,high,3,4.953125,0,1.953125
driver,constant,9,"2,4,5",hamilton,Lewis Hamilton,high,6,4.953125,0,-1.046875
driver,constant,9,"2,4,5",hulkenberg,Nico Hulkenberg,low,3,4.953125,0,1.953125
driver,constant,9,"2,4,5",lawson,Liam Lawson,middle,6,4.953125,0,-1.046875
driver,constant,9,"2,4,5",leclerc,Charles Leclerc,high,8,4.953125,0,-3.046875
driver,constant,9,"2,4,5",max_verstappen,Max Verstappen,high,3,4.953125,0,1.953125
driver,constant,9,"2,4,5",norris,Lando Norris,high,14,4.953125,0,-9.046875
driver,constant,9,"2,4,5",ocon,Esteban Ocon,middle,6,4.953125,0,-1.046875
driver,constant,9,"2,4,5",perez,Sergio Perez,low,-3,4.953125,0,7.953125
driver,constant,9,"2,4,5",piastri,Oscar Piastri,high,8,4.953125,0,-3.046875
driver,constant,9,"2,4,5",russell,George Russell,high,14,4.953125,0,-9.046875
driver,constant,9,"2,4,5",stroll,Lance Stroll,low,3,4.953125,0,1.953125
driver,strength_only,2,"4,5,9",albon,Alexander Albon,low,13,2.324442664,0,-10.67555734
driver,strength_only,2,"4,5,9",alonso,Fernando Alonso,low,6,2.628758472,0,-3.371241528
driver,strength_only,2,"4,5,9",antonelli,Kimi Antonelli,high,11,8.623779893,0,-2.376220107
driver,strength_only,2,"4,5,9",arvid_lindblad,Arvid Lindblad,middle,-4,3.800374333,0,7.800374333
driver,strength_only,2,"4,5,9",bearman,Oliver Bearman,low,5,3.511274316,0,-1.488725684
driver,strength_only,2,"4,5,9",bortoleto,Gabriel Bortoleto,middle,6,3.67864801,0,-2.32135199
driver,strength_only,2,"4,5,9",bottas,Valtteri Bottas,low,-8,1.776674209,0,9.776674209
driver,strength_only,2,"4,5,9",colapinto,Franco Colapinto,middle,9,4.395311738,0,-4.604688262
driver,strength_only,2,"4,5,9",hadjar,Isack Hadjar,high,3,4.819832291,0,1.819832291
driver,strength_only,2,"4,5,9",hamilton,Lewis Hamilton,high,15,7.513027193,0,-7.486972807
driver,strength_only,2,"4,5,9",hulkenberg,Nico Hulkenberg,low,-3,2.385305825,0,5.385305825
driver,strength_only,2,"4,5,9",lawson,Liam Lawson,middle,14,4.119905932,0,-9.880094068
driver,strength_only,2,"4,5,9",leclerc,Charles Leclerc,high,21,6.755280831,0,-14.24471917
driver,strength_only,2,"4,5,9",max_verstappen,Max Verstappen,high,15,6.432706074,0,-8.567293926
driver,strength_only,2,"4,5,9",norris,Lando Norris,high,5,5.53497444,0,0.53497444
driver,strength_only,2,"4,5,9",ocon,Esteban Ocon,middle,9,4.119905932,0,-4.880094068
driver,strength_only,2,"4,5,9",perez,Sergio Perez,low,9,2.55267952,0,-6.44732048
driver,strength_only,2,"4,5,9",piastri,Oscar Piastri,high,7,4.682890177,0,-2.317109823
driver,strength_only,2,"4,5,9",russell,George Russell,high,12,6.571169767,0,-5.428830233
driver,strength_only,2,"4,5,9",sainz,Carlos Sainz,middle,12,3.578900051,0,-8.421099949
driver,strength_only,2,"4,5,9",stroll,Lance Stroll,low,5,1.168042592,0,-3.831957408
driver,strength_only,4,"2,5,9",albon,Alexander Albon,low,5,2.83331031,0,-2.16668969
driver,strength_only,4,"2,5,9",alonso,Fernando Alonso,low,10,3.273824372,0,-6.726175628
driver,strength_only,4,"2,5,9",antonelli,Kimi Antonelli,high,1,11.9519514,0,10.9519514
driver,strength_only,4,"2,5,9",arvid_lindblad,Arvid Lindblad,middle,-10,4.969803511,0,14.96980351
driver,strength_only,4,"2,5,9",bearman,Oliver Bearman,low,3,4.551315152,0,1.551315152
driver,strength_only,4,"2,5,9",bortoleto,Gabriel Bortoleto,middle,-10,4.793597886,0,14.79359789
driver,strength_only,4,"2,5,9",bottas,Valtteri Bottas,low,1,2.040384998,0,1.040384998
driver,strength_only,4,"2,5,9",colapinto,Franco Colapinto,middle,-2,5.831008503,0,7.831008503
driver,strength_only,4,"2,5,9",gasly,Pierre Gasly,middle,5,5.855236776,0,0.855236776
driver,strength_only,4,"2,5,9",hadjar,Isack Hadjar,high,3,6.445525619,0,3.445525619
driver,strength_only,4,"2,5,9",hamilton,Lewis Hamilton,high,4,10.34407507,0,6.344075069
driver,strength_only,4,"2,5,9",hulkenberg,Nico Hulkenberg,low,-10,2.921413123,0,12.92141312
driver,strength_only,4,"2,5,9",lawson,Liam Lawson,middle,4,5.432343276,0,1.432343276
driver,strength_only,4,"2,5,9",leclerc,Charles Leclerc,high,8,9.247195054,0,1.247195054
driver,strength_only,4,"2,5,9",max_verstappen,Max Verstappen,high,6,8.780250148,0,2.780250148
driver,strength_only,4,"2,5,9",norris,Lando Norris,high,13,7.480733665,0,-5.519266335
driver,strength_only,4,"2,5,9",ocon,Esteban Ocon,middle,9,5.432343276,0,-3.567656724
driver,strength_only,4,"2,5,9",perez,Sergio Perez,low,4,3.163695857,0,-0.8363041433
driver,strength_only,4,"2,5,9",piastri,Oscar Piastri,high,9,6.247294291,0,-2.752705709
driver,strength_only,4,"2,5,9",russell,George Russell,high,10,8.980684046,0,-1.019315954
driver,strength_only,4,"2,5,9",sainz,Carlos Sainz,middle,4,4.649207166,0,0.649207166
driver,strength_only,4,"2,5,9",stroll,Lance Stroll,low,10,1.159356874,0,-8.840643126
driver,strength_only,5,"2,4,9",albon,Alexander Albon,low,6,2.944401728,0,-3.055598272
driver,strength_only,5,"2,4,9",alonso,Fernando Alonso,low,-9,3.354910323,0,12.35491032
driver,strength_only,5,"2,4,9",antonelli,Kimi Antonelli,high,12,11.44192965,0,-0.5580703478
driver,strength_only,5,"2,4,9",arvid_lindblad,Arvid Lindblad,middle,2,4.935368416,0,2.935368416
driver,strength_only,5,"2,4,9",bearman,Oliver Bearman,low,2,4.54538525,0,2.54538525
driver,strength_only,5,"2,4,9",bortoleto,Gabriel Bortoleto,middle,2,4.771164977,0,2.771164977
driver,strength_only,5,"2,4,9",bottas,Valtteri Bottas,low,6,2.205486256,0,-3.794513744
driver,strength_only,5,"2,4,9",colapinto,Franco Colapinto,middle,8,5.73791272,0,-2.26208728
driver,strength_only,5,"2,4,9",gasly,Pierre Gasly,middle,3,5.760490692,0,2.760490692
driver,strength_only,5,"2,4,9",hadjar,Isack Hadjar,high,-10,6.31057221,0,16.31057221
driver,strength_only,5,"2,4,9",hamilton,Lewis Hamilton,high,3,9.943573279,0,6.943573279
driver,strength_only,5,"2,4,9",hulkenberg,Nico Hulkenberg,low,-1,3.026503447,0,4.026503447
driver,strength_only,5,"2,4,9",lawson,Liam Lawson,middle,11,5.366402441,0,-5.633597559
driver,strength_only,5,"2,4,9",leclerc,Charles Leclerc,high,6,8.921406877,0,2.921406877
driver,strength_only,5,"2,4,9",max_verstappen,Max Verstappen,high,2,8.486267766,0,6.486267766
driver,strength_only,5,"2,4,9",norris,Lando Norris,high,9,7.275267409,0,-1.724732591
driver,strength_only,5,"2,4,9",ocon,Esteban Ocon,middle,3,5.366402441,0,2.366402441
driver,strength_only,5,"2,4,9",perez,Sergio Perez,low,5,3.252283175,0,-1.747716825
driver,strength_only,5,"2,4,9",piastri,Oscar Piastri,high,6,6.125843342,0,0.1258433422
driver,strength_only,5,"2,4,9",russell,George Russell,high,9,8.673049176,0,-0.3269508235
driver,strength_only,5,"2,4,9",stroll,Lance Stroll,low,3,1.384469066,0,-1.615530934
driver,strength_only,9,"2,4,5",albon,Alexander Albon,low,7,2.632098903,0,-4.367901097
driver,strength_only,9,"2,4,5",alonso,Fernando Alonso,low,3,2.981433642,0,-0.01856635812
driver,strength_only,9,"2,4,5",antonelli,Kimi Antonelli,high,16,9.863327995,0,-6.136672005
driver,strength_only,9,"2,4,5",arvid_lindblad,Arvid Lindblad,middle,4,4.326372386,0,0.326372386
driver,strength_only,9,"2,4,5",bearman,Oliver Bearman,low,6,3.994504384,0,-2.005495616
driver,strength_only,9,"2,4,5",bortoleto,Gabriel Bortoleto,middle,3,4.18663849,0,1.18663849
driver,strength_only,9,"2,4,5",bottas,Valtteri Bottas,low,2,2.003296373,0,0.003296373459
driver,strength_only,9,"2,4,5",colapinto,Franco Colapinto,middle,7,5.0093218,0,-1.9906782
driver,strength_only,9,"2,4,5",gasly,Pierre Gasly,middle,5,5.028535211,0,0.02853521079
driver,strength_only,9,"2,4,5",hadjar,Isack Hadjar,high,3,5.496643761,0,2.496643761
driver,strength_only,9,"2,4,5",hamilton,Lewis Hamilton,high,6,8.588256198,0,2.588256198
driver,strength_only,9,"2,4,5",hulkenberg,Nico Hulkenberg,low,3,2.701965851,0,-0.2980341491
driver,strength_only,9,"2,4,5",lawson,Liam Lawson,middle,6,4.693173862,0,-1.306826138
driver,strength_only,9,"2,4,5",leclerc,Charles Leclerc,high,8,7.718412699,0,-0.2815873011
driver,strength_only,9,"2,4,5",max_verstappen,Max Verstappen,high,3,7.348117876,0,4.348117876
driver,strength_only,9,"2,4,5",norris,Lando Norris,high,14,6.317580397,0,-7.682419603
driver,strength_only,9,"2,4,5",ocon,Esteban Ocon,middle,6,4.693173862,0,-1.306826138
driver,strength_only,9,"2,4,5",perez,Sergio Perez,low,-3,2.894099957,0,5.894099957
driver,strength_only,9,"2,4,5",piastri,Oscar Piastri,high,8,5.339443128,0,-2.660556872
driver,strength_only,9,"2,4,5",russell,George Russell,high,14,7.507065182,0,-6.492934818
driver,strength_only,9,"2,4,5",stroll,Lance Stroll,low,3,1.304626896,0,-1.695373104
driver,strength_event,2,"4,5,9",albon,Alexander Albon,low,13,2.340521874,0,-10.65947813
driver,strength_event,2,"4,5,9",alonso,Fernando Alonso,low,6,2.644107723,0,-3.355892277
driver,strength_event,2,"4,5,9",antonelli,Kimi Antonelli,high,11,8.62474895,0,-2.37525105
driver,strength_event,2,"4,5,9",arvid_lindblad,Arvid Lindblad,middle,-4,3.812913242,0,7.812913242
driver,strength_event,2,"4,5,9",bearman,Oliver Bearman,low,5,3.524506685,0,-1.475493315
driver,strength_event,2,"4,5,9",bortoleto,Gabriel Bortoleto,middle,6,3.691478902,0,-2.308521098
driver,strength_event,2,"4,5,9",bottas,Valtteri Bottas,low,-8,1.794067346,0,9.794067346
driver,strength_event,2,"4,5,9",colapinto,Franco Colapinto,middle,9,4.406423577,0,-4.593576423
driver,strength_event,2,"4,5,9",hadjar,Isack Hadjar,high,3,4.829925837,0,1.829925837
driver,strength_event,2,"4,5,9",hamilton,Lewis Hamilton,high,15,7.516660601,0,-7.483339399
driver,strength_event,2,"4,5,9",hulkenberg,Nico Hulkenberg,low,-3,2.401239044,0,5.401239044
driver,strength_event,2,"4,5,9",lawson,Liam Lawson,middle,14,4.131678384,0,-9.868321616
driver,strength_event,2,"4,5,9",leclerc,Charles Leclerc,high,21,6.760731837,0,-14.23926816
driver,strength_event,2,"4,5,9",max_verstappen,Max Verstappen,high,15,6.438930837,0,-8.561069163
driver,strength_event,2,"4,5,9",norris,Lando Norris,high,5,5.543352582,0,0.543352582
driver,strength_event,2,"4,5,9",ocon,Esteban Ocon,middle,9,4.131678384,0,-4.868321616
driver,strength_event,2,"4,5,9",perez,Sergio Perez,low,9,2.568211261,0,-6.431788739
driver,strength_event,2,"4,5,9",piastri,Oscar Piastri,high,7,4.693312205,0,-2.306687795
driver,strength_event,2,"4,5,9",russell,George Russell,high,12,6.577062398,0,-5.422937602
driver,strength_event,2,"4,5,9",sainz,Carlos Sainz,middle,12,3.591970207,0,-8.408029793
driver,strength_event,2,"4,5,9",stroll,Lance Stroll,low,5,1.186895647,0,-3.813104353
driver,strength_event,4,"2,5,9",albon,Alexander Albon,low,5,2.821253617,0,-2.178746383
driver,strength_event,4,"2,5,9",alonso,Fernando Alonso,low,10,3.26357145,0,-6.73642855
driver,strength_event,4,"2,5,9",antonelli,Kimi Antonelli,high,1,11.97723275,0,10.97723275
driver,strength_event,4,"2,5,9",arvid_lindblad,Arvid Lindblad,middle,-10,4.966495104,0,14.9664951
driver,strength_event,4,"2,5,9",bearman,Oliver Bearman,low,3,4.546293163,0,1.546293163
driver,strength_event,4,"2,5,9",bortoleto,Gabriel Bortoleto,middle,-10,4.789567971,0,14.78956797
driver,strength_event,4,"2,5,9",bottas,Valtteri Bottas,low,1,2.025081519,0,1.025081519
driver,strength_event,4,"2,5,9",colapinto,Franco Colapinto,middle,-2,5.831226466,0,7.831226466
driver,strength_event,4,"2,5,9",gasly,Pierre Gasly,middle,5,5.855553947,0,0.8555539469
driver,strength_event,4,"2,5,9",hadjar,Isack Hadjar,high,3,6.448259842,0,3.448259842
driver,strength_event,4,"2,5,9",hamilton,Lewis Hamilton,high,4,10.36277266,0,6.362772658
driver,strength_event,4,"2,5,9",hulkenberg,Nico Hulkenberg,low,-10,2.909717184,0,12.90971718
driver,strength_event,4,"2,5,9",lawson,Liam Lawson,middle,4,5.430928828,0,1.430928828
driver,strength_event,4,"2,5,9",leclerc,Charles Leclerc,high,8,9.261401256,0,1.261401256
driver,strength_event,4,"2,5,9",max_verstappen,Max Verstappen,high,6,8.792544353,0,2.792544353
driver,strength_event,4,"2,5,9",norris,Lando Norris,high,13,7.487706748,0,-5.512293252
driver,strength_event,4,"2,5,9",ocon,Esteban Ocon,middle,9,5.430928828,0,-3.569071172
driver,strength_event,4,"2,5,9",perez,Sergio Perez,low,4,3.152991991,0,-0.8470080085
driver,strength_event,4,"2,5,9",piastri,Oscar Piastri,high,9,6.249216818,0,-2.750783182
driver,strength_event,4,"2,5,9",russell,George Russell,high,10,8.993798967,0,-1.006201033
driver,strength_event,4,"2,5,9",sainz,Carlos Sainz,middle,4,4.644586015,0,0.6445860149
driver,strength_event,4,"2,5,9",stroll,Lance Stroll,low,10,1.140445854,0,-8.859554146
driver,strength_event,5,"2,4,9",albon,Alexander Albon,low,6,2.973285054,0,-3.026714946
driver,strength_event,5,"2,4,9",alonso,Fernando Alonso,low,-9,3.383797249,0,12.38379725
driver,strength_event,5,"2,4,9",antonelli,Kimi Antonelli,high,12,11.4708875,0,-0.5291124989
driver,strength_event,5,"2,4,9",arvid_lindblad,Arvid Lindblad,middle,2,4.964269202,0,2.964269202
driver,strength_event,5,"2,4,9",bearman,Oliver Bearman,low,2,4.574282616,0,2.574282616
driver,strength_event,5,"2,4,9",bortoleto,Gabriel Bortoleto,middle,2,4.800064324,0,2.800064324
driver,strength_event,5,"2,4,9",bottas,Valtteri Bottas,low,6,2.234363102,0,-3.765636898
driver,strength_event,5,"2,4,9",colapinto,Franco Colapinto,middle,8,5.766820544,0,-2.233179456
driver,strength_event,5,"2,4,9",gasly,Pierre Gasly,middle,3,5.789398715,0,2.789398715
driver,strength_event,5,"2,4,9",hadjar,Isack Hadjar,high,-10,6.339485057,0,16.33948506
driver,strength_event,5,"2,4,9",hamilton,Lewis Hamilton,high,3,9.972517987,0,6.972517987
driver,strength_event,5,"2,4,9",hulkenberg,Nico Hulkenberg,low,-1,3.055387493,0,4.055387493
driver,strength_event,5,"2,4,9",lawson,Liam Lawson,middle,11,5.395307007,0,-5.604692993
driver,strength_event,5,"2,4,9",leclerc,Charles Leclerc,high,6,8.950342621,0,2.950342621
driver,strength_event,5,"2,4,9",max_verstappen,Max Verstappen,high,2,8.515199693,0,6.515199693
driver,strength_event,5,"2,4,9",norris,Lando Norris,high,9,7.304188717,0,-1.695811283
driver,strength_event,5,"2,4,9",ocon,Esteban Ocon,middle,3,5.395307007,0,2.395307007
driver,strength_event,5,"2,4,9",perez,Sergio Perez,low,5,3.2811692,0,-1.7188308
driver,strength_event,5,"2,4,9",piastri,Oscar Piastri,high,6,6.154754569,0,0.154754569
driver,strength_event,5,"2,4,9",russell,George Russell,high,9,8.701982742,0,-0.2980172577
driver,strength_event,5,"2,4,9",stroll,Lance Stroll,low,3,1.413338711,0,-1.586661289
driver,strength_event,9,"2,4,5",albon,Alexander Albon,low,7,2.642909837,0,-4.357090163
driver,strength_event,9,"2,4,5",alonso,Fernando Alonso,low,3,2.993523046,0,-0.006476953711
driver,strength_event,9,"2,4,5",antonelli,Kimi Antonelli,high,16,9.900603273,0,-6.099396727
driver,strength_event,9,"2,4,5",arvid_lindblad,Arvid Lindblad,middle,4,4.343383903,0,0.3433839028
driver,strength_event,9,"2,4,5",bearman,Oliver Bearman,low,6,4.010301354,0,-1.989698646
driver,strength_event,9,"2,4,5",bortoleto,Gabriel Bortoleto,middle,3,4.203138619,0,1.203138619
driver,strength_event,9,"2,4,5",bottas,Valtteri Bottas,low,2,2.01180606,0,0.0118060597
driver,strength_event,9,"2,4,5",colapinto,Franco Colapinto,middle,7,5.028832727,0,-1.971167273
driver,strength_event,9,"2,4,5",gasly,Pierre Gasly,middle,5,5.048116454,0,0.04811645393
driver,strength_event,9,"2,4,5",hadjar,Isack Hadjar,high,3,5.517938155,0,2.517938155
driver,strength_event,9,"2,4,5",hamilton,Lewis Hamilton,high,6,8.620865059,0,2.620865059
driver,strength_event,9,"2,4,5",hulkenberg,Nico Hulkenberg,low,3,2.713032479,0,-0.2869675213
driver,strength_event,9,"2,4,5",lawson,Liam Lawson,middle,6,4.711527773,0,-1.288472227
driver,strength_event,9,"2,4,5",leclerc,Charles Leclerc,high,8,7.747838167,0,-0.252161833
driver,strength_event,9,"2,4,5",max_verstappen,Max Verstappen,high,3,7.376188165,0,4.376188165
driver,strength_event,9,"2,4,5",norris,Lando Norris,high,14,6.341879197,0,-7.658120803
driver,strength_event,9,"2,4,5",ocon,Esteban Ocon,middle,6,4.711527773,0,-1.288472227
driver,strength_event,9,"2,4,5",perez,Sergio Perez,low,-3,2.905869744,0,5.905869744
driver,strength_event,9,"2,4,5",piastri,Oscar Piastri,high,8,5.36016221,0,-2.63983779
driver,strength_event,9,"2,4,5",russell,George Russell,high,14,7.535717175,0,-6.464282825
driver,strength_event,9,"2,4,5",stroll,Lance Stroll,low,3,1.310579641,0,-1.689420359
driver,personal_mean,2,"4,5,9",albon,Alexander Albon,low,13,6,0,-7
driver,personal_mean,2,"4,5,9",alonso,Fernando Alonso,low,6,1.333333333,0,-4.666666667
driver,personal_mean,2,"4,5,9",antonelli,Kimi Antonelli,high,11,9.666666667,0,-1.333333333
driver,personal_mean,2,"4,5,9",arvid_lindblad,Arvid Lindblad,middle,-4,-1.333333333,0,2.666666667
driver,personal_mean,2,"4,5,9",bearman,Oliver Bearman,low,5,3.666666667,0,-1.333333333
driver,personal_mean,2,"4,5,9",bortoleto,Gabriel Bortoleto,middle,6,-1.666666667,0,-7.666666667
driver,personal_mean,2,"4,5,9",bottas,Valtteri Bottas,low,-8,3,0,11
driver,personal_mean,2,"4,5,9",colapinto,Franco Colapinto,middle,9,4.333333333,0,-4.666666667
driver,personal_mean,2,"4,5,9",hadjar,Isack Hadjar,high,3,-1.333333333,0,-4.333333333
driver,personal_mean,2,"4,5,9",hamilton,Lewis Hamilton,high,15,4.333333333,0,-10.66666667
driver,personal_mean,2,"4,5,9",hulkenberg,Nico Hulkenberg,low,-3,-2.666666667,0,0.3333333333
driver,personal_mean,2,"4,5,9",lawson,Liam Lawson,middle,14,7,0,-7
driver,personal_mean,2,"4,5,9",leclerc,Charles Leclerc,high,21,7.333333333,0,-13.66666667
driver,personal_mean,2,"4,5,9",max_verstappen,Max Verstappen,high,15,3.666666667,0,-11.33333333
driver,personal_mean,2,"4,5,9",norris,Lando Norris,high,5,12,0,7
driver,personal_mean,2,"4,5,9",ocon,Esteban Ocon,middle,9,6,0,-3
driver,personal_mean,2,"4,5,9",perez,Sergio Perez,low,9,2,0,-7
driver,personal_mean,2,"4,5,9",piastri,Oscar Piastri,high,7,7.666666667,0,0.6666666667
driver,personal_mean,2,"4,5,9",russell,George Russell,high,12,11,0,-1
driver,personal_mean,2,"4,5,9",sainz,Carlos Sainz,middle,12,4,0,-8
driver,personal_mean,2,"4,5,9",stroll,Lance Stroll,low,5,5.333333333,0,0.3333333333
driver,personal_mean,4,"2,5,9",albon,Alexander Albon,low,5,8.666666667,0,3.666666667
driver,personal_mean,4,"2,5,9",alonso,Fernando Alonso,low,10,0,0,-10
driver,personal_mean,4,"2,5,9",antonelli,Kimi Antonelli,high,1,13,0,12
driver,personal_mean,4,"2,5,9",arvid_lindblad,Arvid Lindblad,middle,-10,0.6666666667,0,10.66666667
driver,personal_mean,4,"2,5,9",bearman,Oliver Bearman,low,3,4.333333333,0,1.333333333
driver,personal_mean,4,"2,5,9",bortoleto,Gabriel Bortoleto,middle,-10,3.666666667,0,13.66666667
driver,personal_mean,4,"2,5,9",bottas,Valtteri Bottas,low,1,0,0,-1
driver,personal_mean,4,"2,5,9",colapinto,Franco Colapinto,middle,-2,8,0,10
driver,personal_mean,4,"2,5,9",gasly,Pierre Gasly,middle,5,4,0,-1
driver,personal_mean,4,"2,5,9",hadjar,Isack Hadjar,high,3,-1.333333333,0,-4.333333333
driver,personal_mean,4,"2,5,9",hamilton,Lewis Hamilton,high,4,8,0,4
driver,personal_mean,4,"2,5,9",hulkenberg,Nico Hulkenberg,low,-10,-0.3333333333,0,9.666666667
driver,personal_mean,4,"2,5,9",lawson,Liam Lawson,middle,4,10.33333333,0,6.333333333
driver,personal_mean,4,"2,5,9",leclerc,Charles Leclerc,high,8,11.66666667,0,3.666666667
driver,personal_mean,4,"2,5,9",max_verstappen,Max Verstappen,high,6,6.666666667,0,0.6666666667
driver,personal_mean,4,"2,5,9",norris,Lando Norris,high,13,9.333333333,0,-3.666666667
driver,personal_mean,4,"2,5,9",ocon,Esteban Ocon,middle,9,6,0,-3
driver,personal_mean,4,"2,5,9",perez,Sergio Perez,low,4,3.666666667,0,-0.3333333333
driver,personal_mean,4,"2,5,9",piastri,Oscar Piastri,high,9,7,0,-2
driver,personal_mean,4,"2,5,9",russell,George Russell,high,10,11.66666667,0,1.666666667
driver,personal_mean,4,"2,5,9",sainz,Carlos Sainz,middle,4,12,0,8
driver,personal_mean,4,"2,5,9",stroll,Lance Stroll,low,10,3.666666667,0,-6.333333333
driver,personal_mean,5,"2,4,9",albon,Alexander Albon,low,6,8.333333333,0,2.333333333
driver,personal_mean,5,"2,4,9",alonso,Fernando Alonso,low,-9,6.333333333,0,15.33333333
driver,personal_mean,5,"2,4,9",antonelli,Kimi Antonelli,high,12,9.333333333,0,-2.666666667
driver,personal_mean,5,"2,4,9",arvid_lindblad,Arvid Lindblad,middle,2,-3.333333333,0,-5.333333333
driver,personal_mean,5,"2,4,9",bearman,Oliver Bearman,low,2,4.666666667,0,2.666666667
driver,personal_mean,5,"2,4,9",bortoleto,Gabriel Bortoleto,middle,2,-0.3333333333,0,-2.333333333
driver,personal_mean,5,"2,4,9",bottas,Valtteri Bottas,low,6,-1.666666667,0,-7.666666667
driver,personal_mean,5,"2,4,9",colapinto,Franco Colapinto,middle,8,4.666666667,0,-3.333333333
driver,personal_mean,5,"2,4,9",gasly,Pierre Gasly,middle,3,5,0,2
driver,personal_mean,5,"2,4,9",hadjar,Isack Hadjar,high,-10,3,0,13
driver,personal_mean,5,"2,4,9",hamilton,Lewis Hamilton,high,3,8.333333333,0,5.333333333
driver,personal_mean,5,"2,4,9",hulkenberg,Nico Hulkenberg,low,-1,-3.333333333,0,-2.333333333
driver,personal_mean,5,"2,4,9",lawson,Liam Lawson,middle,11,8,0,-3
driver,personal_mean,5,"2,4,9",leclerc,Charles Leclerc,high,6,12.33333333,0,6.333333333
driver,personal_mean,5,"2,4,9",max_verstappen,Max Verstappen,high,2,8,0,6
driver,personal_mean,5,"2,4,9",norris,Lando Norris,high,9,10.66666667,0,1.666666667
driver,personal_mean,5,"2,4,9",ocon,Esteban Ocon,middle,3,8,0,5
driver,personal_mean,5,"2,4,9",perez,Sergio Perez,low,5,3.333333333,0,-1.666666667
driver,personal_mean,5,"2,4,9",piastri,Oscar Piastri,high,6,8,0,2
driver,personal_mean,5,"2,4,9",russell,George Russell,high,9,12,0,3
driver,personal_mean,5,"2,4,9",stroll,Lance Stroll,low,3,6,0,3
driver,personal_mean,9,"2,4,5",albon,Alexander Albon,low,7,8,0,1
driver,personal_mean,9,"2,4,5",alonso,Fernando Alonso,low,3,2.333333333,0,-0.6666666667
driver,personal_mean,9,"2,4,5",antonelli,Kimi Antonelli,high,16,8,0,-8
driver,personal_mean,9,"2,4,5",arvid_lindblad,Arvid Lindblad,middle,4,-4,0,-8
driver,personal_mean,9,"2,4,5",bearman,Oliver Bearman,low,6,3.333333333,0,-2.666666667
driver,personal_mean,9,"2,4,5",bortoleto,Gabriel Bortoleto,middle,3,-0.6666666667,0,-3.666666667
driver,personal_mean,9,"2,4,5",bottas,Valtteri Bottas,low,2,-0.3333333333,0,-2.333333333
driver,personal_mean,9,"2,4,5",colapinto,Franco Colapinto,middle,7,5,0,-2
driver,personal_mean,9,"2,4,5",gasly,Pierre Gasly,middle,5,4,0,-1
driver,personal_mean,9,"2,4,5",hadjar,Isack Hadjar,high,3,-1.333333333,0,-4.333333333
driver,personal_mean,9,"2,4,5",hamilton,Lewis Hamilton,high,6,7.333333333,0,1.333333333
driver,personal_mean,9,"2,4,5",hulkenberg,Nico Hulkenberg,low,3,-4.666666667,0,-7.666666667
driver,personal_mean,9,"2,4,5",lawson,Liam Lawson,middle,6,9.666666667,0,3.666666667
driver,personal_mean,9,"2,4,5",leclerc,Charles Leclerc,high,8,11.66666667,0,3.666666667
driver,personal_mean,9,"2,4,5",max_verstappen,Max Verstappen,high,3,7.666666667,0,4.666666667
driver,personal_mean,9,"2,4,5",norris,Lando Norris,high,14,9,0,-5
driver,personal_mean,9,"2,4,5",ocon,Esteban Ocon,middle,6,7,0,1
driver,personal_mean,9,"2,4,5",perez,Sergio Perez,low,-3,6,0,9
driver,personal_mean,9,"2,4,5",piastri,Oscar Piastri,high,8,7.333333333,0,-0.6666666667
driver,personal_mean,9,"2,4,5",russell,George Russell,high,14,10.33333333,0,-3.666666667
driver,personal_mean,9,"2,4,5",stroll,Lance Stroll,low,3,6,0,3
driver,shrunk_personal_mean,2,"4,5,9",albon,Alexander Albon,low,13,3.498897696,0,-9.501102304
driver,shrunk_personal_mean,2,"4,5,9",alonso,Fernando Alonso,low,6,2.214829798,0,-3.785170202
driver,shrunk_personal_mean,2,"4,5,9",antonelli,Kimi Antonelli,high,11,8.957014695,0,-2.042985305
driver,shrunk_personal_mean,2,"4,5,9",arvid_lindblad,Arvid Lindblad,middle,-4,2.159994861,0,6.159994861
driver,shrunk_personal_mean,2,"4,5,9",bearman,Oliver Bearman,low,5,3.560927011,0,-1.439072989
driver,shrunk_personal_mean,2,"4,5,9",bortoleto,Gabriel Bortoleto,middle,6,1.970653508,0,-4.029346492
driver,shrunk_personal_mean,2,"4,5,9",bottas,Valtteri Bottas,low,-8,2.167564896,0,10.1675649
driver,shrunk_personal_mean,2,"4,5,9",colapinto,Franco Colapinto,middle,9,4.375507708,0,-4.624492292
driver,shrunk_personal_mean,2,"4,5,9",hadjar,Isack Hadjar,high,3,2.853704253,0,-0.146295747
driver,shrunk_personal_mean,2,"4,5,9",hamilton,Lewis Hamilton,high,15,6.497015984,0,-8.502984016
driver,shrunk_personal_mean,2,"4,5,9",hulkenberg,Nico Hulkenberg,low,-3,0.7710432864,0,3.771043286
driver,shrunk_personal_mean,2,"4,5,9",lawson,Liam Lawson,middle,14,5.040185678,0,-8.959814322
driver,shrunk_personal_mean,2,"4,5,9",leclerc,Charles Leclerc,high,21,6.939986607,0,-14.06001339
driver,shrunk_personal_mean,2,"4,5,9",max_verstappen,Max Verstappen,high,15,5.548870344,0,-9.451129656
driver,shrunk_personal_mean,2,"4,5,9",norris,Lando Norris,high,5,7.600751439,0,2.600751439
driver,shrunk_personal_mean,2,"4,5,9",ocon,Esteban Ocon,middle,9,4.720654536,0,-4.279345464
driver,shrunk_personal_mean,2,"4,5,9",perez,Sergio Perez,low,9,2.376081202,0,-6.623918798
driver,shrunk_personal_mean,2,"4,5,9",piastri,Oscar Piastri,high,7,5.636299686,0,-1.363700314
driver,shrunk_personal_mean,2,"4,5,9",russell,George Russell,high,12,7.986318948,0,-4.013681052
driver,shrunk_personal_mean,2,"4,5,9",sainz,Carlos Sainz,middle,12,3.635892044,0,-8.364107956
driver,shrunk_personal_mean,2,"4,5,9",stroll,Lance Stroll,low,5,2.498982699,0,-2.501017301
driver,shrunk_personal_mean,4,"2,5,9",albon,Alexander Albon,low,5,4.859608538,0,-0.1403914624
driver,shrunk_personal_mean,4,"2,5,9",alonso,Fernando Alonso,low,10,2.136615514,0,-7.863384486
driver,shrunk_personal_mean,4,"2,5,9",antonelli,Kimi Antonelli,high,1,12.31600579,0,11.31600579
driver,shrunk_personal_mean,4,"2,5,9",arvid_lindblad,Arvid Lindblad,middle,-10,3.475048515,0,13.47504851
driver,shrunk_personal_mean,4,"2,5,9",bearman,Oliver Bearman,low,3,4.475596107,0,1.475596107
driver,shrunk_personal_mean,4,"2,5,9",bortoleto,Gabriel Bortoleto,middle,-10,4.402142506,0,14.40214251
driver,shrunk_personal_mean,4,"2,5,9",bottas,Valtteri Bottas,low,1,1.331628623,0,0.3316286233
driver,shrunk_personal_mean,4,"2,5,9",colapinto,Franco Colapinto,middle,-2,6.584438151,0,8.584438151
driver,shrunk_personal_mean,4,"2,5,9",gasly,Pierre Gasly,middle,5,5.369348361,0,0.3693483614
driver,shrunk_personal_mean,4,"2,5,9",hadjar,Isack Hadjar,high,3,3.743429751,0,0.7434297512
driver,shrunk_personal_mean,4,"2,5,9",hamilton,Lewis Hamilton,high,4,9.529827684,0,5.529827684
driver,shrunk_personal_mean,4,"2,5,9",hulkenberg,Nico Hulkenberg,low,-10,1.790831246,0,11.79083125
driver,shrunk_personal_mean,4,"2,5,9",lawson,Liam Lawson,middle,4,7.13477098,0,3.13477098
driver,shrunk_personal_mean,4,"2,5,9",leclerc,Charles Leclerc,high,8,10.08763249,0,2.087632487
driver,shrunk_personal_mean,4,"2,5,9",max_verstappen,Max Verstappen,high,6,8.046067252,0,2.046067252
driver,shrunk_personal_mean,4,"2,5,9",norris,Lando Norris,high,13,8.124260169,0,-4.875739831
driver,shrunk_personal_mean,4,"2,5,9",ocon,Esteban Ocon,middle,9,5.629526809,0,-3.370473191
driver,shrunk_personal_mean,4,"2,5,9",perez,Sergio Perez,low,4,3.338409829,0,-0.6615901711
driver,shrunk_personal_mean,4,"2,5,9",piastri,Oscar Piastri,high,9,6.508757187,0,-2.491242813
driver,shrunk_personal_mean,4,"2,5,9",russell,George Russell,high,10,9.913697819,0,-0.08630218071
driver,shrunk_personal_mean,4,"2,5,9",sainz,Carlos Sainz,middle,4,5.756842699,0,1.756842699
driver,shrunk_personal_mean,4,"2,5,9",stroll,Lance Stroll,low,10,2.030306132,0,-7.969693868
driver,shrunk_personal_mean,5,"2,4,9",albon,Alexander Albon,low,6,4.804568975,0,-1.195431025
driver,shrunk_personal_mean,5,"2,4,9",alonso,Fernando Alonso,low,-9,4.38301113,0,13.38301113
driver,shrunk_personal_mean,5,"2,4,9",antonelli,Kimi Antonelli,high,12,10.71407818,0,-1.285921821
driver,shrunk_personal_mean,5,"2,4,9",arvid_lindblad,Arvid Lindblad,middle,2,2.081153648,0,0.08115364818
driver,shrunk_personal_mean,5,"2,4,9",bearman,Oliver Bearman,low,2,4.587249526,0,2.587249526
driver,shrunk_personal_mean,5,"2,4,9",bortoleto,Gabriel Bortoleto,middle,2,3.009179251,0,1.009179251
driver,shrunk_personal_mean,5,"2,4,9",bottas,Valtteri Bottas,low,6,0.868885132,0,-5.131114868
driver,shrunk_personal_mean,5,"2,4,9",colapinto,Franco Colapinto,middle,8,5.368136859,0,-2.631863141
driver,shrunk_personal_mean,5,"2,4,9",gasly,Pierre Gasly,middle,3,5.562730616,0,2.562730616
driver,shrunk_personal_mean,5,"2,4,9",hadjar,Isack Hadjar,high,-10,5.167819166,0,15.16781917
driver,shrunk_personal_mean,5,"2,4,9",hamilton,Lewis Hamilton,high,3,9.387745923,0,6.387745923
driver,shrunk_personal_mean,5,"2,4,9",hulkenberg,Nico Hulkenberg,low,-1,0.8311962987,0,1.831196299
driver,shrunk_personal_mean,5,"2,4,9",lawson,Liam Lawson,middle,11,6.275475385,0,-4.724524615
driver,shrunk_personal_mean,5,"2,4,9",leclerc,Charles Leclerc,high,6,10.09914568,0,4.099145677
driver,shrunk_personal_mean,5,"2,4,9",max_verstappen,Max Verstappen,high,2,8.318416429,0,6.318416429
driver,shrunk_personal_mean,5,"2,4,9",norris,Lando Norris,high,9,8.445920571,0,-0.5540794294
driver,shrunk_personal_mean,5,"2,4,9",ocon,Esteban Ocon,middle,3,6.275475385,0,3.275475385
driver,shrunk_personal_mean,5,"2,4,9",perez,Sergio Perez,low,5,3.280260307,0,-1.719739693
driver,shrunk_personal_mean,5,"2,4,9",piastri,Oscar Piastri,high,6,6.772770245,0,0.7727702445
driver,shrunk_personal_mean,5,"2,4,9",russell,George Russell,high,9,9.821455838,0,0.821455838
driver,shrunk_personal_mean,5,"2,4,9",stroll,Lance Stroll,low,3,2.977671596,0,-0.02232840366
driver,shrunk_personal_mean,9,"2,4,5",albon,Alexander Albon,low,7,4.510476054,0,-2.489523946
driver,shrunk_personal_mean,9,"2,4,5",alonso,Fernando Alonso,low,3,2.754645408,0,-0.2453545923
driver,shrunk_personal_mean,9,"2,4,5",antonelli,Kimi Antonelli,high,16,9.211297962,0,-6.788702038
driver,shrunk_personal_mean,9,"2,4,5",arvid_lindblad,Arvid Lindblad,middle,4,1.412744256,0,-2.587255744
driver,shrunk_personal_mean,9,"2,4,5",bearman,Oliver Bearman,low,6,3.763142336,0,-2.236857664
driver,shrunk_personal_mean,9,"2,4,5",bortoleto,Gabriel Bortoleto,middle,3,2.488332701,0,-0.5116672992
driver,shrunk_personal_mean,9,"2,4,5",bottas,Valtteri Bottas,low,2,1.185644973,0,-0.8143550272
driver,shrunk_personal_mean,9,"2,4,5",colapinto,Franco Colapinto,middle,7,5.006059844,0,-1.993940156
driver,shrunk_personal_mean,9,"2,4,5",gasly,Pierre Gasly,middle,5,4.75691022,0,-0.2430897796
driver,shrunk_personal_mean,9,"2,4,5",hadjar,Isack Hadjar,high,3,3.106645756,0,0.1066457559
driver,shrunk_personal_mean,9,"2,4,5",hamilton,Lewis Hamilton,high,6,8.149123958,0,2.149123958
driver,shrunk_personal_mean,9,"2,4,5",hulkenberg,Nico Hulkenberg,low,3,0.1234774062,0,-2.876522594
driver,shrunk_personal_mean,9,"2,4,5",lawson,Liam Lawson,middle,6,6.433536635,0,0.4335366355
driver,shrunk_personal_mean,9,"2,4,5",leclerc,Charles Leclerc,high,8,9.10001603,0,1.10001603
driver,shrunk_personal_mean,9,"2,4,5",max_verstappen,Max Verstappen,high,3,7.459586914,0,4.459586914
driver,shrunk_personal_mean,9,"2,4,5",norris,Lando Norris,high,14,7.256233252,0,-6.743766748
driver,shrunk_personal_mean,9,"2,4,5",ocon,Esteban Ocon,middle,6,5.500396169,0,-0.4996038312
driver,shrunk_personal_mean,9,"2,4,5",perez,Sergio Perez,low,-3,3.980940338,0,6.980940338
driver,shrunk_personal_mean,9,"2,4,5",piastri,Oscar Piastri,high,8,6.037160492,0,-1.962839508
driver,shrunk_personal_mean,9,"2,4,5",russell,George Russell,high,14,8.496054625,0,-5.503945375
driver,shrunk_personal_mean,9,"2,4,5",stroll,Lance Stroll,low,3,2.94766789,0,-0.05233211048
driver,partial_asset,2,"4,5,9",albon,Alexander Albon,low,13,5.083430297,0,-7.916569703
driver,partial_asset,2,"4,5,9",alonso,Fernando Alonso,low,6,1.659403943,0,-4.340596057
driver,partial_asset,2,"4,5,9",antonelli,Kimi Antonelli,high,11,9.406084772,0,-1.593915228
driver,partial_asset,2,"4,5,9",arvid_lindblad,Arvid Lindblad,middle,-4,-0.04809751905,0,3.951902481
driver,partial_asset,2,"4,5,9",bearman,Oliver Bearman,low,5,3.629727517,0,-1.370272483
driver,partial_asset,2,"4,5,9",bortoleto,Gabriel Bortoleto,middle,6,-0.3284869775,0,-6.328486978
driver,partial_asset,2,"4,5,9",bottas,Valtteri Bottas,low,-8,2.696677734,0,10.69667773
driver,partial_asset,2,"4,5,9",colapinto,Franco Colapinto,middle,9,4.350430959,0,-4.649569041
driver,partial_asset,2,"4,5,9",hadjar,Isack Hadjar,high,3,0.2064141955,0,-2.793585805
driver,partial_asset,2,"4,5,9",hamilton,Lewis Hamilton,high,15,5.128780964,0,-9.871219036
driver,partial_asset,2,"4,5,9",hulkenberg,Nico Hulkenberg,low,-3,-1.401374974,0,1.598625026
driver,partial_asset,2,"4,5,9",lawson,Liam Lawson,middle,14,6.281674809,0,-7.718325191
driver,partial_asset,2,"4,5,9",leclerc,Charles Leclerc,high,21,7.189606585,0,-13.81039342
driver,partial_asset,2,"4,5,9",max_verstappen,Max Verstappen,high,15,4.35907452,0,-10.64092548
driver,partial_asset,2,"4,5,9",norris,Lando Norris,high,5,10.38495226,0,5.384952264
driver,partial_asset,2,"4,5,9",ocon,Esteban Ocon,middle,9,5.531674809,0,-3.468325191
driver,partial_asset,2,"4,5,9",perez,Sergio Perez,low,9,2.140410532,0,-6.859589468
driver,partial_asset,2,"4,5,9",piastri,Oscar Piastri,high,7,6.922226055,0,-0.07777394527
driver,partial_asset,2,"4,5,9",russell,George Russell,high,12,9.893642529,0,-2.106357471
driver,partial_asset,2,"4,5,9",sainz,Carlos Sainz,middle,12,3.793221099,0,-8.206778901
driver,partial_asset,2,"4,5,9",stroll,Lance Stroll,low,5,4.294730442,0,-0.7052695581
driver,partial_asset,4,"2,5,9",albon,Alexander Albon,low,5,7.244350332,0,2.244350332
driver,partial_asset,4,"2,5,9",alonso,Fernando Alonso,low,10,0.8526152286,0,-9.147384771
driver,partial_asset,4,"2,5,9",antonelli,Kimi Antonelli,high,1,12.73543369,0,11.73543369
driver,partial_asset,4,"2,5,9",arvid_lindblad,Arvid Lindblad,middle,-10,1.769435079,0,11.76943508
driver,partial_asset,4,"2,5,9",bearman,Oliver Bearman,low,3,4.416583428,0,1.416583428
driver,partial_asset,4,"2,5,9",bortoleto,Gabriel Bortoleto,middle,-10,3.976129121,0,13.97612912
driver,partial_asset,4,"2,5,9",bottas,Valtteri Bottas,low,1,0.549473519,0,-0.450526481
driver,partial_asset,4,"2,5,9",colapinto,Franco Colapinto,middle,-2,7.481092952,0,9.481092952
driver,partial_asset,4,"2,5,9",gasly,Pierre Gasly,middle,5,4.649396695,0,-0.3506033054
driver,partial_asset,4,"2,5,9",hadjar,Isack Hadjar,high,3,0.632122482,0,-2.367877518
driver,partial_asset,4,"2,5,9",hamilton,Lewis Hamilton,high,4,8.590266814,0,4.590266814
driver,partial_asset,4,"2,5,9",hulkenberg,Nico Hulkenberg,low,-10,0.5160033116,0,10.51600331
driver,partial_asset,4,"2,5,9",lawson,Liam Lawson,middle,4,9.133113221,0,5.133113221
driver,partial_asset,4,"2,5,9",leclerc,Charles Leclerc,high,8,11.07068722,0,3.070687223
driver,partial_asset,4,"2,5,9",max_verstappen,Max Verstappen,high,6,7.205926432,0,1.205926432
driver,partial_asset,4,"2,5,9",norris,Lando Norris,high,13,8.886544988,0,-4.113455012
driver,partial_asset,4,"2,5,9",ocon,Esteban Ocon,middle,9,5.883113221,0,-3.116886779
driver,partial_asset,4,"2,5,9",perez,Sergio Perez,low,4,3.575549005,0,-0.4244509955
driver,partial_asset,4,"2,5,9",piastri,Oscar Piastri,high,9,6.833403279,0,-2.166596721
driver,partial_asset,4,"2,5,9",russell,George Russell,high,10,11.00518696,0,1.00518696
driver,partial_asset,4,"2,5,9",sainz,Carlos Sainz,middle,4,8.381284588,0,4.381284588
driver,partial_asset,4,"2,5,9",stroll,Lance Stroll,low,10,3.082943726,0,-6.917056274
driver,partial_asset,5,"2,4,9",albon,Alexander Albon,low,6,6.996486736,0,0.9964867363
driver,partial_asset,5,"2,4,9",alonso,Fernando Alonso,low,-9,5.598548037,0,14.59854804
driver,partial_asset,5,"2,4,9",antonelli,Kimi Antonelli,high,12,9.859155665,0,-2.140844335
driver,partial_asset,5,"2,4,9",arvid_lindblad,Arvid Lindblad,middle,2,-1.258515954,0,-3.258515954
driver,partial_asset,5,"2,4,9",bearman,Oliver Bearman,low,2,4.64452581,0,2.64452581
driver,partial_asset,5,"2,4,9",bortoleto,Gabriel Bortoleto,middle,2,0.9506595253,0,-1.049340475
driver,partial_asset,5,"2,4,9",bottas,Valtteri Bottas,low,6,-0.6872236053,0,-6.687223605
driver,partial_asset,5,"2,4,9",colapinto,Franco Colapinto,middle,8,4.941013889,0,-3.058986111
driver,partial_asset,5,"2,4,9",gasly,Pierre Gasly,middle,3,5.262169681,0,2.262169681
driver,partial_asset,5,"2,4,9",hadjar,Isack Hadjar,high,-10,3.833389404,0,13.8333894
driver,partial_asset,5,"2,4,9",hamilton,Lewis Hamilton,high,3,8.736631916,0,5.736631916
driver,partial_asset,5,"2,4,9",hulkenberg,Nico Hulkenberg,low,-1,-1.733101004,0,-0.7331010035
driver,partial_asset,5,"2,4,9",lawson,Liam Lawson,middle,11,7.348648412,0,-3.651351588
driver,partial_asset,5,"2,4,9",leclerc,Charles Leclerc,high,6,11.48249928,0,5.482499277
driver,partial_asset,5,"2,4,9",max_verstappen,Max Verstappen,high,2,8.124314298,0,6.124314298
driver,partial_asset,5,"2,4,9",norris,Lando Norris,high,9,9.823233461,0,0.8232334607
driver,partial_asset,5,"2,4,9",ocon,Esteban Ocon,middle,3,7.348648412,0,4.348648412
driver,partial_asset,5,"2,4,9",perez,Sergio Perez,low,5,3.323032712,0,-1.676967288
driver,partial_asset,5,"2,4,9",piastri,Oscar Piastri,high,6,7.537461818,0,1.537461818
driver,partial_asset,5,"2,4,9",russell,George Russell,high,9,11.17075219,0,2.17075219
driver,partial_asset,5,"2,4,9",stroll,Lance Stroll,low,3,4.858653793,0,1.858653793
driver,partial_asset,9,"2,4,5",albon,Alexander Albon,low,7,6.669810629,0,-0.3301893707
driver,partial_asset,9,"2,4,5",alonso,Fernando Alonso,low,3,2.506481285,0,-0.4935187153
driver,partial_asset,9,"2,4,5",antonelli,Kimi Antonelli,high,16,8.463893196,0,-7.536106804
driver,partial_asset,9,"2,4,5",arvid_lindblad,Arvid Lindblad,middle,4,-1.909836692,0,-5.909836692
driver,partial_asset,9,"2,4,5",bearman,Oliver Bearman,low,6,3.507826185,0,-2.492173815
driver,partial_asset,9,"2,4,5",bortoleto,Gabriel Bortoleto,middle,3,0.5554950458,0,-2.444504954
driver,partial_asset,9,"2,4,5",bottas,Valtteri Bottas,low,2,0.2638034496,0,-1.73619655
driver,partial_asset,9,"2,4,5",colapinto,Franco Colapinto,middle,7,5.009604439,0,-1.990395561
driver,partial_asset,9,"2,4,5",gasly,Pierre Gasly,middle,5,4.3524951,0,-0.6475048996
driver,partial_asset,9,"2,4,5",hadjar,Isack Hadjar,high,3,0.3805100035,0,-2.619489997
driver,partial_asset,9,"2,4,5",hamilton,Lewis Hamilton,high,6,7.647545304,0,1.647545304
driver,partial_asset,9,"2,4,5",hulkenberg,Nico Hulkenberg,low,3,-2.81285524,0,-5.81285524
driver,partial_asset,9,"2,4,5",lawson,Liam Lawson,middle,6,8.431167496,0,2.431167496
driver,partial_asset,9,"2,4,5",leclerc,Charles Leclerc,high,8,10.68173537,0,2.681735372
driver,partial_asset,9,"2,4,5",max_verstappen,Max Verstappen,high,3,7.589864477,0,4.589864477
driver,partial_asset,9,"2,4,5",norris,Lando Norris,high,14,8.334186044,0,-5.665813956
driver,partial_asset,9,"2,4,5",ocon,Esteban Ocon,middle,6,6.431167496,0,0.4311674961
driver,partial_asset,9,"2,4,5",perez,Sergio Perez,low,-3,5.234813621,0,8.234813621
driver,partial_asset,9,"2,4,5",piastri,Oscar Piastri,high,8,6.841508209,0,-1.158491791
driver,partial_asset,9,"2,4,5",russell,George Russell,high,14,9.629299625,0,-4.370700375
driver,partial_asset,9,"2,4,5",stroll,Lance Stroll,low,3,4.840462139,0,1.840462139
driver,partial_asset,2,"4,5,9",albon,Alexander Albon,low,13,3.901825366,0,-9.098174634
driver,partial_asset,2,"4,5,9",alonso,Fernando Alonso,low,6,2.075622788,0,-3.924377212
driver,partial_asset,2,"4,5,9",antonelli,Kimi Antonelli,high,11,9.070860572,0,-1.929139428
driver,partial_asset,2,"4,5,9",arvid_lindblad,Arvid Lindblad,middle,-4,1.60188572,0,5.60188572
driver,partial_asset,2,"4,5,9",bearman,Oliver Bearman,low,5,3.579635312,0,-1.420364688
driver,partial_asset,2,"4,5,9",bortoleto,Gabriel Bortoleto,middle,6,1.389509608,0,-4.610490392
driver,partial_asset,2,"4,5,9",bottas,Valtteri Bottas,low,-8,2.303275721,0,10.30327572
driver,partial_asset,2,"4,5,9",colapinto,Franco Colapinto,middle,9,4.370231108,0,-4.629768892
driver,partial_asset,2,"4,5,9",hadjar,Isack Hadjar,high,3,2.184107083,0,-0.8158929166
driver,partial_asset,2,"4,5,9",hamilton,Lewis Hamilton,high,15,6.150785696,0,-8.849214304
driver,partial_asset,2,"4,5,9",hulkenberg,Nico Hulkenberg,low,-3,0.2222991364,0,3.222299136
driver,partial_asset,2,"4,5,9",lawson,Liam Lawson,middle,14,5.355801584,0,-8.644198416
driver,partial_asset,2,"4,5,9",leclerc,Charles Leclerc,high,21,7.003744401,0,-13.9962556
driver,partial_asset,2,"4,5,9",max_verstappen,Max Verstappen,high,15,5.248090563,0,-9.751909437
driver,partial_asset,2,"4,5,9",norris,Lando Norris,high,5,8.306816739,0,3.306816739
driver,partial_asset,2,"4,5,9",ocon,Esteban Ocon,middle,9,4.927230156,0,-4.072769844
driver,partial_asset,2,"4,5,9",perez,Sergio Perez,low,9,2.317887718,0,-6.682112282
driver,partial_asset,2,"4,5,9",piastri,Oscar Piastri,high,7,5.963041101,0,-1.036958899
driver,partial_asset,2,"4,5,9",russell,George Russell,high,12,8.470025532,0,-3.529974468
driver,partial_asset,2,"4,5,9",sainz,Carlos Sainz,middle,12,3.665559746,0,-8.334440254
driver,partial_asset,2,"4,5,9",stroll,Lance Stroll,low,5,2.955680877,0,-2.044319123
driver,partial_asset,4,"2,5,9",albon,Alexander Albon,low,5,5.365638291,0,0.3656382905
driver,partial_asset,4,"2,5,9",alonso,Fernando Alonso,low,10,1.90135049,0,-8.09864951
driver,partial_asset,4,"2,5,9",antonelli,Kimi Antonelli,high,1,12.39773796,0,11.39773796
driver,partial_asset,4,"2,5,9",arvid_lindblad,Arvid Lindblad,middle,-10,3.149556744,0,13.14955674
driver,partial_asset,4,"2,5,9",bearman,Oliver Bearman,low,3,4.483487297,0,1.483487297
driver,partial_asset,4,"2,5,9",bortoleto,Gabriel Bortoleto,middle,-10,4.335271864,0,14.33527186
driver,partial_asset,4,"2,5,9",bottas,Valtteri Bottas,low,1,1.201356331,0,0.2013563315
driver,partial_asset,4,"2,5,9",colapinto,Franco Colapinto,middle,-2,6.781159808,0,8.781159808
driver,partial_asset,4,"2,5,9",gasly,Pierre Gasly,middle,5,5.260727975,0,0.2607279754
driver,partial_asset,4,"2,5,9",hadjar,Isack Hadjar,high,3,3.129906898,0,0.1299068976
driver,partial_asset,4,"2,5,9",hamilton,Lewis Hamilton,high,4,9.342388434,0,5.342388434
driver,partial_asset,4,"2,5,9",hulkenberg,Nico Hulkenberg,low,-10,1.558495016,0,11.55849502
driver,partial_asset,4,"2,5,9",lawson,Liam Lawson,middle,4,7.554911696,0,3.554911696
driver,partial_asset,4,"2,5,9",leclerc,Charles Leclerc,high,8,10.2913222,0,2.291322201
driver,partial_asset,4,"2,5,9",max_verstappen,Max Verstappen,high,6,7.883467269,0,1.883467269
driver,partial_asset,4,"2,5,9",norris,Lando Norris,high,13,8.288830566,0,-4.711169434
driver,partial_asset,4,"2,5,9",ocon,Esteban Ocon,middle,9,5.697768839,0,-3.302231161
driver,partial_asset,4,"2,5,9",perez,Sergio Perez,low,4,3.410279583,0,-0.589720417
driver,partial_asset,4,"2,5,9",piastri,Oscar Piastri,high,9,6.588836408,0,-2.411163592
driver,partial_asset,4,"2,5,9",russell,George Russell,high,10,10.14007346,0,0.1400734627
driver,partial_asset,4,"2,5,9",sainz,Carlos Sainz,middle,4,6.154659345,0,2.154659345
driver,partial_asset,4,"2,5,9",stroll,Lance Stroll,low,10,2.272789075,0,-7.727210925
driver,partial_asset,5,"2,4,9",albon,Alexander Albon,low,6,5.265918404,0,-0.7340815963
driver,partial_asset,5,"2,4,9",alonso,Fernando Alonso,low,-9,4.642702379,0,13.64270238
driver,partial_asset,5,"2,4,9",antonelli,Kimi Antonelli,high,12,10.53677526,0,-1.463224741
driver,partial_asset,5,"2,4,9",arvid_lindblad,Arvid Lindblad,middle,2,1.40046354,0,-0.5995364601
driver,partial_asset,5,"2,4,9",bearman,Oliver Bearman,low,2,4.606804478,0,2.606804478
driver,partial_asset,5,"2,4,9",bortoleto,Gabriel Bortoleto,middle,2,2.592607093,0,0.5926070927
driver,partial_asset,5,"2,4,9",bottas,Valtteri Bottas,low,6,0.55913582,0,-5.44086418
driver,partial_asset,5,"2,4,9",colapinto,Franco Colapinto,middle,8,5.286361925,0,-2.713638075
driver,partial_asset,5,"2,4,9",gasly,Pierre Gasly,middle,3,5.515765885,0,2.515765885
driver,partial_asset,5,"2,4,9",hadjar,Isack Hadjar,high,-10,4.898404142,0,14.89840414
driver,partial_asset,5,"2,4,9",hamilton,Lewis Hamilton,high,3,9.254370893,0,6.254370893
driver,partial_asset,5,"2,4,9",hulkenberg,Nico Hulkenberg,low,-1,0.3127037701,0,1.31270377
driver,partial_asset,5,"2,4,9",lawson,Liam Lawson,middle,11,6.503229571,0,-4.496770429
driver,partial_asset,5,"2,4,9",leclerc,Charles Leclerc,high,6,10.38617879,0,4.386178795
driver,partial_asset,5,"2,4,9",max_verstappen,Max Verstappen,high,2,8.281073496,0,6.281073496
driver,partial_asset,5,"2,4,9",norris,Lando Norris,high,9,8.733846483,0,-0.2661535165
driver,partial_asset,5,"2,4,9",ocon,Esteban Ocon,middle,3,6.503229571,0,3.503229571
driver,partial_asset,5,"2,4,9",perez,Sergio Perez,low,5,3.298506385,0,-1.701493615
driver,partial_asset,5,"2,4,9",piastri,Oscar Piastri,high,6,6.93599421,0,0.9359942105
driver,partial_asset,5,"2,4,9",russell,George Russell,high,9,10.10179592,0,1.101795919
driver,partial_asset,5,"2,4,9",stroll,Lance Stroll,low,3,3.376996441,0,0.3769964413
driver,partial_asset,9,"2,4,5",albon,Alexander Albon,low,7,4.946214589,0,-2.053785411
driver,partial_asset,9,"2,4,5",alonso,Fernando Alonso,low,3,2.716502086,0,-0.283497914
driver,partial_asset,9,"2,4,5",antonelli,Kimi Antonelli,high,16,9.062594345,0,-6.937405655
driver,partial_asset,9,"2,4,5",arvid_lindblad,Arvid Lindblad,middle,4,0.7678232345,0,-3.232176766
driver,partial_asset,9,"2,4,5",bearman,Oliver Bearman,low,6,3.721764398,0,-2.278235602
driver,partial_asset,9,"2,4,5",bortoleto,Gabriel Bortoleto,middle,3,2.116851093,0,-0.8831489071
driver,partial_asset,9,"2,4,5",bottas,Valtteri Bottas,low,2,1.016839952,0,-0.9831600479
driver,partial_asset,9,"2,4,5",colapinto,Franco Colapinto,middle,7,5.013735291,0,-1.986264709
driver,partial_asset,9,"2,4,5",gasly,Pierre Gasly,middle,5,4.695451287,0,-0.3045487131
driver,partial_asset,9,"2,4,5",hadjar,Isack Hadjar,high,3,2.576857777,0,-0.4231422226
driver,partial_asset,9,"2,4,5",hamilton,Lewis Hamilton,high,6,8.051044981,0,2.051044981
driver,partial_asset,9,"2,4,5",hulkenberg,Nico Hulkenberg,low,3,-0.4425850543,0,-3.442585054
driver,partial_asset,9,"2,4,5",lawson,Liam Lawson,middle,6,6.833767963,0,0.8337679633
driver,partial_asset,9,"2,4,5",leclerc,Charles Leclerc,high,8,9.413029114,0,1.413029114
driver,partial_asset,9,"2,4,5",max_verstappen,Max Verstappen,high,3,7.487952939,0,4.487952939
driver,partial_asset,9,"2,4,5",norris,Lando Norris,high,14,7.472747681,0,-6.527252319
driver,partial_asset,9,"2,4,5",ocon,Esteban Ocon,middle,6,5.69091082,0,-0.3090891796
driver,partial_asset,9,"2,4,5",perez,Sergio Perez,low,-3,4.238215926,0,7.238215926
driver,partial_asset,9,"2,4,5",piastri,Oscar Piastri,high,8,6.201656975,0,-1.798343025
driver,partial_asset,9,"2,4,5",russell,George Russell,high,14,8.721290893,0,-5.278709107
driver,partial_asset,9,"2,4,5",stroll,Lance Stroll,low,3,3.333407816,0,0.3334078156
driver,partial_asset,2,"4,5,9",albon,Alexander Albon,low,13,2.905727817,0,-10.09427218
driver,partial_asset,2,"4,5,9",alonso,Fernando Alonso,low,6,2.425109254,0,-3.574890746
driver,partial_asset,2,"4,5,9",antonelli,Kimi Antonelli,high,11,8.788502516,0,-2.211497484
driver,partial_asset,2,"4,5,9",arvid_lindblad,Arvid Lindblad,middle,-4,2.990517261,0,6.990517261
driver,partial_asset,2,"4,5,9",bearman,Oliver Bearman,low,5,3.53657858,0,-1.46342142
driver,partial_asset,2,"4,5,9",bortoleto,Gabriel Bortoleto,middle,6,2.835396265,0,-3.164603735
driver,partial_asset,2,"4,5,9",bottas,Valtteri Bottas,low,-8,1.97084123,0,9.97084123
driver,partial_asset,2,"4,5,9",colapinto,Franco Colapinto,middle,9,4.386171129,0,-4.613828871
driver,partial_asset,2,"4,5,9",hadjar,Isack Hadjar,high,3,3.848866129,0,0.8488661288
driver,partial_asset,2,"4,5,9",hamilton,Lewis Hamilton,high,15,7.011181322,0,-7.988818678
driver,partial_asset,2,"4,5,9",hulkenberg,Nico Hulkenberg,low,-3,1.588551473,0,4.588551473
driver,partial_asset,2,"4,5,9",lawson,Liam Lawson,middle,14,4.575341455,0,-9.424658545
driver,partial_asset,2,"4,5,9",leclerc,Charles Leclerc,high,21,6.846868912,0,-14.15313109
driver,partial_asset,2,"4,5,9",max_verstappen,Max Verstappen,high,15,5.996324588,0,-9.003675412
driver,partial_asset,2,"4,5,9",norris,Lando Norris,high,5,6.556254612,0,1.556254612
driver,partial_asset,2,"4,5,9",ocon,Esteban Ocon,middle,9,4.417446718,0,-4.582553282
driver,partial_asset,2,"4,5,9",perez,Sergio Perez,low,9,2.466316527,0,-6.533683473
driver,partial_asset,2,"4,5,9",piastri,Oscar Piastri,high,7,5.154618166,0,-1.845381834
driver,partial_asset,2,"4,5,9",russell,George Russell,high,12,7.270801037,0,-4.729198963
driver,partial_asset,2,"4,5,9",sainz,Carlos Sainz,middle,12,3.604519162,0,-8.395480838
driver,partial_asset,2,"4,5,9",stroll,Lance Stroll,low,5,1.826815198,0,-3.173184802
driver,partial_asset,4,"2,5,9",albon,Alexander Albon,low,5,3.76816119,0,-1.23183881
driver,partial_asset,4,"2,5,9",alonso,Fernando Alonso,low,10,2.769947473,0,-7.230052527
driver,partial_asset,4,"2,5,9",antonelli,Kimi Antonelli,high,1,12.11566357,0,11.11566357
driver,partial_asset,4,"2,5,9",arvid_lindblad,Arvid Lindblad,middle,-10,4.300508873,0,14.30050887
driver,partial_asset,4,"2,5,9",bearman,Oliver Bearman,low,3,4.527759273,0,1.527759273
driver,partial_asset,4,"2,5,9",bortoleto,Gabriel Bortoleto,middle,-10,4.62611015,0,14.62611015
driver,partial_asset,4,"2,5,9",bottas,Valtteri Bottas,low,1,1.733366933,0,0.7333669327
driver,partial_asset,4,"2,5,9",colapinto,Franco Colapinto,middle,-2,6.182158952,0,8.182158952
driver,partial_asset,4,"2,5,9",gasly,Pierre Gasly,middle,5,5.65821593,0,0.6582159304
driver,partial_asset,4,"2,5,9",hadjar,Isack Hadjar,high,3,5.224913974,0,2.224913974
driver,partial_asset,4,"2,5,9",hamilton,Lewis Hamilton,high,4,9.974933106,0,5.974933106
driver,partial_asset,4,"2,5,9",hulkenberg,Nico Hulkenberg,low,-10,2.421150025,0,12.42115003
driver,partial_asset,4,"2,5,9",lawson,Liam Lawson,middle,4,6.215542365,0,2.215542365
driver,partial_asset,4,"2,5,9",leclerc,Charles Leclerc,high,8,9.632064209,0,1.632064209
driver,partial_asset,4,"2,5,9",max_verstappen,Max Verstappen,high,6,8.450170749,0,2.450170749
driver,partial_asset,4,"2,5,9",norris,Lando Norris,high,13,7.77911174,0,-5.22088826
driver,partial_asset,4,"2,5,9",ocon,Esteban Ocon,middle,9,5.531331839,0,-3.468668161
driver,partial_asset,4,"2,5,9",perez,Sergio Perez,low,4,3.256343007,0,-0.7436569927
driver,partial_asset,4,"2,5,9",piastri,Oscar Piastri,high,9,6.374110147,0,-2.625889853
driver,partial_asset,4,"2,5,9",russell,George Russell,high,10,9.408088771,0,-0.5919112293
driver,partial_asset,4,"2,5,9",sainz,Carlos Sainz,middle,4,5.093560225,0,1.093560225
driver,partial_asset,4,"2,5,9",stroll,Lance Stroll,low,10,1.57189963,0,-8.42810037
driver,partial_asset,5,"2,4,9",albon,Alexander Albon,low,6,3.801202734,0,-2.198797266
driver,partial_asset,5,"2,4,9",alonso,Fernando Alonso,low,-9,3.830784712,0,12.83078471
driver,partial_asset,5,"2,4,9",antonelli,Kimi Antonelli,high,12,11.10828652,0,-0.8917134804
driver,partial_asset,5,"2,4,9",arvid_lindblad,Arvid Lindblad,middle,2,3.634149011,0,1.634149011
driver,partial_asset,5,"2,4,9",bearman,Oliver Bearman,low,2,4.569204027,0,2.569204027
driver,partial_asset,5,"2,4,9",bortoleto,Gabriel Bortoleto,middle,2,3.969684641,0,1.969684641
driver,partial_asset,5,"2,4,9",bottas,Valtteri Bottas,low,6,1.600586752,0,-4.399413248
driver,partial_asset,5,"2,4,9",colapinto,Franco Colapinto,middle,8,5.572508094,0,-2.427491906
driver,partial_asset,5,"2,4,9",gasly,Pierre Gasly,middle,3,5.679920386,0,2.679920386
driver,partial_asset,5,"2,4,9",hadjar,Isack Hadjar,high,-10,5.791143374,0,15.79114337
driver,partial_asset,5,"2,4,9",hamilton,Lewis Hamilton,high,3,9.689785984,0,6.689785984
driver,partial_asset,5,"2,4,9",hulkenberg,Nico Hulkenberg,low,-1,2.028171761,0,3.028171761
driver,partial_asset,5,"2,4,9",lawson,Liam Lawson,middle,11,5.786262719,0,-5.213737281
driver,partial_asset,5,"2,4,9",leclerc,Charles Leclerc,high,6,9.461390017,0,3.461390017
driver,partial_asset,5,"2,4,9",max_verstappen,Max Verstappen,high,2,8.411085752,0,6.411085752
driver,partial_asset,5,"2,4,9",norris,Lando Norris,high,9,7.813292601,0,-1.186707399
driver,partial_asset,5,"2,4,9",ocon,Esteban Ocon,middle,3,5.786262719,0,2.786262719
driver,partial_asset,5,"2,4,9",perez,Sergio Perez,low,5,3.270757638,0,-1.729242362
driver,partial_asset,5,"2,4,9",piastri,Oscar Piastri,high,6,6.425199905,0,0.4251999049
driver,partial_asset,5,"2,4,9",russell,George Russell,high,9,9.19980871,0,0.1998087098
driver,partial_asset,5,"2,4,9",stroll,Lance Stroll,low,3,2.120370165,0,-0.8796298353
driver,partial_asset,9,"2,4,5",albon,Alexander Albon,low,7,3.486375384,0,-3.513624616
driver,partial_asset,9,"2,4,5",alonso,Fernando Alonso,low,3,2.885440318,0,-0.1145596819
driver,partial_asset,9,"2,4,5",antonelli,Kimi Antonelli,high,16,9.568072153,0,-6.431927847
driver,partial_asset,9,"2,4,5",arvid_lindblad,Arvid Lindblad,middle,4,3.016577157,0,-0.9834228433
driver,partial_asset,9,"2,4,5",bearman,Oliver Bearman,low,6,3.895360206,0,-2.104639794
driver,partial_asset,9,"2,4,5",bortoleto,Gabriel Bortoleto,middle,3,3.425372236,0,0.4253722357
driver,partial_asset,9,"2,4,5",bottas,Valtteri Bottas,low,2,1.641742713,0,-0.358257287
driver,partial_asset,9,"2,4,5",colapinto,Franco Colapinto,middle,7,5.012012261,0,-1.987987739
driver,partial_asset,9,"2,4,5",gasly,Pierre Gasly,middle,5,4.918625323,0,-0.08137467706
driver,partial_asset,9,"2,4,5",hadjar,Isack Hadjar,high,3,4.421865739,0,1.421865739
driver,partial_asset,9,"2,4,5",hamilton,Lewis Hamilton,high,6,8.390432511,0,2.390432511
driver,partial_asset,9,"2,4,5",hulkenberg,Nico Hulkenberg,low,3,1.545135739,0,-1.454864261
driver,partial_asset,9,"2,4,5",lawson,Liam Lawson,middle,6,5.482963759,0,-0.5170362414
driver,partial_asset,9,"2,4,5",leclerc,Charles Leclerc,high,8,8.343076615,0,0.3430766148
driver,partial_asset,9,"2,4,5",max_verstappen,Max Verstappen,high,3,7.400067785,0,4.400067785
driver,partial_asset,9,"2,4,5",norris,Lando Norris,high,14,6.74387886,0,-7.25612114
driver,partial_asset,9,"2,4,5",ocon,Esteban Ocon,middle,6,5.061911127,0,-0.938088873
driver,partial_asset,9,"2,4,5",perez,Sergio Perez,low,-3,3.390937242,0,6.390937242
driver,partial_asset,9,"2,4,5",piastri,Oscar Piastri,high,8,5.658075992,0,-2.341924008
driver,partial_asset,9,"2,4,5",russell,George Russell,high,14,7.954800224,0,-6.045199776
driver,partial_asset,9,"2,4,5",stroll,Lance Stroll,low,3,2.05413916,0,-0.9458608396
driver,full_partial_pooling,2,"4,5,9",albon,Alexander Albon,low,13,5.092575432,0,-7.907424568
driver,full_partial_pooling,2,"4,5,9",alonso,Fernando Alonso,low,6,1.66813391,0,-4.33186609
driver,full_partial_pooling,2,"4,5,9",antonelli,Kimi Antonelli,high,11,9.406635929,0,-1.593364071
driver,full_partial_pooling,2,"4,5,9",arvid_lindblad,Arvid Lindblad,middle,-4,-0.04096594947,0,3.959034051
driver,full_partial_pooling,2,"4,5,9",bearman,Oliver Bearman,low,5,3.637253496,0,-1.362746504
driver,full_partial_pooling,2,"4,5,9",bortoleto,Gabriel Bortoleto,middle,6,-0.3211893407,0,-6.321189341
driver,full_partial_pooling,2,"4,5,9",bottas,Valtteri Bottas,low,-8,2.706570171,0,10.70657017
driver,full_partial_pooling,2,"4,5,9",colapinto,Franco Colapinto,middle,9,4.356750875,0,-4.643249125
driver,full_partial_pooling,2,"4,5,9",hadjar,Isack Hadjar,high,3,0.2121549522,0,-2.787845048
driver,full_partial_pooling,2,"4,5,9",hamilton,Lewis Hamilton,high,15,5.130847483,0,-9.869152517
driver,full_partial_pooling,2,"4,5,9",hulkenberg,Nico Hulkenberg,low,-3,-1.392312873,0,1.607687127
driver,full_partial_pooling,2,"4,5,9",lawson,Liam Lawson,middle,14,6.288370453,0,-7.711629547
driver,full_partial_pooling,2,"4,5,9",leclerc,Charles Leclerc,high,21,7.192706873,0,-13.80729313
driver,full_partial_pooling,2,"4,5,9",max_verstappen,Max Verstappen,high,15,4.362614886,0,-10.63738511
driver,full_partial_pooling,2,"4,5,9",norris,Lando Norris,high,5,10.38971738,0,5.389717376
driver,full_partial_pooling,2,"4,5,9",ocon,Esteban Ocon,middle,9,5.538370453,0,-3.461629547
driver,full_partial_pooling,2,"4,5,9",perez,Sergio Perez,low,9,2.14924429,0,-6.85075571
driver,full_partial_pooling,2,"4,5,9",piastri,Oscar Piastri,high,7,6.928153637,0,-0.07184636295
driver,full_partial_pooling,2,"4,5,9",russell,George Russell,high,12,9.896993994,0,-2.103006006
driver,full_partial_pooling,2,"4,5,9",sainz,Carlos Sainz,middle,12,4.223134636,0,-7.776865364
driver,full_partial_pooling,2,"4,5,9",stroll,Lance Stroll,low,5,4.305453215,0,-0.6945467851
driver,full_partial_pooling,4,"2,5,9",albon,Alexander Albon,low,5,7.233510812,0,2.233510812
driver,full_partial_pooling,4,"2,5,9",alonso,Fernando Alonso,low,10,0.8427161222,0,-9.157283878
driver,full_partial_pooling,4,"2,5,9",antonelli,Kimi Antonelli,high,1,12.74406074,0,11.74406074
driver,full_partial_pooling,4,"2,5,9",arvid_lindblad,Arvid Lindblad,middle,-10,1.763156567,0,11.76315657
driver,full_partial_pooling,4,"2,5,9",bearman,Oliver Bearman,low,3,4.409411522,0,1.409411522
driver,full_partial_pooling,4,"2,5,9",bortoleto,Gabriel Bortoleto,middle,-10,3.969474443,0,13.96947444
driver,full_partial_pooling,4,"2,5,9",bottas,Valtteri Bottas,low,1,0.5369412534,0,-0.4630587466
driver,full_partial_pooling,4,"2,5,9",colapinto,Franco Colapinto,middle,-2,7.476652949,0,9.476652949
driver,full_partial_pooling,4,"2,5,9",gasly,Pierre Gasly,middle,5,5.23708127,0,0.2370812698
driver,full_partial_pooling,4,"2,5,9",hadjar,Isack Hadjar,high,3,0.6289943564,0,-2.371005644
driver,full_partial_pooling,4,"2,5,9",hamilton,Lewis Hamilton,high,4,8.595461352,0,4.595461352
driver,full_partial_pooling,4,"2,5,9",hulkenberg,Nico Hulkenberg,low,-10,0.505351874,0,10.50535187
driver,full_partial_pooling,4,"2,5,9",lawson,Liam Lawson,middle,4,9.127822143,0,5.127822143
driver,full_partial_pooling,4,"2,5,9",leclerc,Charles Leclerc,high,8,11.07354013,0,3.07354013
driver,full_partial_pooling,4,"2,5,9",max_verstappen,Max Verstappen,high,6,7.207782501,0,1.207782501
driver,full_partial_pooling,4,"2,5,9",norris,Lando Norris,high,13,8.885626836,0,-4.114373164
driver,full_partial_pooling,4,"2,5,9",ocon,Esteban Ocon,middle,9,5.877822143,0,-3.122177857
driver,full_partial_pooling,4,"2,5,9",perez,Sergio Perez,low,4,3.565414795,0,-0.4345852053
driver,full_partial_pooling,4,"2,5,9",piastri,Oscar Piastri,high,9,6.829851967,0,-2.170148033
driver,full_partial_pooling,4,"2,5,9",russell,George Russell,high,10,11.00747092,0,1.007470917
driver,full_partial_pooling,4,"2,5,9",sainz,Carlos Sainz,middle,4,7.477055314,0,3.477055314
driver,full_partial_pooling,4,"2,5,9",stroll,Lance Stroll,low,10,3.068530633,0,-6.931469367
driver,full_partial_pooling,5,"2,4,9",albon,Alexander Albon,low,6,7.00745275,0,1.00745275
driver,full_partial_pooling,5,"2,4,9",alonso,Fernando Alonso,low,-9,5.609499727,0,14.60949973
driver,full_partial_pooling,5,"2,4,9",antonelli,Kimi Antonelli,high,12,9.869825165,0,-2.130174835
driver,full_partial_pooling,5,"2,4,9",arvid_lindblad,Arvid Lindblad,middle,2,-1.247619414,0,-3.247619414
driver,full_partial_pooling,5,"2,4,9",bearman,Oliver Bearman,low,2,4.655435959,0,2.655435959
driver,full_partial_pooling,5,"2,4,9",bortoleto,Gabriel Bortoleto,middle,2,0.9615617957,0,-1.038438204
driver,full_partial_pooling,5,"2,4,9",bottas,Valtteri Bottas,low,6,-0.6762318077,0,-6.676231808
driver,full_partial_pooling,5,"2,4,9",colapinto,Franco Colapinto,middle,8,4.951882426,0,-3.048117574
driver,full_partial_pooling,5,"2,4,9",gasly,Pierre Gasly,middle,3,5.911573695,0,2.911573695
driver,full_partial_pooling,5,"2,4,9",hadjar,Isack Hadjar,high,-10,3.844237958,0,13.84423796
driver,full_partial_pooling,5,"2,4,9",hamilton,Lewis Hamilton,high,3,8.7473537,0,5.7473537
driver,full_partial_pooling,5,"2,4,9",hulkenberg,Nico Hulkenberg,low,-1,-1.722137855,0,-0.7221378546
driver,full_partial_pooling,5,"2,4,9",lawson,Liam Lawson,middle,11,7.359529912,0,-3.640470088
driver,full_partial_pooling,5,"2,4,9",leclerc,Charles Leclerc,high,6,11.49325673,0,5.493256729
driver,full_partial_pooling,5,"2,4,9",max_verstappen,Max Verstappen,high,2,8.135086934,0,6.135086934
driver,full_partial_pooling,5,"2,4,9",norris,Lando Norris,high,9,9.834048353,0,0.8340483527
driver,full_partial_pooling,5,"2,4,9",ocon,Esteban Ocon,middle,3,7.359529912,0,4.359529912
driver,full_partial_pooling,5,"2,4,9",perez,Sergio Perez,low,5,3.333987982,0,-1.666012018
driver,full_partial_pooling,5,"2,4,9",piastri,Oscar Piastri,high,6,7.548316818,0,1.548316818
driver,full_partial_pooling,5,"2,4,9",russell,George Russell,high,9,11.18151831,0,2.181518308
driver,full_partial_pooling,5,"2,4,9",stroll,Lance Stroll,low,3,4.869674239,0,1.869674239
driver,full_partial_pooling,9,"2,4,5",albon,Alexander Albon,low,7,6.674041884,0,-0.3259581163
driver,full_partial_pooling,9,"2,4,5",alonso,Fernando Alonso,low,3,2.511178968,0,-0.4888210317
driver,full_partial_pooling,9,"2,4,5",antonelli,Kimi Antonelli,high,16,8.477779536,0,-7.522220464
driver,full_partial_pooling,9,"2,4,5",arvid_lindblad,Arvid Lindblad,middle,4,-1.903343256,0,-5.903343256
driver,full_partial_pooling,9,"2,4,5",bearman,Oliver Bearman,low,6,3.513876514,0,-2.486123486
driver,full_partial_pooling,9,"2,4,5",bortoleto,Gabriel Bortoleto,middle,3,0.5618019105,0,-2.43819809
driver,full_partial_pooling,9,"2,4,5",bottas,Valtteri Bottas,low,2,0.2671951312,0,-1.732804869
driver,full_partial_pooling,9,"2,4,5",colapinto,Franco Colapinto,middle,7,5.017009745,0,-1.982990255
driver,full_partial_pooling,9,"2,4,5",gasly,Pierre Gasly,middle,5,5.229587881,0,0.2295878812
driver,full_partial_pooling,9,"2,4,5",hadjar,Isack Hadjar,high,3,0.388565978,0,-2.611434022
driver,full_partial_pooling,9,"2,4,5",hamilton,Lewis Hamilton,high,6,7.659729177,0,1.659729177
driver,full_partial_pooling,9,"2,4,5",hulkenberg,Nico Hulkenberg,low,3,-2.808530699,0,-5.808530699
driver,full_partial_pooling,9,"2,4,5",lawson,Liam Lawson,middle,6,8.438150683,0,2.438150683
driver,full_partial_pooling,9,"2,4,5",leclerc,Charles Leclerc,high,8,10.69275784,0,2.692757837
driver,full_partial_pooling,9,"2,4,5",max_verstappen,Max Verstappen,high,3,7.600392527,0,4.600392527
driver,full_partial_pooling,9,"2,4,5",norris,Lando Norris,high,14,8.343338127,0,-5.656661873
driver,full_partial_pooling,9,"2,4,5",ocon,Esteban Ocon,middle,6,6.438150683,0,0.4381506833
driver,full_partial_pooling,9,"2,4,5",perez,Sergio Perez,low,-3,5.239394697,0,8.239394697
driver,full_partial_pooling,9,"2,4,5",piastri,Oscar Piastri,high,8,6.84935429,0,-1.15064571
driver,full_partial_pooling,9,"2,4,5",russell,George Russell,high,14,9.6400399,0,-4.3599601
driver,full_partial_pooling,9,"2,4,5",stroll,Lance Stroll,low,3,4.842920962,0,1.842920962
driver,full_partial_pooling,2,"4,5,9",albon,Alexander Albon,low,13,5.091491945,0,-7.908508055
driver,full_partial_pooling,2,"4,5,9",alonso,Fernando Alonso,low,6,1.66709961,0,-4.33290039
driver,full_partial_pooling,2,"4,5,9",antonelli,Kimi Antonelli,high,11,9.406570629,0,-1.593429371
driver,full_partial_pooling,2,"4,5,9",arvid_lindblad,Arvid Lindblad,middle,-4,-0.04181087568,0,3.958189124
driver,full_partial_pooling,2,"4,5,9",bearman,Oliver Bearman,low,5,3.636361842,0,-1.363638158
driver,full_partial_pooling,2,"4,5,9",bortoleto,Gabriel Bortoleto,middle,6,-0.3220539421,0,-6.322053942
driver,full_partial_pooling,2,"4,5,9",bottas,Valtteri Bottas,low,-8,2.705398146,0,10.70539815
driver,full_partial_pooling,2,"4,5,9",colapinto,Franco Colapinto,middle,9,4.356002111,0,-4.643997889
driver,full_partial_pooling,2,"4,5,9",hadjar,Isack Hadjar,high,3,0.2114748052,0,-2.788525195
driver,full_partial_pooling,2,"4,5,9",hamilton,Lewis Hamilton,high,15,5.130602649,0,-9.869397351
driver,full_partial_pooling,2,"4,5,9",hulkenberg,Nico Hulkenberg,low,-3,-1.393386522,0,1.606613478
driver,full_partial_pooling,2,"4,5,9",lawson,Liam Lawson,middle,14,6.287577174,0,-7.712422826
driver,full_partial_pooling,2,"4,5,9",leclerc,Charles Leclerc,high,21,7.19233956,0,-13.80766044
driver,full_partial_pooling,2,"4,5,9",max_verstappen,Max Verstappen,high,15,4.362195435,0,-10.63780457
driver,full_partial_pooling,2,"4,5,9",norris,Lando Norris,high,5,10.38915282,0,5.38915282
driver,full_partial_pooling,2,"4,5,9",ocon,Esteban Ocon,middle,9,5.537577174,0,-3.462422826
driver,full_partial_pooling,2,"4,5,9",perez,Sergio Perez,low,9,2.148197694,0,-6.851802306
driver,full_partial_pooling,2,"4,5,9",piastri,Oscar Piastri,high,7,6.927451356,0,-0.0725486445
driver,full_partial_pooling,2,"4,5,9",russell,George Russell,high,12,9.896596923,0,-2.103403077
driver,full_partial_pooling,2,"4,5,9",sainz,Carlos Sainz,middle,12,4.172199815,0,-7.827800185
driver,full_partial_pooling,2,"4,5,9",stroll,Lance Stroll,low,5,4.304182814,0,-0.6958171859
driver,full_partial_pooling,4,"2,5,9",albon,Alexander Albon,low,5,7.234841281,0,2.234841281
driver,full_partial_pooling,4,"2,5,9",alonso,Fernando Alonso,low,10,0.8439311628,0,-9.156068837
driver,full_partial_pooling,4,"2,5,9",antonelli,Kimi Antonelli,high,1,12.74300183,0,11.74300183
driver,full_partial_pooling,4,"2,5,9",arvid_lindblad,Arvid Lindblad,middle,-10,1.763927207,0,11.76392721
driver,full_partial_pooling,4,"2,5,9",bearman,Oliver Bearman,low,3,4.410291819,0,1.410291819
driver,full_partial_pooling,4,"2,5,9",bortoleto,Gabriel Bortoleto,middle,-10,3.970291254,0,13.97029125
driver,full_partial_pooling,4,"2,5,9",bottas,Valtteri Bottas,low,1,0.5384794944,0,-0.4615205056
driver,full_partial_pooling,4,"2,5,9",colapinto,Franco Colapinto,middle,-2,7.477197925,0,9.477197925
driver,full_partial_pooling,4,"2,5,9",gasly,Pierre Gasly,middle,5,5.164947423,0,0.1649474233
driver,full_partial_pooling,4,"2,5,9",hadjar,Isack Hadjar,high,3,0.6293783102,0,-2.37062169
driver,full_partial_pooling,4,"2,5,9",hamilton,Lewis Hamilton,high,4,8.594823762,0,4.594823762
driver,full_partial_pooling,4,"2,5,9",hulkenberg,Nico Hulkenberg,low,-10,0.5066592576,0,10.50665926
driver,full_partial_pooling,4,"2,5,9",lawson,Liam Lawson,middle,4,9.128471583,0,5.128471583
driver,full_partial_pooling,4,"2,5,9",leclerc,Charles Leclerc,high,8,11.07318996,0,3.073189957
driver,full_partial_pooling,4,"2,5,9",max_verstappen,Max Verstappen,high,6,7.207554683,0,1.207554683
driver,full_partial_pooling,4,"2,5,9",norris,Lando Norris,high,13,8.885739532,0,-4.114260468
driver,full_partial_pooling,4,"2,5,9",ocon,Esteban Ocon,middle,9,5.878471583,0,-3.121528417
driver,full_partial_pooling,4,"2,5,9",perez,Sergio Perez,low,4,3.566658692,0,-0.4333413076
driver,full_partial_pooling,4,"2,5,9",piastri,Oscar Piastri,high,9,6.830287863,0,-2.169712137
driver,full_partial_pooling,4,"2,5,9",russell,George Russell,high,10,11.00719058,0,1.007190579
driver,full_partial_pooling,4,"2,5,9",sainz,Carlos Sainz,middle,4,7.588042633,0,3.588042633
driver,full_partial_pooling,4,"2,5,9",stroll,Lance Stroll,low,10,3.070299731,0,-6.929700269
driver,full_partial_pooling,5,"2,4,9",albon,Alexander Albon,low,6,7.006173649,0,1.006173649
driver,full_partial_pooling,5,"2,4,9",alonso,Fernando Alonso,low,-9,5.608221032,0,14.60822103
driver,full_partial_pooling,5,"2,4,9",antonelli,Kimi Antonelli,high,12,9.868554483,0,-2.131445517
driver,full_partial_pooling,5,"2,4,9",arvid_lindblad,Arvid Lindblad,middle,2,-1.248896542,0,-3.248896542
driver,full_partial_pooling,5,"2,4,9",bearman,Oliver Bearman,low,2,4.654158444,0,2.654158444
driver,full_partial_pooling,5,"2,4,9",bortoleto,Gabriel Bortoleto,middle,2,0.9602845046,0,-1.039715495
driver,full_partial_pooling,5,"2,4,9",bottas,Valtteri Bottas,low,6,-0.6775116408,0,-6.677511641
driver,full_partial_pooling,5,"2,4,9",colapinto,Franco Colapinto,middle,8,4.950606092,0,-3.049393908
driver,full_partial_pooling,5,"2,4,9",gasly,Pierre Gasly,middle,3,5.834147615,0,2.834147615
driver,full_partial_pooling,5,"2,4,9",hadjar,Isack Hadjar,high,-10,3.842962192,0,13.84296219
driver,full_partial_pooling,5,"2,4,9",hamilton,Lewis Hamilton,high,3,8.746081534,0,5.746081534
driver,full_partial_pooling,5,"2,4,9",hulkenberg,Nico Hulkenberg,low,-1,-1.723416874,0,-0.7234168743
driver,full_partial_pooling,5,"2,4,9",lawson,Liam Lawson,middle,11,7.35825321,0,-3.64174679
driver,full_partial_pooling,5,"2,4,9",leclerc,Charles Leclerc,high,6,11.49198355,0,5.491983549
driver,full_partial_pooling,5,"2,4,9",max_verstappen,Max Verstappen,high,2,8.133813323,0,6.133813323
driver,full_partial_pooling,5,"2,4,9",norris,Lando Norris,high,9,9.832773542,0,0.8327735425
driver,full_partial_pooling,5,"2,4,9",ocon,Esteban Ocon,middle,3,7.35825321,0,4.35825321
driver,full_partial_pooling,5,"2,4,9",perez,Sergio Perez,low,5,3.332709186,0,-1.667290814
driver,full_partial_pooling,5,"2,4,9",piastri,Oscar Piastri,high,6,7.547040869,0,1.547040869
driver,full_partial_pooling,5,"2,4,9",russell,George Russell,high,9,11.18024488,0,2.180244882
driver,full_partial_pooling,5,"2,4,9",stroll,Lance Stroll,low,3,4.868393593,0,1.868393593
driver,full_partial_pooling,9,"2,4,5",albon,Alexander Albon,low,7,6.673564059,0,-0.3264359412
driver,full_partial_pooling,9,"2,4,5",alonso,Fernando Alonso,low,3,2.510643515,0,-0.4893564854
driver,full_partial_pooling,9,"2,4,5",antonelli,Kimi Antonelli,high,16,8.476108794,0,-7.523891206
driver,full_partial_pooling,9,"2,4,5",arvid_lindblad,Arvid Lindblad,middle,4,-1.904100581,0,-5.904100581
driver,full_partial_pooling,9,"2,4,5",bearman,Oliver Bearman,low,6,3.513173936,0,-2.486826064
driver,full_partial_pooling,9,"2,4,5",bortoleto,Gabriel Bortoleto,middle,3,0.5610676371,0,-2.438932363
driver,full_partial_pooling,9,"2,4,5",bottas,Valtteri Bottas,low,2,0.2668210384,0,-1.733178962
driver,full_partial_pooling,9,"2,4,5",colapinto,Franco Colapinto,middle,7,5.016139755,0,-1.983860245
driver,full_partial_pooling,9,"2,4,5",gasly,Pierre Gasly,middle,5,5.123960674,0,0.1239606737
driver,full_partial_pooling,9,"2,4,5",hadjar,Isack Hadjar,high,3,0.3876155963,0,-2.612384404
driver,full_partial_pooling,9,"2,4,5",hamilton,Lewis Hamilton,high,6,7.65826878,0,1.65826878
driver,full_partial_pooling,9,"2,4,5",hulkenberg,Nico Hulkenberg,low,3,-2.80902005,0,-5.80902005
driver,full_partial_pooling,9,"2,4,5",lawson,Liam Lawson,middle,6,8.437332848,0,2.437332848
driver,full_partial_pooling,9,"2,4,5",leclerc,Charles Leclerc,high,8,10.69144094,0,2.691440935
driver,full_partial_pooling,9,"2,4,5",max_verstappen,Max Verstappen,high,3,7.599136712,0,4.599136712
driver,full_partial_pooling,9,"2,4,5",norris,Lando Norris,high,14,8.342252317,0,-5.657747683
driver,full_partial_pooling,9,"2,4,5",ocon,Esteban Ocon,middle,6,6.437332848,0,0.437332848
driver,full_partial_pooling,9,"2,4,5",perez,Sergio Perez,low,-3,5.238873651,0,8.238873651
driver,full_partial_pooling,9,"2,4,5",piastri,Oscar Piastri,high,8,6.848429841,0,-1.151570159
driver,full_partial_pooling,9,"2,4,5",russell,George Russell,high,14,9.638757864,0,-4.361242136
driver,full_partial_pooling,9,"2,4,5",stroll,Lance Stroll,low,3,4.842662127,0,1.842662127
driver,full_partial_pooling,2,"4,5,9",albon,Alexander Albon,low,13,5.088899872,0,-7.911100128
driver,full_partial_pooling,2,"4,5,9",alonso,Fernando Alonso,low,6,1.664625212,0,-4.335374788
driver,full_partial_pooling,2,"4,5,9",antonelli,Kimi Antonelli,high,11,9.406414411,0,-1.593585589
driver,full_partial_pooling,2,"4,5,9",arvid_lindblad,Arvid Lindblad,middle,-4,-0.04383222897,0,3.956167771
driver,full_partial_pooling,2,"4,5,9",bearman,Oliver Bearman,low,5,3.634228698,0,-1.365771302
driver,full_partial_pooling,2,"4,5,9",bortoleto,Gabriel Bortoleto,middle,6,-0.324122365,0,-6.324122365
driver,full_partial_pooling,2,"4,5,9",bottas,Valtteri Bottas,low,-8,2.70259426,0,10.70259426
driver,full_partial_pooling,2,"4,5,9",colapinto,Franco Colapinto,middle,9,4.354210811,0,-4.645789189
driver,full_partial_pooling,2,"4,5,9",hadjar,Isack Hadjar,high,3,0.2098476602,0,-2.79015234
driver,full_partial_pooling,2,"4,5,9",hamilton,Lewis Hamilton,high,15,5.13001692,0,-9.86998308
driver,full_partial_pooling,2,"4,5,9",hulkenberg,Nico Hulkenberg,low,-3,-1.39595506,0,1.60404494
driver,full_partial_pooling,2,"4,5,9",lawson,Liam Lawson,middle,14,6.285679378,0,-7.714320622
driver,full_partial_pooling,2,"4,5,9",leclerc,Charles Leclerc,high,21,7.191460823,0,-13.80853918
driver,full_partial_pooling,2,"4,5,9",max_verstappen,Max Verstappen,high,15,4.361191963,0,-10.63880804
driver,full_partial_pooling,2,"4,5,9",norris,Lando Norris,high,5,10.38780221,0,5.387802209
driver,full_partial_pooling,2,"4,5,9",ocon,Esteban Ocon,middle,9,5.535679378,0,-3.464320622
driver,full_partial_pooling,2,"4,5,9",perez,Sergio Perez,low,9,2.145693877,0,-6.854306123
driver,full_partial_pooling,2,"4,5,9",piastri,Oscar Piastri,high,7,6.925771257,0,-0.07422874281
driver,full_partial_pooling,2,"4,5,9",russell,George Russell,high,12,9.895646992,0,-2.104353008
driver,full_partial_pooling,2,"4,5,9",sainz,Carlos Sainz,middle,12,4.050346255,0,-7.949653745
driver,full_partial_pooling,2,"4,5,9",stroll,Lance Stroll,low,5,4.30114358,0,-0.6988564205
driver,full_partial_pooling,4,"2,5,9",albon,Alexander Albon,low,5,7.23797257,0,2.23797257
driver,full_partial_pooling,4,"2,5,9",alonso,Fernando Alonso,low,10,0.8467907876,0,-9.153209212
driver,full_partial_pooling,4,"2,5,9",antonelli,Kimi Antonelli,high,1,12.74050967,0,11.74050967
driver,full_partial_pooling,4,"2,5,9",arvid_lindblad,Arvid Lindblad,middle,-10,1.765740925,0,11.76574093
driver,full_partial_pooling,4,"2,5,9",bearman,Oliver Bearman,low,3,4.412363618,0,1.412363618
driver,full_partial_pooling,4,"2,5,9",bortoleto,Gabriel Bortoleto,middle,-10,3.972213638,0,13.97221364
driver,full_partial_pooling,4,"2,5,9",bottas,Valtteri Bottas,low,1,0.5420997784,0,-0.4579002216
driver,full_partial_pooling,4,"2,5,9",colapinto,Franco Colapinto,middle,-2,7.47848054,0,9.47848054
driver,full_partial_pooling,4,"2,5,9",gasly,Pierre Gasly,middle,5,4.995178832,0,-0.004821168047
driver,full_partial_pooling,4,"2,5,9",hadjar,Isack Hadjar,high,3,0.6302819539,0,-2.369718046
driver,full_partial_pooling,4,"2,5,9",hamilton,Lewis Hamilton,high,4,8.593323179,0,4.593323179
driver,full_partial_pooling,4,"2,5,9",hulkenberg,Nico Hulkenberg,low,-10,0.5097362135,0,10.50973621
driver,full_partial_pooling,4,"2,5,9",lawson,Liam Lawson,middle,4,9.130000054,0,5.130000054
driver,full_partial_pooling,4,"2,5,9",leclerc,Charles Leclerc,high,8,11.07236582,0,3.072365818
driver,full_partial_pooling,4,"2,5,9",max_verstappen,Max Verstappen,high,6,7.207018507,0,1.207018507
driver,full_partial_pooling,4,"2,5,9",norris,Lando Norris,high,13,8.886004765,0,-4.113995235
driver,full_partial_pooling,4,"2,5,9",ocon,Esteban Ocon,middle,9,5.880000054,0,-3.119999946
driver,full_partial_pooling,4,"2,5,9",perez,Sergio Perez,low,4,3.569586233,0,-0.4304137668
driver,full_partial_pooling,4,"2,5,9",piastri,Oscar Piastri,high,9,6.831313756,0,-2.168686244
driver,full_partial_pooling,4,"2,5,9",russell,George Russell,high,10,11.0065308,0,1.006530796
driver,full_partial_pooling,4,"2,5,9",sainz,Carlos Sainz,middle,4,7.849253726,0,3.849253726
driver,full_partial_pooling,4,"2,5,9",stroll,Lance Stroll,low,10,3.074463343,0,-6.925536657
driver,full_partial_pooling,5,"2,4,9",albon,Alexander Albon,low,6,7.003091626,0,1.003091626
driver,full_partial_pooling,5,"2,4,9",alonso,Fernando Alonso,low,-9,5.605141406,0,14.60514141
driver,full_partial_pooling,5,"2,4,9",antonelli,Kimi Antonelli,high,12,9.865522073,0,-2.134477927
driver,full_partial_pooling,5,"2,4,9",arvid_lindblad,Arvid Lindblad,middle,2,-1.251966941,0,-3.251966941
driver,full_partial_pooling,5,"2,4,9",bearman,Oliver Bearman,low,2,4.651085768,0,2.651085768
driver,full_partial_pooling,5,"2,4,9",bortoleto,Gabriel Bortoleto,middle,2,0.9572131471,0,-1.042786853
driver,full_partial_pooling,5,"2,4,9",bottas,Valtteri Bottas,low,6,-0.6805979784,0,-6.680597978
driver,full_partial_pooling,5,"2,4,9",colapinto,Franco Colapinto,middle,8,4.947540379,0,-3.052459621
driver,full_partial_pooling,5,"2,4,9",gasly,Pierre Gasly,middle,3,5.649468537,0,2.649468537
driver,full_partial_pooling,5,"2,4,9",hadjar,Isack Hadjar,high,-10,3.839899822,0,13.83989982
driver,full_partial_pooling,5,"2,4,9",hamilton,Lewis Hamilton,high,3,8.743040376,0,5.743040376
driver,full_partial_pooling,5,"2,4,9",hulkenberg,Nico Hulkenberg,low,-1,-1.726498418,0,-0.7264984182
driver,full_partial_pooling,5,"2,4,9",lawson,Liam Lawson,middle,11,7.355185328,0,-3.644814672
driver,full_partial_pooling,5,"2,4,9",leclerc,Charles Leclerc,high,6,11.48893642,0,5.488936424
driver,full_partial_pooling,5,"2,4,9",max_verstappen,Max Verstappen,high,2,8.130763657,0,6.130763657
driver,full_partial_pooling,5,"2,4,9",norris,Lando Norris,high,9,9.829716806,0,0.8297168055
driver,full_partial_pooling,5,"2,4,9",ocon,Esteban Ocon,middle,3,7.355185328,0,4.355185328
driver,full_partial_pooling,5,"2,4,9",perez,Sergio Perez,low,5,3.329628961,0,-1.670371039
driver,full_partial_pooling,5,"2,4,9",piastri,Oscar Piastri,high,6,7.543977421,0,1.543977421
driver,full_partial_pooling,5,"2,4,9",russell,George Russell,high,9,11.17719631,0,2.177196307
driver,full_partial_pooling,5,"2,4,9",stroll,Lance Stroll,low,3,4.865302461,0,1.865302461
driver,full_partial_pooling,9,"2,4,5",albon,Alexander Albon,low,7,6.672395112,0,-0.3276048884
driver,full_partial_pooling,9,"2,4,5",alonso,Fernando Alonso,low,3,2.509339322,0,-0.4906606778
driver,full_partial_pooling,9,"2,4,5",antonelli,Kimi Antonelli,high,16,8.472140271,0,-7.527859729
driver,full_partial_pooling,9,"2,4,5",arvid_lindblad,Arvid Lindblad,middle,4,-1.905925467,0,-5.905925467
driver,full_partial_pooling,9,"2,4,5",bearman,Oliver Bearman,low,6,3.511477533,0,-2.488522467
driver,full_partial_pooling,9,"2,4,5",bortoleto,Gabriel Bortoleto,middle,3,0.5592968487,0,-2.440703151
driver,full_partial_pooling,9,"2,4,5",bottas,Valtteri Bottas,low,2,0.2658955325,0,-1.734104468
driver,full_partial_pooling,9,"2,4,5",colapinto,Franco Colapinto,middle,7,5.014050465,0,-1.985949535
driver,full_partial_pooling,9,"2,4,5",gasly,Pierre Gasly,middle,5,4.87317181,0,-0.1268281899
driver,full_partial_pooling,9,"2,4,5",hadjar,Isack Hadjar,high,3,0.3853376384,0,-2.614662362
driver,full_partial_pooling,9,"2,4,5",hamilton,Lewis Hamilton,high,6,7.654793902,0,1.654793902
driver,full_partial_pooling,9,"2,4,5",hulkenberg,Nico Hulkenberg,low,3,-2.810216046,0,-5.810216046
driver,full_partial_pooling,9,"2,4,5",lawson,Liam Lawson,middle,6,8.435365954,0,2.435365954
driver,full_partial_pooling,9,"2,4,5",leclerc,Charles Leclerc,high,8,10.68830282,0,2.688302818
driver,full_partial_pooling,9,"2,4,5",max_verstappen,Max Verstappen,high,3,7.596141955,0,4.596141955
driver,full_partial_pooling,9,"2,4,5",norris,Lando Norris,high,14,8.339656533,0,-5.660343467
driver,full_partial_pooling,9,"2,4,5",ocon,Esteban Ocon,middle,6,6.435365954,0,0.4353659541
driver,full_partial_pooling,9,"2,4,5",perez,Sergio Perez,low,-3,5.23760327,0,8.23760327
driver,full_partial_pooling,9,"2,4,5",piastri,Oscar Piastri,high,8,6.846212744,0,-1.153787256
driver,full_partial_pooling,9,"2,4,5",russell,George Russell,high,14,9.63570157,0,-4.36429843
driver,full_partial_pooling,9,"2,4,5",stroll,Lance Stroll,low,3,4.842007111,0,1.842007111
driver,full_partial_pooling,2,"4,5,9",albon,Alexander Albon,low,13,3.916418867,0,-9.083581133
driver,full_partial_pooling,2,"4,5,9",alonso,Fernando Alonso,low,6,2.089553777,0,-3.910446223
driver,full_partial_pooling,2,"4,5,9",antonelli,Kimi Antonelli,high,11,9.071740089,0,-1.928259911
driver,full_partial_pooling,2,"4,5,9",arvid_lindblad,Arvid Lindblad,middle,-4,1.613266041,0,5.613266041
driver,full_partial_pooling,2,"4,5,9",bearman,Oliver Bearman,low,5,3.591645018,0,-1.408354982
driver,full_partial_pooling,2,"4,5,9",bortoleto,Gabriel Bortoleto,middle,6,1.401154934,0,-4.598845066
driver,full_partial_pooling,2,"4,5,9",bottas,Valtteri Bottas,low,-8,2.319061742,0,10.31906174
driver,full_partial_pooling,2,"4,5,9",colapinto,Franco Colapinto,middle,9,4.38031622,0,-4.61968378
driver,full_partial_pooling,2,"4,5,9",hadjar,Isack Hadjar,high,3,2.193267991,0,-0.8067320086
driver,full_partial_pooling,2,"4,5,9",hamilton,Lewis Hamilton,high,15,6.154083379,0,-8.845916621
driver,full_partial_pooling,2,"4,5,9",hulkenberg,Nico Hulkenberg,low,-3,0.2367601347,0,3.236760135
driver,full_partial_pooling,2,"4,5,9",lawson,Liam Lawson,middle,14,5.366486268,0,-8.633513732
driver,full_partial_pooling,2,"4,5,9",leclerc,Charles Leclerc,high,21,7.008691738,0,-13.99130826
driver,full_partial_pooling,2,"4,5,9",max_verstappen,Max Verstappen,high,15,5.253740161,0,-9.746259839
driver,full_partial_pooling,2,"4,5,9",norris,Lando Norris,high,5,8.314420746,0,3.314420746
driver,full_partial_pooling,2,"4,5,9",ocon,Esteban Ocon,middle,9,4.93791484,0,-4.06208516
driver,full_partial_pooling,2,"4,5,9",perez,Sergio Perez,low,9,2.331984336,0,-6.668015664
driver,full_partial_pooling,2,"4,5,9",piastri,Oscar Piastri,high,7,5.972500139,0,-1.027499861
driver,full_partial_pooling,2,"4,5,9",russell,George Russell,high,12,8.475373688,0,-3.524626312
driver,full_partial_pooling,2,"4,5,9",sainz,Carlos Sainz,middle,12,3.845967026,0,-8.154032974
driver,full_partial_pooling,2,"4,5,9",stroll,Lance Stroll,low,5,2.972791921,0,-2.027208079
driver,full_partial_pooling,4,"2,5,9",albon,Alexander Albon,low,5,5.351234108,0,0.3512341078
driver,full_partial_pooling,4,"2,5,9",alonso,Fernando Alonso,low,10,1.888528324,0,-8.111471676
driver,full_partial_pooling,4,"2,5,9",antonelli,Kimi Antonelli,high,1,12.41608153,0,11.41608153
driver,full_partial_pooling,4,"2,5,9",arvid_lindblad,Arvid Lindblad,middle,-10,3.142825343,0,13.14282534
driver,full_partial_pooling,4,"2,5,9",bearman,Oliver Bearman,low,3,4.47525298,0,1.47525298
driver,full_partial_pooling,4,"2,5,9",bortoleto,Gabriel Bortoleto,middle,-10,4.327907656,0,14.32790766
driver,full_partial_pooling,4,"2,5,9",bottas,Valtteri Bottas,low,1,1.184104518,0,0.1841045184
driver,full_partial_pooling,4,"2,5,9",colapinto,Franco Colapinto,middle,-2,6.77752125,0,8.77752125
driver,full_partial_pooling,4,"2,5,9",gasly,Pierre Gasly,middle,5,5.563596562,0,0.5635965622
driver,full_partial_pooling,4,"2,5,9",hadjar,Isack Hadjar,high,3,3.128475253,0,0.1284752532
driver,full_partial_pooling,4,"2,5,9",hamilton,Lewis Hamilton,high,4,9.354957639,0,5.354957639
driver,full_partial_pooling,4,"2,5,9",hulkenberg,Nico Hulkenberg,low,-10,1.544407237,0,11.54440724
driver,full_partial_pooling,4,"2,5,9",lawson,Liam Lawson,middle,4,7.549841413,0,3.549841413
driver,full_partial_pooling,4,"2,5,9",leclerc,Charles Leclerc,high,8,10.29995218,0,2.299952183
driver,full_partial_pooling,4,"2,5,9",max_verstappen,Max Verstappen,high,6,7.890420314,0,1.890420314
driver,full_partial_pooling,4,"2,5,9",norris,Lando Norris,high,13,8.291116662,0,-4.708883338
driver,full_partial_pooling,4,"2,5,9",ocon,Esteban Ocon,middle,9,5.692698556,0,-3.307301444
driver,full_partial_pooling,4,"2,5,9",perez,Sergio Perez,low,4,3.397061913,0,-0.6029380871
driver,full_partial_pooling,4,"2,5,9",piastri,Oscar Piastri,high,9,6.586692856,0,-2.413307144
driver,full_partial_pooling,4,"2,5,9",russell,George Russell,high,10,10.14774633,0,0.1477463254
driver,full_partial_pooling,4,"2,5,9",sainz,Carlos Sainz,middle,4,5.775209014,0,1.775209014
driver,full_partial_pooling,4,"2,5,9",stroll,Lance Stroll,low,10,2.252373229,0,-7.747626771
driver,full_partial_pooling,5,"2,4,9",albon,Alexander Albon,low,6,5.28778053,0,-0.71221947
driver,full_partial_pooling,5,"2,4,9",alonso,Fernando Alonso,low,-9,4.664552728,0,13.66455273
driver,full_partial_pooling,5,"2,4,9",antonelli,Kimi Antonelli,high,12,10.5583936,0,-1.441606397
driver,full_partial_pooling,5,"2,4,9",arvid_lindblad,Arvid Lindblad,middle,2,1.422268548,0,-0.5777314519
driver,full_partial_pooling,5,"2,4,9",bearman,Oliver Bearman,low,2,4.628620674,0,2.628620674
driver,full_partial_pooling,5,"2,4,9",bortoleto,Gabriel Bortoleto,middle,2,2.614416812,0,0.6144168117
driver,full_partial_pooling,5,"2,4,9",bottas,Valtteri Bottas,low,6,0.5810191448,0,-5.418980855
driver,full_partial_pooling,5,"2,4,9",colapinto,Franco Colapinto,middle,8,5.30814391,0,-2.69185609
driver,full_partial_pooling,5,"2,4,9",gasly,Pierre Gasly,middle,3,5.86133799,0,2.86133799
driver,full_partial_pooling,5,"2,4,9",hadjar,Isack Hadjar,high,-10,4.920169698,0,14.9201697
driver,full_partial_pooling,5,"2,4,9",hamilton,Lewis Hamilton,high,3,9.276032222,0,6.276032222
driver,full_partial_pooling,5,"2,4,9",hulkenberg,Nico Hulkenberg,low,-1,0.3345635411,0,1.334563541
driver,full_partial_pooling,5,"2,4,9",lawson,Liam Lawson,middle,11,6.525022213,0,-4.474977787
driver,full_partial_pooling,5,"2,4,9",leclerc,Charles Leclerc,high,6,10.40786945,0,4.407869449
driver,full_partial_pooling,5,"2,4,9",max_verstappen,Max Verstappen,high,2,8.302776633,0,6.302776633
driver,full_partial_pooling,5,"2,4,9",norris,Lando Norris,high,9,8.755584363,0,-0.2444156369
driver,full_partial_pooling,5,"2,4,9",ocon,Esteban Ocon,middle,3,6.525022213,0,3.525022213
driver,full_partial_pooling,5,"2,4,9",perez,Sergio Perez,low,5,3.320359679,0,-1.679640321
driver,full_partial_pooling,5,"2,4,9",piastri,Oscar Piastri,high,6,6.957765065,0,0.9577650655
driver,full_partial_pooling,5,"2,4,9",russell,George Russell,high,9,10.1234937,0,1.123493698
driver,full_partial_pooling,5,"2,4,9",stroll,Lance Stroll,low,3,3.39890332,0,0.39890332
driver,full_partial_pooling,9,"2,4,5",albon,Alexander Albon,low,7,4.954512487,0,-2.045487513
driver,full_partial_pooling,9,"2,4,5",alonso,Fernando Alonso,low,3,2.725751467,0,-0.2742485332
driver,full_partial_pooling,9,"2,4,5",antonelli,Kimi Antonelli,high,16,9.090587942,0,-6.909412058
driver,full_partial_pooling,9,"2,4,5",arvid_lindblad,Arvid Lindblad,middle,4,0.7807358251,0,-3.219264175
driver,full_partial_pooling,9,"2,4,5",bearman,Oliver Bearman,low,6,3.73377308,0,-2.26622692
driver,full_partial_pooling,9,"2,4,5",bortoleto,Gabriel Bortoleto,middle,3,2.12938309,0,-0.8706169097
driver,full_partial_pooling,9,"2,4,5",bottas,Valtteri Bottas,low,2,1.02342518,0,-0.9765748197
driver,full_partial_pooling,9,"2,4,5",colapinto,Franco Colapinto,middle,7,5.028508031,0,-1.971491969
driver,full_partial_pooling,9,"2,4,5",gasly,Pierre Gasly,middle,5,5.148789043,0,0.1487890434
driver,full_partial_pooling,9,"2,4,5",hadjar,Isack Hadjar,high,3,2.592957836,0,-0.4070421636
driver,full_partial_pooling,9,"2,4,5",hamilton,Lewis Hamilton,high,6,8.075565666,0,2.075565666
driver,full_partial_pooling,9,"2,4,5",hulkenberg,Nico Hulkenberg,low,3,-0.4340968599,0,-3.43409686
driver,full_partial_pooling,9,"2,4,5",lawson,Liam Lawson,middle,6,6.847679611,0,0.8476796112
driver,full_partial_pooling,9,"2,4,5",leclerc,Charles Leclerc,high,8,9.435180606,0,1.435180606
driver,full_partial_pooling,9,"2,4,5",max_verstappen,Max Verstappen,high,3,7.509095858,0,4.509095858
driver,full_partial_pooling,9,"2,4,5",norris,Lando Norris,high,14,7.491083725,0,-6.508916275
driver,full_partial_pooling,9,"2,4,5",ocon,Esteban Ocon,middle,6,5.704822468,0,-0.2951775317
driver,full_partial_pooling,9,"2,4,5",perez,Sergio Perez,low,-3,4.247227436,0,7.247227436
driver,full_partial_pooling,9,"2,4,5",piastri,Oscar Piastri,high,8,6.217328867,0,-1.782671133
driver,full_partial_pooling,9,"2,4,5",russell,George Russell,high,14,8.742866737,0,-5.257133263
driver,full_partial_pooling,9,"2,4,5",stroll,Lance Stroll,low,3,3.338090078,0,0.3380900776
driver,full_partial_pooling,2,"4,5,9",albon,Alexander Albon,low,13,3.914703317,0,-9.085296683
driver,full_partial_pooling,2,"4,5,9",alonso,Fernando Alonso,low,6,2.08791611,0,-3.91208389
driver,full_partial_pooling,2,"4,5,9",antonelli,Kimi Antonelli,high,11,9.071636697,0,-1.928363303
driver,full_partial_pooling,2,"4,5,9",arvid_lindblad,Arvid Lindblad,middle,-4,1.611928219,0,5.611928219
driver,full_partial_pooling,2,"4,5,9",bearman,Oliver Bearman,low,5,3.590233209,0,-1.409766791
driver,full_partial_pooling,2,"4,5,9",bortoleto,Gabriel Bortoleto,middle,6,1.399785959,0,-4.600214041
driver,full_partial_pooling,2,"4,5,9",bottas,Valtteri Bottas,low,-8,2.317206005,0,10.317206
driver,full_partial_pooling,2,"4,5,9",colapinto,Franco Colapinto,middle,9,4.379130657,0,-4.620869343
driver,full_partial_pooling,2,"4,5,9",hadjar,Isack Hadjar,high,3,2.192191074,0,-0.8078089256
driver,full_partial_pooling,2,"4,5,9",hamilton,Lewis Hamilton,high,15,6.153695718,0,-8.846304282
driver,full_partial_pooling,2,"4,5,9",hulkenberg,Nico Hulkenberg,low,-3,0.2350601617,0,3.235060162
driver,full_partial_pooling,2,"4,5,9",lawson,Liam Lawson,middle,14,5.365230223,0,-8.634769777
driver,full_partial_pooling,2,"4,5,9",leclerc,Charles Leclerc,high,21,7.00811015,0,-13.99188985
driver,full_partial_pooling,2,"4,5,9",max_verstappen,Max Verstappen,high,15,5.253076018,0,-9.746923982
driver,full_partial_pooling,2,"4,5,9",norris,Lando Norris,high,5,8.313526851,0,3.313526851
driver,full_partial_pooling,2,"4,5,9",ocon,Esteban Ocon,middle,9,4.936658794,0,-4.063341206
driver,full_partial_pooling,2,"4,5,9",perez,Sergio Perez,low,9,2.330327198,0,-6.669672802
driver,full_partial_pooling,2,"4,5,9",piastri,Oscar Piastri,high,7,5.971388175,0,-1.028611825
driver,full_partial_pooling,2,"4,5,9",russell,George Russell,high,12,8.474744982,0,-3.525255018
driver,full_partial_pooling,2,"4,5,9",sainz,Carlos Sainz,middle,12,3.82475912,0,-8.17524088
driver,full_partial_pooling,2,"4,5,9",stroll,Lance Stroll,low,5,2.97078042,0,-2.02921958
driver,full_partial_pooling,4,"2,5,9",albon,Alexander Albon,low,5,5.352979853,0,0.3529798534
driver,full_partial_pooling,4,"2,5,9",alonso,Fernando Alonso,low,10,1.890082334,0,-8.109917666
driver,full_partial_pooling,4,"2,5,9",antonelli,Kimi Antonelli,high,1,12.41385834,0,11.41385834
driver,full_partial_pooling,4,"2,5,9",arvid_lindblad,Arvid Lindblad,middle,-10,3.143641169,0,13.14364117
driver,full_partial_pooling,4,"2,5,9",bearman,Oliver Bearman,low,3,4.476250956,0,1.476250956
driver,full_partial_pooling,4,"2,5,9",bortoleto,Gabriel Bortoleto,middle,-10,4.328800177,0,14.32880018
driver,full_partial_pooling,4,"2,5,9",bottas,Valtteri Bottas,low,1,1.186195389,0,0.1861953886
driver,full_partial_pooling,4,"2,5,9",colapinto,Franco Colapinto,middle,-2,6.777962233,0,8.777962233
driver,full_partial_pooling,4,"2,5,9",gasly,Pierre Gasly,middle,5,5.526889758,0,0.5268897583
driver,full_partial_pooling,4,"2,5,9",hadjar,Isack Hadjar,high,3,3.128648764,0,0.1286487644
driver,full_partial_pooling,4,"2,5,9",hamilton,Lewis Hamilton,high,4,9.353434288,0,5.353434288
driver,full_partial_pooling,4,"2,5,9",hulkenberg,Nico Hulkenberg,low,-10,1.546114635,0,11.54611464
driver,full_partial_pooling,4,"2,5,9",lawson,Liam Lawson,middle,4,7.550455917,0,3.550455917
driver,full_partial_pooling,4,"2,5,9",leclerc,Charles Leclerc,high,8,10.29890625,0,2.298906254
driver,full_partial_pooling,4,"2,5,9",max_verstappen,Max Verstappen,high,6,7.889577625,0,1.889577625
driver,full_partial_pooling,4,"2,5,9",norris,Lando Norris,high,13,8.290839593,0,-4.709160407
driver,full_partial_pooling,4,"2,5,9",ocon,Esteban Ocon,middle,9,5.693313059,0,-3.306686941
driver,full_partial_pooling,4,"2,5,9",perez,Sergio Perez,low,4,3.398663857,0,-0.6013361434
driver,full_partial_pooling,4,"2,5,9",piastri,Oscar Piastri,high,9,6.586952648,0,-2.413047352
driver,full_partial_pooling,4,"2,5,9",russell,George Russell,high,10,10.1468164,0,0.1468163964
driver,full_partial_pooling,4,"2,5,9",sainz,Carlos Sainz,middle,4,5.821197305,0,1.821197305
driver,full_partial_pooling,4,"2,5,9",stroll,Lance Stroll,low,10,2.254847571,0,-7.745152429
driver,full_partial_pooling,5,"2,4,9",albon,Alexander Albon,low,6,5.285233915,0,-0.7147660853
driver,full_partial_pooling,5,"2,4,9",alonso,Fernando Alonso,low,-9,4.662005225,0,13.66200522
driver,full_partial_pooling,5,"2,4,9",antonelli,Kimi Antonelli,high,12,10.5558286,0,-1.444171398
driver,full_partial_pooling,5,"2,4,9",arvid_lindblad,Arvid Lindblad,middle,2,1.419717625,0,-0.580282375
driver,full_partial_pooling,5,"2,4,9",bearman,Oliver Bearman,low,2,4.626070595,0,2.626070595
driver,full_partial_pooling,5,"2,4,9",bortoleto,Gabriel Bortoleto,middle,2,2.611866244,0,0.6118662439
driver,full_partial_pooling,5,"2,4,9",bottas,Valtteri Bottas,low,6,0.5784741282,0,-5.421525872
driver,full_partial_pooling,5,"2,4,9",colapinto,Franco Colapinto,middle,8,5.30559125,0,-2.69440875
driver,full_partial_pooling,5,"2,4,9",gasly,Pierre Gasly,middle,3,5.820322265,0,2.820322265
driver,full_partial_pooling,5,"2,4,9",hadjar,Isack Hadjar,high,-10,4.917615799,0,14.9176158
driver,full_partial_pooling,5,"2,4,9",hamilton,Lewis Hamilton,high,3,9.273470463,0,6.273470463
driver,full_partial_pooling,5,"2,4,9",hulkenberg,Nico Hulkenberg,low,-1,0.3320167481,0,1.332016748
driver,full_partial_pooling,5,"2,4,9",lawson,Liam Lawson,middle,11,6.522470358,0,-4.477529642
driver,full_partial_pooling,5,"2,4,9",leclerc,Charles Leclerc,high,6,10.4053099,0,4.405309902
driver,full_partial_pooling,5,"2,4,9",max_verstappen,Max Verstappen,high,2,8.300218027,0,6.300218027
driver,full_partial_pooling,5,"2,4,9",norris,Lando Norris,high,9,8.753028377,0,-0.2469716226
driver,full_partial_pooling,5,"2,4,9",ocon,Esteban Ocon,middle,3,6.522470358,0,3.522470358
driver,full_partial_pooling,5,"2,4,9",perez,Sergio Perez,low,5,3.317812397,0,-1.682187603
driver,full_partial_pooling,5,"2,4,9",piastri,Oscar Piastri,high,6,6.955211567,0,0.9552115667
driver,full_partial_pooling,5,"2,4,9",russell,George Russell,high,9,10.12093469,0,1.120934688
driver,full_partial_pooling,5,"2,4,9",stroll,Lance Stroll,low,3,3.39636008,0,0.3963600798
driver,full_partial_pooling,9,"2,4,5",albon,Alexander Albon,low,7,4.953573478,0,-2.046426522
driver,full_partial_pooling,9,"2,4,5",alonso,Fernando Alonso,low,3,2.724695957,0,-0.2753040431
driver,full_partial_pooling,9,"2,4,5",antonelli,Kimi Antonelli,high,16,9.087237371,0,-6.912762629
driver,full_partial_pooling,9,"2,4,5",arvid_lindblad,Arvid Lindblad,middle,4,0.7792317881,0,-3.220768212
driver,full_partial_pooling,9,"2,4,5",bearman,Oliver Bearman,low,6,3.732379718,0,-2.267620282
driver,full_partial_pooling,9,"2,4,5",bortoleto,Gabriel Bortoleto,middle,3,2.127925654,0,-0.8720743465
driver,full_partial_pooling,9,"2,4,5",bottas,Valtteri Bottas,low,2,1.022695872,0,-0.9773041281
driver,full_partial_pooling,9,"2,4,5",colapinto,Franco Colapinto,middle,7,5.026776235,0,-1.973223765
driver,full_partial_pooling,9,"2,4,5",gasly,Pierre Gasly,middle,5,5.094512917,0,0.09451291738
driver,full_partial_pooling,9,"2,4,5",hadjar,Isack Hadjar,high,3,2.591063523,0,-0.4089364775
driver,full_partial_pooling,9,"2,4,5",hamilton,Lewis Hamilton,high,6,8.072640322,0,2.072640322
driver,full_partial_pooling,9,"2,4,5",hulkenberg,Nico Hulkenberg,low,3,-0.4350591694,0,-3.435059169
driver,full_partial_pooling,9,"2,4,5",lawson,Liam Lawson,middle,6,6.846053249,0,0.8460532486
driver,full_partial_pooling,9,"2,4,5",leclerc,Charles Leclerc,high,8,9.432545348,0,1.432545348
driver,full_partial_pooling,9,"2,4,5",max_verstappen,Max Verstappen,high,3,7.506584092,0,4.506584092
driver,full_partial_pooling,9,"2,4,5",norris,Lando Norris,high,14,7.488915635,0,-6.511084365
driver,full_partial_pooling,9,"2,4,5",ocon,Esteban Ocon,middle,6,5.703196106,0,-0.2968038943
driver,full_partial_pooling,9,"2,4,5",perez,Sergio Perez,low,-3,4.246201051,0,7.246201051
driver,full_partial_pooling,9,"2,4,5",piastri,Oscar Piastri,high,8,6.215486978,0,-1.784513022
driver,full_partial_pooling,9,"2,4,5",russell,George Russell,high,14,8.740301963,0,-5.259698037
driver,full_partial_pooling,9,"2,4,5",stroll,Lance Stroll,low,3,3.33759377,0,0.3375937704
driver,full_partial_pooling,2,"4,5,9",albon,Alexander Albon,low,13,3.910584549,0,-9.089415451
driver,full_partial_pooling,2,"4,5,9",alonso,Fernando Alonso,low,6,2.083984325,0,-3.916015675
driver,full_partial_pooling,2,"4,5,9",antonelli,Kimi Antonelli,high,11,9.071388468,0,-1.928611532
driver,full_partial_pooling,2,"4,5,9",arvid_lindblad,Arvid Lindblad,middle,-4,1.608716316,0,5.608716316
driver,full_partial_pooling,2,"4,5,9",bearman,Oliver Bearman,low,5,3.586843673,0,-1.413156327
driver,full_partial_pooling,2,"4,5,9",bortoleto,Gabriel Bortoleto,middle,6,1.396499263,0,-4.603500737
driver,full_partial_pooling,2,"4,5,9",bottas,Valtteri Bottas,low,-8,2.312750668,0,10.31275067
driver,full_partial_pooling,2,"4,5,9",colapinto,Franco Colapinto,middle,9,4.376284306,0,-4.623715694
driver,full_partial_pooling,2,"4,5,9",hadjar,Isack Hadjar,high,3,2.189605563,0,-0.8103944366
driver,full_partial_pooling,2,"4,5,9",hamilton,Lewis Hamilton,high,15,6.152765003,0,-8.847234997
driver,full_partial_pooling,2,"4,5,9",hulkenberg,Nico Hulkenberg,low,-3,0.2309787902,0,3.23097879
driver,full_partial_pooling,2,"4,5,9",lawson,Liam Lawson,middle,14,5.362214652,0,-8.637785348
driver,full_partial_pooling,2,"4,5,9",leclerc,Charles Leclerc,high,21,7.006713848,0,-13.99328615
driver,full_partial_pooling,2,"4,5,9",max_verstappen,Max Verstappen,high,15,5.251481515,0,-9.748518485
driver,full_partial_pooling,2,"4,5,9",norris,Lando Norris,high,5,8.31138075,0,3.31138075
driver,full_partial_pooling,2,"4,5,9",ocon,Esteban Ocon,middle,9,4.933643223,0,-4.066356777
driver,full_partial_pooling,2,"4,5,9",perez,Sergio Perez,low,9,2.326348667,0,-6.673651333
driver,full_partial_pooling,2,"4,5,9",piastri,Oscar Piastri,high,7,5.968718522,0,-1.031281478
driver,full_partial_pooling,2,"4,5,9",russell,George Russell,high,12,8.473235556,0,-3.526764444
driver,full_partial_pooling,2,"4,5,9",sainz,Carlos Sainz,middle,12,3.773842224,0,-8.226157776
driver,full_partial_pooling,2,"4,5,9",stroll,Lance Stroll,low,5,2.965951118,0,-2.034048882
driver,full_partial_pooling,4,"2,5,9",albon,Alexander Albon,low,5,5.357112876,0,0.3571128764
driver,full_partial_pooling,4,"2,5,9",alonso,Fernando Alonso,low,10,1.893761425,0,-8.106238575
driver,full_partial_pooling,4,"2,5,9",antonelli,Kimi Antonelli,high,1,12.40859498,0,11.40859498
driver,full_partial_pooling,4,"2,5,9",arvid_lindblad,Arvid Lindblad,middle,-10,3.145572624,0,13.14557262
driver,full_partial_pooling,4,"2,5,9",bearman,Oliver Bearman,low,3,4.478613646,0,1.478613646
driver,full_partial_pooling,4,"2,5,9",bortoleto,Gabriel Bortoleto,middle,-10,4.330913205,0,14.3309132
driver,full_partial_pooling,4,"2,5,9",bottas,Valtteri Bottas,low,1,1.191145488,0,0.1911454883
driver,full_partial_pooling,4,"2,5,9",colapinto,Franco Colapinto,middle,-2,6.779006252,0,8.779006252
driver,full_partial_pooling,4,"2,5,9",gasly,Pierre Gasly,middle,5,5.439987027,0,0.439987027
driver,full_partial_pooling,4,"2,5,9",hadjar,Isack Hadjar,high,3,3.129059549,0,0.1290595492
driver,full_partial_pooling,4,"2,5,9",hamilton,Lewis Hamilton,high,4,9.349827779,0,5.349827779
driver,full_partial_pooling,4,"2,5,9",hulkenberg,Nico Hulkenberg,low,-10,1.550156872,0,11.55015687
driver,full_partial_pooling,4,"2,5,9",lawson,Liam Lawson,middle,4,7.551910744,0,3.551910744
driver,full_partial_pooling,4,"2,5,9",leclerc,Charles Leclerc,high,8,10.29643003,0,2.296430035
driver,full_partial_pooling,4,"2,5,9",max_verstappen,Max Verstappen,high,6,7.887582573,0,1.887582573
driver,full_partial_pooling,4,"2,5,9",norris,Lando Norris,high,13,8.290183639,0,-4.709816361
driver,full_partial_pooling,4,"2,5,9",ocon,Esteban Ocon,middle,9,5.694767887,0,-3.305232113
driver,full_partial_pooling,4,"2,5,9",perez,Sergio Perez,low,4,3.402456431,0,-0.5975435691
driver,full_partial_pooling,4,"2,5,9",piastri,Oscar Piastri,high,9,6.587567702,0,-2.412432298
driver,full_partial_pooling,4,"2,5,9",russell,George Russell,high,10,10.14461481,0,0.1446148055
driver,full_partial_pooling,4,"2,5,9",sainz,Carlos Sainz,middle,4,5.9300738,0,1.9300738
driver,full_partial_pooling,4,"2,5,9",stroll,Lance Stroll,low,10,2.260705533,0,-7.739294467
driver,full_partial_pooling,5,"2,4,9",albon,Alexander Albon,low,6,5.279094181,0,-0.7209058189
driver,full_partial_pooling,5,"2,4,9",alonso,Fernando Alonso,low,-9,4.655865871,0,13.65586587
driver,full_partial_pooling,5,"2,4,9",antonelli,Kimi Antonelli,high,12,10.54969674,0,-1.450303262
driver,full_partial_pooling,5,"2,4,9",arvid_lindblad,Arvid Lindblad,middle,2,1.413579735,0,-0.5864202647
driver,full_partial_pooling,5,"2,4,9",bearman,Oliver Bearman,low,2,4.619932344,0,2.619932344
driver,full_partial_pooling,5,"2,4,9",bortoleto,Gabriel Bortoleto,middle,2,2.605728202,0,0.6057282022
driver,full_partial_pooling,5,"2,4,9",bottas,Valtteri Bottas,low,6,0.5723337103,0,-5.42766629
driver,full_partial_pooling,5,"2,4,9",colapinto,Franco Colapinto,middle,8,5.299454104,0,-2.700545896
driver,full_partial_pooling,5,"2,4,9",gasly,Pierre Gasly,middle,3,5.722285672,0,2.722285672
driver,full_partial_pooling,5,"2,4,9",hadjar,Isack Hadjar,high,-10,4.911479183,0,14.91147918
driver,full_partial_pooling,5,"2,4,9",hamilton,Lewis Hamilton,high,3,9.267337212,0,6.267337212
driver,full_partial_pooling,5,"2,4,9",hulkenberg,Nico Hulkenberg,low,-1,0.3258770906,0,1.325877091
driver,full_partial_pooling,5,"2,4,9",lawson,Liam Lawson,middle,11,6.516332867,0,-4.483667133
driver,full_partial_pooling,5,"2,4,9",leclerc,Charles Leclerc,high,6,10.3991757,0,4.399175704
driver,full_partial_pooling,5,"2,4,9",max_verstappen,Max Verstappen,high,2,8.294083426,0,6.294083426
driver,full_partial_pooling,5,"2,4,9",norris,Lando Norris,high,9,8.746892655,0,-0.2531073453
driver,full_partial_pooling,5,"2,4,9",ocon,Esteban Ocon,middle,3,6.516332867,0,3.516332867
driver,full_partial_pooling,5,"2,4,9",perez,Sergio Perez,low,5,3.311672949,0,-1.688327051
driver,full_partial_pooling,5,"2,4,9",piastri,Oscar Piastri,high,6,6.94907478,0,0.9490747795
driver,full_partial_pooling,5,"2,4,9",russell,George Russell,high,9,10.11480026,0,1.11480026
driver,full_partial_pooling,5,"2,4,9",stroll,Lance Stroll,low,3,3.390218902,0,0.3902189015
driver,full_partial_pooling,9,"2,4,5",albon,Alexander Albon,low,7,4.95127882,0,-2.04872118
driver,full_partial_pooling,9,"2,4,5",alonso,Fernando Alonso,low,3,2.722126746,0,-0.2778732543
driver,full_partial_pooling,9,"2,4,5",antonelli,Kimi Antonelli,high,16,9.079259463,0,-6.920740537
driver,full_partial_pooling,9,"2,4,5",arvid_lindblad,Arvid Lindblad,middle,4,0.7756055473,0,-3.224394453
driver,full_partial_pooling,9,"2,4,5",bearman,Oliver Bearman,low,6,3.729014303,0,-2.270985697
driver,full_partial_pooling,9,"2,4,5",bortoleto,Gabriel Bortoleto,middle,3,2.124409234,0,-0.875590766
driver,full_partial_pooling,9,"2,4,5",bottas,Valtteri Bottas,low,2,1.02089541,0,-0.9791045905
driver,full_partial_pooling,9,"2,4,5",colapinto,Franco Colapinto,middle,7,5.022613243,0,-1.977386757
driver,full_partial_pooling,9,"2,4,5",gasly,Pierre Gasly,middle,5,4.965295447,0,-0.03470455314
driver,full_partial_pooling,9,"2,4,5",hadjar,Isack Hadjar,high,3,2.586517529,0,-0.4134824714
driver,full_partial_pooling,9,"2,4,5",hamilton,Lewis Hamilton,high,6,8.065664533,0,2.065664533
driver,full_partial_pooling,9,"2,4,5",hulkenberg,Nico Hulkenberg,low,3,-0.4374087381,0,-3.437408738
driver,full_partial_pooling,9,"2,4,5",lawson,Liam Lawson,middle,6,6.842138727,0,0.8421387269
driver,full_partial_pooling,9,"2,4,5",leclerc,Charles Leclerc,high,8,9.426253196,0,1.426253196
driver,full_partial_pooling,9,"2,4,5",max_verstappen,Max Verstappen,high,3,7.500582966,0,4.500582966
driver,full_partial_pooling,9,"2,4,5",norris,Lando Norris,high,14,7.483724441,0,-6.516275559
driver,full_partial_pooling,9,"2,4,5",ocon,Esteban Ocon,middle,6,5.699281584,0,-0.3007184159
driver,full_partial_pooling,9,"2,4,5",perez,Sergio Perez,low,-3,4.243700478,0,7.243700478
driver,full_partial_pooling,9,"2,4,5",piastri,Oscar Piastri,high,8,6.211064533,0,-1.788935467
driver,full_partial_pooling,9,"2,4,5",russell,George Russell,high,14,8.734175915,0,-5.265824085
driver,full_partial_pooling,9,"2,4,5",stroll,Lance Stroll,low,3,3.336342414,0,0.3363424143
driver,full_partial_pooling,2,"4,5,9",albon,Alexander Albon,low,13,2.922874546,0,-10.07712545
driver,full_partial_pooling,2,"4,5,9",alonso,Fernando Alonso,low,6,2.441477562,0,-3.558522438
driver,full_partial_pooling,2,"4,5,9",antonelli,Kimi Antonelli,high,11,8.78953591,0,-2.21046409
driver,full_partial_pooling,2,"4,5,9",arvid_lindblad,Arvid Lindblad,middle,-4,3.003888644,0,7.003888644
driver,full_partial_pooling,2,"4,5,9",bearman,Oliver Bearman,low,5,3.550689464,0,-1.449310536
driver,full_partial_pooling,2,"4,5,9",bortoleto,Gabriel Bortoleto,middle,6,2.849079017,0,-3.150920983
driver,full_partial_pooling,2,"4,5,9",bottas,Valtteri Bottas,low,-8,1.989389119,0,9.989389119
driver,full_partial_pooling,2,"4,5,9",colapinto,Franco Colapinto,middle,9,4.398020697,0,-4.601979303
driver,full_partial_pooling,2,"4,5,9",hadjar,Isack Hadjar,high,3,3.859629798,0,0.8596297979
driver,full_partial_pooling,2,"4,5,9",hamilton,Lewis Hamilton,high,15,7.015055957,0,-7.984944043
driver,full_partial_pooling,2,"4,5,9",hulkenberg,Nico Hulkenberg,low,-3,1.605542518,0,4.605542518
driver,full_partial_pooling,2,"4,5,9",lawson,Liam Lawson,middle,14,4.587895494,0,-9.412104506
driver,full_partial_pooling,2,"4,5,9",leclerc,Charles Leclerc,high,21,6.852681817,0,-14.14731818
driver,full_partial_pooling,2,"4,5,9",max_verstappen,Max Verstappen,high,15,6.002962621,0,-8.997037379
driver,full_partial_pooling,2,"4,5,9",norris,Lando Norris,high,5,6.565188989,0,1.565188989
driver,full_partial_pooling,2,"4,5,9",ocon,Esteban Ocon,middle,9,4.430000758,0,-4.569999242
driver,full_partial_pooling,2,"4,5,9",perez,Sergio Perez,low,9,2.482879439,0,-6.517120561
driver,full_partial_pooling,2,"4,5,9",piastri,Oscar Piastri,high,7,5.165732125,0,-1.834267875
driver,full_partial_pooling,2,"4,5,9",russell,George Russell,high,12,7.277084888,0,-4.722915112
driver,full_partial_pooling,2,"4,5,9",sainz,Carlos Sainz,middle,12,3.667965268,0,-8.332034732
driver,full_partial_pooling,2,"4,5,9",stroll,Lance Stroll,low,5,1.846919931,0,-3.153080069
driver,full_partial_pooling,4,"2,5,9",albon,Alexander Albon,low,5,3.753865681,0,-1.246134319
driver,full_partial_pooling,4,"2,5,9",alonso,Fernando Alonso,low,10,2.757560316,0,-7.242439684
driver,full_partial_pooling,4,"2,5,9",antonelli,Kimi Antonelli,high,1,12.14087093,0,11.14087093
driver,full_partial_pooling,4,"2,5,9",arvid_lindblad,Arvid Lindblad,middle,-10,4.295468869,0,14.29546887
driver,full_partial_pooling,4,"2,5,9",bearman,Oliver Bearman,low,3,4.520906335,0,1.520906335
driver,full_partial_pooling,4,"2,5,9",bortoleto,Gabriel Bortoleto,middle,-10,4.620306805,0,14.6203068
driver,full_partial_pooling,4,"2,5,9",bottas,Valtteri Bottas,low,1,1.715636391,0,0.7156363915
driver,full_partial_pooling,4,"2,5,9",colapinto,Franco Colapinto,middle,-2,6.180849774,0,8.180849774
driver,full_partial_pooling,4,"2,5,9",gasly,Pierre Gasly,middle,5,5.760959488,0,0.7609594875
driver,full_partial_pooling,4,"2,5,9",hadjar,Isack Hadjar,high,3,5.226266947,0,2.226266947
driver,full_partial_pooling,4,"2,5,9",hamilton,Lewis Hamilton,high,4,9.993174989,0,5.993174989
driver,full_partial_pooling,4,"2,5,9",hulkenberg,Nico Hulkenberg,low,-10,2.407236187,0,12.40723619
driver,full_partial_pooling,4,"2,5,9",lawson,Liam Lawson,middle,4,6.21250613,0,2.21250613
driver,full_partial_pooling,4,"2,5,9",leclerc,Charles Leclerc,high,8,9.645554297,0,1.645554297
driver,full_partial_pooling,4,"2,5,9",max_verstappen,Max Verstappen,high,6,8.461637984,0,2.461637984
driver,full_partial_pooling,4,"2,5,9",norris,Lando Norris,high,13,7.784949339,0,-5.215050661
driver,full_partial_pooling,4,"2,5,9",ocon,Esteban Ocon,middle,9,5.528295604,0,-3.471704396
driver,full_partial_pooling,4,"2,5,9",perez,Sergio Perez,low,4,3.243478762,0,-0.7565212378
driver,full_partial_pooling,4,"2,5,9",piastri,Oscar Piastri,high,9,6.374604362,0,-2.625395638
driver,full_partial_pooling,4,"2,5,9",russell,George Russell,high,10,9.420424306,0,-0.5795756941
driver,full_partial_pooling,4,"2,5,9",sainz,Carlos Sainz,middle,4,4.976241842,0,0.9762418418
driver,full_partial_pooling,4,"2,5,9",stroll,Lance Stroll,low,10,1.550352386,0,-8.449647614
driver,full_partial_pooling,5,"2,4,9",albon,Alexander Albon,low,6,3.830288769,0,-2.169711231
driver,full_partial_pooling,5,"2,4,9",alonso,Fernando Alonso,low,-9,3.859869935,0,12.85986994
driver,full_partial_pooling,5,"2,4,9",antonelli,Kimi Antonelli,high,12,11.13735576,0,-0.862644245
driver,full_partial_pooling,5,"2,4,9",arvid_lindblad,Arvid Lindblad,middle,2,3.66323111,0,1.66323111
driver,full_partial_pooling,5,"2,4,9",bearman,Oliver Bearman,low,2,4.598286897,0,2.598286897
driver,full_partial_pooling,5,"2,4,9",bortoleto,Gabriel Bortoleto,middle,2,3.998767064,0,1.998767064
driver,full_partial_pooling,5,"2,4,9",bottas,Valtteri Bottas,low,6,1.629674248,0,-4.370325752
driver,full_partial_pooling,5,"2,4,9",colapinto,Franco Colapinto,middle,8,5.601588606,0,-2.398411394
driver,full_partial_pooling,5,"2,4,9",gasly,Pierre Gasly,middle,3,5.817922392,0,2.817922392
driver,full_partial_pooling,5,"2,4,9",hadjar,Isack Hadjar,high,-10,5.820222754,0,15.82022275
driver,full_partial_pooling,5,"2,4,9",hamilton,Lewis Hamilton,high,3,9.718858182,0,6.718858182
driver,full_partial_pooling,5,"2,4,9",hulkenberg,Nico Hulkenberg,low,-1,2.057257634,0,3.057257634
driver,full_partial_pooling,5,"2,4,9",lawson,Liam Lawson,middle,11,5.815343966,0,-5.184656034
driver,full_partial_pooling,5,"2,4,9",leclerc,Charles Leclerc,high,6,9.490464236,0,3.490464236
driver,full_partial_pooling,5,"2,4,9",max_verstappen,Max Verstappen,high,2,8.440160831,0,6.440160831
driver,full_partial_pooling,5,"2,4,9",norris,Lando Norris,high,9,7.842370074,0,-1.157629926
driver,full_partial_pooling,5,"2,4,9",ocon,Esteban Ocon,middle,3,5.815343966,0,2.815343966
driver,full_partial_pooling,5,"2,4,9",perez,Sergio Perez,low,5,3.299843065,0,-1.700156935
driver,full_partial_pooling,5,"2,4,9",piastri,Oscar Piastri,high,6,6.45427965,0,0.4542796503
driver,full_partial_pooling,5,"2,4,9",russell,George Russell,high,9,9.228883419,0,0.2288834193
driver,full_partial_pooling,5,"2,4,9",stroll,Lance Stroll,low,3,2.149459284,0,-0.8505407163
driver,full_partial_pooling,9,"2,4,5",albon,Alexander Albon,low,7,3.497289972,0,-3.502710028
driver,full_partial_pooling,9,"2,4,5",alonso,Fernando Alonso,low,3,2.89764005,0,-0.1023599498
driver,full_partial_pooling,9,"2,4,5",antonelli,Kimi Antonelli,high,16,9.60558922,0,-6.39441078
driver,full_partial_pooling,9,"2,4,5",arvid_lindblad,Arvid Lindblad,middle,4,3.033724693,0,-0.966275307
driver,full_partial_pooling,9,"2,4,5",bearman,Oliver Bearman,low,6,3.911286856,0,-2.088713144
driver,full_partial_pooling,9,"2,4,5",bortoleto,Gabriel Bortoleto,middle,3,3.442005714,0,0.4420057143
driver,full_partial_pooling,9,"2,4,5",bottas,Valtteri Bottas,low,2,1.650344042,0,-0.349655958
driver,full_partial_pooling,9,"2,4,5",colapinto,Franco Colapinto,middle,7,5.031672254,0,-1.968327746
driver,full_partial_pooling,9,"2,4,5",gasly,Pierre Gasly,middle,5,5.085329432,0,0.08532943213
driver,full_partial_pooling,9,"2,4,5",hadjar,Isack Hadjar,high,3,4.443318507,0,1.443318507
driver,full_partial_pooling,9,"2,4,5",hamilton,Lewis Hamilton,high,6,8.423258804,0,2.423258804
driver,full_partial_pooling,9,"2,4,5",hulkenberg,Nico Hulkenberg,low,3,1.556307356,0,-1.443692644
driver,full_partial_pooling,9,"2,4,5",lawson,Liam Lawson,middle,6,5.501460696,0,-0.498539304
driver,full_partial_pooling,9,"2,4,5",leclerc,Charles Leclerc,high,8,8.372702899,0,0.3727028987
driver,full_partial_pooling,9,"2,4,5",max_verstappen,Max Verstappen,high,3,7.428331816,0,4.428331816
driver,full_partial_pooling,9,"2,4,5",norris,Lando Norris,high,14,6.768351717,0,-7.231648283
driver,full_partial_pooling,9,"2,4,5",ocon,Esteban Ocon,middle,6,5.080408064,0,-0.9195919356
driver,full_partial_pooling,9,"2,4,5",perez,Sergio Perez,low,-3,3.402815689,0,6.402815689
driver,full_partial_pooling,9,"2,4,5",piastri,Oscar Piastri,high,8,5.678950446,0,-2.321049554
driver,full_partial_pooling,9,"2,4,5",russell,George Russell,high,14,7.983648996,0,-6.016351004
driver,full_partial_pooling,9,"2,4,5",stroll,Lance Stroll,low,3,2.060170202,0,-0.9398297984
driver,full_partial_pooling,2,"4,5,9",albon,Alexander Albon,low,13,2.920866316,0,-10.07913368
driver,full_partial_pooling,2,"4,5,9",alonso,Fernando Alonso,low,6,2.439560501,0,-3.560439499
driver,full_partial_pooling,2,"4,5,9",antonelli,Kimi Antonelli,high,11,8.789414878,0,-2.210585122
driver,full_partial_pooling,2,"4,5,9",arvid_lindblad,Arvid Lindblad,middle,-4,3.002322584,0,7.002322584
driver,full_partial_pooling,2,"4,5,9",bearman,Oliver Bearman,low,5,3.549036793,0,-1.450963207
driver,full_partial_pooling,2,"4,5,9",bortoleto,Gabriel Bortoleto,middle,6,2.847476489,0,-3.152523511
driver,full_partial_pooling,2,"4,5,9",bottas,Valtteri Bottas,low,-8,1.987216785,0,9.987216785
driver,full_partial_pooling,2,"4,5,9",colapinto,Franco Colapinto,middle,9,4.396632872,0,-4.603367128
driver,full_partial_pooling,2,"4,5,9",hadjar,Isack Hadjar,high,3,3.858369154,0,0.8583691538
driver,full_partial_pooling,2,"4,5,9",hamilton,Lewis Hamilton,high,15,7.014602158,0,-7.985397842
driver,full_partial_pooling,2,"4,5,9",hulkenberg,Nico Hulkenberg,low,-3,1.603552522,0,4.603552522
driver,full_partial_pooling,2,"4,5,9",lawson,Liam Lawson,middle,14,4.586425162,0,-9.413574838
driver,full_partial_pooling,2,"4,5,9",leclerc,Charles Leclerc,high,21,6.852001008,0,-14.14799899
driver,full_partial_pooling,2,"4,5,9",max_verstappen,Max Verstappen,high,15,6.002185173,0,-8.997814827
driver,full_partial_pooling,2,"4,5,9",norris,Lando Norris,high,5,6.564142592,0,1.564142592
driver,full_partial_pooling,2,"4,5,9",ocon,Esteban Ocon,middle,9,4.428530425,0,-4.571469575
driver,full_partial_pooling,2,"4,5,9",perez,Sergio Perez,low,9,2.480939586,0,-6.519060414
driver,full_partial_pooling,2,"4,5,9",piastri,Oscar Piastri,high,7,5.164430455,0,-1.835569545
driver,full_partial_pooling,2,"4,5,9",russell,George Russell,high,12,7.276348921,0,-4.723651079
driver,full_partial_pooling,2,"4,5,9",sainz,Carlos Sainz,middle,12,3.660534442,0,-8.339465558
driver,full_partial_pooling,2,"4,5,9",stroll,Lance Stroll,low,5,1.844565258,0,-3.155434742
driver,full_partial_pooling,4,"2,5,9",albon,Alexander Albon,low,5,3.755586536,0,-1.244413464
driver,full_partial_pooling,4,"2,5,9",alonso,Fernando Alonso,low,10,2.759051448,0,-7.240948552
driver,full_partial_pooling,4,"2,5,9",antonelli,Kimi Antonelli,high,1,12.13783654,0,11.13783654
driver,full_partial_pooling,4,"2,5,9",arvid_lindblad,Arvid Lindblad,middle,-10,4.296075571,0,14.29607557
driver,full_partial_pooling,4,"2,5,9",bearman,Oliver Bearman,low,3,4.521731273,0,1.521731273
driver,full_partial_pooling,4,"2,5,9",bortoleto,Gabriel Bortoleto,middle,-10,4.621005396,0,14.6210054
driver,full_partial_pooling,4,"2,5,9",bottas,Valtteri Bottas,low,1,1.717770746,0,0.7177707462
driver,full_partial_pooling,4,"2,5,9",colapinto,Franco Colapinto,middle,-2,6.18100737,0,8.18100737
driver,full_partial_pooling,4,"2,5,9",gasly,Pierre Gasly,middle,5,5.748591495,0,0.7485914951
driver,full_partial_pooling,4,"2,5,9",hadjar,Isack Hadjar,high,3,5.22610408,0,2.22610408
driver,full_partial_pooling,4,"2,5,9",hamilton,Lewis Hamilton,high,4,9.990979081,0,5.990979081
driver,full_partial_pooling,4,"2,5,9",hulkenberg,Nico Hulkenberg,low,-10,2.408911097,0,12.4089111
driver,full_partial_pooling,4,"2,5,9",lawson,Liam Lawson,middle,4,6.212871624,0,2.212871624
driver,full_partial_pooling,4,"2,5,9",leclerc,Charles Leclerc,high,8,9.643930396,0,1.643930396
driver,full_partial_pooling,4,"2,5,9",max_verstappen,Max Verstappen,high,6,8.460257589,0,2.460257589
driver,full_partial_pooling,4,"2,5,9",norris,Lando Norris,high,13,7.784246624,0,-5.215753376
driver,full_partial_pooling,4,"2,5,9",ocon,Esteban Ocon,middle,9,5.528661098,0,-3.471338902
driver,full_partial_pooling,4,"2,5,9",perez,Sergio Perez,low,4,3.245027325,0,-0.7549726747
driver,full_partial_pooling,4,"2,5,9",piastri,Oscar Piastri,high,9,6.37454487,0,-2.62545513
driver,full_partial_pooling,4,"2,5,9",russell,George Russell,high,10,9.418939387,0,-0.5810606125
driver,full_partial_pooling,4,"2,5,9",sainz,Carlos Sainz,middle,4,4.990364312,0,0.9903643125
driver,full_partial_pooling,4,"2,5,9",stroll,Lance Stroll,low,10,1.552946185,0,-8.447053815
driver,full_partial_pooling,5,"2,4,9",albon,Alexander Albon,low,6,3.82690371,0,-2.17309629
driver,full_partial_pooling,5,"2,4,9",alonso,Fernando Alonso,low,-9,3.856482207,0,12.85648221
driver,full_partial_pooling,5,"2,4,9",antonelli,Kimi Antonelli,high,12,11.13391545,0,-0.8660845532
driver,full_partial_pooling,5,"2,4,9",arvid_lindblad,Arvid Lindblad,middle,2,3.659833106,0,1.659833106
driver,full_partial_pooling,5,"2,4,9",bearman,Oliver Bearman,low,2,4.594891428,0,2.594891428
driver,full_partial_pooling,5,"2,4,9",bortoleto,Gabriel Bortoleto,middle,2,3.995370128,0,1.995370128
driver,full_partial_pooling,5,"2,4,9",bottas,Valtteri Bottas,low,6,1.626293994,0,-4.373706006
driver,full_partial_pooling,5,"2,4,9",colapinto,Franco Colapinto,middle,8,5.598185384,0,-2.401814616
driver,full_partial_pooling,5,"2,4,9",gasly,Pierre Gasly,middle,3,5.801614538,0,2.801614538
driver,full_partial_pooling,5,"2,4,9",hadjar,Isack Hadjar,high,-10,5.816815809,0,15.81681581
driver,full_partial_pooling,5,"2,4,9",hamilton,Lewis Hamilton,high,3,9.715427616,0,6.715427616
driver,full_partial_pooling,5,"2,4,9",hulkenberg,Nico Hulkenberg,low,-1,2.053872041,0,3.053872041
driver,full_partial_pooling,5,"2,4,9",lawson,Liam Lawson,middle,11,5.81194316,0,-5.18805684
driver,full_partial_pooling,5,"2,4,9",leclerc,Charles Leclerc,high,6,9.487040315,0,3.487040315
driver,full_partial_pooling,5,"2,4,9",max_verstappen,Max Verstappen,high,2,8.43673974,0,6.43673974
driver,full_partial_pooling,5,"2,4,9",norris,Lando Norris,high,9,7.838956857,0,-1.161043143
driver,full_partial_pooling,5,"2,4,9",ocon,Esteban Ocon,middle,3,5.81194316,0,2.81194316
driver,full_partial_pooling,5,"2,4,9",perez,Sergio Perez,low,5,3.296456004,0,-1.703543996
driver,full_partial_pooling,5,"2,4,9",piastri,Oscar Piastri,high,6,6.450873906,0,0.4508739063
driver,full_partial_pooling,5,"2,4,9",russell,George Russell,high,9,9.225461114,0,0.2254611138
driver,full_partial_pooling,5,"2,4,9",stroll,Lance Stroll,low,3,2.146084367,0,-0.8539156328
driver,full_partial_pooling,9,"2,4,5",albon,Alexander Albon,low,7,3.496053039,0,-3.503946961
driver,full_partial_pooling,9,"2,4,5",alonso,Fernando Alonso,low,3,2.896246695,0,-0.1037533047
driver,full_partial_pooling,9,"2,4,5",antonelli,Kimi Antonelli,high,16,9.60111436,0,-6.39888564
driver,full_partial_pooling,9,"2,4,5",arvid_lindblad,Arvid Lindblad,middle,4,3.031729115,0,-0.968270885
driver,full_partial_pooling,9,"2,4,5",bearman,Oliver Bearman,low,6,3.909439878,0,-2.090560122
driver,full_partial_pooling,9,"2,4,5",bortoleto,Gabriel Bortoleto,middle,3,3.440072705,0,0.440072705
driver,full_partial_pooling,9,"2,4,5",bottas,Valtteri Bottas,low,2,1.649388668,0,-0.3506113324
driver,full_partial_pooling,9,"2,4,5",colapinto,Franco Colapinto,middle,7,5.029370871,0,-1.970629129
driver,full_partial_pooling,9,"2,4,5",gasly,Pierre Gasly,middle,5,5.065473546,0,0.06547354575
driver,full_partial_pooling,9,"2,4,5",hadjar,Isack Hadjar,high,3,4.440798917,0,1.440798917
driver,full_partial_pooling,9,"2,4,5",hamilton,Lewis Hamilton,high,6,8.419354882,0,2.419354882
driver,full_partial_pooling,9,"2,4,5",hulkenberg,Nico Hulkenberg,low,3,1.555039139,0,-1.444960861
driver,full_partial_pooling,9,"2,4,5",lawson,Liam Lawson,middle,6,5.499300875,0,-0.5006991246
driver,full_partial_pooling,9,"2,4,5",leclerc,Charles Leclerc,high,8,8.369188467,0,0.3691884671
driver,full_partial_pooling,9,"2,4,5",max_verstappen,Max Verstappen,high,3,7.424983191,0,4.424983191
driver,full_partial_pooling,9,"2,4,5",norris,Lando Norris,high,14,6.765464536,0,-7.234535464
driver,full_partial_pooling,9,"2,4,5",ocon,Esteban Ocon,middle,6,5.078248244,0,-0.9217517562
driver,full_partial_pooling,9,"2,4,5",perez,Sergio Perez,low,-3,3.401461439,0,6.401461439
driver,full_partial_pooling,9,"2,4,5",piastri,Oscar Piastri,high,8,5.676501245,0,-2.323498755
driver,full_partial_pooling,9,"2,4,5",russell,George Russell,high,14,7.9802292,0,-6.0197708
driver,full_partial_pooling,9,"2,4,5",stroll,Lance Stroll,low,3,2.05952767,0,-0.9404723296
driver,full_partial_pooling,2,"4,5,9",albon,Alexander Albon,low,13,2.916036767,0,-10.08396323
driver,full_partial_pooling,2,"4,5,9",alonso,Fernando Alonso,low,6,2.434950202,0,-3.565049798
driver,full_partial_pooling,2,"4,5,9",antonelli,Kimi Antonelli,high,11,8.789123812,0,-2.210876188
driver,full_partial_pooling,2,"4,5,9",arvid_lindblad,Arvid Lindblad,middle,-4,2.998556399,0,6.998556399
driver,full_partial_pooling,2,"4,5,9",bearman,Oliver Bearman,low,5,3.54506232,0,-1.45493768
driver,full_partial_pooling,2,"4,5,9",bortoleto,Gabriel Bortoleto,middle,6,2.843622604,0,-3.156377396
driver,full_partial_pooling,2,"4,5,9",bottas,Valtteri Bottas,low,-8,1.981992585,0,9.981992585
driver,full_partial_pooling,2,"4,5,9",colapinto,Franco Colapinto,middle,9,4.393295322,0,-4.606704678
driver,full_partial_pooling,2,"4,5,9",hadjar,Isack Hadjar,high,3,3.855337458,0,0.8553374579
driver,full_partial_pooling,2,"4,5,9",hamilton,Lewis Hamilton,high,15,7.013510828,0,-7.986489172
driver,full_partial_pooling,2,"4,5,9",hulkenberg,Nico Hulkenberg,low,-3,1.598766823,0,4.598766823
driver,full_partial_pooling,2,"4,5,9",lawson,Liam Lawson,middle,14,4.58288919,0,-9.41711081
driver,full_partial_pooling,2,"4,5,9",leclerc,Charles Leclerc,high,21,6.850363745,0,-14.14963626
driver,full_partial_pooling,2,"4,5,9",max_verstappen,Max Verstappen,high,15,6.000315504,0,-8.999684496
driver,full_partial_pooling,2,"4,5,9",norris,Lando Norris,high,5,6.561626135,0,1.561626135
driver,full_partial_pooling,2,"4,5,9",ocon,Esteban Ocon,middle,9,4.424994453,0,-4.575005547
driver,full_partial_pooling,2,"4,5,9",perez,Sergio Perez,low,9,2.476274475,0,-6.523725525
driver,full_partial_pooling,2,"4,5,9",piastri,Oscar Piastri,high,7,5.161300096,0,-1.838699904
driver,full_partial_pooling,2,"4,5,9",russell,George Russell,high,12,7.274579011,0,-4.725420989
driver,full_partial_pooling,2,"4,5,9",sainz,Carlos Sainz,middle,12,3.642664206,0,-8.357335794
driver,full_partial_pooling,2,"4,5,9",stroll,Lance Stroll,low,5,1.838902558,0,-3.161097442
driver,full_partial_pooling,4,"2,5,9",albon,Alexander Albon,low,5,3.759673457,0,-1.240326543
driver,full_partial_pooling,4,"2,5,9",alonso,Fernando Alonso,low,10,2.762592794,0,-7.237407206
driver,full_partial_pooling,4,"2,5,9",antonelli,Kimi Antonelli,high,1,12.13063004,0,11.13063004
driver,full_partial_pooling,4,"2,5,9",arvid_lindblad,Arvid Lindblad,middle,-10,4.29751645,0,14.29751645
driver,full_partial_pooling,4,"2,5,9",bearman,Oliver Bearman,low,3,4.523690449,0,1.523690449
driver,full_partial_pooling,4,"2,5,9",bortoleto,Gabriel Bortoleto,middle,-10,4.622664505,0,14.62266451
driver,full_partial_pooling,4,"2,5,9",bottas,Valtteri Bottas,low,1,1.722839704,0,0.7228397039
driver,full_partial_pooling,4,"2,5,9",colapinto,Franco Colapinto,middle,-2,6.181381648,0,8.181381648
driver,full_partial_pooling,4,"2,5,9",gasly,Pierre Gasly,middle,5,5.719218295,0,0.7192182946
driver,full_partial_pooling,4,"2,5,9",hadjar,Isack Hadjar,high,3,5.225717281,0,2.225717281
driver,full_partial_pooling,4,"2,5,9",hamilton,Lewis Hamilton,high,4,9.985763936,0,5.985763936
driver,full_partial_pooling,4,"2,5,9",hulkenberg,Nico Hulkenberg,low,-10,2.412888903,0,12.4128889
driver,full_partial_pooling,4,"2,5,9",lawson,Liam Lawson,middle,4,6.213739649,0,2.213739649
driver,full_partial_pooling,4,"2,5,9",leclerc,Charles Leclerc,high,8,9.640073735,0,1.640073735
driver,full_partial_pooling,4,"2,5,9",max_verstappen,Max Verstappen,high,6,8.456979239,0,2.456979239
driver,full_partial_pooling,4,"2,5,9",norris,Lando Norris,high,13,7.782577722,0,-5.217422278
driver,full_partial_pooling,4,"2,5,9",ocon,Esteban Ocon,middle,9,5.529529122,0,-3.470470878
driver,full_partial_pooling,4,"2,5,9",perez,Sergio Perez,low,4,3.248705065,0,-0.751294935
driver,full_partial_pooling,4,"2,5,9",piastri,Oscar Piastri,high,9,6.374403579,0,-2.625596421
driver,full_partial_pooling,4,"2,5,9",russell,George Russell,high,10,9.4154128,0,-0.5845872001
driver,full_partial_pooling,4,"2,5,9",sainz,Carlos Sainz,middle,4,5.023904288,0,1.023904288
driver,full_partial_pooling,4,"2,5,9",stroll,Lance Stroll,low,10,1.559106294,0,-8.440893706
driver,full_partial_pooling,5,"2,4,9",albon,Alexander Albon,low,6,3.818739345,0,-2.181260655
driver,full_partial_pooling,5,"2,4,9",alonso,Fernando Alonso,low,-9,3.848314479,0,12.84831448
driver,full_partial_pooling,5,"2,4,9",antonelli,Kimi Antonelli,high,12,11.12568146,0,-0.8743185434
driver,full_partial_pooling,5,"2,4,9",arvid_lindblad,Arvid Lindblad,middle,2,3.651652428,0,1.651652428
driver,full_partial_pooling,5,"2,4,9",bearman,Oliver Bearman,low,2,4.586713946,0,2.586713946
driver,full_partial_pooling,5,"2,4,9",bortoleto,Gabriel Bortoleto,middle,2,3.987190795,0,1.987190795
driver,full_partial_pooling,5,"2,4,9",bottas,Valtteri Bottas,low,6,1.618135683,0,-4.381864317
driver,full_partial_pooling,5,"2,4,9",colapinto,Franco Colapinto,middle,8,5.58999813,0,-2.41000187
driver,full_partial_pooling,5,"2,4,9",gasly,Pierre Gasly,middle,3,5.762556714,0,2.762556714
driver,full_partial_pooling,5,"2,4,9",hadjar,Isack Hadjar,high,-10,5.808623863,0,15.80862386
driver,full_partial_pooling,5,"2,4,9",hamilton,Lewis Hamilton,high,3,9.707205902,0,6.707205902
driver,full_partial_pooling,5,"2,4,9",hulkenberg,Nico Hulkenberg,low,-1,2.045707003,0,3.045707003
driver,full_partial_pooling,5,"2,4,9",lawson,Liam Lawson,middle,11,5.80375895,0,-5.19624105
driver,full_partial_pooling,5,"2,4,9",leclerc,Charles Leclerc,high,6,9.478826977,0,3.478826977
driver,full_partial_pooling,5,"2,4,9",max_verstappen,Max Verstappen,high,2,8.428529967,0,6.428529967
driver,full_partial_pooling,5,"2,4,9",norris,Lando Norris,high,9,7.830757006,0,-1.169242994
driver,full_partial_pooling,5,"2,4,9",ocon,Esteban Ocon,middle,3,5.80375895,0,2.80375895
driver,full_partial_pooling,5,"2,4,9",perez,Sergio Perez,low,5,3.288289116,0,-1.711710884
driver,full_partial_pooling,5,"2,4,9",piastri,Oscar Piastri,high,6,6.442683474,0,0.4426834738
driver,full_partial_pooling,5,"2,4,9",russell,George Russell,high,9,9.217249811,0,0.2172498107
driver,full_partial_pooling,5,"2,4,9",stroll,Lance Stroll,low,3,2.137932784,0,-0.8620672164
driver,full_partial_pooling,9,"2,4,5",albon,Alexander Albon,low,7,3.493032642,0,-3.506967358
driver,full_partial_pooling,9,"2,4,5",alonso,Fernando Alonso,low,3,2.892856654,0,-0.1071433462
driver,full_partial_pooling,9,"2,4,5",antonelli,Kimi Antonelli,high,16,9.590442309,0,-6.409557691
driver,full_partial_pooling,9,"2,4,5",arvid_lindblad,Arvid Lindblad,middle,4,3.02691594,0,-0.9730840603
driver,full_partial_pooling,9,"2,4,5",bearman,Oliver Bearman,low,6,3.904977866,0,-2.095022134
driver,full_partial_pooling,9,"2,4,5",bortoleto,Gabriel Bortoleto,middle,3,3.435407388,0,0.4354073878
driver,full_partial_pooling,9,"2,4,5",bottas,Valtteri Bottas,low,2,1.647033633,0,-0.3529663675
driver,full_partial_pooling,9,"2,4,5",colapinto,Franco Colapinto,middle,7,5.02383504,0,-1.97616496
driver,full_partial_pooling,9,"2,4,5",gasly,Pierre Gasly,middle,5,5.018089263,0,0.01808926309
driver,full_partial_pooling,9,"2,4,5",hadjar,Isack Hadjar,high,3,4.43474743,0,1.43474743
driver,full_partial_pooling,9,"2,4,5",hamilton,Lewis Hamilton,high,6,8.410032036,0,2.410032036
driver,full_partial_pooling,9,"2,4,5",hulkenberg,Nico Hulkenberg,low,3,1.551944813,0,-1.448055187
driver,full_partial_pooling,9,"2,4,5",lawson,Liam Lawson,middle,6,5.494099573,0,-0.5059004273
driver,full_partial_pooling,9,"2,4,5",leclerc,Charles Leclerc,high,8,8.360786038,0,0.3607860375
driver,full_partial_pooling,9,"2,4,5",max_verstappen,Max Verstappen,high,3,7.416972585,0,4.416972585
driver,full_partial_pooling,9,"2,4,5",norris,Lando Norris,high,14,6.758544384,0,-7.241455616
driver,full_partial_pooling,9,"2,4,5",ocon,Esteban Ocon,middle,6,5.073046941,0,-0.9269530589
driver,full_partial_pooling,9,"2,4,5",perez,Sergio Perez,low,-3,3.398163809,0,6.398163809
driver,full_partial_pooling,9,"2,4,5",piastri,Oscar Piastri,high,8,5.670616099,0,-2.329383901
driver,full_partial_pooling,9,"2,4,5",russell,George Russell,high,14,7.972050405,0,-6.027949595
driver,full_partial_pooling,9,"2,4,5",stroll,Lance Stroll,low,3,2.057911926,0,-0.9420880745
constructor,constant,2,"4,5,9",alpine,Alpine,middle,9,8.1875,0,-0.8125
constructor,constant,2,"4,5,9",aston_martin,Aston Martin,low,11,8.1875,0,-2.8125
constructor,constant,2,"4,5,9",audi,Audi,middle,3,8.1875,0,5.1875
constructor,constant,2,"4,5,9",cadillac,Cadillac,low,1,8.1875,0,7.1875
constructor,constant,2,"4,5,9",ferrari,Ferrari,high,36,8.1875,0,-27.8125
constructor,constant,2,"4,5,9",haas,Haas F1 Team,middle,14,8.1875,0,-5.8125
constructor,constant,2,"4,5,9",mclaren,McLaren,high,12,8.1875,0,-3.8125
constructor,constant,2,"4,5,9",mercedes,Mercedes,high,23,8.1875,0,-14.8125
constructor,constant,2,"4,5,9",rb,Racing Bulls,middle,10,8.1875,0,-1.8125
constructor,constant,2,"4,5,9",red_bull,Red Bull Racing,high,18,8.1875,0,-9.8125
constructor,constant,2,"4,5,9",williams,Williams,low,25,8.1875,0,-16.8125
constructor,constant,4,"2,5,9",alpine,Alpine,middle,3,11.15625,0,8.15625
constructor,constant,4,"2,5,9",aston_martin,Aston Martin,low,20,11.15625,0,-8.84375
constructor,constant,4,"2,5,9",audi,Audi,middle,-30,11.15625,0,41.15625
constructor,constant,4,"2,5,9",cadillac,Cadillac,low,5,11.15625,0,6.15625
constructor,constant,4,"2,5,9",ferrari,Ferrari,high,12,11.15625,0,-0.84375
constructor,constant,4,"2,5,9",haas,Haas F1 Team,middle,12,11.15625,0,-0.84375
constructor,constant,4,"2,5,9",mclaren,McLaren,high,22,11.15625,0,-10.84375
constructor,constant,4,"2,5,9",mercedes,Mercedes,high,11,11.15625,0,0.15625
constructor,constant,4,"2,5,9",rb,Racing Bulls,middle,-6,11.15625,0,17.15625
constructor,constant,4,"2,5,9",red_bull,Red Bull Racing,high,9,11.15625,0,2.15625
constructor,constant,4,"2,5,9",williams,Williams,low,9,11.15625,0,2.15625
constructor,constant,5,"2,4,9",alpine,Alpine,middle,11,10.8125,0,-0.1875
constructor,constant,5,"2,4,9",aston_martin,Aston Martin,low,-6,10.8125,0,16.8125
constructor,constant,5,"2,4,9",audi,Audi,middle,1,10.8125,0,9.8125
constructor,constant,5,"2,4,9",cadillac,Cadillac,low,11,10.8125,0,-0.1875
constructor,constant,5,"2,4,9",ferrari,Ferrari,high,9,10.8125,0,1.8125
constructor,constant,5,"2,4,9",haas,Haas F1 Team,middle,5,10.8125,0,5.8125
constructor,constant,5,"2,4,9",mclaren,McLaren,high,15,10.8125,0,-4.1875
constructor,constant,5,"2,4,9",mercedes,Mercedes,high,21,10.8125,0,-10.1875
constructor,constant,5,"2,4,9",rb,Racing Bulls,middle,13,10.8125,0,-2.1875
constructor,constant,5,"2,4,9",red_bull,Red Bull Racing,high,-8,10.8125,0,18.8125
constructor,constant,5,"2,4,9",williams,Williams,low,6,10.8125,0,4.8125
constructor,constant,9,"2,4,5",alpine,Alpine,middle,12,9.303030303,0,-2.696969697
constructor,constant,9,"2,4,5",aston_martin,Aston Martin,low,6,9.303030303,0,3.303030303
constructor,constant,9,"2,4,5",audi,Audi,middle,6,9.303030303,0,3.303030303
constructor,constant,9,"2,4,5",cadillac,Cadillac,low,-1,9.303030303,0,10.3030303
constructor,constant,9,"2,4,5",ferrari,Ferrari,high,14,9.303030303,0,-4.696969697
constructor,constant,9,"2,4,5",haas,Haas F1 Team,middle,12,9.303030303,0,-2.696969697
constructor,constant,9,"2,4,5",mclaren,McLaren,high,22,9.303030303,0,-12.6969697
constructor,constant,9,"2,4,5",mercedes,Mercedes,high,30,9.303030303,0,-20.6969697
constructor,constant,9,"2,4,5",rb,Racing Bulls,middle,10,9.303030303,0,-0.696969697
constructor,constant,9,"2,4,5",red_bull,Red Bull Racing,high,6,9.303030303,0,3.303030303
constructor,strength_only,2,"4,5,9",alpine,Alpine,middle,9,8.431161405,0,-0.5688385947
constructor,strength_only,2,"4,5,9",aston_martin,Aston Martin,low,11,1.651017954,0,-9.348982046
constructor,strength_only,2,"4,5,9",audi,Audi,middle,3,5.041089679,0,2.041089679
constructor,strength_only,2,"4,5,9",cadillac,Cadillac,low,1,2.329032299,0,1.329032299
constructor,strength_only,2,"4,5,9",ferrari,Ferrari,high,36,12.83825465,0,-23.16174535
constructor,strength_only,2,"4,5,9",haas,Haas F1 Team,middle,14,6.39711837,0,-7.60288163
constructor,strength_only,2,"4,5,9",mclaren,McLaren,high,12,11.48222596,0,-0.5177740414
constructor,strength_only,2,"4,5,9",mercedes,Mercedes,high,23,14.87229768,0,-8.127702316
constructor,strength_only,2,"4,5,9",rb,Racing Bulls,middle,10,8.770168578,0,-1.229831422
constructor,strength_only,2,"4,5,9",red_bull,Red Bull Racing,high,18,12.1602403,0,-5.839759696
constructor,strength_only,2,"4,5,9",williams,Williams,low,25,5.041089679,0,-19.95891032
constructor,strength_only,4,"2,5,9",alpine,Alpine,middle,3,11.45542478,0,8.455424782
constructor,strength_only,4,"2,5,9",aston_martin,Aston Martin,low,20,3.130561276,0,-16.86943872
constructor,strength_only,4,"2,5,9",audi,Audi,middle,-30,7.292993029,0,37.29299303
constructor,strength_only,4,"2,5,9",cadillac,Cadillac,low,5,3.963047626,0,-1.036952374
constructor,strength_only,4,"2,5,9",ferrari,Ferrari,high,12,16.86658606,0,4.866586062
constructor,strength_only,4,"2,5,9",haas,Haas F1 Team,middle,12,8.95796573,0,-3.04203427
constructor,strength_only,4,"2,5,9",mclaren,McLaren,high,22,15.20161336,0,-6.79838664
constructor,strength_only,4,"2,5,9",mercedes,Mercedes,high,11,19.36404511,0,8.364045114
constructor,strength_only,4,"2,5,9",rb,Racing Bulls,middle,-6,11.87166796,0,17.87166796
constructor,strength_only,4,"2,5,9",red_bull,Red Bull Racing,high,9,16.03409971,0,7.034099711
constructor,strength_only,4,"2,5,9",williams,Williams,low,9,7.292993029,0,-1.707006971
constructor,strength_only,5,"2,4,9",alpine,Alpine,middle,11,11.09691497,0,0.09691496798
constructor,strength_only,5,"2,4,9",aston_martin,Aston Martin,low,-6,3.182759337,0,9.182759337
constructor,strength_only,5,"2,4,9",audi,Audi,middle,1,7.139837153,0,6.139837153
constructor,strength_only,5,"2,4,9",cadillac,Cadillac,low,11,3.9741749,0,-7.0258251
constructor,strength_only,5,"2,4,9",ferrari,Ferrari,high,9,16.24111613,0,7.241116128
constructor,strength_only,5,"2,4,9",haas,Haas F1 Team,middle,5,8.722668279,0,3.722668279
constructor,strength_only,5,"2,4,9",mclaren,McLaren,high,15,14.658285,0,-0.3417149982
constructor,strength_only,5,"2,4,9",mercedes,Mercedes,high,21,18.61536282,0,-2.384637183
constructor,strength_only,5,"2,4,9",rb,Racing Bulls,middle,13,11.49262275,0,-1.50737725
constructor,strength_only,5,"2,4,9",red_bull,Red Bull Racing,high,-8,15.44970056,0,23.44970056
constructor,strength_only,5,"2,4,9",williams,Williams,low,6,7.139837153,0,1.139837153
constructor,strength_only,9,"2,4,5",alpine,Alpine,middle,12,9.625662091,0,-2.374337909
constructor,strength_only,9,"2,4,5",aston_martin,Aston Martin,low,6,3.173026339,0,-2.826973661
constructor,strength_only,9,"2,4,5",audi,Audi,middle,6,6.399344215,0,0.399344215
constructor,strength_only,9,"2,4,5",cadillac,Cadillac,low,-1,3.818289915,0,4.818289915
constructor,strength_only,9,"2,4,5",ferrari,Ferrari,high,14,13.81987533,0,-0.1801246712
constructor,strength_only,9,"2,4,5",haas,Haas F1 Team,middle,12,7.689871365,0,-4.310128635
constructor,strength_only,9,"2,4,5",mclaren,McLaren,high,22,12.52934818,0,-9.470651821
constructor,strength_only,9,"2,4,5",mercedes,Mercedes,high,30,15.75566605,0,-14.24433395
constructor,strength_only,9,"2,4,5",rb,Racing Bulls,middle,10,9.948293878,0,-0.05170612186
constructor,strength_only,9,"2,4,5",red_bull,Red Bull Racing,high,6,13.17461175,0,7.174611754
constructor,strength_event,2,"4,5,9",alpine,Alpine,middle,9,8.500227436,0,-0.4997725644
constructor,strength_event,2,"4,5,9",aston_martin,Aston Martin,low,11,1.806471059,0,-9.193528941
constructor,strength_event,2,"4,5,9",audi,Audi,middle,3,5.153349247,0,2.153349247
constructor,strength_event,2,"4,5,9",cadillac,Cadillac,low,1,2.475846697,0,1.475846697
constructor,strength_event,2,"4,5,9",ferrari,Ferrari,high,36,12.85116908,0,-23.14883092
constructor,strength_event,2,"4,5,9",haas,Haas F1 Team,middle,14,6.492100523,0,-7.507899477
constructor,strength_event,2,"4,5,9",mclaren,McLaren,high,12,11.51241781,0,-0.4875821949
constructor,strength_event,2,"4,5,9",mercedes,Mercedes,high,23,14.85929599,0,-8.140704007
constructor,strength_event,2,"4,5,9",rb,Racing Bulls,middle,10,8.834915254,0,-1.165084746
constructor,strength_event,2,"4,5,9",red_bull,Red Bull Racing,high,18,12.18179344,0,-5.818206557
constructor,strength_event,2,"4,5,9",williams,Williams,low,25,5.153349247,0,-19.84665075
constructor,strength_event,4,"2,5,9",alpine,Alpine,middle,3,11.46140971,0,8.461409713
constructor,strength_event,4,"2,5,9",aston_martin,Aston Martin,low,20,3.144032095,0,-16.8559679
constructor,strength_event,4,"2,5,9",audi,Audi,middle,-30,7.302720904,0,37.3027209
constructor,strength_event,4,"2,5,9",cadillac,Cadillac,low,5,3.975769857,0,-1.024230143
constructor,strength_event,4,"2,5,9",ferrari,Ferrari,high,12,16.86770516,0,4.867705164
constructor,strength_event,4,"2,5,9",haas,Haas F1 Team,middle,12,8.966196428,0,-3.033803572
constructor,strength_event,4,"2,5,9",mclaren,McLaren,high,22,15.20422964,0,-6.795770359
constructor,strength_event,4,"2,5,9",mercedes,Mercedes,high,11,19.36291845,0,8.362918449
constructor,strength_event,4,"2,5,9",rb,Racing Bulls,middle,-6,11.87727859,0,17.87727859
constructor,strength_event,4,"2,5,9",red_bull,Red Bull Racing,high,9,16.0359674,0,7.035967403
constructor,strength_event,4,"2,5,9",williams,Williams,low,9,7.302720904,0,-1.697279096
constructor,strength_event,5,"2,4,9",alpine,Alpine,middle,11,11.11035402,0,0.1103540201
constructor,strength_event,5,"2,4,9",aston_martin,Aston Martin,low,-6,3.213007816,0,9.213007816
constructor,strength_event,5,"2,4,9",audi,Audi,middle,1,7.161680918,0,6.161680918
constructor,strength_event,5,"2,4,9",cadillac,Cadillac,low,11,4.002742437,0,-6.997257563
constructor,strength_event,5,"2,4,9",ferrari,Ferrari,high,9,16.24362905,0,7.243629052
constructor,strength_event,5,"2,4,9",haas,Haas F1 Team,middle,5,8.741150159,0,3.741150159
constructor,strength_event,5,"2,4,9",mclaren,McLaren,high,15,14.66415981,0,-0.3358401883
constructor,strength_event,5,"2,4,9",mercedes,Mercedes,high,21,18.61283291,0,-2.387167087
constructor,strength_event,5,"2,4,9",rb,Racing Bulls,middle,13,11.50522133,0,-1.49477867
constructor,strength_event,5,"2,4,9",red_bull,Red Bull Racing,high,-8,15.45389443,0,23.45389443
constructor,strength_event,5,"2,4,9",williams,Williams,low,6,7.161680918,0,1.161680918
constructor,strength_event,9,"2,4,5",alpine,Alpine,middle,12,9.625662091,0,-2.374337909
constructor,strength_event,9,"2,4,5",aston_martin,Aston Martin,low,6,3.173026339,0,-2.826973661
constructor,strength_event,9,"2,4,5",audi,Audi,middle,6,6.399344215,0,0.399344215
constructor,strength_event,9,"2,4,5",cadillac,Cadillac,low,-1,3.818289915,0,4.818289915
constructor,strength_event,9,"2,4,5",ferrari,Ferrari,high,14,13.81987533,0,-0.1801246712
constructor,strength_event,9,"2,4,5",haas,Haas F1 Team,middle,12,7.689871365,0,-4.310128635
constructor,strength_event,9,"2,4,5",mclaren,McLaren,high,22,12.52934818,0,-9.470651821
constructor,strength_event,9,"2,4,5",mercedes,Mercedes,high,30,15.75566605,0,-14.24433395
constructor,strength_event,9,"2,4,5",rb,Racing Bulls,middle,10,9.948293878,0,-0.05170612186
constructor,strength_event,9,"2,4,5",red_bull,Red Bull Racing,high,6,13.17461175,0,7.174611754
constructor,personal_mean,2,"4,5,9",alpine,Alpine,middle,9,8.666666667,0,-0.3333333333
constructor,personal_mean,2,"4,5,9",aston_martin,Aston Martin,low,11,6.666666667,0,-4.333333333
constructor,personal_mean,2,"4,5,9",audi,Audi,middle,3,-7.666666667,0,-10.66666667
constructor,personal_mean,2,"4,5,9",cadillac,Cadillac,low,1,5,0,4
constructor,personal_mean,2,"4,5,9",ferrari,Ferrari,high,36,11.66666667,0,-24.33333333
constructor,personal_mean,2,"4,5,9",haas,Haas F1 Team,middle,14,9.666666667,0,-4.333333333
constructor,personal_mean,2,"4,5,9",mclaren,McLaren,high,12,19.66666667,0,7.666666667
constructor,personal_mean,2,"4,5,9",mercedes,Mercedes,high,23,20.66666667,0,-2.333333333
constructor,personal_mean,2,"4,5,9",rb,Racing Bulls,middle,10,5.666666667,0,-4.333333333
constructor,personal_mean,2,"4,5,9",red_bull,Red Bull Racing,high,18,2.333333333,0,-15.66666667
constructor,personal_mean,2,"4,5,9",williams,Williams,low,25,7.5,0,-17.5
constructor,personal_mean,4,"2,5,9",alpine,Alpine,middle,3,10.66666667,0,7.666666667
constructor,personal_mean,4,"2,5,9",aston_martin,Aston Martin,low,20,3.666666667,0,-16.33333333
constructor,personal_mean,4,"2,5,9",audi,Audi,middle,-30,3.333333333,0,33.33333333
constructor,personal_mean,4,"2,5,9",cadillac,Cadillac,low,5,3.666666667,0,-1.333333333
constructor,personal_mean,4,"2,5,9",ferrari,Ferrari,high,12,19.66666667,0,7.666666667
constructor,personal_mean,4,"2,5,9",haas,Haas F1 Team,middle,12,10.33333333,0,-1.666666667
constructor,personal_mean,4,"2,5,9",mclaren,McLaren,high,22,16.33333333,0,-5.666666667
constructor,personal_mean,4,"2,5,9",mercedes,Mercedes,high,11,24.66666667,0,13.66666667
constructor,personal_mean,4,"2,5,9",rb,Racing Bulls,middle,-6,11,0,17
constructor,personal_mean,4,"2,5,9",red_bull,Red Bull Racing,high,9,5.333333333,0,-3.666666667
constructor,personal_mean,4,"2,5,9",williams,Williams,low,9,15.5,0,6.5
constructor,personal_mean,5,"2,4,9",alpine,Alpine,middle,11,8,0,-3
constructor,personal_mean,5,"2,4,9",aston_martin,Aston Martin,low,-6,12.33333333,0,18.33333333
constructor,personal_mean,5,"2,4,9",audi,Audi,middle,1,-7,0,-8
constructor,personal_mean,5,"2,4,9",cadillac,Cadillac,low,11,1.666666667,0,-9.333333333
constructor,personal_mean,5,"2,4,9",ferrari,Ferrari,high,9,20.66666667,0,11.66666667
constructor,personal_mean,5,"2,4,9",haas,Haas F1 Team,middle,5,12.66666667,0,7.666666667
constructor,personal_mean,5,"2,4,9",mclaren,McLaren,high,15,18.66666667,0,3.666666667
constructor,personal_mean,5,"2,4,9",mercedes,Mercedes,high,21,21.33333333,0,0.3333333333
constructor,personal_mean,5,"2,4,9",rb,Racing Bulls,middle,13,4.666666667,0,-8.333333333
constructor,personal_mean,5,"2,4,9",red_bull,Red Bull Racing,high,-8,11,0,19
constructor,personal_mean,5,"2,4,9",williams,Williams,low,6,17,0,11
constructor,personal_mean,9,"2,4,5",alpine,Alpine,middle,12,7.666666667,0,-4.333333333
constructor,personal_mean,9,"2,4,5",aston_martin,Aston Martin,low,6,8.333333333,0,2.333333333
constructor,personal_mean,9,"2,4,5",audi,Audi,middle,6,-8.666666667,0,-14.66666667
constructor,personal_mean,9,"2,4,5",cadillac,Cadillac,low,-1,5.666666667,0,6.666666667
constructor,personal_mean,9,"2,4,5",ferrari,Ferrari,high,14,19,0,5
constructor,personal_mean,9,"2,4,5",haas,Haas F1 Team,middle,12,10.33333333,0,-1.666666667
constructor,personal_mean,9,"2,4,5",mclaren,McLaren,high,22,16.33333333,0,-5.666666667
constructor,personal_mean,9,"2,4,5",mercedes,Mercedes,high,30,18.33333333,0,-11.66666667
constructor,personal_mean,9,"2,4,5",rb,Racing Bulls,middle,10,5.666666667,0,-4.333333333
constructor,personal_mean,9,"2,4,5",red_bull,Red Bull Racing,high,6,6.333333333,0,0.3333333333
constructor,shrunk_personal_mean,2,"4,5,9",alpine,Alpine,middle,9,8.50778656,0,-0.4922134397
constructor,shrunk_personal_mean,2,"4,5,9",aston_martin,Aston Martin,low,11,3.282934191,0,-7.717065809
constructor,shrunk_personal_mean,2,"4,5,9",audi,Audi,middle,3,0.9064313113,0,-2.093568689
constructor,shrunk_personal_mean,2,"4,5,9",cadillac,Cadillac,low,1,3.198071542,0,2.198071542
constructor,shrunk_personal_mean,2,"4,5,9",ferrari,Ferrari,high,36,12.457061,0,-23.542939
constructor,shrunk_personal_mean,2,"4,5,9",haas,Haas F1 Team,middle,14,7.460914752,0,-6.539085248
constructor,shrunk_personal_mean,2,"4,5,9",mclaren,McLaren,high,12,14.14515601,0,2.14515601
constructor,shrunk_personal_mean,2,"4,5,9",mercedes,Mercedes,high,23,16.75758219,0,-6.242417805
constructor,shrunk_personal_mean,2,"4,5,9",rb,Racing Bulls,middle,10,7.760397868,0,-2.239602132
constructor,shrunk_personal_mean,2,"4,5,9",red_bull,Red Bull Racing,high,18,8.962909317,0,-9.037090683
constructor,shrunk_personal_mean,2,"4,5,9",williams,Williams,low,25,5.63933444,0,-19.36066556
constructor,shrunk_personal_mean,4,"2,5,9",alpine,Alpine,middle,3,11.45542478,0,8.455424782
constructor,shrunk_personal_mean,4,"2,5,9",aston_martin,Aston Martin,low,20,3.130561276,0,-16.86943872
constructor,shrunk_personal_mean,4,"2,5,9",audi,Audi,middle,-30,7.292993029,0,37.29299303
constructor,shrunk_personal_mean,4,"2,5,9",cadillac,Cadillac,low,5,3.963047626,0,-1.036952374
constructor,shrunk_personal_mean,4,"2,5,9",ferrari,Ferrari,high,12,16.86658606,0,4.866586062
constructor,shrunk_personal_mean,4,"2,5,9",haas,Haas F1 Team,middle,12,8.95796573,0,-3.04203427
constructor,shrunk_personal_mean,4,"2,5,9",mclaren,McLaren,high,22,15.20161336,0,-6.79838664
constructor,shrunk_personal_mean,4,"2,5,9",mercedes,Mercedes,high,11,19.36404511,0,8.364045114
constructor,shrunk_personal_mean,4,"2,5,9",rb,Racing Bulls,middle,-6,11.87166796,0,17.87166796
constructor,shrunk_personal_mean,4,"2,5,9",red_bull,Red Bull Racing,high,9,16.03409971,0,7.034099711
constructor,shrunk_personal_mean,4,"2,5,9",williams,Williams,low,9,7.292993029,0,-1.707006971
constructor,shrunk_personal_mean,5,"2,4,9",alpine,Alpine,middle,11,9.943484531,0,-1.056515469
constructor,shrunk_personal_mean,5,"2,4,9",aston_martin,Aston Martin,low,-6,6.590844697,0,12.5908447
constructor,shrunk_personal_mean,5,"2,4,9",audi,Audi,middle,1,1.873525771,0,0.873525771
constructor,shrunk_personal_mean,5,"2,4,9",cadillac,Cadillac,low,11,3.11475504,0,-7.88524496
constructor,shrunk_personal_mean,5,"2,4,9",ferrari,Ferrari,high,9,17.88939021,0,8.889390215
constructor,shrunk_personal_mean,5,"2,4,9",haas,Haas F1 Team,middle,5,10.19159068,0,5.191590684
constructor,shrunk_personal_mean,5,"2,4,9",mclaren,McLaren,high,15,16.15118664,0,1.151186635
constructor,shrunk_personal_mean,5,"2,4,9",mercedes,Mercedes,high,21,19.62765729,0,-1.372342705
constructor,shrunk_personal_mean,5,"2,4,9",rb,Racing Bulls,middle,13,8.950329665,0,-4.049670335
constructor,shrunk_personal_mean,5,"2,4,9",red_bull,Red Bull Racing,high,-8,13.79243192,0,21.79243192
constructor,shrunk_personal_mean,5,"2,4,9",williams,Williams,low,6,9.935111192,0,3.935111192
constructor,shrunk_personal_mean,9,"2,4,5",alpine,Alpine,middle,12,9.398138653,0,-2.601861347
constructor,shrunk_personal_mean,9,"2,4,5",aston_martin,Aston Martin,low,6,3.772359432,0,-2.227640568
constructor,shrunk_personal_mean,9,"2,4,5",audi,Audi,middle,6,4.649533806,0,-1.350466194
constructor,shrunk_personal_mean,9,"2,4,5",cadillac,Cadillac,low,-1,4.032965777,0,5.032965777
constructor,shrunk_personal_mean,9,"2,4,5",ferrari,Ferrari,high,14,14.4215101,0,0.4215101039
constructor,shrunk_personal_mean,9,"2,4,5",haas,Haas F1 Team,middle,12,7.996890742,0,-4.003109258
constructor,shrunk_personal_mean,9,"2,4,5",mclaren,McLaren,high,22,12.9711541,0,-9.0288459
constructor,shrunk_personal_mean,9,"2,4,5",mercedes,Mercedes,high,30,16.05504384,0,-13.94495616
constructor,shrunk_personal_mean,9,"2,4,5",rb,Racing Bulls,middle,10,9.451013216,0,-0.5489867836
constructor,shrunk_personal_mean,9,"2,4,5",red_bull,Red Bull Racing,high,6,12.38004574,0,6.380045741
constructor,partial_asset,2,"4,5,9",alpine,Alpine,middle,9,8.619661573,0,-0.3803384265
constructor,partial_asset,2,"4,5,9",aston_martin,Aston Martin,low,11,5.439474112,0,-5.560525888
constructor,partial_asset,2,"4,5,9",audi,Audi,middle,3,-4.470432157,0,-7.470432157
constructor,partial_asset,2,"4,5,9",cadillac,Cadillac,low,1,4.357492858,0,3.357492858
constructor,partial_asset,2,"4,5,9",ferrari,Ferrari,high,36,11.96178342,0,-24.03821658
constructor,partial_asset,2,"4,5,9",haas,Haas F1 Team,middle,14,8.865605335,0,-5.134394665
constructor,partial_asset,2,"4,5,9",mclaren,McLaren,high,12,17.62574593,0,5.625745931
constructor,partial_asset,2,"4,5,9",mercedes,Mercedes,high,23,19.21583966,0,-3.784160338
constructor,partial_asset,2,"4,5,9",rb,Racing Bulls,middle,10,6.453670947,0,-3.546329053
constructor,partial_asset,2,"4,5,9",red_bull,Red Bull Racing,high,18,4.793764677,0,-13.20623532
constructor,partial_asset,2,"4,5,9",williams,Williams,low,25,6.706090457,0,-18.29390954
constructor,partial_asset,4,"2,5,9",alpine,Alpine,middle,3,10.9034783,0,7.903478301
constructor,partial_asset,4,"2,5,9",aston_martin,Aston Martin,low,20,3.621821343,0,-16.37817866
constructor,partial_asset,4,"2,5,9",audi,Audi,middle,-30,4.387649822,0,34.38764982
constructor,partial_asset,4,"2,5,9",cadillac,Cadillac,low,5,3.824987038,0,-1.175012962
constructor,partial_asset,4,"2,5,9",ferrari,Ferrari,high,12,18.97405532,0,6.974055323
constructor,partial_asset,4,"2,5,9",haas,Haas F1 Team,middle,12,10.04398121,0,-1.956018787
constructor,partial_asset,4,"2,5,9",mclaren,McLaren,high,22,16.06772393,0,-5.932276068
constructor,partial_asset,4,"2,5,9",mercedes,Mercedes,high,11,23.33355241,0,12.33355241
constructor,partial_asset,4,"2,5,9",rb,Racing Bulls,middle,-6,11.25506115,0,17.25506115
constructor,partial_asset,4,"2,5,9",red_bull,Red Bull Racing,high,9,8.020889628,0,-0.9791103724
constructor,partial_asset,4,"2,5,9",williams,Williams,low,9,12.85019976,0,3.850199762
constructor,partial_asset,5,"2,4,9",alpine,Alpine,middle,11,8.821832017,0,-2.178167983
constructor,partial_asset,5,"2,4,9",aston_martin,Aston Martin,low,-6,10.15283479,0,16.15283479
constructor,partial_asset,5,"2,4,9",audi,Audi,middle,1,-3.387666596,0,-4.387666596
constructor,partial_asset,5,"2,4,9",cadillac,Cadillac,low,11,2.344734515,0,-8.655265485
constructor,partial_asset,5,"2,4,9",ferrari,Ferrari,high,9,19.56918021,0,10.56918021
constructor,partial_asset,5,"2,4,9",haas,Haas F1 Team,middle,5,11.74613285,0,6.746132849
constructor,partial_asset,5,"2,4,9",mclaren,McLaren,high,15,17.68538077,0,2.685380768
constructor,partial_asset,5,"2,4,9",mercedes,Mercedes,high,21,20.64487938,0,-0.3551206197
constructor,partial_asset,5,"2,4,9",rb,Racing Bulls,middle,13,6.417781878,0,-6.582218122
constructor,partial_asset,5,"2,4,9",red_bull,Red Bull Racing,high,-8,12.12728049,0,20.12728049
constructor,partial_asset,5,"2,4,9",williams,Williams,low,6,13.81644454,0,7.816444539
constructor,partial_asset,9,"2,4,5",alpine,Alpine,middle,12,8.156415523,0,-3.843584477
constructor,partial_asset,9,"2,4,5",aston_martin,Aston Martin,low,6,7.043256585,0,1.043256585
constructor,partial_asset,9,"2,4,5",audi,Audi,middle,6,-4.900163946,0,-10.90016395
constructor,partial_asset,9,"2,4,5",cadillac,Cadillac,low,-1,5.204572479,0,6.204572479
constructor,partial_asset,9,"2,4,5",ferrari,Ferrari,high,14,17.70496883,0,3.704968832
constructor,partial_asset,9,"2,4,5",haas,Haas F1 Team,middle,12,9.672467841,0,-2.327532159
constructor,partial_asset,9,"2,4,5",mclaren,McLaren,high,22,15.38233704,0,-6.617662955
constructor,partial_asset,9,"2,4,5",mercedes,Mercedes,high,30,17.68891651,0,-12.31108349
constructor,partial_asset,9,"2,4,5",rb,Racing Bulls,middle,10,6.73707347,0,-3.26292653
constructor,partial_asset,9,"2,4,5",red_bull,Red Bull Racing,high,6,8.043652938,0,2.043652938
constructor,partial_asset,2,"4,5,9",alpine,Alpine,middle,9,8.545875664,0,-0.4541243362
constructor,partial_asset,2,"4,5,9",aston_martin,Aston Martin,low,11,3.831605294,0,-7.168394706
constructor,partial_asset,2,"4,5,9",audi,Audi,middle,3,-0.3826880925,0,-3.382688092
constructor,partial_asset,2,"4,5,9",cadillac,Cadillac,low,1,3.503032331,0,2.503032331
constructor,partial_asset,2,"4,5,9",ferrari,Ferrari,high,36,12.33872283,0,-23.66127717
constructor,partial_asset,2,"4,5,9",haas,Haas F1 Team,middle,14,7.817308839,0,-6.182691161
constructor,partial_asset,2,"4,5,9",mclaren,McLaren,high,12,14.99586876,0,2.995868759
constructor,partial_asset,2,"4,5,9",mercedes,Mercedes,high,23,17.35300394,0,-5.646996056
constructor,partial_asset,2,"4,5,9",rb,Racing Bulls,middle,10,7.453017754,0,-2.546982246
constructor,partial_asset,2,"4,5,9",red_bull,Red Bull Racing,high,18,7.953010081,0,-10.04698992
constructor,partial_asset,2,"4,5,9",williams,Williams,low,25,5.886863892,0,-19.11313611
constructor,partial_asset,4,"2,5,9",alpine,Alpine,middle,3,11.16339,0,8.163390002
constructor,partial_asset,4,"2,5,9",aston_martin,Aston Martin,low,20,3.463866983,0,-16.53613302
constructor,partial_asset,4,"2,5,9",audi,Audi,middle,-30,5.67077135,0,35.67077135
constructor,partial_asset,4,"2,5,9",cadillac,Cadillac,low,5,3.933819285,0,-1.066180715
constructor,partial_asset,4,"2,5,9",ferrari,Ferrari,high,12,18.07522282,0,6.075222821
constructor,partial_asset,4,"2,5,9",haas,Haas F1 Team,middle,12,9.610675954,0,-2.389324046
constructor,partial_asset,4,"2,5,9",mclaren,McLaren,high,22,15.70674679,0,-6.293253211
constructor,partial_asset,4,"2,5,9",mercedes,Mercedes,high,11,21.62793687,0,10.62793687
constructor,partial_asset,4,"2,5,9",rb,Racing Bulls,middle,-6,11.5412233,0,17.5412233
constructor,partial_asset,4,"2,5,9",red_bull,Red Bull Racing,high,9,11.46241338,0,2.462413377
constructor,partial_asset,4,"2,5,9",williams,Williams,low,9,10.11589991,0,1.115899908
constructor,partial_asset,5,"2,4,9",alpine,Alpine,middle,11,9.824936881,0,-1.175063119
constructor,partial_asset,5,"2,4,9",aston_martin,Aston Martin,low,-6,7.228837717,0,13.22883772
constructor,partial_asset,5,"2,4,9",audi,Audi,middle,1,1.169744441,0,0.1697444414
constructor,partial_asset,5,"2,4,9",cadillac,Cadillac,low,11,3.102733347,0,-7.897266653
constructor,partial_asset,5,"2,4,9",ferrari,Ferrari,high,9,18.14811562,0,9.148115623
constructor,partial_asset,5,"2,4,9",haas,Haas F1 Team,middle,5,10.48896427,0,5.488964274
constructor,partial_asset,5,"2,4,9",mclaren,McLaren,high,15,16.40032436,0,1.400324361
constructor,partial_asset,5,"2,4,9",mercedes,Mercedes,high,21,19.76980251,0,-1.230197485
constructor,partial_asset,5,"2,4,9",rb,Racing Bulls,middle,13,8.619027553,0,-4.380972447
constructor,partial_asset,5,"2,4,9",red_bull,Red Bull Racing,high,-8,13.55993428,0,21.55993428
constructor,partial_asset,5,"2,4,9",williams,Williams,low,6,10.53136851,0,4.531368515
constructor,partial_asset,9,"2,4,5",alpine,Alpine,middle,12,8.786092623,0,-3.213907377
constructor,partial_asset,9,"2,4,5",aston_martin,Aston Martin,low,6,5.38458648,0,-0.6154135203
constructor,partial_asset,9,"2,4,5",audi,Audi,middle,6,-0.05751759141,0,-6.057517591
constructor,partial_asset,9,"2,4,5",cadillac,Cadillac,low,-1,4.61045138,0,5.61045138
constructor,partial_asset,9,"2,4,5",ferrari,Ferrari,high,14,16.03992876,0,2.039928759
constructor,partial_asset,9,"2,4,5",haas,Haas F1 Team,middle,12,8.822783637,0,-3.177216363
constructor,partial_asset,9,"2,4,5",mclaren,McLaren,high,22,14.15962753,0,-7.840372469
constructor,partial_asset,9,"2,4,5",mercedes,Mercedes,high,30,16.8603806,0,-13.1396194
constructor,partial_asset,9,"2,4,5",rb,Racing Bulls,middle,10,8.113310788,0,-1.886689212
constructor,partial_asset,9,"2,4,5",red_bull,Red Bull Racing,high,6,10.24263529,0,4.242635288
constructor,partial_asset,2,"4,5,9",alpine,Alpine,middle,9,8.47519,0,-0.5248099998
constructor,partial_asset,2,"4,5,9",aston_martin,Aston Martin,low,11,2.458365887,0,-8.541634113
constructor,partial_asset,2,"4,5,9",audi,Audi,middle,3,3.045725312,0,0.04572531188
constructor,partial_asset,2,"4,5,9",cadillac,Cadillac,low,1,2.765311456,0,1.765311456
constructor,partial_asset,2,"4,5,9",ferrari,Ferrari,high,36,12.65454673,0,-23.34545327
constructor,partial_asset,2,"4,5,9",haas,Haas F1 Team,middle,14,6.922774345,0,-7.077225655
constructor,partial_asset,2,"4,5,9",mclaren,McLaren,high,12,12.77749769,0,0.7774976933
constructor,partial_asset,2,"4,5,9",mercedes,Mercedes,high,23,15.78590975,0,-7.21409025
constructor,partial_asset,2,"4,5,9",rb,Racing Bulls,middle,10,8.286557522,0,-1.713442478
constructor,partial_asset,2,"4,5,9",red_bull,Red Bull Racing,high,18,10.61075905,0,-7.389240948
constructor,partial_asset,2,"4,5,9",williams,Williams,low,25,5.326043385,0,-19.67395662
constructor,partial_asset,4,"2,5,9",alpine,Alpine,middle,3,11.35372548,0,8.353725483
constructor,partial_asset,4,"2,5,9",aston_martin,Aston Martin,low,20,3.266620808,0,-16.73337919
constructor,partial_asset,4,"2,5,9",audi,Audi,middle,-30,6.704909988,0,36.70490999
constructor,partial_asset,4,"2,5,9",cadillac,Cadillac,low,5,3.96480496,0,-1.03519504
constructor,partial_asset,4,"2,5,9",ferrari,Ferrari,high,12,17.3129751,0,5.312975101
constructor,partial_asset,4,"2,5,9",haas,Haas F1 Team,middle,12,9.206541449,0,-2.793458551
constructor,partial_asset,4,"2,5,9",mclaren,McLaren,high,22,15.39029101,0,-6.609708992
constructor,partial_asset,4,"2,5,9",mercedes,Mercedes,high,11,20.19700124,0,9.197001241
constructor,partial_asset,4,"2,5,9",rb,Racing Bulls,middle,-6,11.75544914,0,17.75544914
constructor,partial_asset,4,"2,5,9",red_bull,Red Bull Racing,high,9,14.35163305,0,5.351633055
constructor,partial_asset,4,"2,5,9",williams,Williams,low,9,8.244071654,0,-0.7559283462
constructor,partial_asset,5,"2,4,9",alpine,Alpine,middle,11,10.63537086,0,-0.3646291439
constructor,partial_asset,5,"2,4,9",aston_martin,Aston Martin,low,-6,4.68935402,0,10.68935402
constructor,partial_asset,5,"2,4,9",audi,Audi,middle,1,4.951836122,0,3.951836122
constructor,partial_asset,5,"2,4,9",cadillac,Cadillac,low,11,3.66816623,0,-7.33183377
constructor,partial_asset,5,"2,4,9",ferrari,Ferrari,high,9,16.94501864,0,7.945018642
constructor,partial_asset,5,"2,4,9",haas,Haas F1 Team,middle,5,9.383144753,0,4.383144753
constructor,partial_asset,5,"2,4,9",mclaren,McLaren,high,15,15.3031837,0,0.3031836957
constructor,partial_asset,5,"2,4,9",mercedes,Mercedes,high,21,19.03935001,0,-1.960649991
constructor,partial_asset,5,"2,4,9",rb,Racing Bulls,middle,13,10.44056643,0,-2.559433565
constructor,partial_asset,5,"2,4,9",red_bull,Red Bull Racing,high,-8,14.75568012,0,22.75568012
constructor,partial_asset,5,"2,4,9",williams,Williams,low,6,8.282493684,0,2.282493684
constructor,partial_asset,9,"2,4,5",alpine,Alpine,middle,12,9.316347024,0,-2.683652976
constructor,partial_asset,9,"2,4,5",aston_martin,Aston Martin,low,6,3.987811654,0,-2.012188346
constructor,partial_asset,9,"2,4,5",audi,Audi,middle,6,4.020500392,0,-1.979499608
constructor,partial_asset,9,"2,4,5",cadillac,Cadillac,low,-1,4.110138875,0,5.110138875
constructor,partial_asset,9,"2,4,5",ferrari,Ferrari,high,14,14.63778975,0,0.6377897506
constructor,partial_asset,9,"2,4,5",haas,Haas F1 Team,middle,12,8.107260097,0,-3.892739903
constructor,partial_asset,9,"2,4,5",mclaren,McLaren,high,22,13.12997741,0,-8.870022586
constructor,partial_asset,9,"2,4,5",mercedes,Mercedes,high,30,16.16266615,0,-13.83733385
constructor,partial_asset,9,"2,4,5",rb,Racing Bulls,middle,10,9.272247476,0,-0.7277525237
constructor,partial_asset,9,"2,4,5",red_bull,Red Bull Racing,high,6,12.0944099,0,6.094409898
constructor,full_partial_pooling,2,"4,5,9",alpine,Alpine,middle,9,8.649364636,0,-0.3506353642
constructor,full_partial_pooling,2,"4,5,9",aston_martin,Aston Martin,low,11,5.506329457,0,-5.493670543
constructor,full_partial_pooling,2,"4,5,9",audi,Audi,middle,3,-4.422152954,0,-7.422152954
constructor,full_partial_pooling,2,"4,5,9",cadillac,Cadillac,low,1,4.420632975,0,3.420632975
constructor,full_partial_pooling,2,"4,5,9",ferrari,Ferrari,high,36,11.9673375,0,-24.0326625
constructor,full_partial_pooling,2,"4,5,9",haas,Haas F1 Team,middle,14,8.906454082,0,-5.093545918
constructor,full_partial_pooling,2,"4,5,9",mclaren,McLaren,high,12,17.63873047,0,5.638730466
constructor,full_partial_pooling,2,"4,5,9",mercedes,Mercedes,high,23,19.21024806,0,-3.789751944
constructor,full_partial_pooling,2,"4,5,9",rb,Racing Bulls,middle,10,6.481516395,0,-3.518483605
constructor,full_partial_pooling,2,"4,5,9",red_bull,Red Bull Racing,high,18,4.803033984,0,-13.19696602
constructor,full_partial_pooling,2,"4,5,9",williams,Williams,low,25,7.795871983,0,-17.20412802
constructor,full_partial_pooling,4,"2,5,9",alpine,Alpine,middle,3,10.9091921,0,7.909192096
constructor,full_partial_pooling,4,"2,5,9",aston_martin,Aston Martin,low,20,3.634681893,0,-16.36531811
constructor,full_partial_pooling,4,"2,5,9",audi,Audi,middle,-30,4.396936994,0,34.39693699
constructor,full_partial_pooling,4,"2,5,9",cadillac,Cadillac,low,5,3.837132913,0,-1.162867087
constructor,full_partial_pooling,4,"2,5,9",ferrari,Ferrari,high,12,18.97512373,0,6.975123727
constructor,full_partial_pooling,4,"2,5,9",haas,Haas F1 Team,middle,12,10.05183903,0,-1.948160965
constructor,full_partial_pooling,4,"2,5,9",mclaren,McLaren,high,22,16.07022169,0,-5.929778313
constructor,full_partial_pooling,4,"2,5,9",mercedes,Mercedes,high,11,23.33247679,0,12.33247679
constructor,full_partial_pooling,4,"2,5,9",rb,Racing Bulls,middle,-6,11.26041761,0,17.26041761
constructor,full_partial_pooling,4,"2,5,9",red_bull,Red Bull Racing,high,9,8.022672707,0,-0.977327293
constructor,full_partial_pooling,4,"2,5,9",williams,Williams,low,9,13.05983431,0,4.059834312
constructor,full_partial_pooling,5,"2,4,9",alpine,Alpine,middle,11,8.831296679,0,-2.168703321
constructor,full_partial_pooling,5,"2,4,9",aston_martin,Aston Martin,low,-6,10.17413776,0,16.17413776
constructor,full_partial_pooling,5,"2,4,9",audi,Audi,middle,1,-3.372282782,0,-4.372282782
constructor,full_partial_pooling,5,"2,4,9",cadillac,Cadillac,low,11,2.364853649,0,-8.635146351
constructor,full_partial_pooling,5,"2,4,9",ferrari,Ferrari,high,9,19.57094998,0,10.57094998
constructor,full_partial_pooling,5,"2,4,9",haas,Haas F1 Team,middle,5,11.759149,0,6.759149003
constructor,full_partial_pooling,5,"2,4,9",mclaren,McLaren,high,15,17.68951819,0,2.689518195
constructor,full_partial_pooling,5,"2,4,9",mercedes,Mercedes,high,21,20.64309766,0,-0.3569023439
constructor,full_partial_pooling,5,"2,4,9",rb,Racing Bulls,middle,13,6.426654626,0,-6.573345374
constructor,full_partial_pooling,5,"2,4,9",red_bull,Red Bull Racing,high,-8,12.13023409,0,20.13023409
constructor,full_partial_pooling,5,"2,4,9",williams,Williams,low,6,14.16369542,0,8.163695417
constructor,full_partial_pooling,9,"2,4,5",alpine,Alpine,middle,12,8.156415523,0,-3.843584477
constructor,full_partial_pooling,9,"2,4,5",aston_martin,Aston Martin,low,6,7.043256585,0,1.043256585
constructor,full_partial_pooling,9,"2,4,5",audi,Audi,middle,6,-4.900163946,0,-10.90016395
constructor,full_partial_pooling,9,"2,4,5",cadillac,Cadillac,low,-1,5.204572479,0,6.204572479
constructor,full_partial_pooling,9,"2,4,5",ferrari,Ferrari,high,14,17.70496883,0,3.704968832
constructor,full_partial_pooling,9,"2,4,5",haas,Haas F1 Team,middle,12,9.672467841,0,-2.327532159
constructor,full_partial_pooling,9,"2,4,5",mclaren,McLaren,high,22,15.38233704,0,-6.617662955
constructor,full_partial_pooling,9,"2,4,5",mercedes,Mercedes,high,30,17.68891651,0,-12.31108349
constructor,full_partial_pooling,9,"2,4,5",rb,Racing Bulls,middle,10,6.73707347,0,-3.26292653
constructor,full_partial_pooling,9,"2,4,5",red_bull,Red Bull Racing,high,6,8.043652938,0,2.043652938
constructor,full_partial_pooling,2,"4,5,9",alpine,Alpine,middle,9,8.643043562,0,-0.3569564376
constructor,full_partial_pooling,2,"4,5,9",aston_martin,Aston Martin,low,11,5.492102051,0,-5.507897949
constructor,full_partial_pooling,2,"4,5,9",audi,Audi,middle,3,-4.432427193,0,-7.432427193
constructor,full_partial_pooling,2,"4,5,9",cadillac,Cadillac,low,1,4.407196202,0,3.407196202
constructor,full_partial_pooling,2,"4,5,9",ferrari,Ferrari,high,36,11.96615555,0,-24.03384445
constructor,full_partial_pooling,2,"4,5,9",haas,Haas F1 Team,middle,14,8.897761109,0,-5.102238891
constructor,full_partial_pooling,2,"4,5,9",mclaren,McLaren,high,12,17.63596724,0,5.635967243
constructor,full_partial_pooling,2,"4,5,9",mercedes,Mercedes,high,23,19.211438,0,-3.788562001
constructor,full_partial_pooling,2,"4,5,9",rb,Racing Bulls,middle,10,6.475590638,0,-3.524409362
constructor,full_partial_pooling,2,"4,5,9",red_bull,Red Bull Racing,high,18,4.801061394,0,-13.19893861
constructor,full_partial_pooling,2,"4,5,9",williams,Williams,low,25,7.563956872,0,-17.43604313
constructor,full_partial_pooling,4,"2,5,9",alpine,Alpine,middle,3,10.90797615,0,7.90797615
constructor,full_partial_pooling,4,"2,5,9",aston_martin,Aston Martin,low,20,3.631945054,0,-16.36805495
constructor,full_partial_pooling,4,"2,5,9",audi,Audi,middle,-30,4.394960602,0,34.3949606
constructor,full_partial_pooling,4,"2,5,9",cadillac,Cadillac,low,5,3.834548164,0,-1.165451836
constructor,full_partial_pooling,4,"2,5,9",ferrari,Ferrari,high,12,18.97489636,0,6.974896362
constructor,full_partial_pooling,4,"2,5,9",haas,Haas F1 Team,middle,12,10.05016682,0,-1.949833179
constructor,full_partial_pooling,4,"2,5,9",mclaren,McLaren,high,22,16.06969014,0,-5.930309858
constructor,full_partial_pooling,4,"2,5,9",mercedes,Mercedes,high,11,23.33270569,0,12.33270569
constructor,full_partial_pooling,4,"2,5,9",rb,Racing Bulls,middle,-6,11.2592777,0,17.2592777
constructor,full_partial_pooling,4,"2,5,9",red_bull,Red Bull Racing,high,9,8.022293252,0,-0.977706748
constructor,full_partial_pooling,4,"2,5,9",williams,Williams,low,9,13.01522223,0,4.015222233
constructor,full_partial_pooling,5,"2,4,9",alpine,Alpine,middle,11,8.829282516,0,-2.170717484
constructor,full_partial_pooling,5,"2,4,9",aston_martin,Aston Martin,low,-6,10.1696043,0,16.1696043
constructor,full_partial_pooling,5,"2,4,9",audi,Audi,middle,1,-3.375556593,0,-4.375556593
constructor,full_partial_pooling,5,"2,4,9",cadillac,Cadillac,low,11,2.36057212,0,-8.63942788
constructor,full_partial_pooling,5,"2,4,9",ferrari,Ferrari,high,9,19.57057336,0,10.57057336
constructor,full_partial_pooling,5,"2,4,9",haas,Haas F1 Team,middle,5,11.75637905,0,6.756379051
constructor,full_partial_pooling,5,"2,4,9",mclaren,McLaren,high,15,17.68863771,0,2.688637714
constructor,full_partial_pooling,5,"2,4,9",mercedes,Mercedes,high,21,20.64347682,0,-0.3565231773
constructor,full_partial_pooling,5,"2,4,9",rb,Racing Bulls,middle,13,6.424766427,0,-6.575233573
constructor,full_partial_pooling,5,"2,4,9",red_bull,Red Bull Racing,high,-8,12.12960554,0,20.12960554
constructor,full_partial_pooling,5,"2,4,9",williams,Williams,low,6,14.08979737,0,8.08979737
constructor,full_partial_pooling,9,"2,4,5",alpine,Alpine,middle,12,8.156415523,0,-3.843584477
constructor,full_partial_pooling,9,"2,4,5",aston_martin,Aston Martin,low,6,7.043256585,0,1.043256585
constructor,full_partial_pooling,9,"2,4,5",audi,Audi,middle,6,-4.900163946,0,-10.90016395
constructor,full_partial_pooling,9,"2,4,5",cadillac,Cadillac,low,-1,5.204572479,0,6.204572479
constructor,full_partial_pooling,9,"2,4,5",ferrari,Ferrari,high,14,17.70496883,0,3.704968832
constructor,full_partial_pooling,9,"2,4,5",haas,Haas F1 Team,middle,12,9.672467841,0,-2.327532159
constructor,full_partial_pooling,9,"2,4,5",mclaren,McLaren,high,22,15.38233704,0,-6.617662955
constructor,full_partial_pooling,9,"2,4,5",mercedes,Mercedes,high,30,17.68891651,0,-12.31108349
constructor,full_partial_pooling,9,"2,4,5",rb,Racing Bulls,middle,10,6.73707347,0,-3.26292653
constructor,full_partial_pooling,9,"2,4,5",red_bull,Red Bull Racing,high,6,8.043652938,0,2.043652938
constructor,full_partial_pooling,2,"4,5,9",alpine,Alpine,middle,9,8.632292053,0,-0.367707947
constructor,full_partial_pooling,2,"4,5,9",aston_martin,Aston Martin,low,11,5.467902665,0,-5.532097335
constructor,full_partial_pooling,2,"4,5,9",audi,Audi,middle,3,-4.449902641,0,-7.449902641
constructor,full_partial_pooling,2,"4,5,9",cadillac,Cadillac,low,1,4.384341604,0,3.384341604
constructor,full_partial_pooling,2,"4,5,9",ferrari,Ferrari,high,36,11.96414516,0,-24.03585484
constructor,full_partial_pooling,2,"4,5,9",haas,Haas F1 Team,middle,14,8.882975237,0,-5.117024763
constructor,full_partial_pooling,2,"4,5,9",mclaren,McLaren,high,12,17.63126728,0,5.631267278
constructor,full_partial_pooling,2,"4,5,9",mercedes,Mercedes,high,23,19.21346197,0,-3.786538028
constructor,full_partial_pooling,2,"4,5,9",rb,Racing Bulls,middle,10,6.465511522,0,-3.534488478
constructor,full_partial_pooling,2,"4,5,9",red_bull,Red Bull Racing,high,18,4.797706217,0,-13.20229378
constructor,full_partial_pooling,2,"4,5,9",williams,Williams,low,25,7.169492619,0,-17.83050738
constructor,full_partial_pooling,4,"2,5,9",alpine,Alpine,middle,3,10.90590795,0,7.905907948
constructor,full_partial_pooling,4,"2,5,9",aston_martin,Aston Martin,low,20,3.627289968,0,-16.37271003
constructor,full_partial_pooling,4,"2,5,9",audi,Audi,middle,-30,4.391598958,0,34.39159896
constructor,full_partial_pooling,4,"2,5,9",cadillac,Cadillac,low,5,3.830151766,0,-1.169848234
constructor,full_partial_pooling,4,"2,5,9",ferrari,Ferrari,high,12,18.97450964,0,6.974509635
constructor,full_partial_pooling,4,"2,5,9",haas,Haas F1 Team,middle,12,10.04732255,0,-1.952677446
constructor,full_partial_pooling,4,"2,5,9",mclaren,McLaren,high,22,16.06878604,0,-5.931213961
constructor,full_partial_pooling,4,"2,5,9",mercedes,Mercedes,high,11,23.33309503,0,12.33309503
constructor,full_partial_pooling,4,"2,5,9",rb,Racing Bulls,middle,-6,11.25733885,0,17.25733885
constructor,full_partial_pooling,4,"2,5,9",red_bull,Red Bull Racing,high,9,8.021647837,0,-0.9783521628
constructor,full_partial_pooling,4,"2,5,9",williams,Williams,low,9,12.93934158,0,3.939341578
constructor,full_partial_pooling,5,"2,4,9",alpine,Alpine,middle,11,8.825856626,0,-2.174143374
constructor,full_partial_pooling,5,"2,4,9",aston_martin,Aston Martin,low,-6,10.16189334,0,16.16189334
constructor,full_partial_pooling,5,"2,4,9",audi,Audi,middle,1,-3.381125016,0,-4.381125016
constructor,full_partial_pooling,5,"2,4,9",cadillac,Cadillac,low,11,2.35328967,0,-8.64671033
constructor,full_partial_pooling,5,"2,4,9",ferrari,Ferrari,high,9,19.56993276,0,10.56993276
constructor,full_partial_pooling,5,"2,4,9",haas,Haas F1 Team,middle,5,11.75166764,0,6.751667641
constructor,full_partial_pooling,5,"2,4,9",mclaren,McLaren,high,15,17.6871401,0,2.687140105
constructor,full_partial_pooling,5,"2,4,9",mercedes,Mercedes,high,21,20.64412175,0,-0.3558782531
constructor,full_partial_pooling,5,"2,4,9",rb,Racing Bulls,middle,13,6.421554791,0,-6.578445209
constructor,full_partial_pooling,5,"2,4,9",red_bull,Red Bull Racing,high,-8,12.12853643,0,20.12853643
constructor,full_partial_pooling,5,"2,4,9",williams,Williams,low,6,13.96410423,0,7.964104234
constructor,full_partial_pooling,9,"2,4,5",alpine,Alpine,middle,12,8.156415523,0,-3.843584477
constructor,full_partial_pooling,9,"2,4,5",aston_martin,Aston Martin,low,6,7.043256585,0,1.043256585
constructor,full_partial_pooling,9,"2,4,5",audi,Audi,middle,6,-4.900163946,0,-10.90016395
constructor,full_partial_pooling,9,"2,4,5",cadillac,Cadillac,low,-1,5.204572479,0,6.204572479
constructor,full_partial_pooling,9,"2,4,5",ferrari,Ferrari,high,14,17.70496883,0,3.704968832
constructor,full_partial_pooling,9,"2,4,5",haas,Haas F1 Team,middle,12,9.672467841,0,-2.327532159
constructor,full_partial_pooling,9,"2,4,5",mclaren,McLaren,high,22,15.38233704,0,-6.617662955
constructor,full_partial_pooling,9,"2,4,5",mercedes,Mercedes,high,30,17.68891651,0,-12.31108349
constructor,full_partial_pooling,9,"2,4,5",rb,Racing Bulls,middle,10,6.73707347,0,-3.26292653
constructor,full_partial_pooling,9,"2,4,5",red_bull,Red Bull Racing,high,6,8.043652938,0,2.043652938
constructor,full_partial_pooling,2,"4,5,9",alpine,Alpine,middle,9,8.604731678,0,-0.3952683224
constructor,full_partial_pooling,2,"4,5,9",aston_martin,Aston Martin,low,11,3.9640778,0,-7.0359222
constructor,full_partial_pooling,2,"4,5,9",audi,Audi,middle,3,-0.2870238326,0,-3.287023833
constructor,full_partial_pooling,2,"4,5,9",cadillac,Cadillac,low,1,3.628143188,0,2.628143188
constructor,full_partial_pooling,2,"4,5,9",ferrari,Ferrari,high,36,12.34972813,0,-23.65027187
constructor,full_partial_pooling,2,"4,5,9",haas,Haas F1 Team,middle,14,7.8982498,0,-6.1017502
constructor,full_partial_pooling,2,"4,5,9",mclaren,McLaren,high,12,15.02159735,0,3.021597351
constructor,full_partial_pooling,2,"4,5,9",mercedes,Mercedes,high,23,17.34192429,0,-5.65807571
constructor,full_partial_pooling,2,"4,5,9",rb,Racing Bulls,middle,10,7.508192943,0,-2.491807057
constructor,full_partial_pooling,2,"4,5,9",red_bull,Red Bull Racing,high,18,7.971377024,0,-10.02862298
constructor,full_partial_pooling,2,"4,5,9",williams,Williams,low,25,6.498457069,0,-18.50154293
constructor,full_partial_pooling,4,"2,5,9",alpine,Alpine,middle,3,11.17170196,0,8.17170196
constructor,full_partial_pooling,4,"2,5,9",aston_martin,Aston Martin,low,20,3.482575453,0,-16.51742455
constructor,full_partial_pooling,4,"2,5,9",audi,Audi,middle,-30,5.684281564,0,35.68428156
constructor,full_partial_pooling,4,"2,5,9",cadillac,Cadillac,low,5,3.951488103,0,-1.048511897
constructor,full_partial_pooling,4,"2,5,9",ferrari,Ferrari,high,12,18.07677705,0,6.076777047
constructor,full_partial_pooling,4,"2,5,9",haas,Haas F1 Team,middle,12,9.622106865,0,-2.377893135
constructor,full_partial_pooling,4,"2,5,9",mclaren,McLaren,high,22,15.71038032,0,-6.289619683
constructor,full_partial_pooling,4,"2,5,9",mercedes,Mercedes,high,11,21.62637214,0,10.62637214
constructor,full_partial_pooling,4,"2,5,9",rb,Racing Bulls,middle,-6,11.54901543,0,17.54901543
constructor,full_partial_pooling,4,"2,5,9",red_bull,Red Bull Racing,high,9,11.46500725,0,2.465007254
constructor,full_partial_pooling,4,"2,5,9",williams,Williams,low,9,10.20227234,0,1.202272337
constructor,full_partial_pooling,5,"2,4,9",alpine,Alpine,middle,11,9.840158594,0,-1.159841406
constructor,full_partial_pooling,5,"2,4,9",aston_martin,Aston Martin,low,-6,7.263098592,0,13.26309859
constructor,full_partial_pooling,5,"2,4,9",audi,Audi,middle,1,1.194485736,0,0.1944857356
constructor,full_partial_pooling,5,"2,4,9",cadillac,Cadillac,low,11,3.135090306,0,-7.864909694
constructor,full_partial_pooling,5,"2,4,9",ferrari,Ferrari,high,9,18.15096188,0,9.150961881
constructor,full_partial_pooling,5,"2,4,9",haas,Haas F1 Team,middle,5,10.50989774,0,5.509897736
constructor,full_partial_pooling,5,"2,4,9",mclaren,McLaren,high,15,16.40697845,0,1.406978452
constructor,full_partial_pooling,5,"2,4,9",mercedes,Mercedes,high,21,19.76693702,0,-1.233062975
constructor,full_partial_pooling,5,"2,4,9",rb,Racing Bulls,middle,13,8.633297308,0,-4.366702692
constructor,full_partial_pooling,5,"2,4,9",red_bull,Red Bull Racing,high,-8,13.56468445,0,21.56468445
constructor,full_partial_pooling,5,"2,4,9",williams,Williams,low,6,10.6895426,0,4.689542599
constructor,full_partial_pooling,9,"2,4,5",alpine,Alpine,middle,12,8.786092623,0,-3.213907377
constructor,full_partial_pooling,9,"2,4,5",aston_martin,Aston Martin,low,6,5.38458648,0,-0.6154135203
constructor,full_partial_pooling,9,"2,4,5",audi,Audi,middle,6,-0.05751759141,0,-6.057517591
constructor,full_partial_pooling,9,"2,4,5",cadillac,Cadillac,low,-1,4.61045138,0,5.61045138
constructor,full_partial_pooling,9,"2,4,5",ferrari,Ferrari,high,14,16.03992876,0,2.039928759
constructor,full_partial_pooling,9,"2,4,5",haas,Haas F1 Team,middle,12,8.822783637,0,-3.177216363
constructor,full_partial_pooling,9,"2,4,5",mclaren,McLaren,high,22,14.15962753,0,-7.840372469
constructor,full_partial_pooling,9,"2,4,5",mercedes,Mercedes,high,30,16.8603806,0,-13.1396194
constructor,full_partial_pooling,9,"2,4,5",rb,Racing Bulls,middle,10,8.113310788,0,-1.886689212
constructor,full_partial_pooling,9,"2,4,5",red_bull,Red Bull Racing,high,6,10.24263529,0,4.242635288
constructor,full_partial_pooling,2,"4,5,9",alpine,Alpine,middle,9,8.592295049,0,-0.4077049515
constructor,full_partial_pooling,2,"4,5,9",aston_martin,Aston Martin,low,11,3.936085564,0,-7.063914436
constructor,full_partial_pooling,2,"4,5,9",audi,Audi,middle,3,-0.307238265,0,-3.307238265
constructor,full_partial_pooling,2,"4,5,9",cadillac,Cadillac,low,1,3.601706513,0,2.601706513
constructor,full_partial_pooling,2,"4,5,9",ferrari,Ferrari,high,36,12.34740264,0,-23.65259736
constructor,full_partial_pooling,2,"4,5,9",haas,Haas F1 Team,middle,14,7.881146489,0,-6.118853511
constructor,full_partial_pooling,2,"4,5,9",mclaren,McLaren,high,12,15.01616074,0,3.016160745
constructor,full_partial_pooling,2,"4,5,9",mercedes,Mercedes,high,23,17.34426549,0,-5.655734513
constructor,full_partial_pooling,2,"4,5,9",rb,Racing Bulls,middle,10,7.496534094,0,-2.503465906
constructor,full_partial_pooling,2,"4,5,9",red_bull,Red Bull Racing,high,18,7.967495979,0,-10.03250402
constructor,full_partial_pooling,2,"4,5,9",williams,Williams,low,25,6.369223759,0,-18.63077624
constructor,full_partial_pooling,4,"2,5,9",alpine,Alpine,middle,3,11.16994559,0,8.169945594
constructor,full_partial_pooling,4,"2,5,9",aston_martin,Aston Martin,low,20,3.478622241,0,-16.52137776
constructor,full_partial_pooling,4,"2,5,9",audi,Audi,middle,-30,5.681426774,0,35.68142677
constructor,full_partial_pooling,4,"2,5,9",cadillac,Cadillac,low,5,3.947754576,0,-1.052245424
constructor,full_partial_pooling,4,"2,5,9",ferrari,Ferrari,high,12,18.07644863,0,6.07644863
constructor,full_partial_pooling,4,"2,5,9",haas,Haas F1 Team,middle,12,9.619691445,0,-2.380308555
constructor,full_partial_pooling,4,"2,5,9",mclaren,McLaren,high,22,15.70961253,0,-6.290387469
constructor,full_partial_pooling,4,"2,5,9",mercedes,Mercedes,high,11,21.62670278,0,10.62670278
constructor,full_partial_pooling,4,"2,5,9",rb,Racing Bulls,middle,-6,11.5473689,0,17.5473689
constructor,full_partial_pooling,4,"2,5,9",red_bull,Red Bull Racing,high,9,11.46445915,0,2.464459152
constructor,full_partial_pooling,4,"2,5,9",williams,Williams,low,9,10.18402132,0,1.184021325
constructor,full_partial_pooling,5,"2,4,9",alpine,Alpine,middle,11,9.836942155,0,-1.163057845
constructor,full_partial_pooling,5,"2,4,9",aston_martin,Aston Martin,low,-6,7.255859063,0,13.25585906
constructor,full_partial_pooling,5,"2,4,9",audi,Audi,middle,1,1.189257752,0,0.1892577516
constructor,full_partial_pooling,5,"2,4,9",cadillac,Cadillac,low,11,3.128253086,0,-7.871746914
constructor,full_partial_pooling,5,"2,4,9",ferrari,Ferrari,high,9,18.15036045,0,9.15036045
constructor,full_partial_pooling,5,"2,4,9",haas,Haas F1 Team,middle,5,10.50547437,0,5.50547437
constructor,full_partial_pooling,5,"2,4,9",mclaren,McLaren,high,15,16.4055724,0,1.405572403
constructor,full_partial_pooling,5,"2,4,9",mercedes,Mercedes,high,21,19.76754252,0,-1.23245748
constructor,full_partial_pooling,5,"2,4,9",rb,Racing Bulls,middle,13,8.630282023,0,-4.369717977
constructor,full_partial_pooling,5,"2,4,9",red_bull,Red Bull Racing,high,-8,13.56368071,0,21.56368071
constructor,full_partial_pooling,5,"2,4,9",williams,Williams,low,6,10.65611947,0,4.656119466
constructor,full_partial_pooling,9,"2,4,5",alpine,Alpine,middle,12,8.786092623,0,-3.213907377
constructor,full_partial_pooling,9,"2,4,5",aston_martin,Aston Martin,low,6,5.38458648,0,-0.6154135203
constructor,full_partial_pooling,9,"2,4,5",audi,Audi,middle,6,-0.05751759141,0,-6.057517591
constructor,full_partial_pooling,9,"2,4,5",cadillac,Cadillac,low,-1,4.61045138,0,5.61045138
constructor,full_partial_pooling,9,"2,4,5",ferrari,Ferrari,high,14,16.03992876,0,2.039928759
constructor,full_partial_pooling,9,"2,4,5",haas,Haas F1 Team,middle,12,8.822783637,0,-3.177216363
constructor,full_partial_pooling,9,"2,4,5",mclaren,McLaren,high,22,14.15962753,0,-7.840372469
constructor,full_partial_pooling,9,"2,4,5",mercedes,Mercedes,high,30,16.8603806,0,-13.1396194
constructor,full_partial_pooling,9,"2,4,5",rb,Racing Bulls,middle,10,8.113310788,0,-1.886689212
constructor,full_partial_pooling,9,"2,4,5",red_bull,Red Bull Racing,high,6,10.24263529,0,4.242635288
constructor,full_partial_pooling,2,"4,5,9",alpine,Alpine,middle,9,8.571032167,0,-0.4289678325
constructor,full_partial_pooling,2,"4,5,9",aston_martin,Aston Martin,low,11,3.888227292,0,-7.111772708
constructor,full_partial_pooling,2,"4,5,9",audi,Audi,middle,3,-0.3417988417,0,-3.341798842
constructor,full_partial_pooling,2,"4,5,9",cadillac,Cadillac,low,1,3.55650778,0,2.55650778
constructor,full_partial_pooling,2,"4,5,9",ferrari,Ferrari,high,36,12.34342677,0,-23.65657323
constructor,full_partial_pooling,2,"4,5,9",haas,Haas F1 Team,middle,14,7.851904991,0,-6.148095009
constructor,full_partial_pooling,2,"4,5,9",mclaren,McLaren,high,12,15.00686579,0,3.00686579
constructor,full_partial_pooling,2,"4,5,9",mercedes,Mercedes,high,23,17.34826823,0,-5.651731772
constructor,full_partial_pooling,2,"4,5,9",rb,Racing Bulls,middle,10,7.476600983,0,-2.523399017
constructor,full_partial_pooling,2,"4,5,9",red_bull,Red Bull Racing,high,18,7.960860563,0,-10.03913944
constructor,full_partial_pooling,2,"4,5,9",williams,Williams,low,25,6.148273815,0,-18.85172619
constructor,full_partial_pooling,4,"2,5,9",alpine,Alpine,middle,3,11.16694274,0,8.166942737
constructor,full_partial_pooling,4,"2,5,9",aston_martin,Aston Martin,low,20,3.471863442,0,-16.52813656
constructor,full_partial_pooling,4,"2,5,9",audi,Audi,middle,-30,5.676545947,0,35.67654595
constructor,full_partial_pooling,4,"2,5,9",cadillac,Cadillac,low,5,3.941371372,0,-1.058628628
constructor,full_partial_pooling,4,"2,5,9",ferrari,Ferrari,high,12,18.07588714,0,6.075887136
constructor,full_partial_pooling,4,"2,5,9",haas,Haas F1 Team,middle,12,9.615561806,0,-2.384438194
constructor,full_partial_pooling,4,"2,5,9",mclaren,McLaren,high,22,15.70829985,0,-6.291700152
constructor,full_partial_pooling,4,"2,5,9",mercedes,Mercedes,high,11,21.62726807,0,10.62726807
constructor,full_partial_pooling,4,"2,5,9",rb,Racing Bulls,middle,-6,11.54455384,0,17.54455384
constructor,full_partial_pooling,4,"2,5,9",red_bull,Red Bull Racing,high,9,11.46352206,0,2.463522063
constructor,full_partial_pooling,4,"2,5,9",williams,Williams,low,9,10.1528176,0,1.152817603
constructor,full_partial_pooling,5,"2,4,9",alpine,Alpine,middle,11,9.831443014,0,-1.168556986
constructor,full_partial_pooling,5,"2,4,9",aston_martin,Aston Martin,low,-6,7.243481655,0,13.24348165
constructor,full_partial_pooling,5,"2,4,9",audi,Audi,middle,1,1.180319477,0,0.1803194773
constructor,full_partial_pooling,5,"2,4,9",cadillac,Cadillac,low,11,3.116563505,0,-7.883436495
constructor,full_partial_pooling,5,"2,4,9",ferrari,Ferrari,high,9,18.14933218,0,9.149332184
constructor,full_partial_pooling,5,"2,4,9",haas,Haas F1 Team,middle,5,10.49791175,0,5.497911749
constructor,full_partial_pooling,5,"2,4,9",mclaren,McLaren,high,15,16.40316848,0,1.403168483
constructor,full_partial_pooling,5,"2,4,9",mercedes,Mercedes,high,21,19.76857773,0,-1.231422266
constructor,full_partial_pooling,5,"2,4,9",rb,Racing Bulls,middle,13,8.625126796,0,-4.374873204
constructor,full_partial_pooling,5,"2,4,9",red_bull,Red Bull Racing,high,-8,13.56196462,0,21.56196462
constructor,full_partial_pooling,5,"2,4,9",williams,Williams,low,6,10.598976,0,4.598975998
constructor,full_partial_pooling,9,"2,4,5",alpine,Alpine,middle,12,8.786092623,0,-3.213907377
constructor,full_partial_pooling,9,"2,4,5",aston_martin,Aston Martin,low,6,5.38458648,0,-0.6154135203
constructor,full_partial_pooling,9,"2,4,5",audi,Audi,middle,6,-0.05751759141,0,-6.057517591
constructor,full_partial_pooling,9,"2,4,5",cadillac,Cadillac,low,-1,4.61045138,0,5.61045138
constructor,full_partial_pooling,9,"2,4,5",ferrari,Ferrari,high,14,16.03992876,0,2.039928759
constructor,full_partial_pooling,9,"2,4,5",haas,Haas F1 Team,middle,12,8.822783637,0,-3.177216363
constructor,full_partial_pooling,9,"2,4,5",mclaren,McLaren,high,22,14.15962753,0,-7.840372469
constructor,full_partial_pooling,9,"2,4,5",mercedes,Mercedes,high,30,16.8603806,0,-13.1396194
constructor,full_partial_pooling,9,"2,4,5",rb,Racing Bulls,middle,10,8.113310788,0,-1.886689212
constructor,full_partial_pooling,9,"2,4,5",red_bull,Red Bull Racing,high,6,10.24263529,0,4.242635288
constructor,full_partial_pooling,2,"4,5,9",alpine,Alpine,middle,9,8.55314714,0,-0.4468528605
constructor,full_partial_pooling,2,"4,5,9",aston_martin,Aston Martin,low,11,2.633831008,0,-8.366168992
constructor,full_partial_pooling,2,"4,5,9",audi,Audi,middle,3,3.172436442,0,0.1724364424
constructor,full_partial_pooling,2,"4,5,9",cadillac,Cadillac,low,1,2.931025779,0,1.931025779
constructor,full_partial_pooling,2,"4,5,9",ferrari,Ferrari,high,36,12.66912368,0,-23.33087632
constructor,full_partial_pooling,2,"4,5,9",haas,Haas F1 Team,middle,14,7.029983879,0,-6.970016121
constructor,full_partial_pooling,2,"4,5,9",mclaren,McLaren,high,12,12.81157624,0,0.8115762407
constructor,full_partial_pooling,2,"4,5,9",mercedes,Mercedes,high,23,15.77123431,0,-7.228765694
constructor,full_partial_pooling,2,"4,5,9",rb,Racing Bulls,middle,10,8.359639262,0,-1.640360738
constructor,full_partial_pooling,2,"4,5,9",red_bull,Red Bull Racing,high,18,10.6350868,0,-7.364913199
constructor,full_partial_pooling,2,"4,5,9",williams,Williams,low,25,5.623596626,0,-19.37640337
constructor,full_partial_pooling,4,"2,5,9",alpine,Alpine,middle,3,11.36193029,0,8.361930285
constructor,full_partial_pooling,4,"2,5,9",aston_martin,Aston Martin,low,20,3.285088092,0,-16.71491191
constructor,full_partial_pooling,4,"2,5,9",audi,Audi,middle,-30,6.718246031,0,36.71824603
constructor,full_partial_pooling,4,"2,5,9",cadillac,Cadillac,low,5,3.982245995,0,-1.017754005
constructor,full_partial_pooling,4,"2,5,9",ferrari,Ferrari,high,12,17.31450929,0,5.31450929
constructor,full_partial_pooling,4,"2,5,9",haas,Haas F1 Team,middle,12,9.217824996,0,-2.782175004
constructor,full_partial_pooling,4,"2,5,9",mclaren,McLaren,high,22,15.39387769,0,-6.606122306
constructor,full_partial_pooling,4,"2,5,9",mercedes,Mercedes,high,11,20.19545669,0,9.195456685
constructor,full_partial_pooling,4,"2,5,9",rb,Racing Bulls,middle,-6,11.76314082,0,17.76314082
constructor,full_partial_pooling,4,"2,5,9",red_bull,Red Bull Racing,high,9,14.35419349,0,5.354193492
constructor,full_partial_pooling,4,"2,5,9",williams,Williams,low,9,8.275388419,0,-0.7246115807
constructor,full_partial_pooling,5,"2,4,9",alpine,Alpine,middle,11,10.652241,0,-0.3477590032
constructor,full_partial_pooling,5,"2,4,9",aston_martin,Aston Martin,low,-6,4.727325157,0,10.72732516
constructor,full_partial_pooling,5,"2,4,9",audi,Audi,middle,1,4.979256761,0,3.979256761
constructor,full_partial_pooling,5,"2,4,9",cadillac,Cadillac,low,11,3.704027268,0,-7.295972732
constructor,full_partial_pooling,5,"2,4,9",ferrari,Ferrari,high,9,16.94817313,0,7.948173134
constructor,full_partial_pooling,5,"2,4,9",haas,Haas F1 Team,middle,5,9.406345192,0,4.406345192
constructor,full_partial_pooling,5,"2,4,9",mclaren,McLaren,high,15,15.31055839,0,0.3105583877
constructor,full_partial_pooling,5,"2,4,9",mercedes,Mercedes,high,21,19.0361742,0,-1.963825798
constructor,full_partial_pooling,5,"2,4,9",rb,Racing Bulls,middle,13,10.45638153,0,-2.543618474
constructor,full_partial_pooling,5,"2,4,9",red_bull,Red Bull Racing,high,-8,14.76094471,0,22.76094471
constructor,full_partial_pooling,5,"2,4,9",williams,Williams,low,6,8.346885029,0,2.346885029
constructor,full_partial_pooling,9,"2,4,5",alpine,Alpine,middle,12,9.316347024,0,-2.683652976
constructor,full_partial_pooling,9,"2,4,5",aston_martin,Aston Martin,low,6,3.987811654,0,-2.012188346
constructor,full_partial_pooling,9,"2,4,5",audi,Audi,middle,6,4.020500392,0,-1.979499608
constructor,full_partial_pooling,9,"2,4,5",cadillac,Cadillac,low,-1,4.110138875,0,5.110138875
constructor,full_partial_pooling,9,"2,4,5",ferrari,Ferrari,high,14,14.63778975,0,0.6377897506
constructor,full_partial_pooling,9,"2,4,5",haas,Haas F1 Team,middle,12,8.107260097,0,-3.892739903
constructor,full_partial_pooling,9,"2,4,5",mclaren,McLaren,high,22,13.12997741,0,-8.870022586
constructor,full_partial_pooling,9,"2,4,5",mercedes,Mercedes,high,30,16.16266615,0,-13.83733385
constructor,full_partial_pooling,9,"2,4,5",rb,Racing Bulls,middle,10,9.272247476,0,-0.7277525237
constructor,full_partial_pooling,9,"2,4,5",red_bull,Red Bull Racing,high,6,12.0944099,0,6.094409898
constructor,full_partial_pooling,2,"4,5,9",alpine,Alpine,middle,9,8.536753579,0,-0.4632464206
constructor,full_partial_pooling,2,"4,5,9",aston_martin,Aston Martin,low,11,2.596932553,0,-8.403067447
constructor,full_partial_pooling,2,"4,5,9",audi,Audi,middle,3,3.145790435,0,0.1457904347
constructor,full_partial_pooling,2,"4,5,9",cadillac,Cadillac,low,1,2.896177814,0,1.896177814
constructor,full_partial_pooling,2,"4,5,9",ferrari,Ferrari,high,36,12.6660583,0,-23.3339417
constructor,full_partial_pooling,2,"4,5,9",haas,Haas F1 Team,middle,14,7.00743885,0,-6.99256115
constructor,full_partial_pooling,2,"4,5,9",mclaren,McLaren,high,12,12.80440988,0,0.8044098834
constructor,full_partial_pooling,2,"4,5,9",mercedes,Mercedes,high,23,15.7743204,0,-7.225679603
constructor,full_partial_pooling,2,"4,5,9",rb,Racing Bulls,middle,10,8.344270947,0,-1.655729053
constructor,full_partial_pooling,2,"4,5,9",red_bull,Red Bull Racing,high,18,10.62997093,0,-7.370029067
constructor,full_partial_pooling,2,"4,5,9",williams,Williams,low,25,5.561024333,0,-19.43897567
constructor,full_partial_pooling,4,"2,5,9",alpine,Alpine,middle,3,11.3602049,0,8.360204902
constructor,full_partial_pooling,4,"2,5,9",aston_martin,Aston Martin,low,20,3.281204618,0,-16.71879538
constructor,full_partial_pooling,4,"2,5,9",audi,Audi,middle,-30,6.715441602,0,36.7154416
constructor,full_partial_pooling,4,"2,5,9",cadillac,Cadillac,low,5,3.97857833,0,-1.02142167
constructor,full_partial_pooling,4,"2,5,9",ferrari,Ferrari,high,12,17.31418667,0,5.314186667
constructor,full_partial_pooling,4,"2,5,9",haas,Haas F1 Team,middle,12,9.215452185,0,-2.784547815
constructor,full_partial_pooling,4,"2,5,9",mclaren,McLaren,high,22,15.39312345,0,-6.606876548
constructor,full_partial_pooling,4,"2,5,9",mercedes,Mercedes,high,11,20.19578149,0,9.195781489
constructor,full_partial_pooling,4,"2,5,9",rb,Racing Bulls,middle,-6,11.76152334,0,17.76152334
constructor,full_partial_pooling,4,"2,5,9",red_bull,Red Bull Racing,high,9,14.35365506,0,5.353655059
constructor,full_partial_pooling,4,"2,5,9",williams,Williams,low,9,8.268802835,0,-0.7311971646
constructor,full_partial_pooling,5,"2,4,9",alpine,Alpine,middle,11,10.64869339,0,-0.351306615
constructor,full_partial_pooling,5,"2,4,9",aston_martin,Aston Martin,low,-6,4.71934023,0,10.71934023
constructor,full_partial_pooling,5,"2,4,9",audi,Audi,middle,1,4.973490492,0,3.973490492
constructor,full_partial_pooling,5,"2,4,9",cadillac,Cadillac,low,11,3.696486071,0,-7.303513929
constructor,full_partial_pooling,5,"2,4,9",ferrari,Ferrari,high,9,16.94750978,0,7.947509778
constructor,full_partial_pooling,5,"2,4,9",haas,Haas F1 Team,middle,5,9.401466386,0,4.401466386
constructor,full_partial_pooling,5,"2,4,9",mclaren,McLaren,high,15,15.30900757,0,0.3090075681
constructor,full_partial_pooling,5,"2,4,9",mercedes,Mercedes,high,21,19.03684204,0,-1.963157959
constructor,full_partial_pooling,5,"2,4,9",rb,Racing Bulls,middle,13,10.45305578,0,-2.54694422
constructor,full_partial_pooling,5,"2,4,9",red_bull,Red Bull Racing,high,-8,14.75983762,0,22.75983762
constructor,full_partial_pooling,5,"2,4,9",williams,Williams,low,6,8.333344212,0,2.333344212
constructor,full_partial_pooling,9,"2,4,5",alpine,Alpine,middle,12,9.316347024,0,-2.683652976
constructor,full_partial_pooling,9,"2,4,5",aston_martin,Aston Martin,low,6,3.987811654,0,-2.012188346
constructor,full_partial_pooling,9,"2,4,5",audi,Audi,middle,6,4.020500392,0,-1.979499608
constructor,full_partial_pooling,9,"2,4,5",cadillac,Cadillac,low,-1,4.110138875,0,5.110138875
constructor,full_partial_pooling,9,"2,4,5",ferrari,Ferrari,high,14,14.63778975,0,0.6377897506
constructor,full_partial_pooling,9,"2,4,5",haas,Haas F1 Team,middle,12,8.107260097,0,-3.892739903
constructor,full_partial_pooling,9,"2,4,5",mclaren,McLaren,high,22,13.12997741,0,-8.870022586
constructor,full_partial_pooling,9,"2,4,5",mercedes,Mercedes,high,30,16.16266615,0,-13.83733385
constructor,full_partial_pooling,9,"2,4,5",rb,Racing Bulls,middle,10,9.272247476,0,-0.7277525237
constructor,full_partial_pooling,9,"2,4,5",red_bull,Red Bull Racing,high,6,12.0944099,0,6.094409898
constructor,full_partial_pooling,2,"4,5,9",alpine,Alpine,middle,9,8.508627431,0,-0.4913725694
constructor,full_partial_pooling,2,"4,5,9",aston_martin,Aston Martin,low,11,2.533626509,0,-8.466373491
constructor,full_partial_pooling,2,"4,5,9",audi,Audi,middle,3,3.100074338,0,0.100074338
constructor,full_partial_pooling,2,"4,5,9",cadillac,Cadillac,low,1,2.836389759,0,1.836389759
constructor,full_partial_pooling,2,"4,5,9",ferrari,Ferrari,high,36,12.66079908,0,-23.33920092
constructor,full_partial_pooling,2,"4,5,9",haas,Haas F1 Team,middle,14,6.968758733,0,-7.031241267
constructor,full_partial_pooling,2,"4,5,9",mclaren,McLaren,high,12,12.79211469,0,0.7921146875
constructor,full_partial_pooling,2,"4,5,9",mercedes,Mercedes,high,23,15.77961515,0,-7.220384852
constructor,full_partial_pooling,2,"4,5,9",rb,Racing Bulls,middle,10,8.317903792,0,-1.682096208
constructor,full_partial_pooling,2,"4,5,9",red_bull,Red Bull Racing,high,18,10.62119373,0,-7.378806273
constructor,full_partial_pooling,2,"4,5,9",williams,Williams,low,25,5.453670128,0,-19.54632987
constructor,full_partial_pooling,4,"2,5,9",alpine,Alpine,middle,3,11.35724469,0,8.357244693
constructor,full_partial_pooling,4,"2,5,9",aston_martin,Aston Martin,low,20,3.274541808,0,-16.72545819
constructor,full_partial_pooling,4,"2,5,9",audi,Audi,middle,-30,6.710630093,0,36.71063009
constructor,full_partial_pooling,4,"2,5,9",cadillac,Cadillac,low,5,3.972285781,0,-1.027714219
constructor,full_partial_pooling,4,"2,5,9",ferrari,Ferrari,high,12,17.31363315,0,5.313633147
constructor,full_partial_pooling,4,"2,5,9",haas,Haas F1 Team,middle,12,9.211381196,0,-2.788618804
constructor,full_partial_pooling,4,"2,5,9",mclaren,McLaren,high,22,15.39182941,0,-6.608170588
constructor,full_partial_pooling,4,"2,5,9",mercedes,Mercedes,high,11,20.19633875,0,9.196338749
constructor,full_partial_pooling,4,"2,5,9",rb,Racing Bulls,middle,-6,11.75874826,0,17.75874826
constructor,full_partial_pooling,4,"2,5,9",red_bull,Red Bull Racing,high,9,14.35273128,0,5.352731279
constructor,full_partial_pooling,4,"2,5,9",williams,Williams,low,9,8.257504063,0,-0.7424959374
constructor,full_partial_pooling,5,"2,4,9",alpine,Alpine,middle,11,10.64260681,0,-0.3573931914
constructor,full_partial_pooling,5,"2,4,9",aston_martin,Aston Martin,low,-6,4.705640626,0,10.70564063
constructor,full_partial_pooling,5,"2,4,9",audi,Audi,middle,1,4.963597402,0,3.963597402
constructor,full_partial_pooling,5,"2,4,9",cadillac,Cadillac,low,11,3.683547771,0,-7.316452229
constructor,full_partial_pooling,5,"2,4,9",ferrari,Ferrari,high,9,16.94637167,0,7.946371669
constructor,full_partial_pooling,5,"2,4,9",haas,Haas F1 Team,middle,5,9.393095901,0,4.393095901
constructor,full_partial_pooling,5,"2,4,9",mclaren,McLaren,high,15,15.30634685,0,0.3063468537
constructor,full_partial_pooling,5,"2,4,9",mercedes,Mercedes,high,21,19.03798784,0,-1.96201216
constructor,full_partial_pooling,5,"2,4,9",rb,Racing Bulls,middle,13,10.44734985,0,-2.552650145
constructor,full_partial_pooling,5,"2,4,9",red_bull,Red Bull Racing,high,-8,14.75793821,0,22.75793821
constructor,full_partial_pooling,5,"2,4,9",williams,Williams,low,6,8.310112465,0,2.310112465
constructor,full_partial_pooling,9,"2,4,5",alpine,Alpine,middle,12,9.316347024,0,-2.683652976
constructor,full_partial_pooling,9,"2,4,5",aston_martin,Aston Martin,low,6,3.987811654,0,-2.012188346
constructor,full_partial_pooling,9,"2,4,5",audi,Audi,middle,6,4.020500392,0,-1.979499608
constructor,full_partial_pooling,9,"2,4,5",cadillac,Cadillac,low,-1,4.110138875,0,5.110138875
constructor,full_partial_pooling,9,"2,4,5",ferrari,Ferrari,high,14,14.63778975,0,0.6377897506
constructor,full_partial_pooling,9,"2,4,5",haas,Haas F1 Team,middle,12,8.107260097,0,-3.892739903
constructor,full_partial_pooling,9,"2,4,5",mclaren,McLaren,high,22,13.12997741,0,-8.870022586
constructor,full_partial_pooling,9,"2,4,5",mercedes,Mercedes,high,30,16.16266615,0,-13.83733385
constructor,full_partial_pooling,9,"2,4,5",rb,Racing Bulls,middle,10,9.272247476,0,-0.7277525237
constructor,full_partial_pooling,9,"2,4,5",red_bull,Red Bull Racing,high,6,12.0944099,0,6.094409898
